SA1_CODE_2021,Predicted_Weighted_Trips
10102100707,529.7133348800572
10102100710,602.1351326714077
10104102401,496.20031277868475
10104102402,476.1431694746316
10104102412,479.57234372406697
10105154002,530.2566581112983
10105154012,559.2909655879602
10105154018,479.0809537689948
10105154019,477.6098028333365
10105154020,656.6195603007192
10105154022,518.9164308434234
10105154023,589.3106005476395
10105154027,494.55074998333913
10201102801,345.8020124601822
10201102802,707.6446115337701
10201102803,906.9909955122505
10201102804,899.6165171510252
10201102805,478.30365156946107
10201102806,632.6670824217592
10201102807,644.2335263117791
10201102808,527.2298898280205
10201102809,694.5294531170666
10201102810,571.4622127164704
10201102811,542.027204857451
10201102812,583.0992988670808
10201102813,515.1635176592121
10201102814,599.3614908953915
10201102815,518.8737157304245
10201102816,454.6764456286094
10201102817,571.8514857839016
10201102818,577.1520921232094
10201102901,514.3276720004653
10201102902,512.748286241241
10201102903,581.9049750194728
10201102904,639.4590287040783
10201102905,553.9636836720961
10201102906,448.8484996723834
10201102907,499.47484481463357
10201102908,548.3136399114611
10201102909,556.4772734839161
10201102910,755.2406162769997
10201102911,614.1348297365693
10201102912,613.6616724669403
10201102913,537.6442922892414
10201102914,506.9113361125409
10201102915,585.9467453136656
10201102916,512.8365407436908
10201102917,488.41998541432383
10201102918,535.7647374837859
10201102919,539.9464400724164
10201102920,347.5790876151643
10201102921,345.8020124601822
10201102922,686.6796934188953
10201102923,514.4161983476154
10201102924,564.475145941447
10201102925,668.4483757180743
10201102926,510.86783473614065
10201102927,713.530843323715
10201102928,768.2594448383529
10201103002,815.3192304289335
10201103003,456.1930085873238
10201103004,477.8135615696278
10201103005,519.580857349945
10201103006,586.0432227836088
10201103007,529.622176034896
10201103008,439.4761420885593
10201103009,595.9402639798776
10201103010,580.4748676952402
10201103011,679.5031341590241
10201103012,589.3591142189455
10201103013,478.9519263632457
10201103014,644.3922163989652
10201103101,507.8225209495427
10201103102,512.3110668959731
10201103103,559.2909655879602
10201103104,595.2806334279181
10201103105,574.2012740789038
10201103106,473.62726097314203
10201103107,357.7008109158756
10201103108,485.0509396709586
10201103109,449.57793363114104
10201103110,592.640553882862
10201103111,542.8146361220611
10201103112,419.05375516388693
10201103113,598.7473599515671
10201103114,648.479688031292
10201103115,669.5346864560663
10201103116,682.4688877028391
10201103117,532.0253171523258
10201103118,563.125101263208
10201103119,687.4406032818301
10201103120,535.0796154516559
10201103121,465.2459862925649
10201103122,557.7153862956155
10201103123,540.823919376874
10201103124,518.5631919417217
10201103125,471.1246463630568
10201103126,1093.7515852615697
10201103127,540.2697684861427
10201103128,612.4047497245973
10201103129,639.9520767493394
10201103130,490.7206216633212
10201103131,5653.340011362916
10201103132,2546.3832824563333
10201103133,523.9968502390528
10201103134,566.9388493157415
10201103135,567.180717767364
10201103136,532.0253171523258
10201103137,528.1301767274339
10201103138,600.5422048705657
10201103201,544.4866333362778
10201103202,678.5732738486341
10201103203,746.7773056398082
10201103204,5112.357649206072
10201103205,475.6552931954463
10201103206,558.0523247243873
10201103207,573.711653904948
10201103208,1381.8932475456409
10201103210,3904.2296058137263
10201103211,631.1019903073385
10201103212,662.5918533021019
10201103213,384.3134989749033
10201103214,654.270217617365
10201103215,477.3632683604127
10201103216,511.916359261955
10201103217,434.5480786170905
10201103218,553.4913200473378
10201103219,498.6234057581504
10201103220,502.7296001031902
10201103221,470.522184400706
10201103223,411.4595980995515
10201103224,6143.825008682464
10201103225,448.120249210101
10201103226,460.0289528049226
10201103227,690.7407155203773
10201103228,1144.4728444844973
10201103229,556.5730546424563
10201103230,641.4287134609914
10201103231,647.5389743017051
10201103232,593.9591268012155
10201103233,487.50348187536326
10201103234,772.4733754454084
10201103235,514.9438314138142
10201103236,628.4111862939841
10201103237,940.1932597656446
10201103238,513.8006702770667
10201103239,648.9262699620903
10201103240,1112.864267927616
10201103241,612.3543390292886
10201103242,1466.5912376206445
10201103243,753.9557836333531
10201103244,1589.321046297064
10201103245,3293.276528812584
10201103246,507.6059651975691
10201103247,601.1581767741635
10201103248,531.5716603248474
10201103301,433.9177036781908
10201103302,631.3712321513146
10201103303,538.0588371708674
10201103304,500.15928355121565
10201103305,501.6135542238707
10201103306,492.14744834038464
10201103307,439.02583638485794
10201103308,538.9332488886937
10201103309,415.41646628544856
10201103310,526.0594539796518
10201103311,522.3877725864216
10201103312,476.6315461650747
10201103313,469.8396238099731
10201103314,496.0740830352408
10201103315,789.1480532642204
10201103316,345.8020124601822
10201103317,661.7445480480467
10201103318,421.4594962639077
10201103319,523.773397108768
10201103320,348.2924721213799
10201103401,538.0588371708674
10201103402,515.3832976275436
10201103403,682.5301668410456
10201103404,454.21056505581646
10201103405,552.3576402705639
10201103406,431.36660259891835
10201103408,664.2300784285536
10201103409,513.8006702770667
10201103410,550.0972420855468
10201103411,625.357381125309
10201103412,645.0000667685844
10201103413,536.7277869763053
10201103414,1037.9505304258937
10201103415,657.5822427109501
10201103416,563.3189687183054
10201103417,566.6812146933856
10201103418,767.3401789690417
10201103419,530.8442355872467
10201103420,503.07205335585644
10201103501,850.6881300185105
10201103502,486.00646723127164
10201103503,647.5389743017051
10201103504,593.6036675964089
10201103505,538.4737016828913
10201103506,615.2387512803684
10201103507,492.94724841055944
10201103508,636.9518014798796
10201103509,554.2000166356714
10201103510,605.2793268621384
10201103511,693.2832604406414
10201103512,484.4306691264003
10201103513,490.0087603132895
10201103514,579.67112518794
10201103515,539.1147622243349
10201103516,464.2131530045202
10201103517,1503.8744550941976
10201103601,438.2020192914593
10201103602,433.28824318945885
10201103603,673.549756932771
10201103604,492.14744834038464
10201103605,600.7444681731623
10201103606,861.5419841349263
10201103607,431.07296097210536
10201103608,610.0035984517001
10201103609,522.1650056309447
10201103610,615.501225521338
10201103611,505.2261657104755
10201103612,431.1826506961405
10201103613,529.9393221170684
10201103614,637.3856852539077
10201103615,492.2726789223992
10201103616,477.6098028333365
10201103617,515.7806784073107
10201103618,445.90587141647904
10201103619,600.0795199743586
10201103620,1210.2343345013123
10201103621,700.6682658574628
10201103622,470.722919404723
10201103701,824.9913385645601
10201103702,697.3207233319351
10201103703,728.6877596186288
10201103704,457.87220772903044
10201103705,590.6703862237084
10201103706,527.4548175733245
10201103707,584.1474333271793
10201103708,455.0644781165099
10201103709,907.8236932505605
10201103710,574.837546589863
10201103711,530.3003102994576
10201103712,502.04164403868623
10201103713,710.371626435102
10201103714,671.5367138042134
10201103801,597.5209852121841
10201103802,639.4590287040783
10201103803,540.5002593274738
10201103804,665.5435500551549
10201103805,486.92015639193545
10201103806,465.9218734658618
10201103807,577.1520921232094
10201103808,463.81731946149824
10201103809,684.8067307123177
10201103810,493.24243296971343
10201103811,590.6703862237084
10201103812,513.0553279730269
10201103813,648.7029405670412
10201103814,624.5576903472702
10201103815,497.0066992515181
10201103816,549.5335893590886
10201103817,506.5662693677139
10201103901,803.0878523570236
10201103902,538.9332488886937
10201103903,490.42694630067786
10201103904,650.1462473469836
10201103905,558.8600625135986
10201103906,625.4650179639006
10201103908,619.1366752315488
10201103909,752.6679410833508
10201103911,699.82987665595
10201103912,748.2428347082131
10201103913,764.8522013775098
10201103914,488.00351075810613
10201103915,591.3780034460963
10201103916,623.6516789407874
10201103917,521.3178001551199
10201103918,629.8093457118787
10201103919,573.5142097845142
10201103921,696.965981839108
10201103922,621.0995260956305
10201103923,534.9875331184352
10201103924,440.6418449465134
10201103925,567.0364311261707
10201103926,762.3013239310984
10201103927,640.9345277479724
10201103928,671.7126069662721
10201103929,540.823919376874
10201103931,530.8005386253459
10201103932,563.9431825451944
10201103933,519.7169492687725
10201103934,999.6204870964207
10201103935,414.9566527613229
10201103936,905.6109427106425
10201104001,515.4720056695276
10201104002,484.7207538240389
10201104003,473.7087819443189
10201104004,546.2577866913825
10201104005,483.5216514041653
10201104006,705.7725620324775
10201104007,496.4974453239052
10201104008,345.8020124601822
10201104009,932.9378274194735
10201104010,956.5817631052747
10201104011,592.1839567762182
10201104012,489.21372789927716
10201104013,635.3761098255166
10201104014,633.3160045856672
10201104015,505.0938683158457
10201104016,696.4863396543517
10201104017,726.5751587341176
10201104018,596.6541944631757
10201104019,571.120216955242
10201104020,593.9591268012155
10201104021,585.8459092102271
10201104022,1263.8686071968812
10201104023,676.6672427929656
10201104024,707.2632328631078
10201104025,496.4974453239052
10201104026,976.8975123800111
10201104027,498.53759720690914
10201104028,507.3895017935946
10201104029,562.0684161078136
10201104030,1073.3498406098931
10201104031,540.823919376874
10201104032,464.015194024212
10201104033,566.6970840064623
10201104034,619.6696893225403
10201104035,537.1858441739195
10201104036,526.5990294510266
10201104037,497.0066992515181
10201104038,525.6108842306879
10201104039,737.7074482111283
10201104040,560.5814834287296
10201104041,523.0566438384355
10201104042,601.8243202327153
10201104043,618.5578173563176
10201104044,523.0566438384355
10201104045,606.5216251162674
10201104046,592.237129196507
10201104047,697.7398026081403
10201104048,610.8897825779596
10201104049,625.6241721939864
10201104050,578.13762514691
10201104051,604.4012815146535
10201104052,547.0513639434521
10201104053,677.3208524073922
10201104054,540.7308485012143
10201104055,666.6800185116368
10201104056,536.4989048674611
10201104057,653.878664796996
10201104058,531.7069226910938
10201104101,603.8859098602303
10201104102,708.1902333434473
10201104103,534.8514361888044
10201104104,567.2783412083166
10201104105,537.8293874491974
10201104106,559.7682787783044
10201104107,475.28882682859046
10201104108,345.8020124601822
10201104109,618.238527792808
10201104110,669.5898043950215
10201104111,475.77632722580813
10201104112,662.3092977415979
10201104113,558.0493550335848
10201104114,687.4457364063444
10201104115,522.6106345791289
10201104116,547.5182315452402
10201104117,531.2058401856206
10201104118,356.1756964456711
10201104119,594.0613593558971
10201104120,552.1220929696619
10201104121,1099.6683773508282
10201104122,548.6871444543216
10201104123,559.7682787783044
10201104124,548.7364112794662
10201104125,599.8236221629559
10201104201,621.6295882896623
10201104202,688.6196045850738
10201104203,489.4224371225421
10201104204,582.9989527832673
10201104205,668.8486531103107
10201104206,345.8020124601822
10201104207,604.1435407319733
10201104208,613.8729381811931
10201104209,466.79780371413017
10201104210,564.5216150897452
10201104211,541.4718210299043
10201104212,345.8020124601822
10201104213,1228.4441085156138
10201104214,805.6941900660054
10201104215,553.0648852824027
10201104216,578.8302282467197
10201104217,626.7487460962711
10201104218,595.5345931014551
10201104219,537.7368319052357
10201104220,679.0964805142991
10201104221,631.5318892615686
10201104222,651.7000515941883
10201104223,526.2838823915502
10201104224,582.1053078342634
10201104225,572.5365581515478
10201104226,565.054124117101
10201104227,588.6539127116821
10201104228,638.0394472554578
10201104229,3693.6993462018654
10201104230,553.3960692272817
10201104231,917.680623584589
10201104232,517.0597811275425
10201104233,659.3719449515381
10201104301,686.3221040295765
10201104302,544.8575309690829
10201104303,622.2671893736928
10201104304,610.679543523232
10201104305,509.9092085691958
10201104306,346.8671642873963
10201104307,465.444470355641
10201104308,485.7156130889958
10201104309,507.08585081712783
10201104310,449.23155844239983
10201104311,552.3576402705639
10201104312,705.83593361637
10201104313,517.8109409100839
10201104314,435.7007098720097
10201104315,533.7559352571297
10201104316,518.3420559397844
10201104317,831.8117554244837
10201104318,2000.2799237636752
10201104319,547.0513639434521
10201104320,565.2951885039357
10201104321,564.475145941447
10201104322,540.3142449811196
10201104323,600.5916431584657
10201104324,583.8983295921748
10201104325,529.3963240416083
10201104326,674.0690902694422
10201104327,541.3786386562647
10201104328,457.0130260589365
10201104329,513.7122498566971
10201104330,721.56335532953
10202104401,502.6430849132642
10202104402,506.04722030326474
10202104403,471.8902817970973
10202104404,700.070807555468
10202104405,468.1165354029384
10202104406,453.7451618438149
10202104407,577.2514318423167
10202104408,500.0732106893813
10202104409,498.53759720690914
10202104410,470.56091908251034
10202104411,517.9427017588339
10202104412,1268.9650678218625
10202104413,356.1756964456711
10202104414,627.3915978643557
10202104415,549.6281753670959
10202104416,776.640684753672
10202104417,1093.3680878701296
10202104418,1335.682604760863
10202104419,616.1832625141836
10202104420,483.23228431818364
10202104421,484.2240885918557
10202104422,619.3498258286637
10202104423,611.9878710745262
10202104424,494.169725701333
10202104425,450.15357833633215
10202104426,581.3087307546119
10202104427,473.9108764201995
10202104428,521.8525121456122
10202104429,619.1922677465685
10202104430,482.7371442343398
10202104431,470.0400676187876
10202104432,479.7769397230141
10202104433,501.39964622264273
10202104434,693.521937532218
10202104435,505.44170618819504
10202104436,605.6417776351997
10202104437,500.58613225430736
10202104438,545.9308747041516
10202104439,540.9170062719418
10202104440,504.19134426699884
10202104441,531.2535373578775
10202104442,522.3877725864216
10202104443,458.8119620193756
10202104444,516.6614148691453
10202104445,537.8293874491974
10202104446,702.2850001749918
10202104447,633.8564926343648
10202104448,549.7680323480163
10202104449,523.6832604728507
10202104450,539.4860289207011
10202104451,523.9968502390528
10202104452,461.5633689297684
10202104453,557.1439276988025
10202104454,461.5633689297684
10202104455,659.7124778866913
10202104456,556.6688522869
10202104457,555.9070835094635
10202104458,492.2321570158707
10202104459,533.7559352571297
10202104501,565.7776258514211
10202104502,487.50348187536326
10202104503,455.3369778774734
10202104504,718.180463439655
10202104505,646.546399733767
10202104506,1332.1957215744535
10202104507,661.066496805121
10202104508,528.85388234477
10202104509,539.8090816329947
10202104510,667.7084878506449
10202104511,678.1113526919098
10202104512,548.0798171334039
10202104513,788.0681502926763
10202104514,587.65045290337
10202104515,509.38673418890943
10202104516,646.1594692889769
10202104517,482.94309040606095
10202104518,1026.2341329554586
10202104519,521.0487043193045
10202104520,350.95052731164276
10202104521,545.698068032096
10202104522,533.4365050947727
10202104523,465.7231858190822
10202104524,702.8264895136508
10202104601,530.482877141825
10202104602,517.4119959241915
10202104603,675.5081803596564
10202104604,558.287431033481
10202104605,458.1463888026101
10202104606,597.0114803714101
10202104607,610.2638392625377
10202104608,673.9530891122471
10202104609,544.8126804890813
10202104610,453.2802355034813
10202104611,458.1463888026101
10202104612,483.934301127176
10202104613,362.59210074449254
10202104614,467.43746455457136
10202104615,506.69516892607913
10202104616,621.0995260956305
10202104617,831.6640990584239
10202104618,639.2963549873207
10202104619,657.8540010239968
10202104620,571.7530753463777
10202104621,507.5186108295791
10202104622,515.3832976275436
10202104623,371.3070937829343
10202104624,684.1613664002385
10202104625,741.3098920077673
10202104701,637.1663275763254
10202104702,470.722919404723
10202104703,439.7393073089341
10202104704,654.324078943214
10202104705,639.1863379014758
10202104706,513.6699631309401
10202104707,666.1115419140185
10202104708,679.0405800240102
10202104709,643.01941518087
10202104710,462.11631723510993
10202104711,590.9223790654542
10202104712,642.6345954859088
10202104713,815.8135480379248
10202104714,425.80238402721545
10202104715,570.7784258638899
10202104716,557.5234473256642
10202104717,600.128920172764
10202104718,570.3386723301895
10202104719,744.5454067960959
10202104720,486.8363618634242
10202104721,583.0992988670808
10202104722,665.4290160658583
10202104723,473.3438152578334
10202104724,2307.564798832365
10202104725,484.4306691264003
10202104726,580.1658313268512
10202104727,504.7953604609766
10202104728,699.2331332465993
10202104729,697.5607904035613
10202104730,495.56578470535334
10202104731,722.4872532655347
10202104732,632.7191653180357
10202104733,443.47340389182955
10202104734,477.52761053195945
10202104735,610.9949292459437
10202104736,668.0483378747865
10202104737,424.71089894575886
10202104801,503.07205335585644
10202104802,588.4028872343541
10202104803,631.2625789070011
10202104804,523.369858376749
10202104805,548.7815847717903
10202104806,458.4207340601251
10202104807,681.5961642134126
10202104808,530.074169122706
10202104809,608.9090703311542
10202104810,791.3898276010236
10202104811,701.5654094829924
10202104812,767.2343393695646
10202104813,670.2214234613864
10202104814,1573.7661285330362
10202104815,564.618780844558
10202104816,514.855214265814
10202104817,2139.372853153517
10202104818,687.0343294529287
10202104819,585.8459092102271
10202104820,466.95850850609895
10202104821,609.3785631577346
10202104822,668.2783273227002
10202104823,504.7953604609766
10202104824,802.264974831134
10202104825,611.8825535302881
10202104826,544.9513121314807
10202104827,635.2667673781943
10202104828,641.1551827063464
10202104829,588.8565689877646
10202104830,660.9527332759533
10202104831,530.391585865442
10202104832,626.4814754644856
10202104833,574.0552014593476
10202104834,502.42873787913857
10202104835,502.1280557082957
10202104836,622.2159668420285
10202104837,658.1937500163314
10202104838,492.2321570158707
10202104840,488.50405251694656
10202104841,552.638779062112
10202104842,508.64779493859095
10202104843,596.756890894309
10202104844,498.7502841957392
10202104845,630.9933833970965
10202104846,601.1581767741635
10202104847,497.8143962014447
10202104848,570.5350232062215
10202104849,686.6796934188953
10202104901,630.1299058443906
10202104902,577.8391998343483
10202104903,809.483259104914
10202104904,772.8550067918713
10202104905,600.5422048705657
10202104906,626.8519417088368
10202104907,439.55178495134237
10202104908,440.45393771092057
10202104909,345.8020124601822
10202104910,838.8421282477073
10202105001,732.4324830924603
10202105002,478.0996838392708
10202105003,602.8023586949239
10202105004,507.7351293142782
10202105005,562.3082067266319
10202105006,568.1024561191559
10202105007,569.413305748626
10202105008,766.2270408786086
10202105009,583.946397710433
10202105010,488.2117036764002
10202105011,575.379786558431
10202105012,526.5990294510266
10202105013,527.9958242592945
10202105014,383.4919010923177
10202105015,485.42493301051866
10202105016,402.52442955047906
10202105017,584.9435325503982
10202105018,500.0732106893813
10202105019,570.6802000902147
10202105020,498.83612935477635
10202105021,768.8518030669935
10202105022,644.8311684926023
10202105024,539.0260103605706
10202105025,512.5296299467298
10202105026,661.462353812256
10202105027,508.64779493859095
10202105028,625.0392488749567
10202105101,601.7747804757976
10202105102,538.9332488886937
10202105103,489.2540013204095
10202105104,459.7536450970796
10202105105,345.8020124601822
10202105106,561.8287277452666
10202105107,413.1163130803026
10202105108,642.1394807067976
10202105109,548.732313890865
10202105110,537.7368319052357
10202105111,474.31532406244764
10202105112,477.6098028333365
10202105113,541.7028246930113
10202105114,507.5186108295791
10202105115,471.8902817970973
10202105116,513.2281255952568
10202105201,649.4800802098347
10202105202,617.1338318654605
10202105203,508.3433909273427
10202105204,941.3196018990908
10202105205,703.126330589955
10202105206,577.7440729531445
10202105207,592.8445826425659
10202105208,579.0771698193901
10202105209,519.9386718301263
10202105210,481.7483855707545
10202105211,350.95052731164276
10202105213,469.35820640828877
10202105214,457.4817810962135
10202105215,496.7092619395418
10202105216,587.7515996058102
10202105301,648.0382523026068
10202105302,899.7462067960925
10202105303,571.4622127164704
10202105304,552.4981917841485
10202105305,706.6762412569481
10202105306,549.5335893590886
10202105307,669.078918083285
10202105308,841.6216785305163
10202105309,736.1481438343709
10202105310,586.6969981980532
10202105311,511.4798492990074
10202105312,474.1946617006432
10202105313,489.9244342641461
10202105314,575.9699495470497
10202105315,680.4342686725549
10202105316,2753.0247226691895
10202105317,497.43085745867387
10202105318,509.0818879540359
10202105319,456.4661841300683
10202105320,505.9601341810878
10202105321,767.7996743271763
10202105322,538.9776153576968
10202105323,542.9774181564643
10202105324,542.9080656603329
10202105325,711.4235411663808
10202105326,585.7450904597645
10202105327,507.90992762670106
10202105328,1148.5543921781446
10202105329,1573.7971958580758
10202105330,592.3390653600628
10202105331,488.2117036764002
10202105332,949.5999165898285
10202105333,521.8525121456122
10202105334,842.7586084550178
10202105335,935.2999780105965
10202105336,448.8484996723834
10202105337,649.0913940824029
10202105401,789.4210653819283
10202105402,675.2799972068711
10202105403,600.5520263715267
10202105404,1198.1488694981347
10202105405,1524.4657039083547
10202105406,781.4693201895981
10202105407,732.4927789512238
10202105408,802.0608844681516
10202105409,540.5002593274738
10202105410,568.0046908555256
10202105411,547.1905652355227
10202105412,638.7464588549145
10202105413,504.9238093983865
10202105414,1857.5444062199338
10202105415,346.8671642873963
10202105416,350.95052731164276
10202105417,491.8529190828302
10202105418,721.6875511905774
10202105419,805.9640709170861
10202105420,618.8726506900051
10202105421,551.321159890568
10202105422,542.5831583382717
10202105423,683.8451630148652
10202105424,470.522184400706
10202105501,538.425356267569
10202105502,620.1985312573627
10202105503,2197.868349336734
10202105504,513.6855512573032
10202105505,506.47909392191576
10202105506,677.0111264319646
10202105507,614.2405349437632
10202105508,557.0480482982035
10202105509,578.4362045813574
10202105510,477.44543237512954
10202105511,604.2475262332929
10202105512,448.65709279230407
10202105513,476.06122956751085
10202105514,528.3989842333688
10202105601,940.432498939845
10202105602,883.9524812441166
10202105603,733.3099298908103
10202105604,437.30447898790095
10202105605,762.8288111632497
10202105606,484.92754624678065
10202105607,616.921443907515
10202105608,595.6370968262187
10202105609,515.2521878725527
10202105612,615.9204974254716
10202105613,633.965592344462
10202105614,628.4111862939841
10202105615,834.4222039634789
10202105616,391.4359293809247
10202105617,530.1178062878688
10202105620,538.2883847807822
10202105621,356.1756964456711
10202105622,560.2459993199126
10202105623,562.3082067266319
10202105624,657.7949373690739
10202105627,671.1950891709955
10202105628,802.0608844681516
10202105629,684.0487362134245
10202105630,870.8348319361064
10202105631,590.1667228737499
10202105634,1143.934763154314
10202105635,600.7984092449902
10202105636,582.6020913667966
10202105637,537.3707815036362
10202105638,591.5284839815773
10202105639,502.7709861881384
10202105640,594.9243833577581
10202105641,701.9855178754901
10202105642,538.7034262830357
10202105643,649.8689990886285
10202105644,569.9504290712812
10202105645,485.92282994035145
10202105646,561.2530544461328
10202105647,672.4015778492969
10202105648,574.837546589863
10202105701,814.2827015815209
10202105702,570.2917243451411
10202105703,634.8865873122896
10202105704,562.4049915084435
10202105705,384.7393568160945
10202105706,1776.5067907663924
10202105707,1180.9469621579876
10202105708,545.7879184653947
10202105709,574.4462408389845
10202105710,806.870689012847
10202105711,547.1905652355227
10202105712,535.2157704431993
10202105713,501.65484843284906
10202105714,543.7862975135873
10202105715,526.0594539796518
10202105716,742.5090673405228
10202105717,640.8817685961113
10202105718,806.6654269897415
10202105719,605.6417776351997
10202105720,463.73750072101353
10301106104,466.48004321610006
10303107112,486.712514240852
10303107117,499.5608146854219
10303107126,376.5140174291529
10303107127,515.2521878725527
10303107501,345.8020124601822
10601110701,779.2311521201959
10601110702,648.0382523026068
10601110703,811.296403678916
10601110705,578.3842712400251
10601110706,590.2638951726365
10601110707,584.5409826394663
10601110708,599.270084741675
10601110709,807.197841208657
10601110710,453.7451618438149
10601110712,577.1520921232094
10601110713,536.6795983132466
10601110714,737.2659617668793
10601110716,827.2538865752434
10601110717,471.32563839045844
10601110718,544.6251820135518
10601110719,480.6789174103858
10601110720,606.6260199347109
10601110722,571.9969976515987
10601110723,764.0056066594533
10601110725,592.237129196507
10601110726,503.6747286505035
10601110727,617.1338318654605
10601110728,448.502686472579
10601110729,584.4972299902976
10601110730,490.5113588424551
10601110731,562.931300528019
10601110732,914.7469571250324
10601110733,484.7207538240389
10601110801,637.4953924104786
10601110806,517.1913508380937
10601110807,610.6292748399579
10601110808,587.1977003963814
10601110809,475.4915953860062
10601110810,585.3945470053769
10601110811,585.2938059302429
10601110812,586.9472959059923
10601110813,715.8518783496444
10601110814,700.5868220763259
10601110815,591.9852328982698
10601110816,588.1519688042883
10601110817,567.4226894053317
10601110818,467.5564074972577
10601110819,574.0552014593476
10601110820,568.9277682648219
10601110821,505.44170618819504
10601110822,678.6900702344358
10601110823,471.5267161654341
10601110824,448.96271251457017
10601110825,896.348347506274
10601110826,477.6884423782538
10601110827,402.90412784145207
10601110828,390.2689560501167
10601110829,548.4080159411332
10601110830,765.2472096381555
10601110831,651.8953448717793
10601110832,977.3543492215051
10601110833,1641.166138101555
10601110834,2565.789937226229
10601110835,448.77125692958566
10601110836,639.1863379014758
10601110837,802.6072385293927
10601110838,517.7218303586276
10601110839,540.7308485012143
10601110840,516.881833873026
10601110841,584.4447524760749
10601110842,510.4322188477692
10601110843,523.1466726207709
10601110844,570.2405222340963
10601110845,1165.05310928242
10601110847,928.9272263976269
10601110848,472.7774326162143
10601110850,537.6000355740294
10601110852,475.28882682859046
10601110855,506.86960921064343
10601110858,664.9163394334174
10601110859,785.4483053078146
10601110860,623.4370478515161
10601110861,1627.3725352817141
10601110862,357.3342956492939
10601110863,551.1314215076185
10601110864,887.5780925600207
10601110865,689.3259168563029
10601110866,825.911678623645
10601110901,551.2262825353284
10601110902,557.9533198171803
10601110903,541.8406650094521
10601110904,483.56145623788746
10601110905,558.0952951930819
10601110906,600.0795199743586
10601110907,480.6789174103858
10601110908,650.3116818996244
10601110909,632.0188251707405
10601110911,471.97150379851286
10601110912,555.478787531016
10601110913,486.33752889043393
10601110914,621.5226114936203
10601110915,674.2355776450769
10601110916,682.4688877028391
10601110917,529.8005533905326
10601110918,542.2543964414459
10601110920,590.1137363393331
10601110921,521.181289041057
10601110922,538.7034262830357
10601110924,347.2229434911702
10601110925,452.08109821763304
10601110926,419.30469113802764
10601110927,508.51460156377794
10601110928,436.3336750772456
10601110929,538.7034262830357
10601110930,512.748286241241
10601111001,426.6763169946988
10601111002,648.0382523026068
10601111003,482.5312858862701
10601111004,478.5900673126979
10601111006,468.87728228708374
10601111007,694.0119195774954
10601111008,443.7041620443891
10601111009,491.0144728833865
10601111010,441.35794208304924
10601111011,721.2556519714399
10601111012,510.4322188477692
10601111013,502.1280557082957
10601111014,474.1946617006432
10601111015,431.07296097210536
10601111016,452.351811483828
10601111017,440.00263011677856
10601111018,451.88831282876384
10601111019,480.47393677222345
10601111020,541.0546466310353
10601111021,673.3229809814006
10601111022,510.0389587633273
10601111023,546.2087424028906
10601111024,519.4059208407613
10601111025,483.7279322637186
10601111026,474.6810398204069
10601111027,732.9972173254047
10601111028,414.17800067474104
10601111029,379.61463346791516
10601111101,622.7982480813804
10601111102,463.53974457778656
10601111103,491.26438925183106
10601111104,439.92690966764474
10601111105,543.3713972655758
10601111106,488.50405251694656
10601111107,2382.03262247595
10601111108,881.661574150885
10601111109,471.7702363483724
10601111110,595.6861313121182
10601111111,659.4311502065647
10601111112,734.1884278616611
10601111113,671.3106156198023
10601111114,627.016130751526
10601111115,669.6499271154919
10601111116,694.8829544663885
10601111117,528.6718761245247
10601111118,453.47361471685645
10601111121,480.2690435459702
10601111122,507.9517401704746
10601111123,571.8514857839016
10601111124,595.7886611197171
10601111125,656.1676839557283
10601111126,650.3116818996244
10601111127,615.132874289226
10601111128,596.5024099843024
10601111129,546.0697908793938
10601111130,637.767361818934
10601111131,1281.1998840707076
10601111132,506.86960921064343
10601111133,526.6896679506215
10601111134,595.9804585353243
10601111135,491.1394151713611
10601111136,726.8351102065255
10601111137,350.95052731164276
10601111138,466.04043075511316
10601111139,346.8671642873963
10601111140,587.65045290337
10601111141,506.3502493314574
10601111142,373.5337508631369
10601111143,465.444470355641
10601111144,974.0158913199243
10601111146,345.8020124601822
10601111147,761.0043677234934
10601111148,620.3563453906987
10601111149,580.4654582292846
10601111150,531.8899737888487
10601111151,452.3890503305016
10601111152,526.3744666478683
10601111153,536.2701203630645
10601111154,561.0137137862777
10601111155,539.5788855373654
10601111156,555.2917646285329
10601111157,352.3926140451784
10601111158,652.4270721530138
10601111159,345.8020124601822
10601111302,527.5456033716164
10601111303,442.90630162022995
10601111304,523.1466726207709
10601111310,431.5151094675916
10601111311,517.2803700831388
10601111314,647.2628378884369
10601111315,519.4059208407613
10602111401,993.9034716842732
10602111402,686.8544241788619
10602111403,465.6430390963385
10602111408,534.6233542306792
10602111409,947.9569558659482
10602111410,2351.600090183867
10602111411,1614.2468525242011
10602111412,729.1191559307714
10602111415,615.8697973279559
10602111416,807.5592930605866
10602111417,657.6325096413492
10602111418,612.2489584192492
10602111419,420.95519614392117
10602111420,694.9453482683203
10602111421,732.1201447053224
10602111422,560.53115312559
10602111423,527.6798412776991
10602111424,432.58523902739887
10602111425,654.270217617365
10602111426,409.2885293791435
10602111601,595.5345931014551
10602111602,583.0992988670808
10602111603,478.22133986302924
10602111604,653.2086732682474
10602111605,606.2629801346118
10602111606,1130.9210478051111
10602111607,421.0276511718287
10602111608,553.3960692272817
10602111609,487.41958696184395
10602111610,579.8706889537557
10602111611,465.562906166117
10602111612,998.8157421229736
10602111613,775.2471600741782
10602111614,680.3731777089374
10602111615,646.5996252136603
10602111617,659.9939255873302
10602111618,558.3835237572831
10602161401,512.0044705726988
10602161402,505.44170618819504
10602161403,710.0606799811968
10602161404,573.4614469705208
10602161405,1149.7367285605787
10602161406,576.6599557931436
10602161407,578.2371344964753
10602161408,715.2414730143961
10602161409,576.0690857951597
10602161410,508.952381231744
10602161411,568.5872892605023
10602161412,609.6385373149135
10602161413,480.1037579042556
10602161414,1011.4646614034014
10602161415,583.5488913454014
10602161416,494.8024662448204
10602161417,935.8569155120066
10602161418,582.1532283460333
10602161419,642.581696391311
10602161420,548.7815847717903
10602161421,471.7702363483724
10602161422,354.20355827527015
10602161423,482.24251149181146
10602161424,359.53903394839415
10602161425,508.99427959316915
10602161426,525.7879105786499
10602161427,701.444676459445
10602161428,463.14448524866077
10602161429,735.189008885852
10602161430,459.00770118767065
10602161431,521.4504533503115
10602161432,532.1168896273899
10602161433,542.027204857451
10602161434,567.6180363939721
10602161435,677.8020267079505
10602161436,429.49204530642794
10602161437,424.4948397160943
10602161438,480.9667555001366
10602161439,633.5861909763194
10602161440,461.1697948518468
10602161441,549.7680323480163
10602161442,4537.563151791383
10602161443,488.54426751564733
10602161444,473.62726097314203
10602161445,541.7028246930113
10602161446,544.6251820135518
10602161447,492.8624166743513
10602161448,571.8514857839016
10602161449,648.7029405670412
10602161501,623.119892514468
10602161502,421.0276511718287
10602161503,541.240915875961
10602161504,592.033309493235
10602161505,1290.9199497949244
10602161506,879.0580528862056
10602161507,779.9661950517849
10602161508,615.7638117395305
10602161509,645.9370920944313
10602161510,639.6217438143746
10602161511,515.1635176592121
10602161512,1187.0836518298495
10602161513,591.0240889335319
10602161514,486.00646723127164
10602161515,452.27396585294395
10602161516,674.8160263212887
10602161517,614.2405349437632
10602161518,571.4622127164704
10602161519,829.8020238246089
10602161520,592.4897904449019
10602161521,656.285524332409
10602161522,620.3052801520245
10602161523,519.3165358077708
10602161524,466.1206458771156
10602161525,565.1006409284763
10602161526,474.1946617006432
10602161527,621.3645006706864
10602161528,607.9757092804941
10602161529,488.00351075810613
10602161530,488.33593277888497
10602161531,425.3660890300266
10602161532,615.8697973279559
10602161533,546.1637806965998
10602161534,631.8580441875404
10602161535,550.5667091175118
10602161536,537.6000355740294
10602161537,566.8412842982547
10602161538,556.7146787996094
10602161539,524.9819610854427
10602161601,522.9666305492347
10602161602,449.0399882108026
10602161603,498.6234057581504
10602161604,1140.0928959646521
10602161605,531.0707052911117
10602161606,540.6377936422053
10602161607,2416.268681960627
10602161608,461.91925242910094
10602161609,683.8696127401303
10602161610,587.3998553412766
10602161611,403.35058596105296
10602161612,571.6076255307376
10602161613,594.0613593558971
10602161614,746.9617511151962
10602161615,658.5878867775432
10602161616,559.5756333009159
10602161617,586.2976194330787
10602161618,570.0954572009448
10602161619,793.4706337860165
10602161620,452.00329917403855
10602161701,790.631646736822
10602161702,510.1267469349181
10602161703,822.5318226693915
10602161704,596.859605001606
10602161705,583.6973797050248
10602161706,633.5861909763194
10602161707,669.8203245246448
10602161708,864.9062383699074
10602161709,488.92095434828195
10602161710,407.64716490961615
10602161711,511.17375042401306
10602161712,618.3449393306512
10602161713,781.8302599317915
10602161714,688.913384695079
10602161715,559.9107159840257
10602161716,564.618780844558
10602161717,528.9884531521769
10602161718,668.8486531103107
10602161719,696.8460403352087
10602161720,370.4775502104894
10602161721,677.2999541125488
10602161722,443.397086154109
10602161723,521.9853014022505
10602161801,593.199587295373
10602161802,530.1178062878688
10602161803,577.0052688370472
10602161804,433.9177036781908
10602161805,895.8073752923393
10602161806,658.4745497946075
10602161807,567.3759814522668
10602161808,383.4919010923177
10602161809,584.5453474116856
10602161810,512.6178468139436
10602161811,725.3718994661681
10602161812,574.1024592641947
10602161813,494.67659210334716
10602161814,439.4005122432247
10602161815,537.3707815036362
10602161816,561.0137137862777
10602161817,745.2477309229272
10602161818,648.2613528649825
10602161819,582.3536466271636
10602161820,492.94724841055944
10602161821,701.9855178754901
10602161822,590.6703862237084
10602161823,612.0932067460751
10602161824,454.8704204956102
10602161825,684.222797506744
10602161826,561.2026638477928
10602161827,521.6299734465099
10602161828,526.1499996072351
10602161829,432.40076744950375
10602161830,450.5006644386519
10602161831,676.5502686665784
10602161832,614.5025833239185
10602161833,577.3507886598278
10602161834,614.1348297365693
10602161835,535.7206354859646
10602161836,345.8020124601822
10602161837,541.7960628657196
10602161838,521.0954894785104
10602161839,557.2356627190386
10603111901,475.6552931954463
10603111902,543.3713972655758
10603111903,661.8584478647865
10603111904,536.3142675959945
10603111906,676.1959951746041
10603111907,710.0049440649665
10603111908,345.8020124601822
10603111909,463.81731946149824
10603111910,728.1803616807163
10603111911,435.4399615799528
10603111912,487.3357064858759
10603111913,550.331925540994
10603111914,520.6940139277366
10603111915,1030.6578535869623
10603111916,599.5203732107939
10603111917,345.8020124601822
10603111918,939.5981504410936
10603111919,345.8020124601822
10603111921,396.8924509776706
10603111922,810.0407177323337
10603112001,376.77049417115614
10603112002,516.750342901335
10603112003,491.3489459347258
10603112004,589.7120317184853
10603112005,353.8406264405532
10603112006,1475.741733292182
10603112007,455.3369778774734
10603112008,689.7386960482687
10603112009,880.1836088262243
10603112010,686.330365238351
10603112011,515.9380355180624
10603112012,512.8365407436908
10603112013,543.6967765974944
10603112014,695.806519260049
10603112015,463.4599736054141
10603112016,631.1019903073385
10603112017,347.5790876151643
10603112018,676.6059641475786
10603112101,732.4927789512238
10603112102,604.4012815146535
10603112103,524.8484095004196
10603112104,478.22133986302924
10603112105,477.3239737365815
10603112106,886.3792318010968
10603112107,445.8291350732305
10603112108,583.5488913454014
10603112109,518.6524473087734
10603112110,466.87814919556126
10603112111,372.3226275213656
10603112112,356.1756964456711
10603112113,389.0035714867441
10603112114,385.69348553491994
10603112115,1134.5644545860312
10603112116,594.2125226912651
10603112117,403.76429981203046
10603112118,534.4393624340671
10603112119,596.5024099843024
10603112120,449.308880412534
10603112121,399.1022727985701
10603112122,2225.064535367095
10603112123,644.3391726240847
10603112124,566.2604749232573
10603112125,523.6832604728507
10603112126,455.1428040518202
10603112127,618.3449393306512
10603112128,535.3078920607473
10603112129,475.5734372473941
10603112130,514.4161983476154
10603112131,1275.9801081072965
10603112133,543.7415352132144
10603112134,716.3448568035561
10603112135,833.4237706114998
10603112136,595.4321070166511
10603112137,563.8967610111363
10603112138,727.0700928425606
10603112139,498.83612935477635
10603112140,475.16791681477736
10603112141,628.5710901985332
10603112142,516.4410898607083
10603112143,629.9696053885002
10603112144,538.9776153576968
10603112145,599.5678334765736
10603112146,1532.3333298362372
10603112147,495.2692097192778
10603112148,600.9512868728564
10603112149,689.2072901380715
10603112150,478.01740723382994
10603112151,5337.575124014592
10603112152,549.7186729015438
10603112153,605.2254747832907
10603112154,553.160079098906
10603112155,507.5186108295791
10603112156,867.7400110250169
10603112157,534.9875331184352
10603112158,2850.58840322621
10603112201,736.1964506852034
10603112202,536.0374308256876
10603112203,356.1756964456711
10603112204,511.5678854774287
10603112205,537.5075194994381
10603112206,522.3877725864216
10603112207,561.9716892475665
10603112208,514.0198688250449
10603112209,588.8565689877646
10603112210,768.1904687271335
10603112211,1773.5069096093332
10603112212,646.7109182783831
10603112213,429.932572267867
10603112214,523.369858376749
10603112215,588.7552321301478
10603112216,548.3136399114611
10603112217,781.5670272616269
10603112218,504.19134426699884
10603112219,556.3357097209457
10603112220,503.8896072514087
10603112221,639.7318358425117
10603112222,592.640553882862
10603112223,599.9268641176384
10603112224,483.23228431818364
10603112225,585.3945470053769
10603112226,675.4525752438013
10603112227,726.7600411922348
10603112228,648.5913046934076
10603112230,831.4989321709304
10603112232,355.2945888468348
10603112233,491.64317340523905
10603112234,487.5436145043338
10603112235,1075.144400916436
10603112236,436.40877705696766
10603112301,489.4224371225421
10603112302,494.0846835879062
10603112303,563.4623094235144
10603112304,554.059032190247
10603112305,621.7365834986068
10603112306,416.73346235824175
10603112307,446.0961045656436
10603112308,562.8849622880178
10603112309,538.2883847807822
10603112310,751.5086089587123
10603112311,505.8314216102051
10603112312,525.3867428120142
10603112313,612.5605806722016
10603112314,522.0751457845664
10603112315,501.227088437803
10603112402,492.2321570158707
10603112501,445.44897754219875
10603112502,671.8282224905117
10603112503,725.39088412181
10603112505,356.1756964456711
10603112506,811.0111384205417
10603112507,787.5906441704589
10603112508,345.8020124601822
10603112509,383.3943435474289
10603112510,483.5216514041653
10603112512,557.1897933210284
10603112513,729.3696791359378
10603112514,384.707686620038
10603112515,569.1236334079675
10603112516,633.9608585536324
10603112517,733.4490672047199
10603112518,736.1303532638142
10603112519,647.53413915908
10603112520,557.4275026131911
10603112521,677.4165313338933
10603112522,495.48050234287444
10603112523,508.86479515780536
10603112524,592.4897904449019
10603112525,607.1437300690347
10603112526,512.1347539218448
10603112527,679.0405800240102
10603112528,584.6459596617485
10603112529,515.911922640652
10603112530,598.4427647700544
10603112531,554.1046438553803
10603112532,501.65484843284906
10603112533,345.8020124601822
10603112534,479.61182343990646
10603112535,492.94724841055944
10603112536,468.3162441047378
10603112537,634.9911228389981
10603112538,652.2610994605092
10603112539,494.76173609637675
10603112540,475.16791681477736
10603112541,840.5763526967056
10603112542,422.9380486322995
10604112907,465.04758687099945
10604112912,450.96273979254966
10701113101,496.9211689207565
10701113102,522.2978744038767
10701113103,503.8896072514087
10701113104,453.00896661510825
10701113105,617.5542158810612
10701113106,487.9195297941657
10701113107,501.3133599056776
10701113108,480.9667555001366
10701113109,620.0918007332144
10701113110,435.8865892771598
10701113111,561.3958694640755
10701113112,532.571011767476
10701113113,545.5102648485076
10701113115,534.7593931231582
10701113116,454.5981999493405
10701113117,707.7664116933761
10701113118,633.5861909763194
10701113119,560.1034768205541
10701113120,549.5335893590886
10701113121,438.8386182796896
10701113122,459.557587828587
10701113123,504.1045775242024
10701113124,550.2372184239852
10701113125,461.1697948518468
10701113126,649.5335471983832
10701113127,582.6020913667966
10701113128,630.0780360855374
10701113129,547.3789468972487
10701113130,475.85821809538965
10701113131,531.026989687136
10701113132,530.8442355872467
10701113133,471.6078755897431
10701113134,594.3147988605796
10701113135,532.3439022731653
10701113136,459.7536450970796
10701113137,707.6446115337701
10701113139,632.3972879756078
10701113140,516.1320218948371
10701113141,495.6918851085028
10701113142,427.5520436553607
10701113143,620.6210029086924
10701113144,520.0281639454934
10701113145,534.2554339586338
10701113146,566.5995605945853
10701113147,548.9705141748758
10701113148,615.5518952770077
10701113149,499.77393820109694
10701113150,648.8145956554997
10701113151,466.0020681817221
10701113152,598.6980734776413
10701113153,482.5312858862701
10701113154,908.6379285924116
10701113155,1172.7819750984897
10701113156,856.5811380384603
10701113157,609.4834497138438
10701113158,640.1595277419545
10701113159,514.7242388513822
10701113160,395.2682587688008
10701113161,501.699892210438
10701113162,466.6790537547174
10701113163,662.2547791046611
10701113164,440.6418449465134
10701113165,1094.4574060975995
10701113201,471.97150379851286
10701113202,486.5049606366532
10701113203,501.5272310952858
10701113204,606.7304327216451
10701113205,504.7084897724885
10701113206,541.9339269073081
10701113207,508.64779493859095
10701113210,486.712514240852
10701113211,717.1386386381267
10701113212,475.0043867369842
10701113213,567.2783412083166
10701113214,617.8176779496216
10701113216,550.7068049153314
10701113217,655.7798922598497
10701113218,463.3420727656566
10701113219,533.7998755154184
10701113220,859.087456449689
10701113221,638.2591055225352
10701113222,505.6119395338859
10701113223,617.9748862571098
10701113224,519.9386718301263
10701113225,773.9256206265615
10701113226,831.6482600786777
10701113227,395.9106182530713
10701113228,588.0023472296621
10701113229,751.317430645314
10701113230,622.8541693704041
10701113301,474.06695028457096
10701113401,346.8671642873963
10701113402,558.4294914264693
10701113403,576.8066912118311
10701113404,616.1832625141836
10701113405,452.00329917403855
10701113406,635.9183560206258
10701113407,499.0489437039177
10701113409,445.8291350732305
10701113410,459.36161416672275
10701113411,492.14744834038464
10701113412,451.3476029090681
10701113413,450.8851332082648
10701113414,555.8114169584961
10701113415,594.5683464880715
10701113416,486.62875544566526
10701113417,568.2002382101948
10701113418,475.0861447397657
10701113419,656.0007596788414
10701113421,543.2778879921509
10701113422,671.0795826032393
10701113423,554.2000166356714
10701113424,625.5726733290008
10701113425,453.66707643001183
10701113426,506.9113361125409
10701113427,430.6312655205286
10701113428,459.20352386255564
10701113429,584.6459596617485
10701113431,553.5368849768444
10701113432,472.7385154799333
10701113433,501.74119352699717
10701113434,587.2987691708239
10701113435,556.002766526608
10701113436,515.3832976275436
10701113437,447.2023940501518
10701113438,536.864361357363
10701113439,951.0959118193485
10701113440,512.0044705726988
10701113441,481.33015754598716
10701113442,604.1435407319733
10701113443,463.3420727656566
10701113444,466.48004321610006
10701113445,418.87505394973596
10701113446,504.1045775242024
10701113447,856.5257909343458
10701113448,459.8327781342561
10701113449,354.4156609323747
10701113450,447.7381380510422
10701113451,559.1445109056632
10701154501,603.6780812036164
10701154502,581.456649088696
10701154503,878.7327431600654
10701154504,605.4877067806657
10701154505,561.0137137862777
10701154506,540.0393759352883
10701154507,540.2697684861427
10701154508,605.2793268621384
10701154509,552.3576402705639
10701154510,591.8827005338228
10701154511,653.2086732682474
10701154512,463.8555021803589
10701154513,691.8063026497225
10701154514,600.2861097518922
10701154515,1320.8529890888158
10701154516,502.7709861881384
10701154517,561.4924972139212
10701154518,606.6260199347109
10701154519,622.3184161221369
10701154520,518.7844222850911
10701154521,345.8020124601822
10701154522,474.8018259447447
10701154523,706.7396939825381
10701154524,477.3239737365815
10701154525,559.0984843789499
10701154526,453.7451618438149
10701154527,444.91597265130474
10701154528,529.0795029206246
10701154529,495.6918851085028
10701154530,476.87414191669166
10701154531,639.1863379014758
10701154532,519.2271661571318
10701154533,613.243938199312
10701154534,353.32732935273106
10701154535,626.3736637028068
10701154536,452.351811483828
10701154537,380.26285559630816
10701154601,505.44170618819504
10701154602,489.7155109693034
10701154603,1288.499411509737
10701154604,537.8293874491974
10701154605,620.918069826055
10701154606,603.5245098991434
10701154607,610.7343766692137
10701154608,489.7897697948219
10701154609,1781.9680386312587
10701154610,680.8977721712243
10701154611,8687.28090240913
10701154612,528.3554885547222
10701154613,650.86667449329
10701154614,488.0436845508306
10701154615,1210.221645928387
10701154616,377.8659977397483
10701154617,526.9143652255149
10701154618,8682.08193530489
10701154619,438.313523057456
10701154620,537.8293874491974
10701154621,495.56578470535334
10701154622,578.8302282467197
10701154623,532.6626781677818
10701154624,480.7616521163468
10701154625,552.1675451806253
10701154626,455.1428040518202
10701154627,350.95052731164276
10701154628,345.8020124601822
10701154629,452.5447946113103
10701154630,475.85821809538965
10701154631,552.6884007060149
10701154632,523.2797911861759
10701154701,464.2131530045202
10701154702,581.6568275580188
10701154704,479.9816230070663
10701154705,739.0279760634888
10701154706,362.0661083754094
10701154707,5017.32289901418
10701154708,545.6490739964408
10701154709,581.9049750194728
10701154710,733.5834076688825
10701154711,516.9707998438496
10701154712,508.43088725691325
10701154713,447.4701858716218
10702113501,392.80915391516896
10703113601,643.7319450834708
10703113602,497.3043146736311
10703113603,654.1975171387353
10703113604,1006.128171505512
10703113605,549.7680323480163
10703113609,557.4775542383834
10703113611,517.1913508380937
10703113612,513.0553279730269
10703113613,592.5917700966442
10703113614,578.3366609736418
10703113615,712.1333021197258
10703113616,345.8020124601822
10703113617,594.0613593558971
10703113618,536.8201688429276
10703113619,545.0451094355417
10703113620,541.516396481156
10703113621,617.8113632639687
10703113622,604.4012815146535
10703113623,539.6233051569551
10703113624,483.5216514041653
10703113625,566.2138626390131
10703113626,458.5373826286126
10703113627,461.3665399229426
10703113628,469.5584448339628
10703113629,566.3579399715312
10703113630,724.6530291207632
10703113631,437.9397740723974
10703113632,480.47393677222345
10703113634,488.6283560097702
10703113636,648.1497929845746
10703113637,687.2708552208564
10703113638,599.5678334765736
10703113639,621.5784182427548
10703113640,433.3239126706989
10703113641,629.1640166178562
10703113642,610.3140778621494
10703113643,592.5917700966442
10703113644,747.4146244598197
10703113645,574.3989547354212
10703113646,589.6105476435163
10703113647,555.5286641803483
10703113648,520.0281639454934
10703113649,665.7726771780914
10703113650,673.2071082228252
10703113701,461.1697948518468
10703113702,613.243938199312
10703113703,350.95052731164276
10703113704,499.6019399072292
10703113705,491.1394151713611
10703113706,598.5950429866479
10703113707,493.7889949776795
10703113708,478.1390423216936
10703113709,480.2690435459702
10703113710,584.9960548502714
10703113711,632.0188251707405
10703113712,515.911922640652
10703113713,693.2832604406414
10703113714,1057.1019508172465
10703113715,605.5375521959004
10703113716,628.4629188331721
10703113717,486.92015639193545
10703113718,498.7502841957392
10703113719,361.4786611387725
10703113720,345.8020124601822
10703113721,694.4378301559954
10703113722,500.713510122265
10703113801,520.7836360529799
10703113802,2032.480000071607
10703113803,901.793281885034
10703113804,549.2992463459909
10703113805,544.7189231839268
10703113806,552.1220929696619
10703113807,550.0972420855468
10703113808,477.120423780045
10703113809,2565.6870929914853
10703113810,618.2940396628313
10703113811,683.5217141058214
10703113812,558.9562537990298
10703113813,548.8760413443757
10703113814,756.091728823323
10703113816,485.50848460315956
10703113817,4034.859463953856
10703113818,416.9112499228115
10703113820,563.7997195093677
10703113821,587.9011573758374
10703113822,452.351811483828
10703113823,392.54175927152335
10703113824,684.0487362134245
10703113825,345.8020124601822
10703113901,377.22186145954754
10703113902,353.8406264405532
10703113903,428.4295676906452
10703113904,587.0483215806833
10703113905,563.4623094235144
10703113906,470.3215349980902
10703113907,587.4482117147759
10703113908,704.6274558442175
10703113909,577.8435145643009
10703113910,489.4224371225421
10703113911,361.4786611387725
10703113912,649.7571625469325
10703113913,502.47009919628005
10703113914,508.0391690889127
10703113915,534.303404955063
10703113916,556.2399694073068
10703113917,477.44543237512954
10703113918,345.8020124601822
10703113919,747.4090435504796
10703114001,769.6404089382853
10703114002,465.9218734658618
10703114003,846.9469008167013
10703114004,557.1439276988025
10703114005,463.81731946149824
10703114006,646.8754786859682
10703114007,615.8697973279559
10703114008,492.8624166743513
10703114010,470.80394047911426
10703114011,775.7340318613552
10703114013,545.9308747041516
10703114014,501.91392830313964
10703114015,455.3369778774734
10703114016,484.05744181273866
10703114018,500.7996931927721
10703114019,495.09876173756834
10703114020,452.351811483828
10703114021,595.3296385687692
10703114022,3336.93418540735
10703114023,2840.518530449799
10703114024,422.0717725134227
10703114025,403.2841842989898
10703114026,824.8345436064817
10703114101,666.9095368873286
10703114102,394.9962407131987
10703114104,545.0451094355417
10703114105,460.225211167973
10703114107,510.3443781072416
10703114108,554.3908114459172
10703114111,345.8020124601822
10703114113,532.6626781677818
10703114114,509.16951139410037
10703114115,523.1466726207709
10703114116,642.2500060891211
10703114117,622.5326620993154
10703114118,502.04164403868623
10703114119,611.3608026115347
10703114120,588.8565689877646
10703114121,769.0889692596796
10703114123,805.4229227029264
10703114126,436.7812194500825
10703114127,541.8406650094521
10703114128,685.0424895833371
10703114130,792.5923620803375
10703114131,533.5283204642409
10703114134,634.6158463808392
10703114135,661.0120804705582
10703114136,542.2584454593855
10703114137,580.217924635134
10703114138,566.8879482335776
10703114139,577.3507886598278
10703114140,677.3607691302639
10703114141,664.0113984401899
10703114142,445.90587141647904
10703114143,688.6814359984634
10703114144,524.8484095004196
10703114145,430.3735510747027
10703114146,495.9887131992447
10703114147,525.2963285339811
10703114148,827.6068110870945
10703114149,371.9105134301666
10703114150,577.3507886598278
10703114151,755.5400553851906
10703114152,761.7222174653594
10703114153,505.8314216102051
10703114154,439.55178495134237
10703114155,780.433251066771
10703114201,643.6789556594687
10703114202,539.2559705876175
10703114203,3041.7837896026767
10703114204,516.0432002700666
10703114205,520.0281639454934
10703114206,536.0855618282865
10703114207,541.6096025657437
10703114208,1120.8634689085434
10703114209,533.6640807172262
10703114210,444.0811029169529
10703114211,580.4654582292846
10703114212,502.6430849132642
10703114213,1331.9402938620342
10703114214,712.4799727954437
10703114215,662.3092977415979
10703114216,523.9968502390528
10703114217,584.2960739902652
10703114218,660.1075240860185
10703114219,504.19134426699884
10703114220,514.1083421929518
10703114221,403.59211863069527
10703114222,748.8267168247365
10703114223,478.5900673126979
10703114224,569.2684511533196
10703114225,618.5578173563176
10703114226,542.4897847135937
10703114301,487.41958696184395
10703114302,708.8529708955886
10703114303,549.204716943675
10703114304,559.0984843789499
10703114305,493.8739861970285
10703114306,551.791671445238
10703114307,535.2157704431993
10703114308,479.48981368725936
10703114309,586.4468072270262
10703114310,583.0992988670808
10703114311,575.9699495470497
10703114312,345.8020124601822
10703114313,516.750342901335
10703114314,517.9000667992954
10703114315,585.2456268987602
10703114316,501.3133599056776
10703114317,686.2122540272969
10703114318,508.3433909273427
10703114319,577.2514318423167
10703114320,516.2208588076319
10703114321,685.6271223350582
10703114322,481.4600797087433
10703114323,551.9320789438411
10703114324,453.2022300992715
10703114325,712.60932146278
10703114326,767.3851279531
10703114327,470.9237400466617
10703114328,527.139158361156
10703114329,477.93514478744464
10703114330,510.3443781072416
10703114331,578.8302282467197
10703114332,580.2656897723215
10703114333,550.6614729466302
10703114334,702.8843481255022
10703114335,598.5950429866479
10703114336,578.6829780549568
10703114337,540.0393759352883
10703114338,494.67659210334716
10703114339,535.0796154516559
10703114340,473.1419625994213
10703114341,480.6789174103858
10703114342,542.7212226621626
10703114343,584.5453474116856
10703114344,662.0268626740404
10703114345,703.8421715749633
10703114346,642.4711139281033
10703114347,584.1474333271793
10703114348,540.0393759352883
10703114349,687.327433250061
10703114350,689.3259168563029
10704114401,527.0050580008673
10704114402,667.1391342794645
10704114403,486.96024099994554
10704114404,561.4924972139212
10704114405,615.4459643966327
10704114406,508.56026128118145
10704114407,724.712684553455
10704114408,798.538138371822
10704114409,487.5436145043338
10704114410,513.0553279730269
10704114411,592.9954363600409
10704114412,451.4252890938791
10704114413,548.3136399114611
10704114414,613.8729381811931
10704114415,476.06122956751085
10704114416,853.8244106342146
10704114417,1385.434094324411
10704114418,457.5981907411289
10704114419,522.5637133866888
10704114420,2256.8326293266664
10704114421,580.8130500678516
10704114422,628.143206731474
10704114423,791.1702153411578
10704114424,608.1304132257856
10704114425,774.1757055189505
10704114426,788.7407077737889
10704114427,659.5989473718589
10704114428,728.2516710733092
10704114429,576.6599557931436
10704114430,588.2532018279069
10704114431,665.4290160658583
10704114432,523.9968502390528
10704114433,734.1225107252088
10704114434,606.5216251162674
10704114435,1285.3283050069792
10704114436,1744.9974011427405
10704114437,1074.6373169757408
10704114438,462.39303974815925
10704114439,515.911922640652
10704114440,543.9287294750687
10704114441,503.2452463080015
10704114442,585.7450904597645
10704114443,561.4924972139212
10704114444,632.6670824217592
10704114445,744.1610844720075
10704114446,511.698057734247
10704114447,509.38673418890943
10704114448,464.41119643843814
10704114501,481.37722480974895
10704114502,643.1300920179749
10704114503,591.2762326725508
10704114504,492.7370360673513
10704114505,626.3221031426959
10704114506,348.2924721213799
10704114507,502.9440754916888
10704114508,481.0495397489393
10704114509,559.1947167016765
10704114510,690.5649961162154
10704114511,500.88589109715423
10704114512,541.3786386562647
10704114513,466.87814919556126
10704114514,473.22340004078893
10704114515,534.5313504158637
10704114517,589.4605550170618
10704114518,706.4964679711717
10704114519,506.04722030326474
10704114520,619.4564286437044
10704114521,769.6853375963583
10704114522,1109.5130955081265
10704114523,1990.2066532621443
10704114524,471.4879019830993
10704114525,508.25590965509474
10704114526,519.4953212587502
10704114527,547.0513639434521
10704114528,596.6050802902121
10704114531,525.6108842306879
10704114532,496.9211689207565
10704114533,615.0270155185505
10704114534,645.8259321981537
10704114535,631.7493071673048
10704114536,485.13442689167044
10704114537,496.4974453239052
10704114538,1086.6858717823222
10704114539,636.2991539258483
10704114540,659.9939255873302
10704114541,718.304077035586
10704114601,494.67659210334716
10704114602,777.1697228858851
10704114603,780.561751184102
10704114604,512.2229028227913
10704114605,711.281194354
10704114606,564.1373316416823
10704114607,508.86479515780536
10704114608,517.8109409100839
10704114610,558.8600625135986
10704114611,625.0392488749567
10704114612,1122.1988987811271
10704114613,486.712514240852
10704114615,631.5318892615686
10704114616,591.6302981727488
10704114617,574.0552014593476
10704114618,1212.8715387544162
10704114619,431.8833754798366
10704114620,497.43085745867387
10704114621,482.7768844852716
10704114622,630.6157607692425
10704114623,534.7593931231582
10704114624,603.0595273001586
10704114625,562.9818463412969
10704114627,699.1128015865711
10704114628,572.2924057562365
10704114629,575.2807689324472
10704114631,659.7124778866913
10704114632,524.9819610854427
10704114633,497.34525413414417
10704114634,583.5488913454014
10704114635,717.1386386381267
10704114636,592.640553882862
10704114637,481.254765951859
10704114639,453.00896661510825
10704114640,623.119892514468
10704114641,542.4897847135937
10704114642,575.2807689324472
10704114643,569.0256924090173
10704114644,576.5607178616826
10704114646,738.0829262807437
10704114647,932.2767254081332
10704114648,554.5318803150433
10704114649,547.5182315452402
10704114650,460.3044253713476
10704114651,479.0809537689948
10704114652,508.64779493859095
10704114653,347.5790876151643
10704114654,476.54952221276966
10704114655,444.0811029169529
10704114656,349.0073208050211
10704114657,462.5903066821501
10704114658,481.254765951859
10704114659,521.3178001551199
10704114660,535.5362660576083
10704114701,714.081003649463
10704114702,683.8133193448001
10704114703,519.4486797663509
10704114704,664.7266108428094
10704114705,691.5682159976423
10704114706,494.97281222068153
10704114707,371.6239767373094
10704114708,555.8613234747495
10704114709,538.5180303207026
10704114710,360.2149651145485
10704114711,671.7679041976405
10704114712,596.5024099843024
10704114713,713.4721083352089
10704114714,463.5779044459185
10704114715,426.23912652910514
10704114716,466.04043075511316
10704114717,402.73231347171
10704114718,457.6769527803779
10704114719,499.5608146854219
10704114720,534.0755566992871
10704114721,590.4185008417486
10704114722,10242.119740352098
10704114723,612.8769378573882
10704114724,569.9504290712812
10704114801,528.628357982516
10704114802,557.5735075657688
10704114803,461.7222716593744
10704114804,592.9466233613252
10704114805,924.1696617368324
10704114806,350.95052731164276
10704114807,550.801592857812
10704114808,586.6969981980532
10704114809,533.5722419846536
10704114810,724.4036381959313
10704114811,671.7679041976405
10704114812,345.8020124601822
10704114813,602.955746242647
10704114814,476.38551665245717
10704114815,563.989607900801
10704114816,509.82145783397834
10704114817,366.86057965948487
10704114818,462.7080162294312
10704114819,452.5447946113103
10704114820,481.5429488687661
10704114821,613.5055614096067
10704114822,1045.0520373626853
10704114823,490.21780871468485
10704114824,843.6704270543065
10704114825,655.3168691087119
10704114826,764.594685011659
10704114827,693.2832604406414
10704114828,620.1504295279905
10704114829,512.6600469265884
10704114830,503.76142140748806
10704114831,539.5788855373654
10704115001,525.2963285339811
10704115002,622.108889135573
10704115003,651.2028148777215
10704115004,696.6660576698275
10704115005,810.8419625524856
10704115006,641.6495385530112
10704115007,572.7808147075841
10704115008,559.6719477507633
10704115009,513.5815652040816
10704115010,535.9491855681534
10704115011,539.8090816329947
10704115012,456.66092253846375
10704115013,430.19002264865287
10704115015,646.7109182783831
10704115016,505.44170618819504
10704115017,595.3830934410096
10704115018,467.43746455457136
10704115019,588.3544522758068
10704115020,1284.7357020719253
10704115021,1104.4508913578918
10704115023,520.5615531652215
10704115024,630.455336715401
10704115025,450.0390625465585
10704115026,541.0546466310353
10704115028,470.15967281319905
10704115029,642.6345954859088
10704115030,662.5373114063275
10704115031,636.2991539258483
10704115032,492.8624166743513
10704115033,684.9246000039658
10704115034,485.7156130889958
10704115035,518.8737157304245
10704115037,441.35794208304924
10704115038,543.1843948108208
10704115039,510.3443781072416
10704115041,991.8444137914023
10704115042,558.7178925864639
10704115043,354.4156609323747
10704115044,508.3433909273427
10704115045,474.1946617006432
10704115046,676.666716851673
10704115047,1007.4556987982236
10704115048,523.1466726207709
10704115049,627.8753414461255
10704115050,491.5181029648414
10704115051,559.2909655879602
10704115052,569.0256924090173
10704115053,542.027204857451
10704115054,487.2117318336712
10704154801,12097.380221791142
10704154802,660.898326305946
10704154803,528.5373858520069
10704154805,2086.857502424863
10704154806,812.2465804665178
10704154807,513.8891059164057
10704154808,557.239823602214
10704154809,589.2091855553224
10704154810,877.0733918832817
10704154811,620.5699158844753
10704154812,2567.2940461922954
10704154814,521.3178001551199
10704154815,5691.225725390793
10704154816,657.238944632607
10704154817,361.4786611387725
10704154818,706.9560804601837
10704154819,1662.6768266228642
10704154820,555.1962039683458
10704154821,546.3967860518136
10704154822,508.1266130556622
10704154823,1264.2045689829515
10704154824,926.1845753869185
10704154825,967.4320988768297
10704154826,581.6568275580188
10704154827,3670.8019631410134
10704154828,567.2783412083166
10704154829,563.2220266493326
10704154830,866.423264157009
10704154831,352.3926140451784
10704154832,12777.550273358524
10704154833,688.9722343687771
10704154834,481.0495397489393
10704154835,512.5296299467298
10704154836,2896.0489532532406
10704154837,13403.364417369048
10704154838,2592.897798511175
10704154901,567.6647642736663
10704154902,742.8925364796266
10704154903,747.0958970907907
10704154904,434.10282241409476
10704154905,543.2778879921509
10704154906,706.1951897340384
10704154907,522.5206980440632
10704154908,873.8457008067478
10704154909,441.09380817879793
10704154910,853.0514182115487
10704154911,669.5346864560663
10704154912,513.1436353236593
10704154913,544.8126804890813
10704154914,653.6536310244334
10704154915,521.2280861050954
10704154916,542.396427157667
10704154917,559.2407511504995
10704154918,677.4165313338933
10704154919,2518.682858574988
10704154920,611.9878710745262
10704154921,469.75876868570634
10704154922,620.1985312573627
10704154923,598.0846222991528
10704154924,607.2482319645072
10704154925,555.5286641803483
10704154926,618.608738739044
10704154927,3805.4917032079306
10704154928,490.0087603132895
10704154929,574.7902282755845
10704154930,577.9905511483287
10704154931,559.8646263863924
10704154932,536.771971885611
10704154933,492.8624166743513
10704154934,520.7836360529799
10704154935,546.0697908793938
10801115103,490.21780871468485
10801115110,560.6779710060265
10801115114,490.7206216633212
10805116715,568.5404854422625
11101120601,461.76028190813133
11101120602,488.6283560097702
11101120603,483.8510204371881
11101120604,502.1280557082957
11101120605,552.1220929696619
11101120606,1557.1382131573794
11101120607,345.8020124601822
11101120608,542.8682983069411
11101120609,1203.0944899226404
11101120610,838.9237124013507
11101120611,589.2576908778668
11101120612,632.6670824217592
11101120613,531.162113457884
11101120614,469.5584448339628
11101120615,710.0049440649665
11101120616,559.5756333009159
11101120617,464.76927572471453
11101120618,561.0598979799498
11101120619,996.8456250432768
11101120620,561.4924972139212
11101120621,600.0795199743586
11101120622,563.9431825451944
11101120623,732.3667236087938
11101120624,533.983647155442
11101120625,597.6238308357931
11101120626,658.7554693681802
11101120627,630.455336715401
11101120628,591.8827005338228
11101120629,571.8514857839016
11101120630,866.7713125899402
11101120631,771.4979608801866
11101120632,503.3733008073259
11101120633,1012.345264066435
11101120634,674.932176007687
11101120635,506.17598778573097
11101120636,513.0553279730269
11101120637,596.4830966824749
11101120638,657.0127544123898
11101120639,547.5182315452402
11101120640,561.5891415953855
11101120641,537.8293874491974
11101120642,509.29907336677894
11101120701,633.9086734461646
11101120702,612.7714673128461
11101120703,558.1913548463626
11101120704,453.86062067814436
11101120705,549.2992463459909
11101120706,519.0950785499992
11101120707,547.2847479609958
11101120708,559.7682787783044
11101120709,604.2972695534501
11101120710,345.8020124601822
11101120711,521.4504533503115
11101120712,652.0366223765949
11101120713,495.6918851085028
11101120714,372.3226275213656
11101120715,647.6504290476829
11101120716,468.7965927730369
11101120801,547.2847479609958
11101120802,504.40644326736975
11101120803,487.41958696184395
11101120804,480.39125157945574
11101120806,519.2271661571318
11101120807,601.1042034015741
11101120808,565.6802606699266
11101120809,515.4720056695276
11101120810,567.0831111265178
11101120811,538.8405033802226
11101120812,507.3021846769869
11101120813,489.4224371225421
11101120814,552.1220929696619
11101120815,592.5917700966442
11101120816,501.91392830313964
11101120817,611.7268950678468
11101120818,610.679543523232
11101120819,694.7920925974155
11101120820,490.5113588424551
11101120821,632.6102801066882
11101120822,590.3168951898714
11101120823,345.8020124601822
11101120824,442.3763391848595
11101120825,532.0253171523258
11101120826,735.0019821597808
11101120827,687.2091504526742
11101120828,582.5018308478699
11101120829,484.2240885918557
11101120830,489.7155109693034
11101120831,519.9386718301263
11101120832,445.44897754219875
11101120833,482.4482466424393
11101120834,490.92997376026057
11101120835,583.8459058486161
11101120836,630.9933833970965
11101120837,555.7656647986672
11101120838,500.713510122265
11101120839,610.5241910977701
11101120840,585.7450904597645
11101120841,622.7982480813804
11101120842,529.4399054046975
11101120844,1158.9843855389659
11101120845,501.6135542238707
11101120846,547.3789468972487
11101120847,467.63688354996845
11101120848,521.4504533503115
11101120849,537.9219589238677
11101120850,469.2774341315765
11101120851,763.4539135930789
11101120852,513.5815652040816
11101120853,534.6673658972867
11101120854,471.2057365829017
11101120855,740.5503147733925
11101120856,483.23228431818364
11101120857,509.9092085691958
11101120858,677.2077478421123
11101120859,585.5960811774481
11101120860,736.880897010232
11101120861,505.44170618819504
11101120862,578.6829780549568
11101120863,3699.307283625431
11101120864,538.7034262830357
11101120865,374.84417147747547
11101120866,490.04909918367935
11101120867,724.0360214821841
11101120868,441.81063981111566
11101120869,497.7287268733867
11101120870,523.1466726207709
11101120871,345.8020124601822
11101120901,655.8338778662734
11101120902,364.829279490546
11101120903,486.21380816733523
11101120904,524.0399871025916
11101120905,590.6703862237084
11101120906,576.6599557931436
11101120907,618.4513691841032
11101120908,526.9577422669208
11101120909,541.0546466310353
11101120910,498.2392437177995
11101120911,507.431271494481
11101120912,471.2057365829017
11101120913,633.4771565577455
11101120914,641.9761251025841
11101120915,746.3918312455532
11101120916,585.9949820631462
11101120917,620.0918007332144
11101120918,642.0866223680565
11101120919,545.5102648485076
11101120920,704.806753545945
11101120921,722.4872532655347
11101120922,651.2564236865314
11101120923,565.1979063455186
11101120924,583.0992988670808
11101120925,701.6861632871709
11101120926,694.1176837912786
11101120927,639.2389574808142
11101120928,648.0382523026068
11101120929,470.0400676187876
11101120930,518.6524473087734
11101120931,580.3655654054801
11101120932,654.045049091043
11101120933,2098.729488260262
11101120934,610.7846540047603
11101120935,549.862658708473
11101120936,555.7656647986672
11101120937,362.0661083754094
11101120938,1511.2188140588523
11101120939,896.348347506274
11101120940,583.247672824551
11101120941,609.0138760779133
11101120942,557.4775542383834
11101120943,605.5375521959004
11101120944,555.4330627519033
11101120945,588.7552321301478
11101120946,574.5451148255576
11101120947,603.5245098991434
11101120948,627.3915978643557
11101120949,563.3653426869106
11101120950,608.0257595149448
11101120951,498.2392437177995
11101120952,569.9504290712812
11101120953,591.2762326725508
11101120954,653.0962619990121
11101120955,590.5687372246489
11101120956,627.1756796738068
11101121001,439.92690966764474
11101121002,439.7393073089341
11101121003,529.5310328773427
11101121004,506.39193347821913
11101121005,527.6798412776991
11101121006,590.4185008417486
11101121007,2107.1357951306923
11101121008,636.3515358242513
11101121010,555.5286641803483
11101121011,478.0996838392708
11101121012,510.1267469349181
11101121013,661.9129338746449
11101121014,474.1130571139817
11101121015,700.0079535779375
11101121016,536.7277869763053
11101121017,492.2321570158707
11101121018,702.8843481255022
11101121019,462.11631723510993
11101121020,602.8023586949239
11101121021,655.441389261936
11101121022,550.5667091175118
11101121023,588.8565689877646
11101121024,715.9750911482952
11101121101,500.713510122265
11101121102,467.35702282005565
11101121103,595.8912085747999
11101121104,508.952381231744
11101121105,568.3448209907651
11101121106,574.9364879281859
11101121107,524.9819610854427
11101121108,753.1806492758835
11101121109,365.953039791725
11101121110,604.763206500362
11101121201,557.2856971188546
11101121202,514.1083421929518
11101121203,463.9353412313159
11101121204,690.446156163718
11101121205,583.3960845368788
11101121206,583.6973797050248
11101121207,1135.366919654908
11101121208,570.1423890287415
11101121209,548.9705141748758
11101121210,470.722919404723
11101121212,553.0193592060126
11101121213,426.85834639744655
11101121215,582.3013615688169
11101121216,567.180717767364
11101121217,574.7902282755845
11101121218,1431.8584413594356
11101121219,465.9218734658618
11101121220,345.8020124601822
11101121222,643.9535631105817
11101121223,566.5020539656002
11101121224,665.9420879921336
11101121225,718.6105211875729
11101121226,528.4464293769737
11101121227,777.8329793707805
11101121228,523.773397108768
11101121229,362.2829192510761
11101121230,402.04578836527526
11101121231,499.85995955199536
11101121232,453.7451618438149
11101121233,564.475145941447
11101121234,643.020619628572
11101121235,463.0647822968225
11101121236,466.04043075511316
11101121237,559.7682787783044
11101121238,549.8091853366179
11101121301,345.8020124601822
11101121302,350.95052731164276
11101121303,700.1860758129236
11101121304,592.3878283429309
11101121305,623.5443541613425
11101121306,594.3637244912702
11101121307,682.1778557830684
11101121308,784.9077708326931
11101121309,447.6610863913769
11101121310,606.7803804415012
11101121311,658.809699932304
11101121312,559.1947167016765
11101121313,487.9195297941657
11101121314,652.4807817460542
11101121315,636.7325931243477
11101121316,434.3627700062052
11101121317,584.1955219523422
11101121318,584.5453474116856
11101121319,562.6449257176527
11101121320,491.5585660884742
11101121321,584.7947271785725
11101121322,680.2000957308404
11101121323,680.1441043953874
11101121324,652.5930870785066
11101121325,699.8874885783804
11101121326,650.3652173479134
11101121327,576.5607178616826
11101121328,475.85821809538965
11101121329,639.9472982577164
11101121330,535.1717136341357
11101121401,611.516367919025
11101121402,574.7902282755845
11101121403,716.8328221554917
11101121404,809.7740334907115
11101121405,849.046127878283
11101121406,591.0240889335319
11101121407,591.5284839815773
11101121408,502.04164403868623
11101121409,495.90335805462024
11101121410,719.9022402002843
11101121411,513.0553279730269
11101121412,431.8833754798366
11101121413,537.8293874491974
11101121414,774.5165643780286
11101121415,805.1077264862779
11101121416,580.0182413673987
11101121417,1388.6426048049157
11101121419,849.8458648891914
11101121420,378.09226983746584
11101121421,518.4312732447916
11101121422,636.3515358242513
11101121423,516.529979970443
11101121424,530.8442355872467
11101121425,506.47909392191576
11101121426,564.5216150897452
11101121427,640.5509557692185
11101121428,624.2913540689359
11101121429,485.2179284822471
11101121430,522.1650056309447
11101121431,488.1276868843525
11101121432,733.5569095152965
11101121433,572.3395184428874
11101121435,615.2893994284353
11101121436,557.3816174236925
11101121437,449.9616149187232
11101121438,345.8020124601822
11102121501,496.0295443558215
11102121502,525.5204313799555
11102121503,534.2114562006058
11102121504,476.83488755578156
11102121505,581.3087307546119
11102121506,555.5286641803483
11102121507,581.3087307546119
11102121508,574.3001059016703
11102121509,557.7153862956155
11102121510,585.4953054201168
11102121511,539.5788855373654
11102121512,465.7231858190822
11102121513,583.6973797050248
11102121514,474.8018259447447
11102121515,350.8008680267308
11102121516,736.824739533437
11102121517,654.3779447030762
11102121518,3402.4593037392015
11102121519,593.1450968497885
11102121520,469.35820640828877
11102121521,374.3648304859409
11102121522,676.3174324119599
11102121523,361.4786611387725
11102121524,589.5620132752224
11102121525,499.0489437039177
11102121601,523.6832604728507
11102121602,531.2535373578775
11102121603,840.7902436073066
11102121604,588.2532018279069
11102121605,471.6890489832541
11102121606,691.9823379135728
11102121607,844.6052983708234
11102121608,1242.34853219438
11102121609,665.4837960147219
11102121610,548.3136399114611
11102121611,1263.4872107007218
11102121612,831.1505540651376
11102121613,688.0324201502655
11102121614,536.6354210077617
11102121615,650.8130977670662
11102121616,596.2971223753195
11102121617,763.8741282461045
11102121701,491.5585660884742
11102121702,524.6677817724149
11102121703,455.998469716076
11102121704,569.9973489599629
11102121705,633.9086734461646
11102121706,546.7239770340818
11102121707,559.2407511504995
11102121708,527.2732928442806
11102121709,521.2280861050954
11102121710,556.2941452212643
11102121711,679.3302735136657
11102121714,516.3097110110821
11102121718,353.6897347022459
11102121719,522.3877725864216
11102121720,437.9397740723974
11102121721,653.3748870779615
11102121722,681.4931711381068
11102121723,595.8912085747999
11102121724,570.3386723301895
11102121727,408.2760312301927
11102121729,547.8460940666937
11102121730,510.6499803410583
11102121731,620.1428483976757
11102121732,726.1403344903242
11102121734,356.1756964456711
11102121736,574.9881116917574
11102121737,578.9298568074918
11102121738,563.2220266493326
11102121739,347.2229434911702
11102121740,624.7727072408834
11102121741,683.5217141058214
11102121742,345.8020124601822
11102121743,756.7963517331514
11102121744,556.0984660127637
11102121745,595.1781910472625
11102121746,1180.661909354249
11102121747,532.3439022731653
11102121748,1425.4474518010968
11102121749,799.8732121961865
11102121750,641.5391165056865
11102121801,605.6417776351997
11102121803,547.6575516352482
11102121804,362.0661083754094
11102121805,514.4585465055101
11102121807,468.3547971874629
11102121809,856.0073048030196
11102121810,475.5734372473941
11102121811,577.1520921232094
11102121812,922.6093520983288
11102121813,496.0295443558215
11102121814,658.361232315936
11102121815,458.89093297356965
11102121816,563.4623094235144
11102121817,357.63925386097594
11102121819,474.88354908265705
11102121820,467.95543207347947
11102121822,714.3856461464338
11102121823,487.50348187536326
11102121824,440.3781395958561
11102121825,545.836924967947
11102121827,555.1962039683458
11102121828,512.3110668959731
11102121829,823.2770805816008
11102121830,491.0144728833865
11102121831,651.0907487984643
11102121832,549.7680323480163
11102121833,515.0748627052087
11102121835,603.551220540069
11102121836,516.9707998438496
11102121837,822.3225765680172
11102121838,422.53947030272644
11102121839,499.98715263990294
11102121840,558.52560860178
11102121841,498.0267746569865
11102121842,646.546399733767
11102121843,457.1293164256434
11102121844,364.8920740964073
11102121845,350.95052731164276
11102121846,658.3070386678621
11102121847,464.293053614524
11102121848,453.3955760338427
11102121849,651.8707490116674
11102121850,672.2305237881101
11102121851,393.98666476732166
11102121852,569.6093380480858
11102121853,526.9143652255149
11102121854,548.6419787359439
11102121855,600.2861097518922
11102121856,472.94019601902386
11102121901,471.6890489832541
11102121902,2264.585701358678
11102121903,570.4368393199285
11102121904,538.4737016828913
11102121905,439.28873195510107
11102121906,430.6312655205286
11102121907,454.7921414350312
11102121908,581.9049750194728
11102121909,516.4410898607083
11102121910,731.0894316537643
11102121911,577.6446484549849
11102121912,439.02583638485794
11102121913,503.07205335585644
11102121914,588.050753201952
11102121915,469.47763809803905
11102121916,555.5286641803483
11102121917,630.9933833970965
11102121918,548.4080159411332
11102121919,468.035976806508
11102121921,352.03153777994015
11102121922,383.13335779175867
11102121923,610.8897825779596
11102121924,485.13442689167044
11102121925,539.6233051569551
11102121926,486.00646723127164
11102121927,356.1756964456711
11102121929,485.13442689167044
11102121930,575.8234269893438
11102121931,550.1919251097552
11102121933,495.9887131992447
11102121934,542.1651277148394
11102121935,598.2368093837279
11102121936,562.6449257176527
11102121937,488.50405251694656
11102121938,616.7645035880835
11102121939,463.53974457778656
11102121940,491.9780747196817
11102121941,501.91392830313964
11102121942,433.73266388429
11102121943,441.65858971315777
11102121944,618.8726506900051
11102122001,540.9170062719418
11102122002,548.2192801230451
11102122003,526.1499996072351
11102122004,590.6703862237084
11102122005,626.2143188075436
11102122006,673.8371079177956
11102122007,596.5024099843024
11102122009,620.0918007332144
11102122010,614.0291427202801
11102122011,822.1072450159147
11102122012,566.2604749232573
11102122013,653.2624472048426
11102122014,526.2838823915502
11102122015,513.0975641003253
11102122016,614.1348297365693
11102122017,550.0972420855468
11102122018,502.3422744648629
11102122019,525.4299940953367
11102122020,987.1920442568329
11102122021,842.7996737268465
11102122022,350.95052731164276
11102122023,345.8020124601822
11102122024,372.60970290143797
11102122101,535.8569535898273
11102122102,438.95028403303803
11102122103,494.8876319033724
11102122104,524.1301851384824
11102122105,463.1826125779564
11102122106,563.7997195093677
11102122107,482.7371442343398
11102122108,951.5033862660059
11102122109,442.90630162022995
11102122110,523.8165155770298
11102122111,538.195750247556
11102122112,605.5375521959004
11102122113,546.7689848572776
11102122114,836.9924213225293
11102122115,590.8206867007194
11102122116,457.87220772903044
11102122117,534.5753545084633
11102122118,488.9612036674895
11102122119,448.8484996723834
11102122120,457.7146300073459
11103122201,546.9572213812445
11103122202,525.4299940953367
11103122203,664.2350382398921
11103122204,693.4025887170071
11103122205,577.052769499564
11103122206,630.1299058443906
11103122207,688.7381301505615
11103122208,665.9969101784909
11103122209,2634.417569993542
11103122210,700.9042517321061
11103122211,502.2144822511268
11103122212,589.5620132752224
11103122213,454.4043411680253
11103122214,844.8651232499851
11103122215,528.3119964564651
11103122216,617.9240170505703
11103122217,652.9838700747341
11103122218,900.9600494174949
11103122219,963.5629063724999
11103122220,643.5152084240469
11103122221,349.0073208050211
11103122222,9917.20580690455
11103122223,720.8240112255644
11103122224,623.1711894597826
11103122225,638.3116487695505
11103122226,567.4226894053317
11103122227,588.9579232875348
11103122228,557.6194085521917
11103122229,622.6910701696212
11103122230,609.8986223827258
11103122231,507.6059651975691
11103122232,607.1437300690347
11103122233,550.5667091175118
11103122234,537.9662421406963
11103122235,748.1140689244943
11103122236,519.3165358077708
11103122237,372.3226275213656
11103122238,356.1756964456711
11103122239,608.1304132257856
11103122240,639.5116707320738
11103122301,457.79341208818175
11103122302,551.2262825353284
11103122303,611.1000940118277
11103122304,536.771971885611
11103122306,584.7947271785725
11103122307,579.7708984843322
11103122308,511.7861314708185
11103122309,373.15101250164304
11103122310,617.4479404195296
11103122311,804.9396184922233
11103122312,564.2808805854295
11103122313,688.6196045850738
11103122314,586.2932415767278
11103122315,487.12788712767906
11103122316,558.1871868581485
11103122317,564.8596595044781
11103122318,491.9375770637864
11103122319,507.8225209495427
11103122320,552.4981917841485
11103122321,472.94019601902386
11103122322,618.8217075831097
11103122323,486.33752889043393
11103122324,444.0811029169529
11103122325,400.0920206199962
11103122401,643.9535631105817
11103122402,531.2535373578775
11103122403,566.0189988998414
11103122404,602.6490101678756
11103122405,520.1604889831502
11103122406,451.15513031181797
11103122407,5919.315746731022
11103122408,572.9032797465396
11103122409,349.0073208050211
11103122410,536.6028832384343
11103122411,511.08578207264827
11103122412,2431.2709307668633
11103122413,979.4725879307509
11103122414,1128.6917782793416
11103122415,729.6438813056471
11103122416,667.3410678670582
11103122417,1325.5561042074519
11103122418,973.7640655937441
11103122419,501.185829440307
11103122420,703.1053475534922
11103122421,1358.47550271171
11103122422,723.6018149250647
11103122423,697.1077024966671
11103122424,861.4984127164689
11103122425,955.8756528648454
11103122426,1120.3257389693774
11103122427,871.1585423163625
11103122428,503.6747286505035
11103122429,578.1895363417967
11103122430,517.5901256979523
11103122431,598.9534911054791
11103122432,455.3369778774734
11103122501,653.6536310244334
11103122502,479.9816230070663
11103122503,563.7026947075581
11103122504,862.5400749360522
11103122505,538.6107203249429
11103122506,498.7502841957392
11103122507,1047.0231697933916
11103122508,653.0962619990121
11103122509,525.7446298330823
11103122510,479.7769397230141
11103122511,512.8365407436908
11103122512,540.7308485012143
11103122513,681.5400579592185
11103122514,611.3608026115347
11103122515,489.9244342641461
11103122516,1117.6563778803722
11103122517,521.0058136861306
11103122518,612.2489584192492
11103122519,1857.6770533208492
11103122520,438.8386182796896
11103122521,544.5803506595817
11103122522,475.37063378934937
11103122523,642.7452060876465
11103122524,614.5025833239185
11103122525,985.0243101198366
11103122526,676.0290237177669
11103122527,484.55393611649595
11103122528,535.3078920607473
11103122529,465.7231858190822
11103122530,617.9240170505703
11103122531,512.967035819286
11103122532,501.3133599056776
11103122533,390.6341769758393
11103122534,581.4087859165284
11103122535,356.1756964456711
11103122536,506.47909392191576
11103122537,541.9339269073081
11103122538,571.120216955242
11103122539,749.5754028618867
11103122540,616.1832625141836
11103122541,532.6148544796013
11103122542,458.8119620193756
11103122543,667.2489802616979
11103122601,574.8891614694545
11103122602,439.28873195510107
11103122603,705.112704488904
11103122604,480.186393613462
11103122605,639.4590287040783
11103122606,478.50770631672316
11103122608,563.7997195093677
11103122609,546.8180794501503
11103122610,479.28534013029235
11103122611,510.86783473614065
11103122613,522.7436167456641
11103122614,545.1389228840435
11103122615,600.8478686243393
11103122616,447.27936675945205
11103122617,499.9011094002318
11103122618,621.3087131275668
11103122619,524.4440425301973
11103122620,479.61182343990646
11103122621,428.17317086706754
11103122622,373.15101250164304
11103122623,515.0748627052087
11103122624,551.8370964549912
11103122625,598.38903519344
11103122626,553.9636836720961
11103122627,475.77632722580813
11103122628,547.8460940666937
11103122629,623.0126592506284
11103122631,363.1813574572891
11103122632,492.0222496161184
11103122633,345.8020124601822
11103122634,585.0967446763339
11103122635,556.9063393342796
11103122636,690.3893214137898
11103122637,1128.1233748059467
11103122638,846.845599301553
11103122639,574.9881116917574
11103122640,927.9059499935998
11103122641,771.8758810261372
11103122642,771.8782269934894
11103122701,442.7174287301067
11103122702,352.3926140451784
11103122703,1912.1980456063882
11103122704,666.0781201394619
11103122705,514.855214265814
11103122706,587.1493646439666
11103122707,850.4086155652411
11103122708,568.2002382101948
11103122709,551.0365768046282
11103122710,575.7243330168781
11103122711,632.5582061734048
11103122712,438.5759920832841
11103122713,757.6973284707124
11103122714,792.0469111658384
11103122715,608.0257595149448
11103122716,2270.1403995009437
11103122717,583.7978460024439
11103122718,864.4016892179189
11103122719,679.489289774981
11103122720,576.6599557931436
11103122721,1152.2868251378584
11103122722,527.0101534792467
11103122723,671.5970113384121
11103122724,691.8632540494477
11103122725,564.0402487398961
11103122726,520.292847691899
11103122727,484.6373377926972
11103122728,1283.6764625062506
11103122729,642.2500060891211
11103122730,618.1876368843579
11103122731,669.935614348243
11103122732,906.7777937417953
11103122733,640.7139487284849
11103122734,690.1500890693212
11103122735,538.7034262830357
11103122736,714.6315881704458
11103122801,703.605291643564
11103122802,652.3147953902194
11103122803,383.4919010923177
11103122804,481.0495397489393
11103122805,473.4252874421863
11103122806,621.0995260956305
11103122807,780.0304040166012
11103122808,579.8706889537557
11103122809,999.0340970824304
11103122810,931.1601917429011
11103122811,616.7645035880835
11103122812,610.1085925892102
11103122813,644.5031295233322
11103122814,621.5226114936203
11103122815,501.82755348290783
11103122816,499.77393820109694
11103122817,863.0560678436177
11103122818,778.1648198480523
11103122819,507.9517401704746
11103122820,601.4146439356073
11103122821,571.8514857839016
11103122822,528.7628714035696
11103122823,470.522184400706
11103122824,517.8535685325339
11103122825,513.362553566227
11103122826,715.6108597922445
11103122827,566.6970840064623
11103122828,525.9689239341476
11103122829,697.3833360220507
11103122830,921.0555974334422
11103122831,653.5411431820174
11103122832,628.9474884455175
11103122901,1283.9495166778686
11103122902,615.132874289226
11103122903,6209.052071865783
11103122905,1950.6768630390675
11103122906,5049.061111032016
11103122908,506.86960921064343
11103122909,554.4364504240325
11103122910,489.50667676767523
11103122911,734.0620807134814
11103122912,498.6234057581504
11103122913,1213.1078011926393
11103122914,361.4786611387725
11103122916,1240.506940657509
11103122917,1272.024679481666
11103122918,505.8314216102051
11103122919,798.9175625440184
11103122920,445.18239532770934
11103122921,443.0952550876379
11103122922,548.0798171334039
11103122923,622.7469818350997
11103122924,520.9161533261387
11103122925,757.6349578748295
11103122926,511.7861314708185
11103122927,588.0620915013557
11103122928,523.9968502390528
11103122929,5403.275867642928
11103122930,566.2138626390131
11103122931,5242.042451044204
11103122932,1964.2048497318547
11103123001,407.75089376545026
11103123101,615.1835137212075
11103123102,558.8600625135986
11103123103,584.5453474116856
11103123104,806.3878113188163
11103123105,556.094313652051
11103123106,447.92915288502894
11103123107,386.61815296034615
11103123108,635.8089202576679
11103123109,743.971775315293
11103123110,709.7021696738672
11103123111,625.8395562460174
11103123112,345.8020124601822
11103123113,690.5649961162154
11103123114,817.2066144475367
11103123115,559.529571285941
11103123116,593.0975030438212
11103123117,455.45284176124323
11103123118,1287.2656438192193
11103123119,661.462353812256
11103123120,508.56026128118145
11103123121,508.952381231744
11103123122,580.217924635134
11103123123,702.1063439889442
11103123124,763.5483818889995
11103123125,1612.96969596644
11103123126,547.9403896221311
11103123201,535.0796154516559
11103123202,575.7243330168781
11103123203,3136.1485883628006
11103123204,702.0852866674428
11103123205,837.947438690753
11103123206,484.0175961514798
11103123207,658.9230946014557
11103123208,522.9235820400892
11103123209,647.427538736075
11103123210,409.637826660432
11103123211,381.7596806020428
11103123213,742.0702483351531
11103123216,345.8020124601822
11103123217,542.027204857451
11103123218,569.7073795044272
11103123219,669.1940802956206
11103123220,841.293722018435
11103123221,559.7682787783044
11103123222,634.934111866199
11103123223,576.7592108054891
11103123224,630.6676747950717
11103123301,532.0253171523258
11103123302,619.9850885764183
11103123303,729.2153579966251
11103123304,2364.0075525598763
11103123305,685.3347436182318
11103123306,631.6405888597209
11103123307,594.0613593558971
11103123308,345.8020124601822
11103123309,611.7268950678468
11103123310,880.5591143095171
11103123311,345.8020124601822
11103123312,667.3638275041811
11103123313,447.2023940501518
11103123314,539.4860289207011
11103123315,1191.6037475065866
11103123316,695.0025580829242
11103123317,683.5217141058214
11103123318,552.4981917841485
11103123319,927.2235923337521
11103123320,596.9087401277443
11103123321,672.8596095772579
11103123322,609.1688441924761
11103123323,639.128950272558
11103123324,552.1220929696619
11103123325,615.9204974254716
11103123326,470.36025316188324
11103123327,672.8042224810945
11103123328,590.9223790654542
11103123329,603.2129802863471
11103123330,553.8683515625576
11103123331,615.8145031120207
11103123332,531.7069226910938
11103123333,532.571011767476
11103123334,617.2908661632216
11103123335,709.0386381687592
11103123336,624.9316853073508
11103123337,705.4715924976739
11103123338,569.9973489599629
11103123339,589.2576908778668
11103123340,482.94309040606095
11103123341,711.8882198863222
11103123342,670.6227625824741
11103123343,632.9369919680929
11103123344,830.7526137662097
11103123401,533.1172660977443
11103123402,749.7785566897343
11103123403,680.6074102377014
11103123404,538.3810352583124
11103123405,506.78238156281924
11103123406,681.0149686508895
11103123407,764.3315480785967
11103123408,531.9337604360519
11103123409,560.8206396897073
11103123410,792.9304992314885
11103123411,490.1334466902137
11103123412,619.9850885764183
11103123413,604.5053113784506
11103123414,681.8869479709008
11103123415,531.8899737888487
11103123416,729.2496065225873
11103123417,603.3168056191171
11103123418,519.9386718301263
11103123419,484.4306691264003
11103123420,580.0182413673987
11103123421,1940.0722783149147
11103123422,1238.7147372105753
11103123423,633.5293061415549
11103123424,503.07205335585644
11103123425,681.2494221294502
11103123426,520.4719692584234
11103123427,578.0900351834407
11103123501,3604.3180003460043
11103123502,808.1819530168976
11103123503,1000.1785126770671
11103123504,656.8996884954029
11103123505,516.750342901335
11103123506,356.1756964456711
11103123507,960.5314528238589
11103123508,2521.706592988242
11103123509,603.6780812036164
11103123510,832.338183675673
11103123511,629.7009612540099
11103123512,589.5620132752224
11103123513,1118.2987478219989
11103123514,838.6765955690173
11103123515,1117.0976350413878
11103123516,934.765113693507
11103123518,457.4817810962135
11103123519,1795.0255962657975
11103123520,11425.03416463159
11103123521,14653.735779605362
11103123522,1086.1088286214435
11401127201,471.28684076003753
11401127202,678.7510100711999
11401127203,870.3357752270782
11401127204,541.8406650094521
11401127205,499.77393820109694
11401127206,637.4906322628003
11401127207,557.0021943438577
11401127208,431.07296097210536
11401127209,559.2909655879602
11401127210,473.22340004078893
11401127211,475.6552931954463
11401127213,501.185829440307
11401127214,482.36522168890684
11401127215,466.20087480578746
11401127216,480.3085806160573
11401127217,773.9558740578346
11401127218,473.1419625994213
11401127219,517.9000667992954
11401127220,518.0318503267912
11401127221,467.0773295748536
11401127222,581.5088582999914
11401127223,561.1564679022083
11401127224,560.6779710060265
11401127225,735.3815742613937
11401127226,413.50600261597833
11401127301,539.5708275478626
11401127302,560.0531894339543
11401127303,544.4866333362778
11401127304,457.20799776200073
11401127305,613.1384044973504
11401127306,532.1168896273899
11401127307,611.9878710745262
11401127308,595.0267820529023
11401127309,427.8432868763762
11401127310,539.5304408960785
11401127311,383.4919010923177
11401127312,386.4532835790429
11401127401,452.8157855461933
11401127402,370.38855412652634
11401127403,495.48050234287444
11401127404,506.2631110607424
11401127405,449.7697333619629
11401127406,796.2165218793671
11401127407,518.8737157304245
11401127408,710.771068750373
11401127409,469.1966757550386
11401127410,525.3395723741512
11401127411,535.0796154516559
11401127412,496.9211689207565
11401127413,483.4384417274401
11401127414,584.2917110793592
11401127415,345.8020124601822
11401127416,770.2972397144121
11401127501,368.49486051640685
11401127601,849.2461073808932
11401127603,559.2909655879602
11401127604,485.92282994035145
11401127605,504.4932619674563
11401127606,520.5615531652215
11401127607,545.1389228840435
11401127608,483.5216514041653
11401127609,526.4650664955959
11401127611,345.8020124601822
11401127612,487.00396534320413
11401127613,368.21095539715276
11401127614,571.2788204175768
11401127615,1162.8818918416343
11401127616,474.1946617006432
11401127617,520.0281639454934
11401127618,406.95226161053705
11401127701,525.9256282882893
11401127702,513.0553279730269
11401127703,617.2908661632216
11401127704,430.3735510747027
11401127705,520.4719692584234
11401127706,517.1449162014918
11401127708,521.6299734465099
11401127709,516.000721669849
11401127710,494.0440125244433
11401127711,564.7159633235914
11401127712,586.1967229473967
11401127713,478.71184811818136
11401127714,534.7593931231582
11401127715,495.0580071992718
11401127716,466.0020681817221
11401127717,632.127608580556
11401127718,507.90992762670106
11401127719,744.3840912195335
11401127720,514.9438314138142
11401127721,540.9170062719418
11401127722,478.30365156946107
11401127723,596.6050802902121
11401127724,483.3552463703431
11401127725,590.6703862237084
11401127726,546.9572213812445
11401127727,1207.983409379285
11401127728,594.6706839019629
11401127729,517.1913508380937
11401127730,588.0023472296621
11401127731,474.1946617006432
11401127732,614.6083518290512
11401127733,742.0702483351531
11401127734,493.95899204511045
11401127735,524.2203986993061
11401127736,448.8484996723834
11401127737,673.897612005248
11401127738,470.0400676187876
11401127739,568.4426447977712
11401127740,350.95052731164276
11401127741,500.6722934004694
11401127742,464.015194024212
11401127743,382.3486109966349
11401127801,575.577872942228
11401127802,501.185829440307
11401127804,428.4295676906452
11401127805,434.1775404182926
11401127808,10333.746529906899
11401127809,485.7156130889958
11401127810,484.0175961514798
11401127811,580.8130500678516
11401127812,646.4351349811881
11401127813,768.01072017089
11401127815,672.60068433987
11401127816,1836.9843867389245
11401127817,509.4744100992659
11401127818,508.64779493859095
11401127819,543.6967765974944
11401127820,558.3835237572831
11401127821,801.5816303789925
11401127822,703.7843292480012
11401127823,460.14601059664204
11401127824,404.7322904823124
11401127825,517.9000667992954
11401127827,506.04722030326474
11401127828,631.4799040970813
11401127829,607.6118617488856
11401127830,474.39696346340264
11401127831,424.93024107900726
11401127832,715.6108597922445
11401127833,1144.3669394221756
11401127834,558.0929458386896
11401127835,547.9403896221311
11401127836,493.24243296971343
11401127837,578.7530934677344
11401127838,434.62287325901866
11401127840,752.5384137790882
11401127841,512.3110668959731
11401127842,519.9386718301263
11401127844,487.50348187536326
11401127845,730.8721225242017
11401127846,604.4012815146535
11401127847,780.7662008765404
11401127849,368.43144590378415
11401127850,537.0491880099761
11401127851,883.480040176215
11401127852,483.23228431818364
11401127853,526.1499996072351
11401127854,495.0580071992718
11401127855,508.86479515780536
11401127856,826.0538349725209
11401127857,419.30469113802764
11401127858,448.19737990111014
11401127859,647.873396093888
11401127860,384.4774554775262
11401127861,503.4599416823929
11401127862,1044.635452953619
11401127901,345.8020124601822
11401127902,345.8020124601822
11401127903,356.1756964456711
11401127905,502.7296001031902
11401127907,475.6552931954463
11401127908,722.1351089963918
11401127909,653.5998248871592
11401127910,532.9816449504137
11401127912,460.776556373683
11401127913,599.6710314047734
11401127914,465.04758687099945
11401127915,803.1599619174501
11401127916,627.9834116773607
11401127917,518.4312732447916
11401127918,461.91925242910094
11401127919,434.62287325901866
11401127921,535.7206354859646
11401127922,606.4716986961088
11401127923,684.7503601772055
11401127924,1153.2255422702142
11401127925,476.6315461650747
11401127926,475.6552931954463
11401127927,555.2917646285329
11401127928,562.1651596167383
11401127929,842.9306346788211
11401127930,513.6699631309401
11401127931,537.9219589238677
11401127932,539.5788855373654
11401127933,478.5900673126979
11401127934,595.993773680404
11401127935,451.88831282876384
11401127936,679.4472001946439
11401127937,547.3789468972487
11401127938,356.1756964456711
11401127939,476.6315461650747
11401127940,466.0020681817221
11401127941,541.240915875961
11401127942,521.0954894785104
11401127943,431.5151094675916
11401127944,665.7726771780914
11401127945,380.7839361495244
11401127946,373.82176006690935
11401128001,438.12660871106505
11401128002,466.87814919556126
11401128003,665.827485418084
11401128004,481.5429488687661
11401128005,697.5555817504214
11401128006,818.7429578420945
11401128007,350.44142273128176
11401128008,473.22340004078893
11401128009,496.2857190353117
11401128010,642.9513848738424
11401128011,567.200318491228
11401128012,504.7084897724885
11401128013,508.56026128118145
11401128014,483.6446870879344
11401128101,469.0773155400608
11401128102,554.2000166356714
11401128103,678.5732738486341
11401128104,505.8314216102051
11401128105,536.2701203630645
11401128106,474.1130571139817
11401128107,564.8596595044781
11401128108,586.7452967104165
11401128109,470.9237400466617
11401128110,590.9710254228057
11401128201,345.8020124601822
11401128202,1468.645484887016
11401128204,655.220710176112
11401128205,550.4266489590417
11401128206,468.87728228708374
11401128207,682.2046863163223
11401128208,516.839286239864
11401128209,849.9716381954095
11401128210,528.0867031759399
11401128211,1217.25019732314
11401128212,582.3536466271636
11401128214,573.1238048608438
11401128219,589.3106005476395
11401128220,491.5181029648414
11401128221,648.138682046646
11401128222,483.02621482265795
11401128223,550.1919251097552
11401128224,833.9038663351693
11401128225,533.5283204642409
11401128226,546.8180794501503
11401128227,610.7343766692137
11401128228,516.839286239864
11401128230,515.2521878725527
11401128231,571.4622127164704
11401128232,443.62607877707774
11401128233,508.43088725691325
11401128234,574.3726628442549
11401128235,617.6605096347812
11401128236,466.48004321610006
11401128237,635.7565830251953
11401128238,497.6021083125355
11401128239,474.1946617006432
11401128240,726.3903233087505
11401128241,574.0552014593476
11401128242,436.85639846137553
11401128243,497.0922443038048
11401128244,585.6968742803554
11401128245,510.2145502166548
11401128246,454.6764456286094
11401128247,432.40076744950375
11401128248,619.0347497461013
11401128249,527.0050580008673
11401128301,471.97150379851286
11401128303,512.1347539218448
11401128304,580.5653682466947
11401128305,718.4277119079536
11401128306,466.0020681817221
11401128307,687.5640599250288
11401128308,458.14260775165684
11401128309,505.8314216102051
11401128310,449.57793363114104
11401128311,349.0073208050211
11401128312,353.32732935273106
11401128313,488.00351075810613
11401128316,469.5584448339628
11401128318,482.4482466424393
11401128319,404.11190005903353
11401128320,441.54623498658185
11401128321,420.52386777891525
11401128322,384.707686620038
11401128323,522.1650056309447
11401128324,459.8327781342561
11402128401,590.5655674356682
11402128402,3089.102599009672
11402128403,509.4744100992659
11402128404,523.4599410697344
11402128405,688.0324201502655
11402128406,480.0642376943504
11402128407,588.4028872343541
11402128408,473.22340004078893
11402128409,660.3347797446603
11402128410,619.0347497461013
11402128411,535.6284428390286
11402128412,563.4623094235144
11402128413,625.5726733290008
11402128414,519.4059208407613
11402128415,549.7680323480163
11402128416,542.8146361220611
11402128417,546.6298908121829
11402128418,549.204716943675
11402128419,582.4015875828668
11402128420,486.5049606366532
11402128421,520.0281639454934
11402128422,693.8178090841485
11402128423,624.3427474521912
11402128424,588.0023472296621
11402128425,538.0588371708674
11402128426,627.8753414461255
11402128427,526.8236880575639
11402128428,517.8109409100839
11402128430,765.1155175562312
11402128431,974.9246912902555
11402128432,347.5790876151643
11402128433,428.2821227179231
11402128501,533.344705525894
11402128502,539.5788855373654
11402128503,504.4932619674563
11402128504,560.9171684307037
11402128505,553.0193592060126
11402128506,701.444676459445
11402128507,538.7034262830357
11402128508,459.0867058325928
11402128509,525.6108842306879
11402128510,524.310627787735
11402128511,561.5891415953855
11402128514,495.9887131992447
11402128515,634.1269096089815
11402128516,436.2585860218908
11402128517,715.7929523028723
11402128518,413.93013280618766
11402128601,552.4981917841485
11402128602,345.8020124601822
11402128604,507.8225209495427
11402128605,495.0580071992718
11402128608,1748.6093288070151
11402128609,728.3204149199347
11402128610,804.4214725091298
11402128611,578.5357653225707
11402128612,347.5790876151643
11402128613,637.6051184499031
11402128616,595.0267820529023
11402128617,512.441428260836
11402128618,463.53974457778656
11402128619,614.3968330205831
11402128621,516.0856823672395
11402128622,1045.6130421808837
11402128623,415.87989468433483
11402128624,489.7155109693034
11402128625,1057.9792505940147
11402128626,477.52761053195945
11402128627,349.0073208050211
11402128628,747.5432698547918
11402128629,841.2167229222505
11402128630,712.3784687277539
11402128631,607.7164442194271
11402128632,487.00396534320413
11402128633,584.4972299902976
11402128634,392.676899885427
11402128701,566.7398707245618
11402128702,667.3088927986886
11402128704,670.3367823223435
11402128705,685.4070503902773
11402128706,464.76927572471453
11402128707,594.8220022844982
11402128708,602.1351326714077
11402128709,602.288350438501
11402128710,514.3276720004653
11402128711,2338.657465331195
11402128712,1304.9000354531167
11402128713,449.308880412534
11402128715,419.30469113802764
11402128717,901.411807886956
11402128718,574.3001059016703
11402128719,682.63507102171
11402128720,983.7879953130067
11402128721,657.5193370701265
11402128722,372.3226275213656
11402128723,507.8225209495427
11402128724,457.95101693222546
11402128725,423.91394334700567
11402128726,359.10882516304895
11402128727,516.3933839492703
11402128728,602.6490101678756
11402128729,534.9875331184352
11402128730,491.0144728833865
11402128731,650.2581508581577
11402128732,812.8155666133104
11402128801,400.8111952697288
11402128802,976.2633590265676
11402128803,445.90587141647904
11402128804,509.99697440811553
11402128805,505.2261657104755
11402128806,456.9343782754357
11402128807,757.6973284707124
11402128808,461.64281345755484
11402128809,469.75876868570634
11402128810,349.0073208050211
11402128811,549.5294860179968
11402128812,767.736472146824
11402128901,718.244949133684
11402128902,646.8754786859682
11402128903,572.0954500731568
11402128904,622.8541693704041
11402128905,448.65709279230407
11402128906,634.3974419493635
11402128907,486.00646723127164
11402128908,430.19002264865287
11402128909,576.2631065232148
11402128910,505.9601341810878
11402128911,476.34630251321306
11402128912,481.1719463854941
11402128913,527.9958242592945
11402128914,669.41219030334
11402128915,494.29547086687637
11402128916,592.1217433850802
11402128917,615.7991493080524
11402128918,577.4933877183103
11402128919,472.3742963306475
11501129001,806.182672136277
11501129002,1521.452612671404
11501129003,2422.297361359726
11501129004,664.1803610837447
11501129005,768.2594448383529
11501129006,535.3078920607473
11501129007,470.722919404723
11501129008,705.4715924976739
11501129009,578.6829780549568
11501129010,618.1876368843579
11501129011,539.7161854016764
11501129012,628.6792801824065
11501129013,655.7798922598497
11501129014,718.6105211875729
11501129015,641.5391165056865
11501129016,670.7381905221301
11501129017,532.7982181516405
11501129018,692.2775526387991
11501129019,522.8335916496125
11501129020,563.7026947075581
11501129021,661.3485221596985
11501129022,562.0684161078136
11501129023,552.8290363840546
11501129024,640.8817685961113
11501129025,458.89093297356965
11501129026,653.2086732682474
11501129027,530.7091926823124
11501129028,734.5016486234063
11501129029,652.0366223765949
11501129030,504.7953604609766
11501129031,619.8273688881092
11501129033,799.2569536698709
11501129035,621.0995260956305
11501129036,591.7808429065012
11501129038,1001.5819683109166
11501129039,451.3476029090681
11501129040,636.1896526310355
11501129041,600.55379125015
11501129042,634.3452209041069
11501129043,675.973375728182
11501129044,484.6373377926972
11501129045,658.8688547031387
11501129046,433.73266388429
11501129047,481.66548105694415
11501129048,1573.230313976402
11501129049,469.8396238099731
11501129050,474.5176773023962
11501129051,542.9080656603329
11501129052,640.6084710805449
11501129053,523.2367168989067
11501129101,553.7274514903106
11501129102,508.3433909273427
11501129103,602.9061133512913
11501129104,545.836924967947
11501129105,580.4654582292846
11501129107,470.44121181397173
11501129108,582.950962654864
11501129109,617.9240170505703
11501129110,572.0483574772322
11501129111,594.7730389302238
11501129112,525.0723212543871
11501129113,480.1037579042556
11501129114,594.2125226912651
11501129115,580.4654582292846
11501129116,737.8951633631777
11501129117,482.24251149181146
11501129118,538.9332488886937
11501129119,555.7656647986672
11501129120,571.8514857839016
11501129121,553.160079098906
11501129122,477.52761053195945
11501129124,466.20087480578746
11501129127,1420.3700346487099
11501129128,663.1027376643701
11501129129,601.4146439356073
11501129130,438.8386182796896
11501129131,510.9557655742958
11501129132,452.7378600695948
11501129133,614.2911009159133
11501129134,607.9757092804941
11501129135,509.9092085691958
11501129136,456.4661841300683
11501129139,551.696713119241
11501129140,562.0684161078136
11501129141,547.7518147386634
11501129142,645.9370920944313
11501129143,713.5949115266037
11501129144,560.1034768205541
11501129145,661.7445480480467
11501129146,550.0025753554252
11501129147,8825.665676467004
11501129148,544.8126804890813
11501129149,888.2690828187682
11501129150,517.8109409100839
11501129151,431.07296097210536
11501129152,563.2220266493326
11501129153,785.1133588622055
11501129154,6967.095450485485
11501129155,9040.939998036469
11501129156,489.0051076779389
11501129157,479.0809537689948
11501129158,554.2000166356714
11501129159,445.90587141647904
11501129160,474.6810398204069
11501129401,756.1453869910712
11501129402,513.5815652040816
11501129403,642.1423699203293
11501129404,392.207039769607
11501129405,441.92306181746756
11501129406,553.205616759746
11501129407,484.4306691264003
11501129408,630.3987329759784
11501129409,515.911922640652
11501129410,490.42694630067786
11501129411,455.45284176124323
11501129412,509.4744100992659
11501129413,717.9977635635939
11501129414,530.7091926823124
11501129415,971.2937159188103
11501129416,629.2158111321095
11501129601,3623.544476484198
11501129602,559.8143604443374
11501129603,653.1150388116528
11501129604,481.87097003383127
11501129605,512.0044705726988
11501129606,566.2138626390131
11501129607,469.5584448339628
11501129608,483.6446870879344
11501129609,532.0253171523258
11501129610,749.5205187596384
11501129611,586.2449802757244
11501129612,493.4528609262397
11501129613,507.3021846769869
11501129614,713.5949115266037
11501129615,566.8412842982547
11501129616,567.0831111265178
11501129617,548.0798171334039
11501129618,505.1392208843239
11501129619,548.3136399114611
11501129620,610.473935202482
11501129621,517.8109409100839
11501129622,744.1610844720075
11501129623,504.7084897724885
11501129624,496.62378279503525
11501129625,588.2532018279069
11501129626,444.270557580162
11501129627,571.1672331440833
11501129628,658.5287572326586
11501129629,549.0650032660881
11501129630,513.2742085417566
11501129631,511.26173391653685
11501129632,566.1164223851367
11501155301,610.473935202482
11501155302,482.1126326066034
11501155303,1308.3687850293306
11501155304,665.6581037581017
11501155305,750.9352199092546
11501155306,657.5193370701265
11501155307,471.2057365829017
11501155308,673.3229809814006
11501155309,475.0861447397657
11501155310,496.7092619395418
11501155311,716.9562037947021
11501155312,712.8637322246618
11501155313,490.21780871468485
11501155314,572.5365581515478
11501155315,468.99659160211075
11501155316,598.1338582720886
11501155317,451.88831282876384
11501155401,609.6385373149135
11501155402,512.748286241241
11501155403,528.628357982516
11501155404,483.23228431818364
11501155405,546.7239770340818
11501155406,433.65802243929534
11501155407,538.3810352583124
11501155408,474.6810398204069
11501155409,476.83488755578156
11501155410,491.72779528466026
11501155411,663.2168712534152
11501155412,2689.9920344165744
11501155413,356.1756964456711
11501155501,512.6600469265884
11501155502,613.3494900657894
11501155503,577.497699866081
11501155504,1859.3702165913746
11501155505,586.1967229473967
11501155506,496.41200263111097
11501155507,685.3347436182318
11501155508,514.9438314138142
11501155509,462.03679122163163
11501155510,586.0958438250819
11501155511,586.4468072270262
11501155512,1150.4902121365894
11501155513,635.5377860067091
11501155514,603.7097255142173
11501155515,649.4800802098347
11501155516,532.2522907312909
11501155517,473.22340004078893
11501155518,614.3968330205831
11501155519,728.2516710733092
11501155520,665.5435500551549
11501155521,545.0451094355417
11501155522,612.8769378573882
11501155523,469.8396238099731
11501155524,678.6342031982068
11501155525,684.222797506744
11501155526,486.62875544566526
11501155527,345.8020124601822
11501155528,507.3021846769869
11501155529,441.99912584535093
11501155601,668.6785028872839
11501155602,723.910519207332
11501155603,596.1454287329827
11501155604,558.1454067796212
11501155605,1717.1923866618151
11501155606,553.255289300219
11501155607,757.9581814365554
11501155608,661.1802799153273
11501155609,661.8584478647865
11501155610,561.1564679022083
11501155612,492.52691336705925
11501155613,521.6299734465099
11501155615,345.8020124601822
11501155616,634.6158463808392
11501155617,589.4605550170618
11501155618,471.28684076003753
11501155619,536.1778331547808
11501155620,491.5181029648414
11501155621,523.9968502390528
11501155622,478.7942442511499
11501155623,585.6968742803554
11501155624,718.981647911853
11501155625,474.1946617006432
11501155701,544.2544425462726
11501155702,586.0958438250819
11501155703,603.3709776620921
11501155704,469.5584448339628
11501155705,520.7836360529799
11501155706,600.7984092449902
11501155707,584.7465892292454
11501155708,478.30365156946107
11501155709,530.7091926823124
11501155710,486.21380816733523
11501155711,483.14912443890057
11501155712,458.61630632205873
11501155713,609.2235416921965
11501155801,648.8145956554997
11501155802,518.2528539882635
11501155803,592.5917700966442
11501155804,429.7492318927463
11501155805,521.5402056743022
11501155806,457.4030526442359
11501155807,627.4432464682169
11501155808,488.6283560097702
11501155809,599.1058992801901
11501155810,628.5193487551139
11501155811,538.0588371708674
11501155812,684.3595138712811
11501155813,662.8199642424237
11501155814,484.4306691264003
11501155815,545.836924967947
11501155816,575.8234269893438
11501155817,616.2893202986952
11501155818,498.32500091628305
11501155819,621.6295882896623
11501155820,473.4252874421863
11501155821,472.7385154799333
11501155822,523.369858376749
11501155823,531.8899737888487
11501155824,542.7212226621626
11501155825,552.9241896061225
11501155826,600.3355269573369
11501155827,438.8386182796896
11501155828,525.0723212543871
11501155829,435.96161430424087
11501155830,596.6541944631757
11501155831,490.7206216633212
11501155832,510.4322188477692
11501155833,596.3997573470189
11501155834,443.8153393170863
11501155835,466.20087480578746
11501155836,475.37063378934937
11501155837,568.4426447977712
11501155838,514.3276720004653
11501155839,617.9748862571098
11501155840,476.54952221276966
11501155841,528.5373858520069
11501155842,445.18239532770934
11501155843,591.9845756929329
11501155844,580.7130974266547
11501155845,670.6227625824741
11501155846,457.79341208818175
11501155847,489.7155109693034
11501155848,510.9557655742958
11501155849,429.3088927895524
11501155850,345.8020124601822
11501155851,447.27936675945205
11501155852,509.16951139410037
11501162101,570.8766685442365
11501162102,648.9796913594537
11501162103,613.3494900657894
11501162104,694.5294531170666
11501162105,421.4594962639077
11501162106,526.6896679506215
11501162107,634.0747108328588
11501162108,754.4723986471521
11501162109,541.0546466310353
11501162110,501.0995799192651
11501162111,522.8335916496125
11501162112,721.1962811077626
11501162113,499.3477820541037
11501162114,586.5477467573453
11501162115,546.8180794501503
11501162116,591.8827005338228
11501162117,640.388004274172
11501162118,1716.092586275512
11501162119,472.8588073144911
11501162120,679.564147001104
11501162121,537.9219589238677
11501162122,709.6614651429903
11501162123,724.487692179126
11501162124,711.5260676063178
11501162125,546.2577866913825
11501162126,546.4908321516
11501162127,744.2279029757735
11501162128,659.4311502065647
11501162129,677.4773568191204
11501162130,724.777756778075
11501162131,651.5927653571066
11501162132,618.6642838504475
11501162133,603.6283888525533
11501162134,674.3011524858088
11501162201,915.3065116242171
11501162202,547.9403896221311
11501162203,513.6699631309401
11501162204,661.6900758990328
11501162205,589.3591142189455
11501162206,473.62726097314203
11501162207,730.3090255604776
11501162208,568.5404854422625
11501162209,676.0897246181631
11501162210,629.3241120856862
11501162211,712.4371136848355
11501162212,570.5350232062215
11501162213,590.0651605505695
11501162214,509.99697440811553
11501162215,712.6823848862748
11501162216,562.7417684557121
11501162217,672.4015778492969
11501162218,530.9356047739353
11501162219,644.9469729579067
11501162220,881.2380599972918
11501162221,554.1543971198345
11502129701,541.7028246930113
11502129702,578.4838230424446
11502129703,676.145382185909
11502129704,590.2114743040286
11502129705,539.300363623959
11502129706,684.3969030912547
11502129707,522.2079916919914
11502129708,509.2114276302783
11502129709,680.0830394833903
11502129710,608.9591974024571
11502129711,489.2540013204095
11502129712,789.0713097235704
11502129713,1198.360670769303
11502129714,775.5721061815073
11502129715,561.2026638477928
11502129716,466.1206458771156
11502129717,496.3265746422271
11502129718,519.9386718301263
11502129719,574.1024592641947
11502129720,564.0866820862597
11502129721,530.1654057651532
11502129722,619.4564286437044
11502129723,1258.2178380412402
11502129724,473.4252874421863
11502129725,558.33339079205
11502129726,502.8989200084451
11502129727,436.8923616829825
11502129728,517.8109409100839
11502129729,478.50770631672316
11502129730,481.006350007793
11502129731,557.9533198171803
11502129732,594.3147988605796
11502129733,643.6211646729296
11502129734,868.4412572636318
11502129735,599.4646533077987
11502129736,597.6238308357931
11502129737,574.3001059016703
11502129738,553.3960692272817
11502129739,571.7530753463777
11502129740,416.73346235824175
11502129741,492.2726789223992
11502129742,498.8771949184918
11502129743,512.3110668959731
11502129744,522.2978744038767
11502129745,440.45393771092057
11502129746,488.92095434828195
11502129747,591.2762326725508
11502129748,588.3544522758068
11502129749,530.9356047739353
11502129750,614.4474118596212
11502129751,647.0400809671736
11502129752,612.2993604393365
11502129753,859.0039114002357
11502129754,556.7146787996094
11502129755,590.8206867007194
11502129756,572.4380298193029
11502129757,437.7530191074615
11502129758,516.4836047132484
11502129801,492.44215396668756
11502129802,559.7180214865607
11502129803,570.8254139155474
11502129804,463.3420727656566
11502129805,464.967556412688
11502129806,541.9339269073081
11502129807,538.7034262830357
11502129808,481.66548105694415
11502129809,549.2499289882113
11502129810,459.8327781342561
11502129811,575.3281276293834
11502129812,496.7092619395418
11502129813,410.54923466487736
11502129814,809.0641895414373
11502129815,525.2059298154225
11502129816,485.8792026639318
11502129817,484.4306691264003
11503129901,608.335232245649
11503129902,657.8540010239968
11503129903,491.0144728833865
11503129904,536.4989048674611
11503129905,444.0811029169529
11503129906,434.3627700062052
11503129907,489.0051076779389
11503129908,524.310627787735
11503130001,628.8392523054424
11503130002,649.7571625469325
11503130003,458.4207340601251
11503130004,645.05316495009
11503130005,496.7092619395418
11503130006,451.88831282876384
11503130007,535.4000295343162
11503130008,345.8020124601822
11503130009,494.5914627628245
11503130010,512.748286241241
11503130011,512.2229028227913
11503130012,465.1659216915178
11503130013,512.441428260836
11503130014,517.6327351422859
11503130015,478.22133986302924
11503130016,634.7250767912993
11503130017,483.5216514041653
11503130018,552.5932880610713
11503130019,616.1325407869035
11503130020,503.9310888313398
11503130021,444.270557580162
11503130022,618.5578173563176
11503130023,670.2214234613864
11503130024,522.3877725864216
11503130025,491.22395034365235
11503130026,590.8206867007194
11503130027,472.8588073144911
11503130028,498.9630619214679
11503130029,649.2565602197783
11503130030,446.55366219354767
11503130031,622.4255298924877
11503130032,481.5429488687661
11503130033,470.722919404723
11503130034,526.4650664955959
11503130035,580.9608422722949
11503130036,544.2992470705894
11503130037,598.4920302262645
11503130038,502.7296001031902
11503130039,345.8020124601822
11503130040,449.11727720776827
11503130041,529.622176034896
11503130042,592.4897904449019
11503130043,632.6670824217592
11503130044,475.0861447397657
11503130045,513.1436353236593
11503130046,475.0043867369842
11503130047,634.99586432282
11503130048,509.99697440811553
11503130049,648.9796913594537
11503130050,522.0751457845664
11503130051,538.7034262830357
11503130052,486.712514240852
11503130053,514.2391608878943
11503130054,563.125101263208
11503130055,477.44543237512954
11503130056,574.6913121072174
11503130057,414.9566527613229
11503130058,507.431271494481
11503130059,419.088252822878
11503130060,437.30447898790095
11503130061,399.9214054447929
11503130062,591.0240889335319
11503130063,499.3477820541037
11504130101,644.5031295233322
11504130102,552.5891618733548
11504130103,562.6912441971825
11504130104,684.8067307123177
11504130105,509.7337221998645
11504130106,642.8510355538863
11504130107,624.5576903472702
11504130109,725.3311728624581
11504130110,588.1519688042883
11504130111,541.7474191611202
11504130112,545.6041583598018
11504130113,485.3413957963466
11504130114,560.4850124560672
11504130115,608.9090703311542
11504130116,741.0547685871427
11504130119,560.7241275604284
11504130120,563.4623094235144
11504130121,552.4527123556869
11504130122,452.351811483828
11504130123,531.8899737888487
11504130124,509.16951139410037
11504130125,700.070807555468
11504130126,606.0543334040647
11504130127,480.1037579042556
11504130128,500.15928355121565
11504130129,641.265538670786
11504130130,541.1923220137434
11504162301,460.9731336806866
11504162302,476.83488755578156
11504162303,569.1236334079675
11504162304,562.7417684557121
11504162305,384.8718112916888
11504162306,681.534968932124
11504162307,610.8897825779596
11504162308,492.0222496161184
11504162309,592.9466233613252
11504162310,648.3147195245404
11504162311,674.7049346127504
11504162312,639.0237335552706
11504162313,417.5887819268261
11504162314,484.4306691264003
11504162315,468.3968509409213
11504162316,632.3972879756078
11504162317,494.55074998333913
11504162318,523.2367168989067
11504162319,642.3605504951317
11504162320,510.2145502166548
11504162321,445.44897754219875
11504162322,490.7206216633212
11504162323,1138.9551475921214
11504162324,762.8288111632497
11504162401,496.7092619395418
11504162402,507.3895017935946
11504162403,639.2963549873207
11504162404,563.3189687183054
11504162405,505.2261657104755
11504162406,452.7378600695948
11504162407,591.3780034460963
11504162408,576.0690857951597
11504162409,490.21780871468485
11504162410,469.75876868570634
11504162411,862.9855341425807
11504162412,605.2295027029744
11504162413,646.546399733767
11504162414,699.6518450354343
11504162415,660.5028068452182
11504162416,531.026989687136
11504162417,584.9960548502714
11504162418,622.108889135573
11504162419,657.5193370701265
11504162420,637.7148633754308
11504162421,590.5201239820435
11504162422,623.75902219303
11504162423,542.5831583382717
11504162424,510.9557655742958
11504162425,632.3972879756078
11504162426,926.400435465802
11504162427,605.746021013836
11504162428,541.3786386562647
11504162429,481.0495397489393
11504162430,806.321432718266
11504162431,611.7268950678468
11504162432,671.5417281742564
11504162433,675.973375728182
11504162434,570.5350232062215
11504162501,369.50270272992464
11504162502,562.8849622880178
11504162503,480.7616521163468
11504162504,488.2117036764002
11504162505,903.8984171164085
11504162506,527.139158361156
11504162507,555.2917646285329
11504162508,577.2514318423167
11504162509,486.21380816733523
11504162510,525.6108842306879
11504162511,618.7152139977884
11504162512,687.7390157186366
11504162513,596.6541944631757
11504162514,672.8042224810945
11504162515,410.19609729041355
11504162516,620.0918007332144
11504162517,672.9200258947665
11504162518,553.255289300219
11504162519,553.3008347990245
11504162520,492.7370360673513
11504162521,1802.3215501395866
11504162522,584.0469068689615
11504162523,439.10140174078845
11504162524,616.3953963379279
11504162525,540.2697684861427
11504162526,677.3607691302639
11504162527,582.950962654864
11504162528,580.7130974266547
11504162529,483.4384417274401
11504162530,510.6499803410583
11504162531,576.314849404369
11504162532,485.92282994035145
11504162533,512.8365407436908
11504162534,509.9092085691958
11504162535,574.7902282755845
11504162536,523.1466726207709
11504162537,480.5566361968092
11504162538,576.9059714803528
11504162539,537.6000355740294
11504162540,597.3689802280607
11504162541,499.26184884429244
11504162542,561.8287277452666
11504162543,2628.027435775431
11601130301,460.225211167973
11601130302,516.6614148691453
11601130303,358.00608192104465
11601130304,584.5453474116856
11601130305,531.026989687136
11601130306,642.8558357277391
11601130307,564.618780844558
11601130308,595.0267820529023
11601130309,383.4919010923177
11601130310,521.4504533503115
11601130311,576.6599557931436
11601130312,529.622176034896
11601130313,361.4786611387725
11601130314,549.862658708473
11601130315,605.1253482124397
11601130316,432.58523902739887
11601130317,457.0130260589365
11601130318,593.2484211187763
11601130319,3703.6773435493765
11601130320,545.0451094355417
11601130321,474.8018259447447
11601130322,603.5245098991434
11601130323,609.2235416921965
11601130324,591.3780034460963
11601130325,878.6646270764085
11601130326,633.8564926343648
11601130327,596.2971223753195
11601130328,786.5893671342176
11601130329,527.0050580008673
11601130330,345.8020124601822
11601130332,16769.835626202534
11601130333,812.4750163894912
11601130334,609.8484179817377
11601130335,639.0237335552706
11601130336,500.3726623867344
11601130337,345.8020124601822
11601130338,607.5072972760364
11601130339,543.6032113292462
11601130340,7316.047171447124
11601130341,654.5007755153521
11601130342,501.3133599056776
11601130343,408.2760312301927
11601130344,692.2205671356808
11601130401,518.9630245449922
11601130402,543.1843948108208
11601130403,650.925116056882
11601130404,663.7828774651824
11601130405,572.7808147075841
11601130406,643.01941518087
11601130407,628.0351090009644
11601130408,521.2280861050954
11601130409,528.7628714035696
11601130410,581.0608375554643
11601130411,582.4015875828668
11601130412,521.3178001551199
11601130414,558.7638877818133
11601130415,486.1301351949261
11601130416,629.7009612540099
11601130417,841.5077954690004
11601130418,903.8853816033513
11601130419,577.497699866081
11601130420,582.5018308478699
11601130421,551.3665461665149
11601130422,529.7569423403521
11601130423,461.44595057241816
11601130424,720.7646758928174
11601130425,549.6281753670959
11601130426,761.3347135987706
11601130428,551.2262825353284
11601130429,493.7483482541139
11601130430,578.9298568074918
11601130431,437.41575436808535
11601130432,620.5699158844753
11601130433,532.8899236588272
11601130434,573.8576391062714
11601130435,589.2091855553224
11601130436,580.1180744096087
11601130437,538.1514481385433
11601130438,465.04758687099945
11601130439,639.2963549873207
11601130440,532.6626781677818
11601130441,345.8020124601822
11601130442,536.0855618282865
11601130443,582.7023691426161
11601130444,513.8891059164057
11601130445,587.5009589107336
11601130446,542.8593221175481
11601130447,678.8678370490528
11601130448,482.03686407484633
11601130601,606.1087512506896
11601130602,538.4737016828913
11601130604,11044.933214075156
11601130605,467.7558772363031
11601130606,526.3744666478683
11601130607,475.5734372473941
11601130608,672.5173119595643
11601130609,490.0087603132895
11601130610,482.24251149181146
11601130611,567.2783412083166
11601130612,546.7239770340818
11601130613,563.7997195093677
11601130614,1285.0759760384008
11601130615,521.8525121456122
11601130616,491.9375770637864
11601130617,536.8201688429276
11601130618,501.95524723973887
11601130619,597.2170139128984
11601130620,599.9268641176384
11601130621,594.5683464880715
11601130622,558.3835237572831
11601130623,472.455601640897
11601130624,830.6817332094117
11601130625,668.3933517369366
11601130626,533.983647155442
11601130627,515.4720056695276
11601130628,771.0826318281079
11601130629,346.8671642873963
11601130630,608.8589473861107
11601130631,587.5493236073571
11601130632,533.4365050947727
11601130633,486.5049606366532
11601130634,489.7155109693034
11601130635,495.9887131992447
11601130636,428.8690048762879
11601130637,444.99255182056135
11601130638,736.0091676732804
11601130639,522.0751457845664
11601130640,498.83612935477635
11601130641,634.6158463808392
11601130642,572.6822443410083
11601130643,475.5734372473941
11601130644,420.70327241292915
11601130645,559.9107159840257
11601130646,546.0697908793938
11601130647,551.601771134708
11601130648,897.74077252141
11601130649,503.3733008073259
11601130650,583.5488913454014
11601130651,454.21056505581646
11601130652,951.8309609729374
11601130701,697.2633226952938
11601130702,551.791671445238
11601130703,565.054124117101
11601130704,452.7378600695948
11601130705,575.379786558431
11601130706,506.78238156281924
11601130707,565.7776258514211
11601130708,896.0256148899837
11601130709,612.6155827172166
11601130710,603.1633262205204
11601130711,647.2628378884369
11601130712,561.3958694640755
11601130713,845.1303254114725
11601130714,620.5699158844753
11601130715,534.9875331184352
11601130716,602.288350438501
11601130717,673.3229809814006
11601130718,600.9512868728564
11601130719,556.5730546424563
11601130720,659.1499424957663
11601130721,543.1762829771875
11601130722,482.7371442343398
11601130723,553.0648852824027
11601130724,468.035976806508
11601130725,570.193582328369
11601130726,642.8558357277391
11601130727,516.000721669849
11601130728,433.28824318945885
11601130729,545.0451094355417
11601130730,665.6581037581017
11601130731,519.6275107106192
11601130732,473.62726097314203
11601130733,482.24251149181146
11601130734,575.8234269893438
11601130735,686.0376866307364
11601130736,638.4215153034446
11601130737,508.64779493859095
11601130738,622.3742943268684
11601130739,561.4924972139212
11601130740,586.5477467573453
11601130741,621.5226114936203
11601130742,619.2988434426305
11601130743,474.1130571139817
11601130744,604.763206500362
11601130745,599.0565832927496
11601130746,521.3178001551199
11601130747,602.9061133512913
11601130748,682.6476442893334
11601130749,627.8753414461255
11601130750,626.589305782781
11601130751,512.1347539218448
11601130752,560.5814834287296
11601130753,585.5960811774481
11601130754,712.5597387324112
11601130755,671.7126069662721
11601130756,708.248533513461
11601156001,622.8541693704041
11601156002,658.5878867775432
11601156003,501.699892210438
11601156004,600.7984092449902
11601156005,448.5798829888892
11601156006,591.2762326725508
11601156007,604.2475262332929
11601156008,648.1497929845746
11601156009,601.9279065485924
11601156010,451.8105469617815
11601156011,467.1577231684225
11601156012,663.8971281202447
11601156013,584.1474333271793
11601156014,539.8090816329947
11601156015,612.6155827172166
11601156016,633.42501126668
11601156017,618.2940396628313
11601156018,567.0364311261707
11601156019,603.8859098602303
11601156020,513.8891059164057
11601156021,487.00396534320413
11601156022,513.0553279730269
11601156023,553.255289300219
11601156024,565.7776258514211
11601156025,588.8565689877646
11601156026,673.3229809814006
11601156027,462.66992796699816
11601156028,470.3215349980902
11601156101,687.0343294529287
11601156102,498.53759720690914
11601156103,497.0922443038048
11601156104,872.5503356375534
11601156105,869.5715598587784
11601156106,697.0859439874016
11601156107,632.9369919680929
11601156108,564.7159633235914
11601156109,547.8911942656533
11601156110,605.0212116459452
11601156111,725.5211562109661
11601156112,573.2224512290467
11601156113,610.6292748399579
11601156114,535.7647374837859
11601156115,563.7997195093677
11601156116,543.2778879921509
11601156117,737.2052729989088
11601156118,554.6273266314967
11601156119,800.7595518128818
11601156120,579.6234089929167
11601156121,532.1168896273899
11601156122,499.85995955199536
11601156123,507.3895017935946
11601156124,561.1564679022083
11601156125,721.6875511905774
11601156126,507.08585081712783
11601156127,542.4897847135937
11601156128,531.7984403639363
11601156129,538.0588371708674
11601156130,728.06640915542
11601156131,526.1499996072351
11601156132,686.7950857960784
11601156133,575.1344216972673
11601156134,593.7058389692668
11601156135,487.2117318336712
11601162601,532.6626781677818
11601162602,579.6234089929167
11601162603,588.6054570897273
11601162604,1665.4568157408428
11601162605,577.3507886598278
11601162606,592.4897904449019
11601162607,646.7109182783831
11601162608,2003.686109039143
11601162609,555.478787531016
11601162610,490.7206216633212
11601162611,685.0424895833371
11601162612,504.7953604609766
11601162613,577.3507886598278
11601162614,619.0347497461013
11601162615,492.2321570158707
11601162616,702.4637018214358
11601162617,603.0098858659647
11601162618,623.2784500099245
11601162619,487.00396534320413
11601162620,1163.9803950183732
11601162621,597.6238308357931
11601162622,875.6445583429046
11601162623,481.254765951859
11601162624,683.9310176499654
11601162625,539.4860289207011
11601162626,641.265538670786
11601162627,450.42313737333103
11601162628,8696.1913851548
11601162629,588.6054570897273
11601162630,604.5053113784506
11601162631,593.199587295373
11601162632,852.7972160140666
11601162701,580.217924635134
11601162702,561.4924972139212
11601162703,537.2783048815854
11601162704,590.1667228737499
11601162705,576.168239106653
11601162706,501.699892210438
11601162707,1111.7629523108985
11601162708,550.331925540994
11601162709,498.32500091628305
11601162710,557.4775542383834
11601162711,532.6626781677818
11601162712,635.157443747713
11601162713,345.8020124601822
11601162714,650.2581508581577
11601162715,478.7942442511499
11601162716,520.5615531652215
11601162717,514.0198688250449
11601162718,674.9927784217145
11601162719,644.0644007337154
11601162720,1524.0152145866923
11601162721,634.506634767939
11601162722,774.0588291080203
11601162723,521.1383874940426
11601162724,528.3119964564651
11601162725,479.4072978531202
11601162726,512.0925970492074
11602130901,584.0469068689615
11602130902,551.2262825353284
11602130903,515.4720056695276
11602130904,527.5456033716164
11602130905,594.4660266855172
11602130906,642.1971386523758
11602130907,534.2114562006058
11602130908,525.2963285339811
11602130909,504.7084897724885
11602130910,592.9954363600409
11602130911,500.15928355121565
11602130912,564.475145941447
11602130913,449.308880412534
11602130914,656.8456151557366
11602130915,496.9211689207565
11602130916,483.4384417274401
11602130917,504.7953604609766
11602130918,627.3399535119999
11602130919,692.1014422744747
11602130920,575.8234269893438
11602130921,505.2261657104755
11602130922,793.5418798127682
11602130923,535.6284428390286
11602130924,809.9800865218833
11602130925,601.6712205115242
11602130926,460.225211167973
11602130927,460.776556373683
11602130928,615.132874289226
11602130929,826.406247516241
11602130930,557.4775542383834
11602130931,529.7133348800572
11602130932,541.0546466310353
11602130933,445.44897754219875
11602130934,556.002766526608
11602130935,478.30365156946107
11602130936,509.9092085691958
11602156201,486.712514240852
11602156202,524.1301851384824
11602156203,559.4332813377868
11602156204,629.4324316800795
11602156205,574.5451148255576
11602156206,475.0861447397657
11602156207,941.7485753974646
11602156208,571.7060109333637
11602156209,545.6041583598018
11602156301,656.3395515638564
11602156302,537.0491880099761
11602156303,668.1083221863981
11602156304,477.3239737365815
11602156305,490.1334466902137
11602156306,564.1373316416823
11602156307,532.8899236588272
11602156308,494.0440125244433
11602156309,604.1435407319733
11602156310,703.8475223077239
11602156311,610.9949292459437
11602156312,617.1338318654605
11602156313,462.1958569366471
11602156314,603.9356234111315
11602156315,587.0483215806833
11602156316,554.8639427196011
11602156317,684.9246000039658
11602156318,581.7569426345391
11602156319,611.3608026115347
11602156320,601.7747804757976
11602156321,581.6568275580188
11602156322,2115.9432731350034
11602156323,548.7364112794662
11602156324,557.2856971188546
11602156325,482.159521943426
11602156326,497.0066992515181
11602156327,487.41958696184395
11602156328,493.5377942900199
11602156329,538.2883847807822
11602156330,637.8771346698749
11602156331,486.5049606366532
11602156332,479.57234372406697
11602156333,566.0189988998414
11602156334,1096.5926840068987
11602156335,461.7222716593744
11602156336,520.2500192778018
11602156337,541.0546466310353
11602156338,585.9467453136656
11602156339,620.4631214484114
11602156340,686.0376866307364
11602156341,470.522184400706
11602156342,568.6851548012739
11602156343,491.0144728833865
11602156344,457.95101693222546
11602156345,638.2591055225352
11602156346,532.9816449504137
11602156347,691.6872490796641
11602156348,493.95899204511045
11602156349,449.11727720776827
11602156350,502.7296001031902
11602156351,489.9244342641461
11602156352,469.75876868570634
11602156353,500.15928355121565
11602156354,546.8630950201161
11602156355,583.5488913454014
11602156356,508.0391690889127
11602156357,444.270557580162
11602162801,733.3099298908103
11602162802,702.227190899052
11602162803,502.7296001031902
11602162804,626.8566224173271
11602162805,525.2963285339811
11602162806,591.3780034460963
11602162807,649.5918690599738
11602162808,550.4266489590417
11602162809,485.7156130889958
11602162810,522.9235820400892
11602162811,591.2762326725508
11602162812,466.20087480578746
11602162813,538.7034262830357
11602162814,518.4312732447916
11602162815,573.8104014540348
11602162816,583.7978460024439
11602162817,553.5865872620152
11602162818,593.4526591493393
11602162819,518.4312732447916
11602162820,745.5656698240467
11602162821,621.2064300699942
11602162822,576.6599557931436
11602162823,539.5788855373654
11602162824,516.839286239864
11602162825,457.20799776200073
11602162826,459.0867058325928
11602162827,12780.512189434598
11602162828,603.2671430068066
11602162829,766.3589242765069
11602162830,740.5503147733925
11602162831,622.2159668420285
11602162832,641.265538670786
11602162833,566.2138626390131
11602162834,622.2159668420285
11602162835,626.9645173061124
11602162836,696.965981839108
11602162837,547.2847479609958
11602162838,878.6831875152983
11602162839,470.3215349980902
11602162840,601.7747804757976
11602162841,760.6855251491128
11602162842,563.3189687183054
11602162901,585.5435050058223
11602162902,1511.839065666384
11602162903,622.8541693704041
11602162904,661.6900758990328
11602162905,544.0223507716695
11602162906,567.3759814522668
11602162907,469.5584448339628
11602162908,699.3534856181756
11602162909,613.9785983114749
11602162910,461.7222716593744
11602162911,660.3347797446603
11602162912,1288.7760469931548
11602162913,523.773397108768
11602162914,547.3789468972487
11602162915,509.6917629704987
11602162916,540.1323277943293
11602162917,613.9785983114749
11602162918,753.6993345559332
11602162919,492.52691336705925
11602162920,619.2988434426305
11602162921,511.04371154715307
11602162922,649.8689990886285
11602162923,561.8287277452666
11602162924,545.9308747041516
11602162925,550.1919251097552
11602162926,473.4252874421863
11602162927,509.4744100992659
11602162928,533.2090265196304
11602162929,547.6124706688098
11602162930,644.2861332155542
11602163001,599.312153868677
11602163002,552.9241896061225
11602163003,462.233906172248
11602163004,1437.3669283868476
11602163005,504.4932619674563
11602163006,606.0044454494794
11602163007,353.32732935273106
11602163008,475.85821809538965
11602163009,595.3830934410096
11602163010,682.8213490643823
11602163011,531.3449769938004
11602163012,470.722919404723
11602163013,568.1024561191559
11602163014,475.37063378934937
11602163015,587.3998553412766
11602163016,546.9572213812445
11602163017,588.3544522758068
11602163018,508.3433909273427
11602163019,661.5762050575762
11602163020,793.8788874207554
11602163021,550.4266489590417
11602163022,481.08914107162303
11602163023,670.7381905221301
11602163024,538.3810352583124
11602163025,738.6520172274786
11602163026,728.813181735858
11602163027,534.1634934595485
11602163028,523.9968502390528
11602163029,475.85821809538965
11602163030,471.8479143953305
11602163031,584.7465892292454
11602163032,495.48050234287444
11602163033,491.0144728833865
11602163034,584.6459596617485
11602163101,558.0493550335848
11602163103,624.0251313670001
11602163104,673.3229809814006
11602163105,737.6467231017704
11602163106,680.9589102383766
11602163107,500.58613225430736
11602163108,885.9191974859318
11602163109,747.5432698547918
11602163110,517.9000667992954
11602163111,518.7844222850911
11602163112,650.5355651371276
11602163113,728.1917243254843
11602163114,616.5014906350237
11602163115,569.2684511533196
11602163116,619.6696893225403
11602163117,686.4484967787682
11602163118,424.6759384531587
11602163119,452.9310078938051
11602163120,507.90992762670106
11602163201,528.628357982516
11602163202,700.6682658574628
11602163203,724.9025059035761
11602163204,660.3347797446603
11602163205,526.4650664955959
11602163206,807.9763574177855
11602163207,499.1348402683847
11602163208,524.310627787735
11602163209,756.3434413942936
11602163210,541.7960628657196
11602163211,722.2440006586927
11602163212,1295.5730476504853
11602163213,742.9592410799911
11602163214,734.9414797535036
11602163215,622.2159668420285
11602163216,478.01740723382994
11602163217,605.8502823348964
11602163218,750.1657801598565
11602163219,535.1717136341357
11602163220,575.577872942228
11602163221,501.39964622264273
11602163222,696.3716804666203
11602163223,552.4527123556869
11602163224,532.4355295832661
11602163225,644.8359834521236
11602163226,559.2909655879602
11602163227,435.2542726346441
11602163228,637.3332182284839
11602163229,960.4092901336934
11602163230,626.4814754644856
11602163231,497.3043146736311
11602163232,899.8025606248286
11602163233,510.73787368200226
11602163234,738.2762496495133
11602163235,620.1985312573627
11602163236,565.6802606699266
11602163237,455.1428040518202
11602163238,623.119892514468
11602163239,612.7714673128461
11602163240,498.66445380987324
11602163241,629.272308656534
11602163242,646.8222304989263
11602163243,528.3119964564651
11602163244,470.3215349980902
11602163245,1190.294749457696
11602163301,496.58290272314036
11602163302,521.2280861050954
11602163303,541.7960628657196
11602163304,1323.7672090194492
11602163305,518.9630245449922
11602163306,498.6234057581504
11602163307,481.5429488687661
11602163308,962.3804705977075
11602163309,570.8766685442365
11602163310,489.7155109693034
11602163311,480.5566361968092
11602163312,5200.594966826349
11602163313,493.0320947480502
11602163314,502.2144822511268
11602163315,646.1594692889769
11602163316,532.9816449504137
11602163317,559.529571285941
11602163318,608.8589473861107
11602163319,356.1756964456711
11602163320,561.6353731598592
11602163321,635.7565830251953
11602163322,552.4527123556869
11602163323,513.8891059164057
11602163324,753.6993345559332
11602163325,652.4270721530138
11602163326,551.321159890568
11602163327,517.3694046502227
11603131301,449.0399882108026
11603131302,483.6446870879344
11603131303,580.7130974266547
11603131304,584.2960739902652
11603131305,583.8983295921748
11603131306,523.9968502390528
11603131307,553.160079098906
11603131308,508.3433909273427
11603131309,499.3477820541037
11603131310,644.0644007337154
11603131311,522.0751457845664
11603131312,497.21873312596284
11603131313,447.27936675945205
11603131314,597.6238308357931
11603131315,454.4043411680253
11603131316,530.7091926823124
11603131317,562.9818463412969
11603131318,569.366433936032
11603131319,521.4504533503115
11603131320,624.4502096515058
11603131321,488.92095434828195
11603131322,529.3052197511275
11603131323,488.2117036764002
11603131324,345.8020124601822
11603131325,585.0967446763339
11603131326,2889.611082554052
11603131327,626.2143188075436
11603131328,614.1348297365693
11603131329,361.4786611387725
11603131330,472.3742963306475
11603131331,350.95052731164276
11603131332,527.2298898280205
11603131333,603.1633262205204
11603131334,451.15513031181797
11603131335,511.04371154715307
11603131336,656.732578001895
11603131337,536.2219727903737
11603131338,518.5631919417217
11603131339,478.50770631672316
11603131340,432.067626327057
11603131341,497.3043146736311
11603131342,583.1996622225146
11603131343,447.2023940501518
11603131344,350.95052731164276
11603131345,554.2954058315747
11603131346,538.0588371708674
11603131347,633.3160045856672
11603131348,522.8335916496125
11603131349,580.5653682466947
11603131350,679.4472001946439
11603131351,539.4860289207011
11603131352,434.62287325901866
11603131401,578.1895363417967
11603131402,610.9949292459437
11603131403,529.8481243815595
11603131404,521.8525121456122
11603131405,585.6968742803554
11603131406,578.1895363417967
11603131407,562.4049915084435
11603131408,590.5201239820435
11603131409,488.41998541432383
11603131410,516.000721669849
11603131411,647.098178939493
11603131412,534.8514361888044
11603131413,520.6940139277366
11603131414,496.7092619395418
11603131415,550.0972420855468
11603131416,534.5753545084633
11603131417,588.8565689877646
11603131418,345.8020124601822
11603131419,493.4528609262397
11603131420,372.3226275213656
11603131421,379.8078495864699
11603131422,519.4059208407613
11603131423,526.9143652255149
11603131501,563.0281925570603
11603131502,492.52691336705925
11603131503,469.8396238099731
11603131504,589.3106005476395
11603131505,531.026989687136
11603131506,806.8042706637476
11603131507,1400.833186317264
11603131508,480.0642376943504
11603131509,474.59935153249603
11603131510,495.9887131992447
11603131511,498.0267746569865
11603131512,645.7727704055559
11603131513,572.6822443410083
11603131514,648.8145956554997
11603131515,550.4266489590417
11603131516,597.4717996884931
11603131517,611.777254110241
11603131518,612.5101571495162
11603131519,508.43088725691325
11603131520,699.6518450354343
11603131521,528.7628714035696
11603131522,786.253934094391
11603131523,680.841723405854
11603131524,609.8484179817377
11603131525,878.0850467248877
11603131526,464.4911311357806
11603131527,499.6467993533892
11603131528,519.7169492687725
11603131529,561.0137137862777
11603131530,561.4924972139212
11603131531,467.63688354996845
11603131532,533.7559352571297
11603131533,632.9369919680929
11603131534,466.6790537547174
11603131535,648.8145956554997
11603131536,900.5704751046205
11603131537,664.5780827217437
11603131538,496.20031277868475
11603131539,557.4775542383834
11603131540,537.5075194994381
11603131541,514.3276720004653
11603131542,550.0972420855468
11603131543,646.546399733767
11603131544,674.8766183061929
11603131545,524.4440425301973
11603131546,559.8646263863924
11603131601,345.8020124601822
11603131602,402.8709623945215
11603131603,441.99912584535093
11603131605,637.767361818934
11603131606,563.4623094235144
11603131607,514.1968307889409
11603131608,524.8916164666616
11603131609,463.53974457778656
11603131610,596.1454287329827
11603131611,521.8954724813348
11603131612,478.01740723382994
11603131613,583.1996622225146
11603131614,461.44595057241816
11603131615,528.4464293769737
11603131616,456.0769564105074
11603131617,621.7365834986068
11603131618,498.6234057581504
11603131619,486.4212375595537
11603131620,512.3110668959731
11603131621,509.29907336677894
11603131622,528.7628714035696
11603131623,718.180463439655
11603131624,561.2992583429865
11603131625,473.4252874421863
11603131626,657.4463625710133
11603131627,494.0440125244433
11603131628,486.92015639193545
11603131629,478.9985082959274
11603131630,562.2114386006011
11603131631,518.3420559397844
11603131632,641.1551827063464
11603131633,537.5075194994381
11603131634,698.9924906345268
11603131635,413.0823070073665
11603131636,679.0907493430313
11603131637,356.1756964456711
11603131638,547.8460940666937
11603131639,579.1291653763465
11603131640,658.9230946014557
11603131641,551.2716610007102
11603131642,1253.7608973486576
11603131643,936.3457323975084
11603131644,733.1233811887421
11603131645,1821.9889028339505
11603131646,711.1002496017143
11603131647,983.7432279407301
11603131648,926.9551786052045
11603131649,858.3549144494219
11603131650,366.86057965948487
11603131651,356.1756964456711
11603131701,358.00608192104465
11603131702,669.5346864560663
11603131703,634.506634767939
11603131705,487.00396534320413
11603131706,556.4772734839161
11603131707,627.3399535119999
11603131708,612.2489584192492
11603131709,653.48734630429
11603131710,627.4995848333933
11603131711,908.7256643777868
11603131712,543.9287294750687
11603131713,2912.850021357844
11603131714,546.3967860518136
11603131715,618.8217075831097
11603131716,356.1756964456711
11603131718,584.0469068689615
11603131719,723.9701135145626
11603131720,653.7661382283147
11603131721,668.6785028872839
11603131723,469.59710017807197
11603131724,493.24243296971343
11603131725,532.0253171523258
11603131726,647.9267308157756
11603131727,459.36161416672275
11603131728,556.4314665134567
11603131729,567.5203544945689
11603131730,624.1839192072217
11603131731,669.2491701949388
11603131732,532.8899236588272
11603131733,649.0913940824029
11603131734,542.3517792658304
11603131736,492.0222496161184
11603131737,536.2701203630645
11603131738,539.8090816329947
11603131739,711.9521405974343
11603131742,619.2988434426305
11603131744,537.9219589238677
11603131746,672.8042224810945
11603131747,532.4355295832661
11603131748,501.0995799192651
11603131749,470.80394047911426
11603131750,795.8647250016867
11603131751,509.6917629704987
11603131752,517.0597811275425
11603131753,497.3043146736311
11603131754,951.0193367886552
11603131755,443.17152087403787
11603131756,598.850416659436
11603131757,528.6718761245247
11603131758,463.61952928038033
11603131759,437.30447898790095
11603131760,482.03686407484633
11603131761,455.1428040518202
11603131762,545.1389228840435
11603131801,544.2911185879211
11603131803,11841.587287172515
11603131804,425.28971175474015
11603131901,491.5181029648414
11603131902,650.8703960828456
11603131903,596.1454287329827
11603131904,453.2022300992715
11603131905,548.5475624434038
11603131906,542.027204857451
11603131907,544.8126804890813
11603131908,536.4989048674611
11603131909,597.981697377525
11603131910,406.84569800080385
11603131911,431.437628095296
11603131912,514.5470953788481
11603131914,713.1091502983497
11603131915,546.8180794501503
11603131916,599.0565832927496
11603131918,574.6440058303732
11603131919,505.2261657104755
11603131920,800.1762421136234
11603131923,1539.6522578832787
11603131924,580.3655654054801
11603131925,548.174152917378
11603131926,623.3857290218083
11603131927,7576.239713329308
11603131929,879.5743362588682
11603131930,484.51404958582293
11603131931,727.755932636131
11603131932,662.7058989574639
11603131933,541.7028246930113
11603131934,548.0798171334039
11603131935,641.0448457331648
11603131936,594.0613593558971
11603131937,645.8839211515984
11603131938,492.0222496161184
11603131939,547.5182315452402
11603131940,514.9438314138142
11603131941,571.9499131598812
11603131942,508.3433909273427
11603131943,476.06122956751085
11603131944,577.5970990713738
11603131945,707.4645919016517
11603131946,585.3463596812946
11603131947,513.0553279730269
11603131948,695.5384323724918
11603131949,478.0996838392708
11603131950,574.5451148255576
11603131951,3357.441953485207
11603131952,672.6884389961368
11603131953,485.7156130889958
11603131954,742.5146116617011
11603131955,505.5287030782754
11603131956,1222.5710627808164
11603131957,489.33821197428495
11603131958,566.6970840064623
11701132001,368.3680422042393
11701132002,632.8280692707615
11701132003,6945.564459832631
11701132102,569.1236334079675
11701132103,547.1905652355227
11701132104,626.589305782781
11701132105,563.5592928500841
11701132106,542.027204857451
11701132108,563.5592928500841
11701132109,599.5678334765736
11701132111,938.8231053754112
11701132112,697.1048557106022
11701132113,624.2913540689359
11701132114,573.4670004019981
11701132115,599.312153868677
11701132116,569.9504290712812
11701132117,748.7526840128959
11701132119,715.6108597922445
11701132120,356.7545257131445
11701132121,356.1756964456711
11701132122,345.8020124601822
11701132123,348.649713253346
11701132124,518.8737157304245
11701132125,9228.946103839711
11701132126,495.9887131992447
11701132128,474.6810398204069
11701132129,516.529979970443
11701132130,455.60964081557574
11701132131,514.1968307889409
11701132132,569.366433936032
11701132133,495.56578470535334
11701132134,506.86960921064343
11701132135,511.04371154715307
11701132136,378.44892145448125
11701132137,541.240915875961
11701132138,461.24917163745766
11701132139,763.0286161313875
11701132301,517.8109409100839
11701132302,481.7483855707545
11701132303,564.3780049048939
11701132304,499.1348402683847
11701132305,615.0270155185505
11701132306,569.6093380480858
11701132307,437.7530191074615
11701132308,595.4321070166511
11701132311,488.00351075810613
11701132312,470.3215349980902
11701132313,491.5181029648414
11701132314,544.2544425462726
11701132315,532.4355295832661
11701132316,535.7206354859646
11701132317,603.8859098602303
11701132318,483.8510204371881
11701132319,538.3810352583124
11701132320,590.5201239820435
11701132322,511.5678854774287
11701132323,582.950962654864
11701132324,375.00408815890273
11701132325,514.7242388513822
11701132326,487.00396534320413
11701132327,545.698068032096
11701132328,585.6968742803554
11701132329,456.7395232546209
11701132330,22755.815692776057
11701132331,518.3420559397844
11701132332,495.56578470535334
11701132333,510.2145502166548
11701132334,533.4365050947727
11701132335,620.9415229025386
11701132336,1287.6284317736806
11701132401,447.3128479398758
11701132501,1062.534214068449
11701163401,551.8866461155111
11701163402,356.1756964456711
11701163403,478.0996838392708
11701163404,424.6759384531587
11701163405,571.4622127164704
11701163406,533.983647155442
11701163407,447.0116891350829
11701163408,557.239823602214
11701163409,472.94019601902386
11701163410,473.4252874421863
11701163411,499.6467993533892
11701163412,592.8445826425659
11701163413,450.23105900501093
11701163414,557.239823602214
11701163415,430.81498219039054
11701163416,543.9287294750687
11701163417,525.0723212543871
11701163418,477.8135615696278
11701163419,547.5182315452402
11701163420,1417.006249480937
11701163421,550.1919251097552
11701163422,487.50348187536326
11701163423,627.016130751526
11701163424,488.92095434828195
11701163425,585.8459092102271
11701163501,692.9305728887986
11701163502,627.3399535119999
11701163503,366.86057965948487
11701163504,493.5377942900199
11701163505,634.4544047343688
11701163506,504.19134426699884
11701163507,536.8201688429276
11701163508,2922.78980413347
11701163509,456.8557440265032
11701163510,458.61630632205873
11701163511,496.7947557967633
11701163512,908.2993214296673
11701163513,499.1348402683847
11701163514,559.1947167016765
11701163515,794.2345225162832
11701163516,914.8408762466006
11701163517,617.6605096347812
11701163518,493.24243296971343
11701163519,710.7970081287035
11701163520,551.7179271292115
11701163521,405.5295940776152
11701163522,458.61630632205873
11701163523,491.0144728833865
11701163524,555.2917646285329
11701163525,497.0066992515181
11701163526,476.26432764874426
11701163527,718.244949133684
11701163528,608.3397746897214
11701163529,502.9440754916888
11701163530,558.7178925864639
11701163531,556.0984660127637
11701163532,930.9011781836534
11701163533,708.3121274157643
11701163534,838.4969345355162
11701163535,466.48004321610006
11701163536,761.7906127898644
11701163537,525.3867428120142
11701163538,532.571011767476
11701163539,656.5655100200794
11701163540,738.6472413361709
11701163541,688.9752424870951
11701163542,916.1187739743362
11701163543,3821.8910705753447
11701163544,518.8737157304245
11701163545,524.8484095004196
11701163546,575.577872942228
11702132701,501.185829440307
11702132702,559.529571285941
11702132703,486.21380816733523
11702132704,531.5716603248474
11702132705,928.8546381002423
11702132706,664.9760425217112
11702132707,571.120216955242
11702132708,572.6351034425406
11702132709,580.3177920469321
11702132710,506.86960921064343
11702132711,596.859605001606
11702132712,473.7087819443189
11702132713,583.5488913454014
11702132714,590.1667228737499
11702132715,638.0990609122537
11702132716,537.6000355740294
11702132717,522.9666305492347
11702132718,630.8328632788105
11702132719,506.86960921064343
11702132720,496.2857190353117
11702132721,871.4953892747145
11702132722,497.9410687805291
11702132723,758.6981536665648
11702132724,491.22395034365235
11702132725,613.3494900657894
11702132726,455.1428040518202
11702132727,453.2802355034813
11702132728,464.76927572471453
11702132729,577.8435145643009
11702132730,464.095060561412
11702132731,507.3895017935946
11702132732,891.2773451780974
11702132733,549.6281753670959
11702132734,539.8090816329947
11702132735,487.2117318336712
11702132736,499.47484481463357
11702132737,605.746021013836
11702132738,567.6180363939721
11702132739,536.8201688429276
11702132740,478.30365156946107
11702132741,466.48004321610006
11702132742,670.6500520473601
11702132743,674.3191906929655
11702132744,438.6514800117788
11702132745,486.00646723127164
11702132746,468.87728228708374
11702132747,668.0988229737592
11702132748,489.0051076779389
11702132749,547.6124706688098
11702132750,513.362553566227
11702132801,659.2633957276458
11702132802,543.6967765974944
11702132803,460.9731336806866
11702132804,441.09380817879793
11702132805,404.0060802200287
11702132806,474.88354908265705
11702132807,651.2028148777215
11702132808,495.56578470535334
11702132809,610.0136332832977
11702132810,594.9243833577581
11702132811,744.7700527018953
11702132812,447.92915288502894
11702132813,857.921845411826
11702132814,933.6270770592107
11702132815,602.3920166234997
11702132816,346.8671642873963
11702132817,662.6513476739107
11702132818,571.7017420318574
11702132819,497.9410687805291
11702132820,763.3541407451091
11702132821,598.3397782153667
11702132822,561.0137137862777
11702163601,629.1640166178562
11702163602,753.0472198011729
11702163603,538.9332488886937
11702163604,609.588354323082
11702163605,600.7984092449902
11702163606,1113.6403551054066
11702163607,512.6178468139436
11702163608,547.6124706688098
11702163609,472.94019601902386
11702163610,529.9393221170684
11702163611,508.64779493859095
11702163612,720.9717200855646
11702163613,499.5608146854219
11702163614,592.237129196507
11702163615,529.0795029206246
11702163616,547.0513639434521
11702163617,840.2147337550238
11702163618,559.2909655879602
11702163619,562.4049915084435
11702163620,584.7465892292454
11702163621,515.2521878725527
11702163622,520.6940139277366
11702163623,577.3507886598278
11702163624,411.35492577636245
11702163625,566.2138626390131
11702163626,543.6967765974944
11702163627,596.2480375950937
11702163628,520.0281639454934
11702163629,474.59935153249603
11702163630,458.4207340601251
11702163701,694.5294531170666
11702163702,627.7672898127937
11702163703,501.0995799192651
11702163704,994.5786614350101
11702163705,521.6299734465099
11702163706,554.9594461908092
11702163707,501.185829440307
11702163708,579.6234089929167
11702163709,529.3963240416083
11702163710,483.23228431818364
11702163711,521.2280861050954
11702163712,434.62287325901866
11702163713,784.2435609964006
11702163714,420.7756840795931
11702163715,553.4913200473378
11702163716,551.321159890568
11702163717,462.86731302752924
11702163718,573.4670004019981
11702163719,714.8348908411624
11702163720,474.59935153249603
11702163721,529.9393221170684
11702163722,478.0996838392708
11702163723,481.0495397489393
11702163724,464.8875397268902
11702163725,773.3487112001369
11702163726,630.1480261347821
11702163727,471.0047956864066
11702163728,504.27812594413274
11702163729,666.3408645798919
11702163730,537.3707815036362
11702163731,718.981647911853
11702163732,552.1220929696619
11702163733,627.607590389205
11702163734,1051.5475681362173
11703132901,486.5049606366532
11703132902,6904.237624270515
11703132903,1336.2108442568754
11703132904,2950.1418431710167
11703132905,480.2690435459702
11703132906,748.0444598628368
11703132907,489.21372789927716
11703132908,1131.1391708675617
11703132909,1059.9348825022546
11703132910,544.4866333362778
11703132911,412.906152256581
11703132912,521.0954894785104
11703132913,528.628357982516
11703132914,727.4455885163968
11703132915,1972.3313685638618
11703132916,492.52691336705925
11703132917,532.4355295832661
11703132918,2662.877916256701
11703132919,849.7712842192757
11703132920,1668.9057959001605
11703132921,874.9953209090559
11703132922,533.7559352571297
11703132923,472.94019601902386
11703132924,495.0580071992718
11703132925,637.2684296462149
11703132926,631.7493071673048
11703132927,608.9637445056819
11703132928,1000.7962477975283
11703133003,578.3366609736418
11703133004,582.3536466271636
11703133005,459.0867058325928
11703133006,584.6459596617485
11703133007,487.00396534320413
11703133008,606.1087512506896
11703133009,735.6953040453606
11703133010,667.7084878506449
11703133013,4551.847873324183
11703133014,431.606085115005
11703133015,539.5788855373654
11703133016,772.3404398060983
11703133017,483.5216514041653
11703133018,424.9270681451714
11703133020,1946.1368944610335
11703133022,591.9845756929329
11703133023,500.58613225430736
11703133026,555.2917646285329
11703133027,623.8103717532596
11703133028,605.8502823348964
11703133029,537.0491880099761
11703133030,583.3000428525414
11703133031,773.5955879127049
11703133032,609.588354323082
11703133033,729.3751253451987
11703133034,450.42313737333103
11703133035,608.5993056771323
11703133036,683.0564244267345
11703133037,444.0811029169529
11703133038,345.8020124601822
11703133039,433.65802243929534
11703133040,512.8365407436908
11703133042,589.8135332609463
11703133043,764.7892418212732
11703133044,563.8967610111363
11703133045,499.6467993533892
11703133046,562.1651596167383
11703133047,1117.8298383052543
11703133048,1163.3578716228576
11703133049,793.2034819445837
11703133050,443.8153393170863
11703133051,571.9499131598812
11703133101,361.4786611387725
11703133102,500.7996931927721
11703133103,541.4718210299043
11703133105,482.24251149181146
11703133106,1015.1945849208817
11703133107,1009.7367184282851
11703133108,521.9853014022505
11703133109,1113.013674808929
11703133110,1003.343803013636
11703133111,569.1236334079675
11703133112,1735.273072320977
11703133113,2061.6873269312878
11703133114,505.313125501616
11703133115,671.5483930028415
11703133116,667.4542153980043
11703133117,605.8502823348964
11703133118,1879.1894462857417
11703133119,913.9724164266004
11703133121,532.3439022731653
11703133122,878.2735218048224
11703133123,524.310627787735
11703133124,626.0550144484605
11703133125,727.4948928380604
11703133127,1102.0453688332875
11703133128,498.8575727734227
11703133129,2125.9269940846766
11703133130,539.5788855373654
11703133131,555.2917646285329
11703133132,5218.598478951639
11703133133,1529.854596925665
11703133134,899.8395392135319
11703133135,476.06122956751085
11703133136,525.0723212543871
11703133137,463.81731946149824
11703133138,485.2179284822471
11703133139,515.3832976275436
11703133140,488.00351075810613
11703133141,542.5831583382717
11703133142,516.750342901335
11703133143,640.6084710805449
11703133144,584.1474333271793
11703133145,636.6801798588406
11703133146,585.0967446763339
11703133147,546.3967860518136
11703133148,462.7876577745079
11703133149,650.2581508581577
11703133150,607.9757092804941
11703133151,508.43088725691325
11703133152,1084.9884865348663
11703133301,750.5654024003696
11703133302,2712.699759393425
11703133303,447.6610863913769
11703133304,786.6514466022777
11703133305,620.5699158844753
11703133307,1949.9264187338083
11703133308,469.35820640828877
11703133309,3246.2976930589007
11703133310,1308.5081623087262
11703133311,915.0597731570036
11703133312,486.5049606366532
11703133313,564.475145941447
11703133314,586.8989807658672
11703133315,426.23912652910514
11703133316,440.9057082080789
11703133317,641.5391165056865
11703133318,918.8000052439455
11703133319,944.2844697035198
11703133320,919.4747816834487
11703133321,620.341675629837
11703133322,1433.7045178100077
11703133323,507.90992762670106
11703133324,500.6722934004694
11703133325,489.50667676767523
11703133326,474.88354908265705
11703133327,395.9106182530713
11703133328,467.0773295748536
11703133329,567.6180363939721
11703133330,493.0320947480502
11703133331,522.7005865941178
11703133332,411.63820940172013
11703133333,519.7169492687725
11703133334,500.15928355121565
11703133335,425.80238402721545
11703133336,502.2144822511268
11703133337,452.5447946113103
11703133338,517.3694046502227
11703133339,704.4099807283618
11703133340,529.1705683606062
11703133341,469.5584448339628
11703133342,503.76142140748806
11703133343,914.4947333790583
11703133344,703.0195942901865
11703133345,640.6084710805449
11703133346,597.2560596788322
11703133348,583.8983295921748
11703133349,529.9393221170684
11703133350,684.2236809016704
11703133351,2415.06301834106
11703133352,539.2559705876175
11703133353,511.04371154715307
11703133601,368.3680422042393
11703133602,551.2262825353284
11703133603,581.4963685134067
11703133605,645.5504734931988
11703133606,596.2480375950937
11703133607,520.7836360529799
11703133608,514.7242388513822
11703133609,707.2846180652159
11703133610,1665.424876883557
11703133611,477.8135615696278
11703133612,514.9438314138142
11703133613,635.3761098255166
11703133614,554.8639427196011
11703133615,507.6059651975691
11703133616,1047.6633763942475
11703133617,2001.2188162980433
11703133618,986.3594786240776
11703133619,2558.1828952879914
11703133620,629.272308656534
11703133622,6236.079137199613
11703133623,4284.075549106729
11703133624,444.0811029169529
11703133625,619.9340538981108
11703133626,501.185829440307
11703133628,617.0276287481929
11703133629,427.5520436553607
11703133630,515.2521878725527
11703133631,496.58290272314036
11703133632,494.55074998333913
11703133633,542.9080656603329
11703133634,592.5917700966442
11703133635,1495.6484425092215
11703133636,580.217924635134
11703133637,1347.2479615957413
11703133638,2158.5450555973957
11703133639,879.938903599644
11703133640,502.7296001031902
11703133641,517.3694046502227
11703133642,465.524582900629
11703163801,469.35820640828877
11703163802,442.7174287301067
11703163803,565.054124117101
11703163804,1032.1212452647496
11703163805,534.2114562006058
11703163806,448.19737990111014
11703163807,458.89093297356965
11703163808,4226.4293784692945
11703163809,356.1756964456711
11703163810,532.1168896273899
11703163811,1627.3116100612804
11703163812,525.0723212543871
11703163813,520.5615531652215
11703163814,1087.20792127401
11703163815,383.91971523097754
11703163816,489.21372789927716
11703163817,345.8020124601822
11703163818,499.85995955199536
11703163819,1116.0409222420292
11703163820,756.3434413942936
11703163821,477.6098028333365
11703163822,544.0223507716695
11703163823,496.7947557967633
11703163824,2923.5893639432584
11703163901,345.8020124601822
11703163902,897.723362346295
11703163903,579.9704965991679
11703163904,494.0440125244433
11703163905,873.595642223591
11703163906,467.91691186488396
11703163907,523.4599410697344
11703163908,623.4930264986115
11703163909,492.0222496161184
11703163910,540.9170062719418
11703163911,2704.8812933569375
11703163912,620.5699158844753
11703163913,664.4090189007027
11703163914,508.952381231744
11703163915,2407.1444067174602
11703163916,746.0121262639126
11703163917,401.22230448558616
11703163918,535.7206354859646
11703164001,632.127608580556
11703164002,559.8646263863924
11703164003,540.6863377131119
11703164004,963.3313423690934
11703164005,644.680140621213
11703164006,558.1454067796212
11703164007,485.7156130889958
11703164008,587.5009589107336
11703164009,1412.0187708372962
11703164010,929.2893512757125
11703164011,981.5497091859523
11703164012,589.9150522739052
11703164013,793.4265640307342
11703164014,583.8983295921748
11703164015,388.67186898983425
11703164016,500.6722934004694
11703164017,1032.0804597449219
11703164018,1107.266096992219
11703164019,608.9637445056819
11703164020,647.873396093888
11703164021,892.7607494760257
11703164022,500.3726623867344
11703164023,1072.5676568704444
11703164024,508.952381231744
11703164025,546.8180794501503
11703164026,497.0922443038048
11703164027,901.172910932727
11703164028,477.6098028333365
11703164029,2158.277050684472
11703164030,621.4714502526117
11703164031,562.1651596167383
11703164032,467.43746455457136
11703164033,535.9491855681534
11703164034,446.36323392358383
11703164101,550.1919251097552
11703164102,382.11979166026816
11703164103,714.8776148650833
11703164104,497.3043146736311
11703164105,1605.6454520885281
11703164106,471.28684076003753
11703164107,567.0364311261707
11703164108,477.120423780045
11703164109,4651.10305808894
11703164110,699.3534856181756
11703164111,574.6440058303732
11703164112,395.5049516139043
11703164113,822.3225765680172
11703164114,577.9429732913994
11703164115,5047.85568117404
11703164116,517.5901256979523
11703164117,710.9193508804549
11703164118,6529.582203021308
11703164119,790.9038380224318
11703164120,506.3502493314574
11703164121,514.7242388513822
11703164122,518.4312732447916
11703164123,3085.0347424390584
11703164124,2152.792282958266
11703164125,521.6299734465099
11703164126,569.1236334079675
11703164127,528.2210787688961
11703164128,1522.6823716616832
11703164129,484.92754624678065
11703164130,5717.912150078489
11703164201,1972.3221426755943
11703164202,571.120216955242
11703164203,9962.10196566642
11703164204,435.51490973324167
11703164205,536.864361357363
11703164206,556.4314665134567
11703164207,3915.973177872128
11703164208,510.52007470749083
11703164209,432.4363638712972
11703164210,680.5513853737568
11703164211,459.7536450970796
11703164212,478.0996838392708
11703164213,439.10140174078845
11703164214,444.53659377187876
11703164215,522.3877725864216
11703164216,505.5287030782754
11703164217,471.97150379851286
11703164218,573.8104014540348
11703164219,566.2138626390131
11703164220,525.3867428120142
11703164221,543.6967765974944
11703164222,691.5112888842632
11703164223,755.4577703924558
11703164224,457.4817810962135
11703164225,481.0495397489393
11703164226,644.2861332155542
11703164227,2555.1567114239783
11703164228,657.1887307359095
11703164229,1609.0596008740736
11703164230,766.9498171290932
11703164231,619.6696893225403
11703164232,668.1083221863981
11703164233,448.19737990111014
11703164301,554.9594461908092
11703164302,1767.9106958779978
11703164303,1081.9339819368383
11703164304,788.8115290987043
11703164305,627.4995848333933
11703164306,470.522184400706
11703164307,549.862658708473
11703164308,506.5662693677139
11703164309,860.4309438944493
11703164310,624.0251313670001
11703164311,541.9339269073081
11703164312,629.272308656534
11703164313,3372.7489507946343
11703164314,497.6021083125355
11703164315,538.1514481385433
11703164316,625.8395562460174
11703164317,575.4788212273801
11703164318,1092.8351082054517
11703164319,1987.835778771879
11703164320,693.8178090841485
11703164321,817.1393452866366
11703164401,490.5113588424551
11703164402,412.90306910604306
11703164403,10668.656927434698
11703164404,513.1436353236593
11703164405,4447.858622985926
11703164406,4664.560830034002
11703164407,6656.391934923799
11703164408,2264.779569388475
11703164409,6363.504317564246
11703164410,690.6175428710869
11703164411,2346.0902741865248
11703164412,12101.45589805943
11703164413,5478.1795945896465
11703164414,12747.937805313904
11703164415,451.88831282876384
11703164416,10311.586402097077
11703164417,2974.023258637755
11703164418,925.4782703504034
11703164420,2314.229581265538
11703164421,8332.08567577706
11703164422,525.9256282882893
11703164423,6737.646097377836
11703164424,724.6247013178222
11703164425,13383.659099741355
11703164426,1716.9430491597382
11703164428,9360.584395388301
11703164429,368.87282309565177
11703164501,386.6846978784726
11703164502,2739.790951546053
11703164503,3442.5918849234386
11703164504,23136.609244869014
11703164505,432.8442778667282
11703164506,1944.1486147816954
11703164507,1700.56596412739
11703164508,911.0970977496925
11703164509,661.9723672860229
11703164510,3788.2216708477445
11703164511,863.799581957801
11703164512,569.7073795044272
11703164513,893.5223040978634
11703164514,689.2691743199679
11703164515,644.9469729579067
11703164516,9396.820061399736
11703164517,581.1608500498745
11703164518,441.99912584535093
11703164519,912.9670679992045
11703164520,897.1938662144048
11703164521,20602.747641326874
11703164522,756.7963517331514
11703164523,535.7206354859646
11703164524,559.2909655879602
11703164525,1739.6818768462517
11703164526,680.9589102383766
11703164527,1888.709115268982
11703164528,559.8646263863924
11703164529,8455.17864094188
11703164530,3610.696590368173
11703164531,4790.412526224538
11703164532,8429.214669986815
11703164533,952.9075122892855
11703164534,3858.080729041242
11703164535,2846.2635186027846
11703164536,1141.6002412780501
11703164601,541.7960628657196
11703164602,1411.3475731180306
11703164603,468.3968509409213
11703164604,7631.589602510577
11703164605,515.7806784073107
11703164606,2921.180062112228
11703164607,2258.537273650331
11703164608,1654.2837630764357
11703164609,673.6102352188697
11703164610,4083.47118112629
11703164611,408.0316954386303
11703164612,2375.97513769143
11703164613,2784.064915249641
11703164614,495.0580071992718
11703164615,497.0922443038048
11703164616,431.07296097210536
11703164617,1170.8945212244316
11703164618,535.7206354859646
11703164619,458.89093297356965
11703164620,3558.0743328227345
11703164621,444.99255182056135
11703164701,840.2178974556716
11703164702,620.3052801520245
11703164703,422.3245157237809
11703164704,581.4087859165284
11703164705,674.9927784217145
11703164706,1074.4125242504135
11703164707,564.1373316416823
11703164708,558.6217423208291
11703164709,612.3543390292886
11703164710,414.2833913503543
11703164711,524.7580878646512
11703164712,8554.714046366445
11703164713,714.8776148650833
11703164714,739.918849135278
11703164715,453.7451618438149
11703164716,1628.7056794867076
11703164717,1966.1601720778333
11703164718,460.81448876855353
11703164719,600.2861097518922
11703164720,474.39696346340264
11703164721,679.1574568427951
11703164722,1420.4254611894587
11703164723,506.5662693677139
11703164724,622.2159668420285
11703164725,688.6814359984634
11703164726,683.0564244267345
11703164727,584.4972299902976
11703164728,2094.159300680057
11703164729,497.0922443038048
11703164730,468.1165354029384
11703164731,693.6413068898092
11703164732,598.0846222991528
11703164733,605.4877067806657
11703164801,1008.9683350851642
11703164802,568.5404854422625
11703164803,694.352769885671
11703164804,557.0021943438577
11703164805,589.3106005476395
11703164806,500.15928355121565
11703164807,626.9645173061124
11703164808,474.1946617006432
11703164809,471.0047956864066
11703164810,486.5049606366532
11703164811,2210.7905448269908
11703164812,441.09380817879793
11703164813,568.2002382101948
11703164814,582.7023691426161
11703164815,594.7730389302238
11703164816,608.3397746897214
11703164817,551.321159890568
11703164818,15917.032202590755
11703164819,565.8750077914618
11703164820,569.366433936032
11703164821,639.67917569141
11703164822,488.2117036764002
11703164823,709.0386381687592
11703164824,443.62607877707774
11703164825,717.079606670425
11703164826,506.5662693677139
11703164827,483.14912443890057
11801133901,604.6093591479221
11801133902,535.0796154516559
11801133903,508.0391690889127
11801133904,718.121345713127
11801133905,583.3000428525414
11801133906,538.7034262830357
11801133907,500.6722934004694
11801133908,518.1210142390471
11801133909,356.1756964456711
11801133910,585.9467453136656
11801133911,660.7845917173903
11801133912,615.9204974254716
11801133913,496.2857190353117
11801133914,485.42493301051866
11801133915,482.4482466424393
11801133916,356.1756964456711
11801133917,498.83612935477635
11801133918,441.09380817879793
11801133919,559.2909655879602
11801133920,458.61630632205873
11801133921,535.6284428390286
11801133922,547.9403896221311
11801133923,727.1353767397578
11801133924,492.0222496161184
11801133925,441.81063981111566
11801133926,467.63688354996845
11801133927,542.5831583382717
11801133928,492.7370360673513
11801133929,514.1083421929518
11801133930,508.86479515780536
11801133931,445.8291350732305
11801133932,491.22395034365235
11801133933,655.6130666343441
11801133934,665.3742406262602
11801133936,545.6041583598018
11801133937,523.773397108768
11801133938,530.482877141825
11801133939,567.9579349944432
11801133940,694.9453482683203
11801133941,450.0390625465585
11801133942,503.4599416823929
11801133943,756.3676968940616
11801133944,541.7960628657196
11801133945,554.9594461908092
11801133946,453.9387394048848
11801133947,508.64779493859095
11801133948,585.0967446763339
11801133949,607.352751846901
11801134001,507.6059651975691
11801134002,466.20087480578746
11801134003,599.0565832927496
11801134004,635.7565830251953
11801134005,597.4717996884931
11801134006,549.0650032660881
11801134007,554.3908114459172
11801134009,546.4908321516
11801134010,946.4749334316774
11801134012,708.3121274157643
11801134013,1359.200172210842
11801134014,640.3352901099253
11801134015,585.3463596812946
11801134016,465.2459862925649
11801134017,559.8646263863924
11801134018,714.7545909321144
11801134019,457.95101693222546
11801134020,470.80394047911426
11801134021,496.58290272314036
11801134022,545.6041583598018
11801134023,472.7385154799333
11801134024,534.303404955063
11801134025,611.1000940118277
11801134026,621.2064300699942
11801134027,568.783037186714
11801134028,523.6832604728507
11801134029,646.8222304989263
11801134030,674.0136036136939
11801134031,633.42501126668
11801134032,552.9241896061225
11801134033,643.9005554438752
11801134034,374.23599201076996
11801134035,400.5713268641109
11801134036,530.9356047739353
11801134037,461.44595057241816
11801134038,556.3357097209457
11801134039,600.1828059743053
11801134040,516.2208588076319
11801134041,438.2020192914593
11801134042,711.8296201119692
11801134043,647.2095578155438
11801134044,478.30365156946107
11801134045,429.932572267867
11801134046,361.4786611387725
11801134047,529.7133348800572
11801134048,444.72624275739963
11801134049,465.2459862925649
11801134050,693.8719942851883
11801134051,567.9579349944432
11801134101,459.8327781342561
11801134102,474.0314665707266
11801134103,645.4973871719855
11801134104,507.08585081712783
11801134105,3091.7525310433425
11801134107,528.85388234477
11801134108,1059.9523069215718
11801134109,559.2909655879602
11801134110,605.0212116459452
11801134111,2526.1319385315505
11801134112,569.1236334079675
11801134113,470.80394047911426
11801134114,3252.8208665501984
11801134115,560.9171684307037
11801134116,2521.0758001728295
11801134118,461.91925242910094
11801134119,493.5377942900199
11801134120,514.7242388513822
11801134121,836.9164017569376
11801134122,501.44092282212546
11801134123,528.3119964564651
11801134124,605.6417776351997
11801134125,525.2963285339811
11801134126,636.2991539258483
11801134127,673.6102352188697
11801134128,681.9481748565203
11801134129,544.0223507716695
11801134130,506.78238156281924
11801134131,595.993773680404
11801134132,495.9887131992447
11801134133,646.8222304989263
11801134134,548.6419787359439
11801134135,630.455336715401
11801134136,372.3226275213656
11801134137,491.22395034365235
11801134138,698.2762735860169
11801134139,520.7836360529799
11801134140,471.28684076003753
11801134141,492.7370360673513
11801134142,12365.917094505081
11801134143,2683.9163672693794
11801134201,383.4919010923177
11801134401,734.0620807134814
11801134402,520.7836360529799
11801134403,569.7073795044272
11801134404,552.4527123556869
11801134405,556.0984660127637
11801134406,593.5548045305446
11801134407,591.3780034460963
11801134408,568.5404854422625
11801134409,566.8412842982547
11801134410,474.6810398204069
11801134411,516.839286239864
11801134412,757.76536239892
11801134413,512.8365407436908
11801134414,569.6093380480858
11801134415,508.86479515780536
11801134416,572.7808147075841
11801134417,518.0318503267912
11801134418,639.3489836235674
11801134419,540.6863377131119
11801134420,499.0489437039177
11801134421,572.0954500731568
11801134422,660.1075240860185
11801134423,532.0253171523258
11801134424,734.3752475727839
11801134501,1291.5941055661222
11801134502,818.6471239317304
11801134503,696.4362178719495
11801134504,520.5615531652215
11801134505,593.0975030438212
11801134506,933.1767477473721
11801134507,573.8104014540348
11801134508,1037.0670941510728
11801134509,1026.3689923740965
11801134510,769.1974988601248
11801134511,641.6360103774933
11801134512,632.7759774099508
11801134513,471.7702363483724
11801134514,448.7628105585546
11801134515,2540.241585210718
11801134516,583.3000428525414
11801134517,485.42493301051866
11801134518,537.9219589238677
11801134519,618.0303744546605
11801134520,742.0939760869336
11801134521,522.0751457845664
11801134522,9008.48919268714
11801134523,535.0796154516559
11801134524,590.7720527186467
11801134525,461.91925242910094
11801134526,524.8484095004196
11801134527,519.1844254656513
11801134528,604.5053113784506
11801134529,577.3507886598278
11801134530,731.1022581148104
11801134531,530.2566581112983
11801134532,408.2760312301927
11801134533,534.6233542306792
11801134534,512.2229028227913
11801134535,713.1091502983497
11801134536,1576.4413351614542
11801134537,569.9504290712812
11801134601,936.5436850308598
11801134602,455.0644781165099
11801134603,525.6108842306879
11801134604,489.0051076779389
11801134605,510.1267469349181
11801134606,616.921443907515
11801134608,530.074169122706
11801134609,653.594944488452
11801134610,1486.9881814157666
11801134611,357.27280166833674
11801134612,713.3774007160888
11801134613,537.0491880099761
11801134614,494.29547086687637
11801134615,487.7114614704537
11801134616,738.0739881764957
11801134617,600.6950173053219
11801134618,707.3428436824856
11801134619,365.953039791725
11801134620,719.2883811303212
11801134621,540.0393759352883
11801134622,789.1122488895869
11801134623,478.7942442511499
11801134624,544.2544425462726
11801134625,674.8766183061929
11801134626,572.4380298193029
11801134627,551.2262825353284
11801134628,628.7874887879963
11801134629,364.7364695805867
11801134630,653.4286746977358
11801134631,522.7005865941178
11801134632,666.5671875989348
11801134701,938.3501901814715
11801134702,559.7682787783044
11801134703,448.19737990111014
11801134704,634.99586432282
11801134705,708.3121274157643
11801134706,671.5417281742564
11801134707,501.699892210438
11801134708,595.0267820529023
11801134709,497.516475517292
11801134710,522.7005865941178
11801134711,474.1130571139817
11801134712,521.3178001551199
11801134713,563.2220266493326
11801134714,642.7452060876465
11801134715,529.3052197511275
11801134716,581.4087859165284
11801134717,461.64281345755484
11801164901,538.0588371708674
11801164902,553.160079098906
11801164903,603.6283888525533
11801164904,607.9757092804941
11801164905,636.9518014798796
11801164906,659.4311502065647
11801164907,617.5542158810612
11801164908,481.95390991651067
11801164909,567.8601946015834
11801164910,584.1474333271793
11801164911,500.2865528043431
11801164912,464.76927572471453
11801164913,508.43088725691325
11801164914,457.6769527803779
11801164915,548.7364112794662
11801164916,499.1348402683847
11801164917,627.8753414461255
11801164918,502.7709861881384
11801164919,480.47393677222345
11801164920,588.6054570897273
11801164921,489.9244342641461
11801164922,517.5901256979523
11801164923,559.6719477507633
11801164924,479.57234372406697
11801164925,441.54623498658185
11801164926,754.9584450701086
11801164927,662.3092977415979
11801164928,553.7274514903106
11801164929,521.3607164718791
11801164930,584.8953823520116
11801164931,547.8460940666937
11801164932,586.3458850674824
11801164933,548.7364112794662
11801164934,561.8287277452666
11801164935,441.7346082199642
11801165001,720.3333289751846
11801165002,526.5019780538591
11801165003,532.1168896273899
11801165004,698.8146720389111
11801165005,549.6281753670959
11801165006,528.628357982516
11801165007,589.9150522739052
11801165008,2589.742780527864
11801165009,507.3021846769869
11801165010,554.7227893762193
11801165011,502.7296001031902
11801165012,6508.801552525955
11801165013,483.5216514041653
11801165014,5857.211309602121
11801165015,509.16951139410037
11801165016,702.4645057452464
11801165017,613.243938199312
11801165018,1062.8390295201082
11801165019,981.7512673018904
11801165020,598.2368093837279
11801165021,1004.2069614105818
11801165022,594.9243833577581
11802156401,469.35820640828877
11802156402,594.0613593558971
11802156403,907.7557430251059
11802156404,726.829546233828
11802156405,488.50405251694656
11802156406,589.4605550170618
11802156407,537.9219589238677
11802156408,480.0642376943504
11802156409,515.4720056695276
11802156410,652.9586186858858
11802156411,512.3110668959731
11802156412,581.6568275580188
11802156413,489.0051076779389
11802156414,908.1430113809106
11802156415,488.2117036764002
11802156416,607.6118617488856
11802156417,419.7347690021525
11802156418,1320.3739162287873
11802156419,469.0773155400608
11802156420,535.9491855681534
11802156421,1227.6501397367715
11802156422,537.2783048815854
11802156423,448.8484996723834
11802156424,475.85821809538965
11802156425,478.0996838392708
11802156426,580.8130500678516
11802156427,345.8020124601822
11802156428,426.6763169946988
11802156501,503.8896072514087
11802156502,596.859605001606
11802156503,521.0058136861306
11802156504,495.0580071992718
11802156505,561.0598979799498
11802156506,496.58290272314036
11802156507,523.4599410697344
11802156508,640.7714786750109
11802156509,478.5900673126979
11802156510,624.1839192072217
11802156511,646.8222304989263
11802156512,567.180717767364
11802156513,520.0281639454934
11802156514,609.7763741248517
11802156515,823.7716628780237
11802156516,593.5548045305446
11802156517,541.7028246930113
11802156518,518.9630245449922
11802156519,443.17152087403787
11802156520,526.1499996072351
11802156521,605.0212116459452
11802156522,512.6178468139436
11802156523,545.698068032096
11802156524,462.1958569366471
11802156525,478.0996838392708
11802156526,498.112495285184
11802156527,578.6829780549568
11802156528,547.0513639434521
11802156529,535.9491855681534
11802156530,590.0651605505695
11802156531,459.0867058325928
11802156532,579.9704965991679
11802156533,503.97633699341054
11802156601,835.7782425643816
11802156602,585.3463596812946
11802156603,651.5927653571066
11802156604,628.5193487551139
11802156605,530.7091926823124
11802156606,540.5932905140047
11802156607,586.1967229473967
11802156608,515.6919172455576
11802156609,498.32500091628305
11802156610,539.4860289207011
11802156611,658.4745497946075
11802156612,561.6353731598592
11802156613,639.1863379014758
11802156614,534.303404955063
11802156615,518.6524473087734
11802156616,509.9092085691958
11802156617,592.5917700966442
11802156618,502.2144822511268
11802156619,654.8285885264849
11802156620,463.0647822968225
11802156621,587.3998553412766
11802156701,577.8435145643009
11802156702,485.50848460315956
11802156703,897.8763216335185
11802156704,541.2854723184643
11802156705,641.8128110548453
11802156706,573.8104014540348
11802156707,671.9991741831385
11802156708,539.3931882838156
11802156709,536.1778331547808
11802156710,529.9393221170684
11802156711,719.0408364608274
11802156712,556.6688522869
11802156713,537.0491880099761
11802156714,742.2590736341722
11802156715,562.4049915084435
11802156716,557.6194085521917
11802156717,551.791671445238
11802156718,550.0972420855468
11802156719,637.223538980613
11802156720,1115.6287369581762
11802156721,529.5310328773427
11802156722,471.6890489832541
11802156723,565.5363557340836
11802156724,488.92095434828195
11802156725,477.8135615696278
11802156801,744.9912522864275
11802156802,520.0281639454934
11802156803,1382.1202631172769
11802156804,586.6969981980532
11802156805,570.4368393199285
11802156806,545.0451094355417
11802156807,496.58290272314036
11802156808,553.4913200473378
11802156809,556.5730546424563
11802156810,556.9063393342796
11802156811,599.312153868677
11802156812,522.9235820400892
11802156813,574.8891614694545
11802156814,544.7189231839268
11802156815,639.0237335552706
11802156816,620.9415229025386
11802156817,445.18239532770934
11802156818,463.61952928038033
11802156819,1084.8340863170629
11802156820,687.9757840893761
11802156821,356.1756964456711
11802156901,3488.3257485570834
11802156902,544.8126804890813
11802156903,471.406763205156
11802156904,558.0493550335848
11802156905,518.6524473087734
11802156906,457.0130260589365
11802156907,447.92915288502894
11802156908,438.2020192914593
11802156909,474.88354908265705
11802156910,545.37149101261
11802156911,541.240915875961
11802156912,559.1947167016765
11802156913,498.112495285184
11802156914,793.7502299782848
11802156915,574.7902282755845
11802156916,491.22395034365235
11802156917,435.96161430424087
11802156918,494.97281222068153
11802156919,599.0565832927496
11802156920,522.9235820400892
11802156921,611.1000940118277
11802156922,573.3683119491074
11802156923,551.8866461155111
11802156924,592.5917700966442
11802156925,551.4614476640033
11802156926,609.2235416921965
11802156927,570.2917243451411
11802156928,576.5607178616826
11802156929,519.1844254656513
11802156930,523.1466726207709
11802156931,628.7874887879963
11802156932,591.9845756929329
11802156933,719.5986201245237
11802156934,596.6050802902121
11802156935,550.5667091175118
11802156936,537.9219589238677
11802156937,465.6430390963385
11802156938,864.8661973705018
11802156939,440.94200478001363
11802156940,532.9816449504137
11802157001,1363.9634225961286
11802157002,415.8083255384802
11802157003,598.3397782153667
11802157004,549.2992463459909
11802157005,2297.966650194398
11802157006,649.8689990886285
11802157007,705.4135209142737
11802157008,865.4575158297911
11802157009,674.3566628133714
11802157010,491.0144728833865
11802157011,637.9869264149767
11802157012,483.7279322637186
11802157013,460.776556373683
11802157014,531.7984403639363
11802157015,985.4156895056663
11802157017,557.8113805587791
11802157018,518.1210142390471
11802157019,1611.7718757508133
11802157020,522.9235820400892
11802157021,929.6375230505088
11802157022,459.8327781342561
11802157023,517.9000667992954
11802157024,654.8285885264849
11802157025,502.6430849132642
11802157026,523.9968502390528
11802157027,582.2534288633155
11802157028,13223.644417489775
11802157029,469.47763809803905
11802157030,505.5287030782754
11802165101,487.7114614704537
11802165102,520.4719692584234
11802165103,680.841723405854
11802165104,595.2806334279181
11802165105,628.3054223571988
11802165106,539.0260103605706
11802165107,625.9472760768422
11802165108,537.8293874491974
11802165109,634.6158463808392
11802165110,620.5699158844753
11802165111,509.9092085691958
11802165112,464.4911311357806
11802165113,534.0755566992871
11802165114,555.4330627519033
11802165115,627.4995848333933
11802165116,558.3835237572831
11802165117,564.1373316416823
11802165118,500.15928355121565
11802165119,528.0867031759399
11802165120,633.8043161178797
11802165121,472.7385154799333
11802165122,559.1947167016765
11802165123,550.7562530865487
11802165124,686.1557677951597
11802165125,463.14448524866077
11802165126,556.6688522869
11802165127,496.2857190353117
11802165128,458.4207340601251
11802165129,630.455336715401
11802165130,666.2261933800202
11802165131,650.1462473469836
11802165132,643.2407879048345
11802165133,523.6832604728507
11802165134,548.9705141748758
11802165135,471.1246463630568
11802165136,472.94019601902386
11802165137,532.1168896273899
11802165138,479.7769397230141
11802165139,700.1284393119934
11802165140,585.0967446763339
11802165141,583.5488913454014
11802165142,597.7266941612446
11802165143,519.4059208407613
11802165144,565.8750077914618
11802165201,611.777254110241
11802165202,590.2153070234029
11802165203,542.2584454593855
11802165204,603.5741936986057
11802165205,448.65709279230407
11802165206,350.95052731164276
11802165207,539.2559705876175
11802165208,350.95052731164276
11802165209,588.1519688042883
11802165210,667.9933468231534
11802165211,516.3097110110821
11802165212,461.1697948518468
11802165213,587.5009589107336
11802165214,640.7714786750109
11802165215,477.8135615696278
11802165216,533.7998755154184
11802165217,528.4464293769737
11802165218,554.059032190247
11802165219,380.7839361495244
11802165220,549.4390196284727
11802165221,472.172857113727
11802165222,552.6884007060149
11802165223,585.6442890592915
11802165224,539.2559705876175
11802165225,1051.9778310807494
11802165226,542.5831583382717
11802165227,595.0267820529023
11802165301,532.1168896273899
11802165302,649.6453452512883
11802165303,580.9130199129496
11802165304,659.0365087881568
11802165305,532.3439022731653
11802165306,664.4637148805905
11802165307,649.8689990886285
11802165308,593.199587295373
11802165309,667.7893898483657
11802165310,734.0620807134814
11802165311,491.5585660884742
11802165312,520.6940139277366
11802165313,857.6019009313281
11802165314,522.0751457845664
11802165315,571.9499131598812
11802165316,523.773397108768
11802165317,631.7493071673048
11802165318,546.1637806965998
11802165319,485.50848460315956
11802165320,587.5009589107336
11802165321,1090.3771644979647
11802165322,603.8859098602303
11802165323,504.19134426699884
11802165324,489.9244342641461
11802165325,529.8917429380978
11802165326,616.921443907515
11802165327,486.5049606366532
11802165328,594.4170926337222
11802165329,627.607590389205
11802165401,536.4065782874453
11802165402,465.04758687099945
11802165403,453.00896661510825
11802165404,485.2179284822471
11802165405,563.3189687183054
11802165406,467.35702282005565
11802165407,496.0740830352408
11802165408,550.6614729466302
11802165409,457.1293164256434
11802165410,506.5662693677139
11802165411,493.4528609262397
11802165412,523.5931393486285
11802165413,625.0392488749567
11802165414,489.63123538570346
11802165415,473.22340004078893
11802165416,561.7320421332054
11901135401,541.240915875961
11901135402,569.6093380480858
11901135403,708.248533513461
11901135404,546.0697908793938
11901135405,523.906675148885
11901135406,620.3563453906987
11901135407,464.76927572471453
11901135408,534.8514361888044
11901135409,588.7067681679861
11901135410,1023.5550455984067
11901135411,544.4866333362778
11901135412,785.1133588622055
11901135413,718.4277119079536
11901135414,660.898326305946
11901135415,1950.7279398058065
11901135416,345.8020124601822
11901135417,532.4355295832661
11901135418,643.2407879048345
11901135419,746.5203005968245
11901135420,590.6703862237084
11901135421,767.2081267061392
11901135422,839.2062628687796
11901135423,362.0661083754094
11901135424,517.2803700831388
11901135425,507.3895017935946
11901135426,584.0949872185106
11901135427,714.0222233739715
11901135428,521.0058136861306
11901135429,493.95899204511045
11901135430,426.23912652910514
11901135431,545.2776375412494
11901135432,508.3433909273427
11901135433,501.91392830313964
11901135434,523.0566438384355
11901135435,728.5623590854045
11901135436,522.8335916496125
11901135437,361.4786611387725
11901135438,482.65406956415995
11901135439,668.1633227031191
11901135440,484.2240885918557
11901135441,583.1996622225146
11901135442,525.6108842306879
11901135443,593.7058389692668
11901135444,618.2940396628313
11901135445,707.0994100958302
11901135446,597.9280091966083
11901135447,594.0080231520022
11901135448,547.1905652355227
11901135449,466.6790537547174
11901135450,689.0319608261517
11901135451,597.1142382987803
11901135452,552.2625845464818
11901135453,481.95390991651067
11901135454,529.0320009382115
11901135501,459.12107085358474
11901135502,2394.3799911745514
11901135601,475.3244046623723
11901135602,434.7302201506118
11901135603,557.7153862956155
11901135604,700.217475221229
11901135605,372.3226275213656
11901135606,647.873396093888
11901135607,527.2298898280205
11901135608,665.3742406262602
11901135609,658.1937500163314
11901135610,780.0304040166012
11901135611,712.8637322246618
11901135612,699.5314413189164
11901135613,723.7263616468415
11901135614,619.5630498072773
11901135615,659.2633957276458
11901135616,535.0796154516559
11901135617,606.9347802264714
11901135618,636.8421878703613
11901135619,839.9287346286542
11901135620,377.8659977397483
11901135621,572.7808147075841
11901135622,402.52442955047906
11901135623,780.696101879815
11901135624,606.4716986961088
11901135625,592.5917700966442
11901135626,1082.3639670188697
11901135627,514.7242388513822
11901135628,702.5846102401601
11901135629,484.7207538240389
11901135801,619.0857103912147
11901135802,474.88354908265705
11901135803,622.7469818350997
11901135804,736.3231652022553
11901135805,494.0440125244433
11901135806,353.11587801565946
11901135807,480.7616521163468
11901135808,633.8043161178797
11901135809,837.933676896392
11901135810,715.0595207960802
11901135811,548.174152917378
11901135812,533.6640807172262
11901135813,518.3420559397844
11901135814,612.6155827172166
11901135815,994.2537467837867
11901135816,1559.656855066063
11901135817,362.59210074449254
11901135818,575.1344216972673
11901135819,565.7776258514211
11901135820,628.7874887879963
11901135821,620.5699158844753
11901135822,808.0613639599896
11901135823,726.0153723457861
11901135824,475.16791681477736
11901135825,378.83709384381916
11901135826,465.524582900629
11901135827,599.2090177000351
11901135828,577.8435145643009
11901135829,548.174152917378
11901135830,562.2114386006011
11901135831,567.6647642736663
11901135832,500.15928355121565
11901135833,514.6356594932644
11901135834,591.9845756929329
11901135835,345.8020124601822
11901135836,514.7242388513822
11901135837,450.0390625465585
11901135838,648.0382523026068
11901135839,584.4972299902976
11901135840,529.622176034896
11901135841,506.3502493314574
11901135842,641.265538670786
11901136001,747.4761536897133
11901136002,669.7651876101999
11901136003,712.5597387324112
11901136004,576.2156708625776
11901136005,572.5365581515478
11901136006,565.9215921802415
11901136007,608.7541683011698
11901136008,615.132874289226
11901136009,639.8419468197461
11901136010,579.8706889537557
11901136011,554.059032190247
11901136012,514.5470953788481
11901136013,569.0256924090173
11901136014,658.0804808607473
11901136015,513.5815652040816
11901136016,779.3652737925032
11901136017,746.71025824477
11901136018,777.4372796259706
11901136019,1910.17515247856
11901136020,447.0116891350829
11901136021,520.7836360529799
11901136022,605.1751637973193
11901136023,550.5667091175118
11901136024,600.9018189805327
11901136025,465.524582900629
11901136026,659.5446518400615
11901136027,721.9360070463208
11901136028,2816.5220820744626
11901136029,712.9864307020425
11901136030,579.6234089929167
11901136031,494.0846835879062
11901136032,676.145382185909
11901136033,692.9876168415454
11901136034,479.0809537689948
11901136035,711.281194354
11901136101,531.5716603248474
11901136102,345.8020124601822
11901136103,504.40644326736975
11901136104,746.9673286845994
11901136105,551.791671445238
11901136106,600.7984092449902
11901136107,680.4342686725549
11901136108,722.6116081483767
11901136109,563.7026947075581
11901136110,526.6896679506215
11901136111,608.926675234065
11901136112,654.7158984845736
11901136113,775.3805960196968
11901136114,646.4351349811881
11901136115,630.1864854457233
11901136116,552.9241896061225
11901136117,1484.1388347759469
11901136118,809.5605189379423
11901136119,977.0933280971868
11901136120,576.314849404369
11901136122,721.2556519714399
11901136123,754.0798786359878
11901136124,664.1803610837447
11901136125,526.1499996072351
11901136126,667.7084878506449
11901136127,661.5762050575762
11901136128,539.8090816329947
11901136129,576.6599557931436
11901136130,549.5335893590886
11901136131,508.64779493859095
11901136132,653.6536310244334
11901136133,578.0900351834407
11901136134,737.0784066791306
11901136135,531.5716603248474
11901136136,570.9236646835014
11901136137,627.2319940140602
11901136138,559.8646263863924
11901136139,497.3043146736311
11901136140,628.7874887879963
11901136141,537.5075194994381
11901136142,760.0994585906005
11901136143,479.20285948419144
11901136144,513.5815652040816
11901136145,560.6779710060265
11901136146,599.3614908953915
11901136147,361.32451223821016
11901136148,576.314849404369
11901157101,490.5113588424551
11901157102,886.5205350995606
11901157103,591.9845756929329
11901157104,579.7231740763725
11901157106,577.2514318423167
11901157107,567.6180363939721
11901157108,3695.877244188837
11901157109,542.5831583382717
11901157110,715.0595207960802
11901157111,1274.2943458481366
11901157112,479.0809537689948
11901157113,571.3638692692996
11901157114,507.3895017935946
11901157116,585.9467453136656
11901157117,472.94019601902386
11901157118,531.8899737888487
11901157119,549.5335893590886
11901157120,444.0811029169529
11901157121,350.95052731164276
11901157122,568.4426447977712
11901157123,496.2857190353117
11901157124,731.4301920626906
11901157125,728.9386254408083
11901157126,1755.1139352079397
11901157127,562.3082067266319
11901157128,557.8113805587791
11901157129,506.78238156281924
11901157130,597.3689802280607
11901157131,668.6785028872839
11901157132,542.9080656603329
11901157133,490.63617310931613
11901157134,457.95101693222546
11901157135,466.95850850609895
11901157136,495.56578470535334
11901157137,575.577872942228
11901157138,9917.20580690455
11901157139,8554.714046366445
11901157140,456.0769564105074
11901157141,4822.567845135661
11901157142,2590.4914391016455
11901157143,727.0250725653192
11901157144,1772.932670531735
11901157145,726.5751587341176
11901157201,511.5678854774287
11901157202,345.8020124601822
11901157203,436.85639846137553
11901157204,415.6310083048028
11901157205,702.947460375582
11901157206,419.48357564475344
11901157207,719.2883811303212
11901157208,2995.368250917012
11901157209,614.5025833239185
11901157210,548.9705141748758
11901157211,553.205616759746
11901157212,724.4686826711625
11901157213,549.204716943675
11901157214,667.1391342794645
11901157215,776.9960023832605
11901157216,637.9869264149767
11901157217,612.6155827172166
11901157218,361.32451223821016
11901157219,791.2976701273958
11901157220,359.8458737400342
11901157221,686.330365238351
11901157222,539.7161854016764
11901157223,597.2170139128984
11901157224,679.1574568427951
11901157225,1262.880862202834
11901157226,572.4380298193029
11901157227,576.0690857951597
11901157228,4168.177593593967
11901157229,608.8589473861107
11901157230,557.4775542383834
11901157231,485.92282994035145
11901157232,481.0495397489393
11901157233,361.4786611387725
11901157234,675.685113753465
11901157235,519.4953212587502
11901157236,594.6706839019629
11901157237,674.5888240325293
11901157238,374.23599201076996
11901157239,391.6029244673669
11901157240,480.5566361968092
11901157242,680.4342686725549
11901157243,547.0513639434521
11901157244,715.6108597922445
11901157245,884.0206333446204
11901157246,653.48734630429
11901165501,389.2015663835687
11901165502,716.4019356776067
11901165503,571.0219323624294
11901165504,738.6520172274786
11901165505,644.175257434278
11901165506,517.8109409100839
11901165507,547.0513639434521
11901165508,608.5993056771323
11901165509,665.827485418084
11901165510,569.0725361708306
11901165511,596.0428375289238
11901165512,728.0010416679777
11901165513,442.641241088833
11901165514,676.3859889963799
11901165515,747.7950432844839
11901165516,574.0552014593476
11901165517,520.2500192778018
11901165518,561.6353731598592
11901165519,1044.3775644913726
11901165520,1512.102299241328
11901165521,828.1705667209925
11901165522,606.9892771287477
11901165523,4359.835817939244
11901165524,775.7113902568589
11901165525,455.53123454190654
11901165526,740.8662496545503
11901165527,2219.503984851455
11901165528,758.4120587071266
11901165529,683.8133193448001
11901165530,531.5716603248474
11901165531,473.9108764201995
11901165601,491.5181029648414
11901165602,687.0343294529287
11901165603,530.1654057651532
11901165604,649.5918690599738
11901165605,581.3087307546119
11901165606,539.3931882838156
11901165607,655.6130666343441
11901165608,638.0940333089859
11901165609,720.6406388502111
11901165610,568.2002382101948
11901165611,512.6600469265884
11901165612,572.8794020401433
11901165613,602.1351326714077
11901165614,545.0451094355417
11901165615,448.5798829888892
11901165616,775.0499428463739
11901165617,514.1968307889409
11901165618,802.3418499059942
11901165619,600.4388570213384
11901165620,805.0131873825818
11901165621,626.589305782781
11901165622,905.0427267377468
11901165623,668.7935961799476
11901165624,566.3579399715312
11901165625,840.4993744892022
11901165626,562.1651596167383
11901165627,468.1165354029384
11901165701,546.1637806965998
11901165702,586.7979807913716
11901165703,696.7886787725621
11901165704,690.3273366624946
11901165705,575.7717282292315
11901165706,346.8671642873963
11901165707,670.9088648480083
11901165708,703.547373686542
11901165709,356.7545257131445
11901165710,606.3673304349462
11901165711,500.3726623867344
11901165712,579.7708984843322
11901165713,617.3971145890514
11901165714,488.50405251694656
11901165715,582.6020913667966
11901165716,528.3119964564651
11901165717,661.7445480480467
11901165718,541.7028246930113
11901165719,533.5283204642409
11901165720,516.529979970443
11901165721,558.6217423208291
11901165722,567.3250411233678
11901165723,350.95052731164276
11901165724,501.39964622264273
11901165725,862.1460624602664
11901165726,547.3789468972487
11901165727,527.9958242592945
11901165728,544.1607813087886
11901165801,733.6227758662034
11901165802,619.8273688881092
11901165803,651.3685182818356
11901165804,668.1083221863981
11901165805,562.3082067266319
11901165806,576.7592108054891
11901165807,531.2535373578775
11901165808,710.371626435102
11901165809,345.8020124601822
11901165810,670.8536383293039
11901165811,545.698068032096
11901165812,667.235713618106
11901165813,639.0237335552706
11901165814,555.7656647986672
11901165815,672.5173119595643
11901165816,665.5435500551549
11901165817,508.56026128118145
11901165818,610.8897825779596
11901165819,661.066496805121
11901165820,819.0480843602161
11901165821,557.4775542383834
11901165822,569.1236334079675
11901165823,808.4941778627538
11901165824,607.7164442194271
11901165825,726.0605798709836
11901165826,496.58290272314036
11901165827,620.4631214484114
11901165828,728.37701813075
11901165829,470.3215349980902
11901165830,514.0198688250449
11901165831,516.750342901335
11901165832,608.1304132257856
11901165833,628.5193487551139
11902136201,452.8157855461933
11902136202,459.8327781342561
11902136203,670.6227625824741
11902136204,984.4421413315569
11902136206,733.7741188210662
11902136207,644.7250130466247
11902136208,514.9438314138142
11902136209,608.1304132257856
11902136210,525.0723212543871
11902136212,664.5780827217437
11902136213,607.2482319645072
11902136214,576.8066912118311
11902136215,533.5283204642409
11902136216,583.7978460024439
11902136217,598.5950429866479
11902136218,797.2322758425497
11902136219,951.7674871632937
11902136220,571.2655427461417
11902136221,602.9061133512913
11902136222,548.5475624434038
11902136223,614.8705571278952
11902136224,572.2924057562365
11902136225,617.7668216838375
11902136226,603.2671430068066
11902136227,678.0555332933808
11902136228,670.0509240155866
11902136229,597.0114803714101
11902136230,651.0907487984643
11902136231,562.9818463412969
11902136233,533.2090265196304
11902136234,816.1186651219762
11902136235,1588.6160444709628
11902136236,474.88354908265705
11902136237,618.1736264083592
11902136238,588.3544522758068
11902136239,891.8317836222827
11902136240,571.3638692692996
11902136241,453.00896661510825
11902136242,443.62607877707774
11902136243,1082.4795475007186
11902136244,704.9977308585322
11902136245,629.5755765723457
11902136246,508.0391690889127
11902136247,488.50405251694656
11902136248,495.2692097192778
11902136249,432.32635521176684
11902136601,516.839286239864
11902136602,639.5690927256057
11902136603,573.1238048608438
11902136604,579.7231740763725
11902136605,539.4860289207011
11902136606,769.5079608267337
11902136607,609.0138760779133
11902136608,538.747773832409
11902136609,755.1784479077822
11902136610,557.239823602214
11902136611,538.9332488886937
11902136612,852.5808360151858
11902136613,1119.1239309391617
11902136614,928.2134950463446
11902136615,576.5607178616826
11902136616,578.9298568074918
11902136617,489.50667676767523
11902136618,620.5699158844753
11902136619,464.293053614524
11902136620,539.4860289207011
11902136621,723.2932422866019
11902136622,523.369858376749
11902136623,638.6938798160822
11902136624,675.164535359157
11902136625,499.3477820541037
11902136626,660.6708767015226
11902136627,549.0650032660881
11902136628,529.9393221170684
11902136629,666.9095368873286
11902136630,550.5667091175118
11902136631,535.9491855681534
11902136632,744.2783239634954
11902136633,489.1295386679779
11902136634,590.3168951898714
11902136635,573.1238048608438
11902136636,628.5193487551139
11902136637,842.6967793752062
11902136638,779.8215678423632
11902136639,579.2765291037945
11902136640,526.1499996072351
11902136641,627.700670182051
11902136642,637.3332182284839
11902136643,532.6626781677818
11902136644,391.6029244673669
11902136645,619.1922677465685
11902136646,491.0144728833865
11902136647,458.4207340601251
11902136648,466.6790537547174
11902136701,563.7026947075581
11902136702,3343.940641180823
11902136703,506.2631110607424
11902136704,1212.9703751313077
11902136705,422.0717725134227
11902136706,592.1352105752374
11902136707,721.9783354225723
11902136708,1139.2176858541998
11902136709,749.3009939499973
11902136710,516.529979970443
11902136711,641.0448457331648
11902136712,656.8996884954029
11902136713,704.9913610081629
11902136714,550.6614729466302
11902136715,698.6207240576674
11902136716,598.2368093837279
11902136717,630.6157607692425
11902136718,701.8647125551108
11902136719,620.6210029086924
11902136720,909.3806645908445
11902136721,1913.5880441875884
11902136722,614.8705571278952
11902136723,650.925116056882
11902136724,1199.9824899398147
11902136725,721.4391808414604
11902136726,869.9600940284953
11902136727,671.7126069662721
11902136728,645.0000667685844
11902157301,628.4111862939841
11902157302,1232.5531734819037
11902157303,712.4957634697321
11902157304,564.1373316416823
11902157305,711.4036204441377
11902157306,598.4427647700544
11902157307,554.3908114459172
11902157308,849.6002921307755
11902157309,1192.7734219376528
11902157310,659.5446518400615
11902157311,1465.3800366117289
11902157312,602.3920166234997
11902157313,644.4500766185288
11902157314,606.7304327216451
11902157315,623.0126592506284
11902157316,691.39228608339
11902157317,515.2521878725527
11902157318,694.2332780917717
11902157319,676.2617606817314
11902157320,3562.607890822506
11902157321,611.6216224352044
11902157322,1033.64990448655
11902157323,888.2690828187682
11902157324,539.0260103605706
11902157325,582.7023691426161
11902157326,497.3043146736311
11902157327,523.773397108768
11902157328,534.2114562006058
11902157329,547.0513639434521
11902157330,549.862658708473
11902157331,582.3536466271636
11902157401,539.6233051569551
11902157402,677.7663834037356
11902157403,617.1338318654605
11902157404,670.8536383293039
11902157405,539.8090816329947
11902157406,597.2170139128984
11902157407,638.9137633850947
11902157408,538.1514481385433
11902157409,517.3694046502227
11902157410,579.3762344821033
11902157411,545.1389228840435
11902157412,517.9000667992954
11902157413,739.0334943913307
11902157414,653.5998248871592
11902157415,516.2208588076319
11902157416,1017.1948396381115
11902157417,691.0974488710874
11902157418,474.1130571139817
11902157419,583.5488913454014
11902157420,464.57107959152495
11902157421,605.0212116459452
11902165901,504.7953604609766
11902165902,994.4750369065532
11902165903,593.199587295373
11902165904,537.0491880099761
11902165905,564.475145941447
11902165906,571.3638692692996
11902165907,563.5592928500841
11902165908,473.22340004078893
11902165909,541.240915875961
11902165910,560.4388755846592
11902165911,463.14448524866077
11902165912,512.8365407436908
11902165913,672.5173119595643
11902165914,2087.0200066726775
11902165915,699.1128015865711
11902165916,424.93024107900726
11902165917,482.24251149181146
11902165918,604.2475262332929
11902165919,431.6992032045168
11902165920,1306.6540615201347
11902165921,489.50667676767523
11902165922,548.5024082148567
11902165923,573.2224512290467
11902165924,661.8584478647865
11902165925,504.27812594413274
11902165926,532.4355295832661
11902165927,463.61952928038033
11902165928,590.1667228737499
11902165929,466.95850850609895
11902166001,548.174152917378
11902166002,1098.0207761630577
11902166003,598.6980734776413
11902166004,1136.1384369328453
11902166005,501.39964622264273
11902166006,492.0222496161184
11902166007,717.778920660089
11902166008,572.8794020401433
11902166009,519.5380875440284
11902166010,1065.6237031520488
11902166011,512.0925970492074
11902166012,640.5880461395034
11902166013,666.625140094549
11902166014,736.3231652022553
11902166015,576.7592108054891
11902166016,489.0051076779389
11902166017,1579.0196928843666
11902166018,519.4953212587502
11902166019,1738.8633365705462
11902166020,527.9958242592945
11902166021,444.72624275739963
11902166101,501.6135542238707
11902166102,585.5960811774481
11902166103,439.4761420885593
11902166104,941.0202374473038
11902166105,956.1646628588771
11902166106,597.4717996884931
11902166107,423.1913105824115
11902166108,549.7680323480163
11902166109,602.3920166234997
11902166110,644.175257434278
11902166111,522.9235820400892
11902166112,787.0641794279383
11902166113,676.3781592086818
11902166114,555.4330627519033
11902166115,1004.1214523810054
11902166116,600.5422048705657
11902166117,462.11631723510993
11902166118,505.0107171478013
11902166119,769.8811652518801
11902166120,633.2096789153528
11902166121,500.15928355121565
11902166122,528.628357982516
11902166123,748.0915320640607
11902166124,613.9785983114749
11902166125,630.1864854457233
11902166126,554.1543971198345
11902166127,595.0267820529023
11902166201,492.44215396668756
11902166202,476.4675123760401
11902166203,542.3517792658304
11902166204,726.4890479064386
11902166205,497.516475517292
11902166206,452.351811483828
11902166207,469.8396238099731
11902166208,511.17375042401306
11902166209,665.3742406262602
11902166210,551.8866461155111
11902166211,580.4654582292846
11902166212,472.8588073144911
11902166213,555.8613234747495
11902166214,595.5345931014551
11902166215,478.50770631672316
11902166216,495.48050234287444
11902166217,511.698057734247
11902166218,579.3762344821033
11902166219,651.4806321709206
11902166220,484.0175961514798
11902166221,630.9933833970965
11902166222,562.6449257176527
11902166223,592.5917700966442
11902166224,435.7007098720097
11902166225,684.340566291504
11902166226,557.4775542383834
11902166227,602.6490101678756
11902166228,857.8956943496752
11902166229,450.23105900501093
11902166230,476.34630251321306
11902166231,566.3579399715312
11902166232,510.6499803410583
11902166233,489.4224371225421
11902166234,618.8217075831097
11902166235,582.6020913667966
11902166236,728.37701813075
11902166237,454.51996773544107
11902166238,452.46691576978594
11902166239,688.3259497546115
11902166240,471.7702363483724
11902166241,469.35820640828877
11902166242,830.0682483301885
11902166243,558.8600625135986
11902166244,657.238944632607
11902166301,623.119892514468
11902166302,361.4786611387725
11902166303,656.1725835651025
11902166304,686.7413506469313
11902166305,647.098178939493
11902166306,548.174152917378
11902166307,813.0953951718482
11902166308,472.8588073144911
11902166309,645.8839211515984
11902166310,591.6302981727488
11902166311,471.6890489832541
11902166312,489.7155109693034
11902166313,571.9499131598812
11902166314,551.4614476640033
11903137001,479.28534013029235
11903137002,574.3001059016703
11903137003,524.2203986993061
11903137004,1009.2478906234985
11903137005,736.2685226092163
11903137006,544.8126804890813
11903137007,1458.0214920323854
11903137008,1166.530551402823
11903137009,1226.1260293441508
11903137010,609.1186998638923
11903137011,727.0102433575022
11903137012,678.3813365300158
11903137013,708.2814320949791
11903137014,567.3759814522668
11903137015,569.2684511533196
11903137016,787.316923334289
11903137017,554.059032190247
11903137018,667.593581295252
11903137019,905.4374401308316
11903137020,561.1564679022083
11903137021,543.5096621627297
11903137022,528.7628714035696
11903137023,544.7189231839268
11903137024,700.8465561138235
11903137025,651.7585679870238
11903137026,906.9269362448696
11903137027,497.6021083125355
11903137028,569.6093380480858
11903137029,529.7133348800572
11903137030,528.3119964564651
11903137101,462.11631723510993
11903137102,498.83612935477635
11903137103,464.015194024212
11903137104,569.2684511533196
11903137105,513.6699631309401
11903137106,517.5436552584204
11903137107,655.7798922598497
11903137108,759.9686523897931
11903137109,635.9183560206258
11903137110,623.3857290218083
11903137111,816.026239548157
11903137112,585.4953054201168
11903137113,508.952381231744
11903137114,636.3417408943496
11903137115,600.0795199743586
11903137116,501.39964622264273
11903137117,437.7530191074615
11903137118,548.5024082148567
11903137119,508.1266130556622
11903137120,602.3920166234997
11903137121,536.4989048674611
11903137122,527.5456033716164
11903137123,458.89093297356965
11903137124,439.28873195510107
11903137125,487.2117318336712
11903137126,1290.6553791895028
11903137127,567.8601946015834
11903137128,554.3908114459172
11903137129,524.8484095004196
11903137130,512.6178468139436
11903137131,766.6775585176696
11903137201,655.220710176112
11903137202,626.4814754644856
11903137203,575.1344216972673
11903137204,365.5780689450215
11903137205,480.7616521163468
11903137206,733.0826611841707
11903137207,581.6568275580188
11903137208,585.8459092102271
11903137209,360.2149651145485
11903137210,631.3712321513146
11903137211,540.9170062719418
11903137212,531.5716603248474
11903137213,703.4262995849892
11903137214,601.4146439356073
11903137215,504.19134426699884
11903137217,521.0058136861306
11903137219,733.3099298908103
11903137220,573.9564117824068
11903137221,625.0392488749567
11903137222,546.6748908899418
11903137223,689.914205194227
11903137224,556.5730546424563
11903137225,475.0861447397657
11903137226,563.6291079778911
11903137227,516.750342901335
11903137228,488.41998541432383
11903137229,541.3786386562647
11903137230,634.7250767912993
11903137231,624.9316853073508
11903137232,756.4057056689827
11903137233,517.9427017588339
11903137234,571.9969976515987
11903137235,548.0798171334039
11903137236,538.747773832409
11903137237,572.1939194403972
11903137238,707.3428436824856
11903137239,526.2838823915502
11903137240,504.1045775242024
11903137241,624.8241402504573
11903137242,471.4879019830993
11903137243,454.21056505581646
11903137244,479.0809537689948
11903137245,493.7483482541139
11903137246,523.5931393486285
11903137247,523.2367168989067
11903137248,679.5031341590241
11903137249,533.983647155442
11903137250,514.5470953788481
11903137251,433.28824318945885
11903137301,924.7712288196741
11903137302,711.5260676063178
11903137303,1286.1715360116061
11903137304,682.3565361406327
11903137305,623.9440812611784
11903137306,532.571011767476
11903137307,350.95052731164276
11903137308,490.04909918367935
11903137309,553.160079098906
11903137311,356.1756964456711
11903137312,531.4801816787852
11903137313,577.2514318423167
11903137314,448.3885906576648
11903137315,345.8020124601822
11903137317,553.5865872620152
11903137318,1377.9771584360342
11903137320,510.3443781072416
11903137321,570.0954572009448
11903137322,581.3087307546119
11903137323,666.9095368873286
11903137324,605.0212116459452
11903137325,688.8566761167311
11903137326,539.1631695416775
11903137327,532.9816449504137
11903137328,781.7247716049878
11903137329,418.87505394973596
11903137330,429.49204530642794
11903137331,406.6052543047085
11903137332,517.0597811275425
11903137333,657.5918969170116
11903137334,548.5024082148567
11903137401,553.5865872620152
11903137402,663.0481537146516
11903137403,515.2521878725527
11903137404,457.0130260589365
11903137405,477.8135615696278
11903137407,539.4860289207011
11903137408,711.5252997231465
11903137409,581.456649088696
11903137410,501.699892210438
11903137411,476.1431694746316
11903137412,454.13239955035516
11903137413,877.8997329829011
11903137414,554.3908114459172
11903137415,505.44170618819504
11903137416,676.5502686665784
11903137417,634.7250767912993
11903137418,662.140811082921
11903137419,523.369858376749
11903137421,617.7668216838375
11903137422,562.7417684557121
11903137423,487.50348187536326
11903137424,491.22395034365235
11903137425,559.529571285941
11903137426,494.0440125244433
11903137427,634.4544047343688
11903137428,495.0580071992718
11903137429,702.526776301525
11903137430,597.8295751915847
11903137431,457.95101693222546
11903137432,468.5966792314303
11903137433,620.9926405184685
11903137434,679.0560053925069
11903137435,490.1334466902137
11903137436,559.529571285941
11903137437,648.4263077921904
11903137438,494.55074998333913
11903137439,614.6589480809
11903137440,468.6352554003472
11903137441,539.5788855373654
11903137442,637.4953924104786
11903137443,533.6640807172262
11903137444,507.5186108295791
11903137445,561.2530544461328
11903137446,590.5201239820435
11903137447,608.3898548950395
11903137448,546.0697908793938
11903137449,524.8484095004196
11903137450,469.5584448339628
11903137451,433.2136782252221
11903137452,587.65045290337
11903137453,356.1756964456711
11903137454,546.6298908121829
11903137455,482.65406956415995
11903137456,528.1301767274339
11903137457,534.0755566992871
11903137458,626.3736637028068
11903137459,889.0523121168852
11903137460,509.38673418890943
11903137461,19759.168684098888
11903137462,2969.0407124809967
11903166401,525.6108842306879
11903166402,1903.2197076569646
11903166403,2612.7407271311963
11903166404,941.8832788698123
11903166405,10754.768209682454
11903166406,14677.549900646445
11903166407,991.4684030219042
11903166408,626.3221031426959
11903166409,607.8710821927942
11903166410,721.1315304363184
11903166411,601.7747804757976
11903166412,13921.535264747785
11903166413,9503.48709656573
11903166414,457.20799776200073
11903166415,533.2090265196304
11903166416,592.9466233613252
11903166417,689.6819195336111
11903166418,1549.155349743499
11903166419,524.5343101123194
11903166420,7641.078117964382
11903166421,1426.3849534892445
11903166422,786.8601667815261
11903166423,542.5831583382717
11903166501,508.952381231744
11903166502,537.5075194994381
11903166503,517.2803700831388
11903166504,545.698068032096
11903166505,529.0795029206246
11903166506,571.2655427461417
11903166507,598.850416659436
11903166508,560.5814834287296
11903166509,651.7585679870238
11903166510,460.9731336806866
11903166511,596.756890894309
11903166512,671.4261619530812
11903166513,583.0992988670808
11903166514,640.6612077338019
11903166515,545.9308747041516
11903166516,602.3920166234997
11903166517,559.529571285941
11903166518,537.3707815036362
11903166519,569.0256924090173
11903166520,551.4614476640033
11903166521,511.26173391653685
11903166522,530.8005386253459
11903166523,748.3632965157759
11903166524,550.4719615963857
11903166525,612.6155827172166
11903166526,781.9648289638902
11903166527,466.95850850609895
11903166601,626.6971546608872
11903166602,345.8020124601822
11903166603,690.5649961162154
11903166604,558.3835237572831
11903166605,830.6027566872325
11903166606,688.1508446492619
11903166607,610.4191254395381
11903166608,1658.4443171908426
11903166609,640.2250942327994
11903166610,442.2638018680487
11903166611,600.9018189805327
11903166612,482.03686407484633
11903166613,626.8566224173271
11903166614,513.8006702770667
11903166615,634.8865873122896
11903166616,629.9177488249368
11903166617,507.3895017935946
11903166618,579.1291653763465
11903166619,640.8817685961113
11903166620,559.4332813377868
11903166621,553.0193592060126
11903166622,693.1068942315808
11903166623,366.86057965948487
11903166624,698.6944123922499
11903166625,842.2773640831712
11903166626,573.4670004019981
11903166627,621.0995260956305
11903166628,460.50080125699003
11903166629,708.3704376204331
11903166630,602.7527384298146
11903166631,558.3835237572831
11903166632,581.4087859165284
11903166701,1254.0095223750068
11903166702,592.1352105752374
11903166703,566.1164223851367
11903166704,795.3729123455743
11903166705,562.9818463412969
11903166706,588.6054570897273
11903166707,711.1581166694749
11903166708,588.2532018279069
11903166709,766.3589242765069
11903166710,518.0318503267912
11903166711,765.8373031167926
11903166712,629.1640166178562
11903166713,681.9481748565203
11903166714,606.1087512506896
11903166715,604.5053113784506
11903166716,553.7274514903106
11903166717,502.9440754916888
11903166718,503.6747286505035
11904137701,532.4793611421245
11904137702,475.77632722580813
11904137703,543.5617603687516
11904137704,1015.7185553802772
11904137705,515.7806784073107
11904137706,449.11727720776827
11904137707,603.9356234111315
11904137708,530.391585865442
11904137709,483.934301127176
11904137710,489.7155109693034
11904137711,468.99659160211075
11904137712,492.44215396668756
11904137713,924.1166143991989
11904137714,578.5833919797717
11904137715,580.3655654054801
11904137716,494.76173609637675
11904137717,454.6764456286094
11904137718,541.1477732389981
11904137719,1000.586624514771
11904137720,495.39523465671425
11904137721,575.7243330168781
11904137722,728.472833373835
11904137723,761.4799258717215
11904137724,557.8113805587791
11904137725,567.4226894053317
11904137726,458.61630632205873
11904137727,1003.5067276923324
11904137728,575.8708303593854
11904137729,713.4721083352089
11904137730,649.0697421733779
11904137731,429.7492318927463
11904137732,493.7483482541139
11904137733,597.2284061851095
11904137734,504.19134426699884
11904137801,1072.836240037759
11904137802,607.0937524396996
11904137803,508.952381231744
11904137804,482.03686407484633
11904137805,592.3390653600628
11904137806,583.1996622225146
11904137807,493.0320947480502
11904137808,535.9491855681534
11904137809,345.8020124601822
11904137810,505.313125501616
11904137811,625.9472760768422
11904137812,377.7048606260717
11904137813,590.5201239820435
11904137814,437.0427709084303
11904137815,1092.181093003026
11904137816,547.5182315452402
11904137817,968.5647153796557
11904137818,909.5290516613472
11904137820,427.2961719924915
11904137821,527.4548175733245
11904137822,692.1014422744747
11904137823,651.4806321709206
11904137825,2023.9594106795896
11904137826,1136.940883834777
11904137827,3087.7493070702217
11904137828,1949.0367959906164
11904137829,632.7759774099508
11904137830,1684.0679686405051
11904137831,768.676291489347
11904137901,470.3215349980902
11904137902,642.307673958815
11904137903,609.588354323082
11904137904,692.2205671356808
11904137905,497.0922443038048
11904137906,609.1186998638923
11904137907,662.6513476739107
11904137908,512.3110668959731
11904137909,476.06122956751085
11904137910,751.2725375505001
11904137911,483.5216514041653
11904137912,844.3904369380941
11904137913,542.2584454593855
11904137914,794.2144329747557
11904137915,610.1085925892102
11904137916,516.6614148691453
11904137917,948.9441356067707
11904137918,635.9183560206258
11904137919,670.8536383293039
11904137920,571.3638692692996
11904137921,880.1492410460895
11904137922,489.0051076779389
11904137923,607.5072972760364
11904137924,572.2924057562365
11904137925,743.9105345517279
11904137926,347.2229434911702
11904137927,465.7231858190822
11904137928,443.54973476539897
11904137929,486.5049606366532
11904137930,543.1396820566569
11904137931,525.3395723741512
11904137932,523.5931393486285
11904137933,645.6616387875458
11904137934,942.3035817191059
11904137935,553.0193592060126
11904137936,484.7207538240389
11904137937,498.7502841957392
11904138001,635.6995033276089
11904138002,571.3638692692996
11904138003,483.06597887067653
11904138004,504.40644326736975
11904138005,548.3136399114611
11904138006,515.4720056695276
11904138007,621.0437623425414
11904138008,593.9591268012155
11904138009,644.0644007337154
11904138010,693.8178090841485
11904138011,608.3397746897214
11904138012,429.932572267867
11904138013,482.7371442343398
11904138014,607.2482319645072
11904138015,475.6944504489006
11904138016,483.4384417274401
11904138017,642.1971386523758
11904138018,1786.0043024113813
11904138019,708.341141854296
11904138020,632.0188251707405
11904138021,516.1320218948371
11904138022,561.7320421332054
11904138023,632.5061365266381
11904138024,912.4561880190266
11904138025,1549.1668867921758
11904138026,629.272308656534
11904138027,621.4714502526117
11904138028,580.8130500678516
11904138029,477.8135615696278
11904138030,593.3505313464248
11904138031,538.3810352583124
11904138032,494.38054926111954
11904138101,509.6917629704987
11904138102,488.54426751564733
11904138103,511.698057734247
11904138104,678.1955265800927
11904138106,460.69726092085875
11904138107,442.7174287301067
11904138108,732.9461626171731
11904138109,797.965925930452
11904138110,472.172857113727
11904138111,616.5014906350237
11904138112,2187.086678360047
11904138113,486.00646723127164
11904138114,528.85388234477
11904138115,345.8020124601822
11904138116,516.2208588076319
11904138117,601.4146439356073
11904138118,1099.1624842239223
11904138120,427.9905807707901
11904138121,533.2090265196304
11904138124,2442.448658168545
11904138125,455.1428040518202
11904138126,522.7005865941178
11904138127,470.0400676187876
11904138128,348.649713253346
11904138129,753.6993345559332
11904138130,777.2395052477139
11904138131,3314.5028837166465
11904138132,537.9219589238677
11904138133,619.0347497461013
11904138135,496.41200263111097
11904138136,521.0058136861306
11904138138,566.8270489657775
11904138139,1615.114237829225
11904138140,546.4908321516
11904138141,467.35702282005565
11904138142,456.27152876588724
11904138143,445.44897754219875
11904138144,565.7776258514211
11904138145,1464.0722589321106
11904138146,5475.584892365872
11904138147,580.1180744096087
11904138148,454.6764456286094
11904138149,731.1839284779165
11904138150,447.27936675945205
11904138151,384.3134989749033
11904138152,531.026989687136
11904138153,653.878664796996
11904138154,1569.1752462774705
11904138155,603.7819865897987
11904138156,537.0491880099761
11904138157,2693.328066982148
11904138158,1674.7420651231535
11904138201,478.01740723382994
11904138202,560.0070881084797
11904138203,537.3707815036362
11904138204,464.41119643843814
11904138205,883.8934085230038
11904138206,621.0995260956305
11904138207,708.3121274157643
11904138208,779.9376923217245
11904138209,541.1477732389981
11904138210,548.0798171334039
11904138211,586.1967229473967
11904138212,594.8220022844982
11904138213,472.172857113727
11904138214,594.0613593558971
11904138215,494.55074998333913
11904138216,446.36323392358383
11904138217,805.0562079875382
11904138218,486.21380816733523
11904138219,548.9705141748758
11904138220,564.8596595044781
11904138221,474.1946617006432
11904138222,740.4228728023616
11904138223,541.3786386562647
11904138224,652.8177557368954
11904138225,554.9594461908092
11904138226,1270.005612297572
11904138227,824.966235965218
11904138228,586.6969981980532
11904138229,782.3686750486886
11904138230,656.7866420360316
11904138231,484.2240885918557
11904138232,470.522184400706
11904138233,703.1558147396203
11904138234,543.3713972655758
11904138235,538.7034262830357
11904138236,609.3785631577346
11904138237,515.3832976275436
11904138238,502.42873787913857
11904138239,453.47361471685645
11904166801,639.9520767493394
11904166802,352.3926140451784
11904166803,1164.3787791886366
11904166804,3476.568836365514
11904166805,518.1210142390471
11904166806,583.8983295921748
11904166807,553.4913200473378
11904166808,583.7978460024439
11904166809,637.3332182284839
11904166810,2124.614075545152
11904166811,600.4388570213384
11904166812,755.4384336969284
11904166813,837.9680403688768
11904166814,506.9985859560898
11904166815,510.3443781072416
11904166816,661.8584478647865
11904166817,14713.949275012737
11904166818,350.95052731164276
11904166819,644.2861332155542
11904166820,484.4306691264003
11904166821,465.2459862925649
11904166822,533.5283204642409
11904166823,561.8287277452666
11904166824,539.0260103605706
11904166825,506.3502493314574
11904166826,600.2861097518922
11904166827,519.7169492687725
11904166828,683.7570305833151
11904166829,524.310627787735
11904166830,553.0193592060126
11904166831,883.5400034792154
11904166832,809.1501469235425
11904166833,543.6032113292462
11904166834,691.1543419160171
11904166901,664.69247024795
11904166902,612.5101571495162
11904166903,2011.7390825367945
11904166904,871.7012703016264
11904166905,713.9919862938473
11904166906,626.2143188075436
11904166907,737.9217020322953
11904166908,803.3115930083444
11904166909,470.0400676187876
11904166910,689.4445639926271
11904166911,585.5960811774481
11904166912,596.3997573470189
11904166913,596.6050802902121
11904166914,618.8217075831097
11904166915,561.0137137862777
11904166916,571.5092570593445
11904166917,473.62726097314203
11904166918,482.24251149181146
11904166919,955.0636192120428
11904166920,527.7706658071893
11904166921,444.4600930688536
11904166922,519.7169492687725
11904167001,592.237129196507
11904167002,581.3087307546119
11904167003,529.9393221170684
11904167004,618.2940396628313
11904167005,1163.2835599050334
11904167006,423.1913105824115
11904167007,502.3422744648629
11904167008,654.8285885264849
11904167009,561.7320421332054
11904167010,619.9340538981108
11904167011,680.1961882080129
11904167012,609.3785631577346
11904167013,608.2350849496777
11904167014,557.9533198171803
11904167015,686.4484967787682
11904167016,564.5216150897452
11904167017,517.3694046502227
11904167018,539.8090816329947
11904167019,511.916359261955
11904167020,784.7958715113558
11904167021,485.13442689167044
11904167022,483.7279322637186
11904167023,2901.9816311419595
11904167024,511.5678854774287
11904167025,540.1323277943293
11904167026,551.321159890568
11904167027,640.388004274172
11904167028,711.7657104010292
11904167029,466.87814919556126
11904167030,619.2988434426305
11904167031,676.4338405211569
11904167032,634.7250767912993
11904167033,562.3082067266319
11904167034,468.1165354029384
11904167035,541.4718210299043
11904167101,618.4004607554065
11904167102,504.7953604609766
11904167103,471.7702363483724
11904167104,650.2581508581577
11904167105,623.4930264986115
11904167106,939.6305941992761
11904167107,691.5112888842632
11904167108,734.4026334594762
11904167109,902.7295164518574
11904167110,473.4252874421863
11904167111,544.5803506595817
11904167112,756.0209064220447
11904167113,559.2909655879602
11904167114,1075.5861399935156
11904167115,1230.3125098741878
11904167116,482.24251149181146
11904167117,516.3097110110821
11904167118,465.524582900629
11904167119,620.3052801520245
11904167120,452.351811483828
12001138301,643.4044653119128
12001138302,540.823919376874
12001138303,356.1756964456711
12001138304,475.5734372473941
12001138305,361.4786611387725
12001138306,600.5422048705657
12001138307,607.7164442194271
12001138308,530.7091926823124
12001138309,518.6524473087734
12001138310,542.5831583382717
12001138311,513.6699631309401
12001138312,783.9243582169389
12001138313,505.313125501616
12001138314,586.6969981980532
12001138315,603.0098858659647
12001138316,491.22395034365235
12001138317,499.26184884429244
12001138318,432.8442778667282
12001138319,538.7034262830357
12001138321,502.7296001031902
12001138322,952.1611956244808
12001138323,583.1996622225146
12001138324,551.8866461155111
12001138325,606.1087512506896
12001138326,616.6583640288509
12001138327,515.911922640652
12001138328,547.6124706688098
12001138329,651.4806321709206
12001138330,598.2368093837279
12001138331,597.2661784619223
12001138332,361.4786611387725
12001138333,493.24243296971343
12001138334,634.8865873122896
12001138335,746.7717294892973
12001138336,361.4786611387725
12001138337,624.8241402504573
12001138338,605.1253482124397
12001138339,490.92997376026057
12001138340,622.2159668420285
12001138341,584.6459596617485
12001138342,445.8291350732305
12001138343,438.2020192914593
12001138346,356.1756964456711
12001138347,627.7672898127937
12001138348,640.388004274172
12001138349,586.2976194330787
12001138351,597.4717996884931
12001138352,557.0021943438577
12001138353,598.4427647700544
12001138354,505.8314216102051
12001138355,546.4908321516
12001138356,537.3707815036362
12001138357,559.8646263863924
12001138358,557.0021943438577
12001138359,483.934301127176
12001138360,627.9834116773607
12001138361,605.8502823348964
12001138501,499.6467993533892
12001138502,464.095060561412
12001138503,573.2224512290467
12001138504,544.5803506595817
12001138505,589.8135332609463
12001138506,522.1650056309447
12001138507,841.6076917820175
12001138508,598.4646624863549
12001138509,519.1844254656513
12001138510,452.08109821763304
12001138511,519.9386718301263
12001138512,561.2530544461328
12001138513,520.0281639454934
12001138514,528.0867031759399
12001138515,462.86731302752924
12001138516,523.9968502390528
12001138517,527.9958242592945
12001138518,506.5662693677139
12001138519,608.8589473861107
12001138520,557.239823602214
12001138521,541.240915875961
12001138522,515.4720056695276
12001138523,580.4654582292846
12001138524,597.3689802280607
12001138525,484.0175961514798
12001138526,531.5716603248474
12001138527,578.5357653225707
12001138528,646.7109182783831
12001138529,556.9521853975771
12001138530,470.2405969412933
12001138531,628.9474884455175
12001138532,561.9716892475665
12001138533,1027.7910348646326
12001138534,525.8351212729689
12001138535,530.8005386253459
12001138536,988.1369758521053
12001138537,659.2633957276458
12001138538,596.6541944631757
12001138539,470.0400676187876
12001138540,620.4631214484114
12001138541,498.32500091628305
12001138542,3626.604575564187
12001138543,965.8949574896711
12001138601,497.0922443038048
12001138602,516.2208588076319
12001138603,645.2221213727951
12001138605,1149.7863294371825
12001138606,531.5716603248474
12001138607,579.7231740763725
12001138608,463.3420727656566
12001138609,596.859605001606
12001138610,484.92754624678065
12001138611,554.7227893762193
12001138612,368.74587470683593
12001138613,591.8827005338228
12001138614,481.254765951859
12001138615,594.9243833577581
12001138617,584.7947271785725
12001138618,541.7028246930113
12001138619,362.96400890467436
12001138620,527.7706658071893
12001138621,465.444470355641
12001138622,512.5296299467298
12001138623,636.1896526310355
12001138624,551.791671445238
12001138625,461.7222716593744
12001138626,520.7836360529799
12001138627,473.22340004078893
12001138628,567.8601946015834
12001138629,654.5493435313305
12001138630,465.6430390963385
12001138631,345.8020124601822
12001138633,954.4557531490382
12001138634,664.2946801538947
12001138635,1096.2334290844794
12001138636,597.1142382987803
12001138637,1991.3975359734661
12001138638,647.3742451056712
12001138639,569.366433936032
12001138640,853.9663846241933
12001138641,455.8040138039527
12001138642,478.5900673126979
12001138643,750.6204434890743
12001138644,572.2924057562365
12001138645,538.3810352583124
12001138646,872.9283142512811
12001138647,484.7606573711736
12001138648,546.0378562606893
12001138649,637.5002174254504
12001138650,534.303404955063
12001138651,465.7231858190822
12001138652,518.3420559397844
12001138653,601.0547229217764
12001138654,533.2090265196304
12001138655,510.2145502166548
12001138656,525.0723212543871
12001167201,543.464922633866
12001167202,537.9219589238677
12001167203,600.7984092449902
12001167204,462.1958569366471
12001167205,345.8020124601822
12001167206,482.5312858862701
12001167207,517.5901256979523
12001167208,544.1607813087886
12001167209,902.9106654871214
12001167210,625.5726733290008
12001167211,433.28824318945885
12001167212,684.4853160604412
12001167213,713.5949115266037
12001167214,491.0144728833865
12001167215,465.04758687099945
12001167216,345.8020124601822
12001167217,447.7381380510422
12001167218,730.9322899297867
12001167219,478.0996838392708
12001167220,565.054124117101
12001167221,532.571011767476
12001167222,485.2179284822471
12001167223,544.5803506595817
12001167224,2870.8625535433926
12001167225,508.3433909273427
12001167226,485.50848460315956
12001167227,556.3357097209457
12001167228,558.7178925864639
12001167229,531.7984403639363
12001167230,576.6599557931436
12001167231,505.313125501616
12001167232,564.1373316416823
12001167233,1285.13171067953
12001167234,589.4605550170618
12001167235,345.8020124601822
12001167236,413.78767784569146
12001167237,714.1206068333553
12001167301,613.9785983114749
12001167302,546.8180794501503
12001167303,499.85995955199536
12001167304,356.1756964456711
12001167305,546.3967860518136
12001167306,1211.8463746379027
12001167307,455.1428040518202
12001167308,543.464922633866
12001167309,579.9704965991679
12001167310,1939.4113338889929
12001167311,553.8227593480557
12001167312,509.4744100992659
12001167313,479.0809537689948
12001167314,1396.2503425855468
12001167315,477.120423780045
12001167316,714.5727625730522
12001167317,629.272308656534
12001167318,540.6863377131119
12001167319,8122.277686194444
12001167320,592.9466233613252
12001167321,506.3502493314574
12001167322,2033.4744925802006
12001167323,602.6490101678756
12002138701,577.5970990713738
12002138702,452.5447946113103
12002138703,418.4458569857429
12002138704,1042.6720421797825
12002138705,516.3097110110821
12002138706,582.005132807263
12002138707,645.1957519698046
12002138708,641.5391165056865
12002138709,572.2924057562365
12002138710,586.5477467573453
12002138711,476.1431694746316
12002138712,519.4953212587502
12002138713,560.5864621636962
12002138714,613.3494900657894
12002138715,599.0565832927496
12002138716,587.1493646439666
12002138717,596.4855933642308
12002138718,527.0050580008673
12002138719,468.87728228708374
12002138720,543.3713972655758
12002138721,588.6054570897273
12002138722,482.03686407484633
12002138723,1279.002798017588
12002138724,345.8020124601822
12002138725,458.4207340601251
12002138726,539.5788855373654
12002138727,503.76142140748806
12002138728,504.4932619674563
12002138729,541.7028246930113
12002138730,353.47806648102903
12002138731,619.6696893225403
12002138732,528.3119964564651
12002138733,461.24917163745766
12002138734,522.0751457845664
12002138735,442.90630162022995
12002138736,692.811325842062
12002138737,537.0491880099761
12002138738,345.8020124601822
12002138739,1027.3799398164124
12002138740,466.48004321610006
12002138741,699.3102700551177
12002138742,872.3006496915024
12002138901,361.4786611387725
12002138902,545.1389228840435
12002138903,640.9920775003711
12002138904,816.2455715237356
12002138905,347.5790876151643
12002138906,626.9645173061124
12002138907,651.0907487984643
12002138908,539.0260103605706
12002138909,357.63925386097594
12002138910,375.4533393105367
12002138911,1670.3466165160771
12002138912,710.371626435102
12002138913,684.7503601772055
12002138914,605.1253482124397
12002138915,634.0747108328588
12002138916,697.9210459849864
12002138917,668.3933517369366
12002138918,557.0021943438577
12002138919,650.2581508581577
12002138920,1755.2223958256016
12002138921,581.4087859165284
12002138922,779.4587003623517
12002138924,576.168239106653
12002138925,501.91392830313964
12002138926,973.9652670893797
12002138927,988.7733362996094
12002138928,536.8201688429276
12002138929,1707.8940014248544
12002138930,838.072564614827
12002138931,781.4683031051765
12002138932,491.5181029648414
12002167401,972.587127278681
12002167402,587.7515996058102
12002167403,508.3433909273427
12002167404,637.9869264149767
12002167405,502.7296001031902
12002167406,591.3780034460963
12002167407,698.0878817183609
12002167408,639.9520767493394
12002167409,457.95101693222546
12002167410,593.5548045305446
12002167411,654.1378982133382
12002167412,491.5181029648414
12002167413,860.4912892228322
12002167414,575.577872942228
12002167415,577.9429732913994
12002167416,771.3020977061822
12002167417,718.9436937246091
12002167418,498.6234057581504
12002167419,487.7114614704537
12002167420,504.4932619674563
12002167421,546.6298908121829
12002167501,554.9594461908092
12002167502,484.2240885918557
12002167503,1257.485174386007
12002167504,1112.9308796047242
12002167505,627.607590389205
12002167506,534.2114562006058
12002167507,1069.7409476506139
12002167508,566.1164223851367
12002167509,597.1198663376074
12002167510,739.0334943913307
12002167511,570.2917243451411
12002167512,546.4908321516
12002167513,522.1650056309447
12002167514,546.2577866913825
12002167515,521.0954894785104
12002167516,1271.7369415271112
12002167517,656.1725835651025
12002167518,1157.7830676814992
12002167519,578.7825812709497
12002167520,621.7365834986068
12002167521,590.4185008417486
12002167522,681.8308177805576
12002167523,661.997417489622
12002167524,774.833248154711
12002167525,2384.0444299678907
12002167526,652.4225918646064
12002167527,722.2440006586927
12002167528,777.5710925360095
12002167529,541.7960628657196
12002167530,617.9240170505703
12002167531,565.6336961465855
12002167532,584.588622672664
12002167533,515.2521878725527
12002167534,840.1425278470102
12002167535,1571.936336005116
12002167536,923.918195925769
12003139201,740.9952427596942
12003139202,548.7364112794662
12003139203,2211.292845867066
12003139204,533.1172660977443
12003139205,592.7425594840854
12003139206,497.516475517292
12003139207,630.8328632788105
12003139208,473.4252874421863
12003139209,363.3362985284331
12003139211,532.3439022731653
12003139212,788.8764662357751
12003139213,552.5932880610713
12003139216,720.1918992887361
12003139217,790.0260620358353
12003139218,473.9108764201995
12003139219,574.0552014593476
12003139220,670.9525516240556
12003139221,610.7846540047603
12003139222,544.4866333362778
12003139223,461.7222716593744
12003139224,475.5734372473941
12003139225,516.750342901335
12003139226,452.351811483828
12003139227,459.557587828587
12003139228,410.37416011704363
12003139229,1125.8589732481057
12003139230,468.3968509409213
12003139231,501.699892210438
12003139232,800.4180760418421
12003139233,686.5666486520473
12003139234,675.5605337264117
12003139301,595.5345931014551
12003139302,530.7091926823124
12003139303,560.4388755846592
12003139304,532.6626781677818
12003139305,524.5343101123194
12003139306,549.862658708473
12003139307,449.308880412534
12003139308,478.7942442511499
12003139309,514.3276720004653
12003139310,452.46691576978594
12003139311,514.7242388513822
12003139312,548.9705141748758
12003139313,615.501225521338
12003139314,589.5620132752224
12003139315,527.7706658071893
12003139316,630.3468410883584
12003139317,618.0303744546605
12003139318,482.24251149181146
12003139319,752.1487841629527
12003139320,754.1884270651772
12003139321,1295.0967426463608
12003139322,507.6059651975691
12003139323,498.53759720690914
12003139324,471.7702363483724
12003139325,523.369858376749
12003139326,664.527635589849
12003139327,664.6052916593638
12003139328,521.3178001551199
12003139329,529.1705683606062
12003139330,656.0596622338738
12003139331,571.120216955242
12003139332,601.7747804757976
12003139333,539.4860289207011
12003139334,842.9501947211161
12003139335,542.027204857451
12003139336,573.025175468784
12003139337,493.4528609262397
12003139338,637.223538980613
12003139339,442.7174287301067
12003139340,511.26173391653685
12003139401,746.330391272721
12003139402,429.05196972740623
12003139403,510.2145502166548
12003139404,581.3087307546119
12003139405,517.5901256979523
12003139406,623.75902219303
12003139407,596.5024099843024
12003139408,505.5287030782754
12003139409,516.4410898607083
12003139410,535.6284428390286
12003139412,478.9985082959274
12003139413,445.90587141647904
12003139414,528.628357982516
12003139415,486.5049606366532
12003139417,599.5678334765736
12003139418,611.1000940118277
12003139419,508.43088725691325
12003139420,551.8866461155111
12003139421,508.3433909273427
12003139422,494.67659210334716
12003139423,546.4908321516
12003139424,668.9637756893184
12003139425,535.0796154516559
12003139426,686.8762267926263
12003139427,498.0267746569865
12003139428,592.3390653600628
12003139429,500.88589109715423
12003139430,693.4025887170071
12003139431,511.04371154715307
12003139433,538.9332488886937
12003139434,605.2295027029744
12003139435,475.85821809538965
12003139436,519.7169492687725
12003139437,481.5429488687661
12003139438,444.270557580162
12003139439,460.3044253713476
12003139440,586.1967229473967
12003139441,546.4908321516
12003139442,564.8596595044781
12003139443,440.9057082080789
12003139444,427.5520436553607
12003139445,425.98404059113955
12003139446,593.199587295373
12003139447,638.6413051053449
12003139448,546.4908321516
12003139501,550.4266489590417
12003139502,516.3097110110821
12003139503,646.7641573018965
12003139504,458.61630632205873
12003139505,442.7174287301067
12003139506,677.2442015050872
12003139507,527.139158361156
12003139508,529.5310328773427
12003139509,592.5917700966442
12003139510,468.1165354029384
12003139511,575.4788212273801
12003139512,509.4744100992659
12003139513,495.56578470535334
12003139514,1238.3471959505944
12003139515,553.0648852824027
12003139516,822.5671140475429
12003139517,871.2845749735898
12003139518,518.1210142390471
12003139519,524.7580878646512
12003139520,517.9000667992954
12003139521,577.8435145643009
12003139522,533.983647155442
12003139523,545.1389228840435
12003139524,924.12648574967
12003139525,801.66660022622
12003139526,518.7844222850911
12003139527,744.1170910842948
12003139528,483.7279322637186
12003139529,586.0958438250819
12003139530,590.3168951898714
12003139531,583.1996622225146
12003139532,621.0995260956305
12003139602,688.9752424870951
12003139605,422.5046885533966
12003139606,546.4908321516
12003139607,582.850642098363
12003139609,542.6724958945753
12003139610,610.6292748399579
12003139611,510.73787368200226
12003139613,504.7953604609766
12003139614,617.1338318654605
12003139615,652.9078385253844
12003139616,617.3971145890514
12003139617,2520.406020582441
12003139618,657.913069982267
12003139619,485.7156130889958
12003139620,572.8794020401433
12003139621,350.0823457385714
12003139622,1012.2395087720574
12003139623,396.28111875089525
12003139624,736.9515621918931
12003139627,7094.21098065946
12003139628,476.67078378636165
12003139629,605.746021013836
12003139630,478.5900673126979
12003139631,692.9305728887986
12003139632,1131.5982611012819
12003139633,543.464922633866
12003139634,570.4831280153519
12003139635,526.4650664955959
12003139636,519.4953212587502
12003139637,345.8020124601822
12003139638,591.7321298882323
12003139639,613.9785983114749
12003139640,659.6581730095181
12003139641,2923.150550372838
12003139642,490.0087603132895
12003139643,566.2138626390131
12003139644,602.1351326714077
12003139645,434.62287325901866
12003139646,871.8063138695674
12003139647,554.3908114459172
12003139648,953.1080942066293
12003139649,558.1454067796212
12003157601,619.4564286437044
12003157602,538.8405033802226
12003157603,887.5979293832029
12003157604,387.8768625086873
12003157605,508.64779493859095
12003157606,807.6318041133554
12003157607,502.1280557082957
12003157608,666.739879961338
12003167601,507.3895017935946
12003167602,543.464922633866
12003167603,544.8126804890813
12003167604,1028.189778109218
12003167605,579.1768408838744
12003167606,504.7953604609766
12003167607,508.64779493859095
12003167608,482.94309040606095
12003167609,1252.4720137597494
12003167610,1316.4338061625851
12003167611,578.5357653225707
12003167612,572.8794020401433
12003167613,530.1654057651532
12003167614,617.6605096347812
12003167615,557.1439276988025
12003167616,446.55366219354767
12003167617,496.0740830352408
12003167618,574.3989547354212
12003167619,474.88354908265705
12003167620,926.0407068432895
12003167621,504.9238093983865
12003167622,569.0256924090173
12003167623,498.6234057581504
12003167624,514.4161983476154
12003167625,526.0594539796518
12003167626,1012.2385169598532
12003167627,611.9878710745262
12003167628,603.6283888525533
12003167701,500.7996931927721
12003167702,471.7702363483724
12003167703,445.8291350732305
12003167704,483.02621482265795
12003167705,460.69726092085875
12003167706,473.7087819443189
12003167707,670.4521610389273
12003167708,487.7114614704537
12003167709,449.50056535939683
12003167710,4622.728320343824
12003167711,1982.1381028895296
12003167712,754.5966242508358
12003167713,679.8540638558264
12003167714,1880.767439860025
12003167715,624.1325388980684
12003167716,599.4646533077987
12003167717,543.9287294750687
12003167718,572.7808147075841
12003167719,630.9933833970965
12003167720,566.1164223851367
12003167721,495.2692097192778
12003167722,557.4775542383834
12003167723,443.0952550876379
12003167724,540.1323277943293
12003167725,551.1314215076185
12003167726,588.4028872343541
12003167727,500.3726623867344
12003167728,971.988877305857
12003167729,652.1488512601051
12003167801,10028.022362603555
12003167802,485.50848460315956
12003167803,574.3989547354212
12003167804,706.4816506870151
12003167805,621.5784182427548
12003167806,3383.5402700766626
12003167807,575.1868150417265
12003167808,541.9339269073081
12003167809,505.7443726250202
12003167810,521.6299734465099
12003167811,614.2405349437632
12003167812,13209.821987174886
12003167813,513.8891059164057
12003167814,656.958671765592
12003167815,435.51490973324167
12003167816,530.482877141825
12003167817,682.3565361406327
12003167818,985.4870628826557
12003167819,606.9892771287477
12003167820,1550.4734287380752
12003167821,603.5245098991434
12003167822,4274.30093942634
12003167823,632.127608580556
12003167824,3939.7722125129485
12003167825,737.8748332171089
12003167826,744.8313320960366
12003167827,885.6938260983475
12003167828,576.314849404369
12003167829,588.2532018279069
12003167830,1045.9144675183247
12003167831,457.4817810962135
12003167901,707.8558669602041
12003167902,441.81063981111566
12003167903,918.8595642150185
12003167904,483.934301127176
12003167905,626.8566224173271
12003167906,579.8706889537557
12003167907,536.7277869763053
12003167908,505.5287030782754
12003167909,582.9989527832673
12003167910,509.38673418890943
12003167911,1120.2254561252994
12003167912,605.2295027029744
12003167913,450.0390625465585
12003167914,519.3165358077708
12003167915,647.7619029773098
12003167916,624.9831314044374
12003167917,539.8090816329947
12003167918,516.881833873026
12003167919,462.1958569366471
12003167920,478.5900673126979
12003167921,588.0023472296621
12003167922,581.1608500498745
12003167923,713.290606230373
12003167924,490.0087603132895
12003167925,569.7542793845993
12003167926,643.8524445751118
12003167927,654.9952151270812
12003168001,607.5072972760364
12003168002,535.4000295343162
12003168003,472.94019601902386
12003168004,687.9757840893761
12003168005,564.7159633235914
12003168006,519.1844254656513
12003168007,490.42694630067786
12003168008,602.1351326714077
12003168009,515.294604851407
12003168010,444.4600930688536
12003168011,654.8285885264849
12003168012,654.4748227740014
12003168013,443.17152087403787
12003168014,461.91925242910094
12003168015,1314.4423454978883
12003168016,894.5860550113559
12003168017,529.7133348800572
12003168018,781.2980492598598
12003168019,502.2144822511268
12003168020,643.8411211527285
12003168021,671.9991741831385
12003168022,510.52007470749083
12003168023,507.3895017935946
12003168024,603.3709776620921
12003168025,451.4252890938791
12003168026,604.1435407319733
12003168027,496.0740830352408
12003168028,636.2991539258483
12003168029,468.035976806508
12003168030,616.921443907515
12003168031,522.0751457845664
12003168032,557.0021943438577
12003168033,629.272308656534
12003168034,1250.4853991655325
12003168035,6330.737867019921
12003168036,736.0091676732804
12003168101,586.9472959059923
12003168102,526.0594539796518
12003168103,611.9878710745262
12003168104,636.7325931243477
12003168105,483.3552463703431
12003168106,706.919529158985
12003168107,535.0796154516559
12003168108,566.1164223851367
12003168109,575.4788212273801
12003168110,511.916359261955
12003168111,620.6720941385333
12003168112,747.5992273456858
12003168113,543.1396820566569
12003168114,597.1142382987803
12003168115,500.15928355121565
12003168116,620.7278245193945
12003168117,573.4670004019981
12003168118,360.8003586898848
12003168119,735.1284910842871
12003168120,701.444676459445
12003168121,554.2000166356714
12101139901,474.88354908265705
12101139902,679.0405800240102
12101139903,1144.9323480736732
12101139904,519.9386718301263
12101139905,570.193582328369
12101139906,571.120216955242
12101139907,719.2883811303212
12101139908,539.8090816329947
12101139909,567.8601946015834
12101139910,578.0900351834407
12101139911,571.4622127164704
12101139912,556.0984660127637
12101139913,488.41998541432383
12101139914,487.41958696184395
12101139915,549.2499289882113
12101139916,558.1913548463626
12101139917,623.2784500099245
12101139919,666.2261933800202
12101139920,585.5960811774481
12101139921,577.1520921232094
12101139922,630.3468410883584
12101139923,715.4234715318078
12101139924,480.7616521163468
12101139925,589.2091855553224
12101139926,517.0597811275425
12101139927,603.9898510179894
12101139928,589.3106005476395
12101139929,638.6413051053449
12101139930,558.52560860178
12101139931,662.7058989574639
12101139933,513.0553279730269
12101139934,695.9549317163794
12101139935,431.25686607886007
12101139936,608.2350849496777
12101139937,558.3835237572831
12101139939,478.22133986302924
12101139940,502.04164403868623
12101139941,597.981697377525
12101139942,495.56578470535334
12101139943,554.059032190247
12101139944,504.31963950799206
12101139945,526.3744666478683
12101139946,670.4521610389273
12101139947,592.3390653600628
12101139948,513.0553279730269
12101139949,456.4661841300683
12101139950,481.0495397489393
12101139951,600.2861097518922
12101140102,699.3534856181756
12101140103,929.939582288517
12101140104,481.4600797087433
12101140105,373.85253410351726
12101140106,354.05251176837123
12101140107,393.48283574121695
12101140108,387.907709029466
12101140109,5013.7514957994335
12101140111,740.6777786798019
12101140112,461.1697948518468
12101140114,534.5313504158637
12101140115,534.6233542306792
12101140116,512.0925970492074
12101140118,617.7668216838375
12101140120,4125.116879632741
12101140122,541.7960628657196
12101140124,681.4746334549321
12101140125,521.0954894785104
12101140126,492.0222496161184
12101140127,3715.17349362376
12101140128,3313.9832587483666
12101140129,540.6863377131119
12101140130,474.6810398204069
12101140131,23410.78358680381
12101140132,10416.540752766015
12101140133,510.52007470749083
12101140134,506.3502493314574
12101140135,1829.7387388383615
12101140136,535.9491855681534
12101168201,674.8766183061929
12101168202,511.26173391653685
12101168203,576.168239106653
12101168204,2346.745420032468
12101168205,482.5312858862701
12101168206,3350.764866063239
12101168207,634.4544047343688
12101168208,678.1722405654081
12101168209,648.7029405670412
12101168210,473.22340004078893
12101168211,471.97150379851286
12101168212,454.6764456286094
12101168213,589.3106005476395
12101168214,542.4897847135937
12101168215,620.9415229025386
12101168216,483.5216514041653
12101168217,468.3162441047378
12101168218,517.0597811275425
12101168219,450.5006644386519
12101168220,538.9332488886937
12101168221,562.7417684557121
12101168222,500.6722934004694
12101168301,568.3448209907651
12101168302,503.97633699341054
12101168303,489.4224371225421
12101168304,566.2138626390131
12101168305,699.8127615331911
12101168306,634.2882679218786
12101168307,361.4786611387725
12101168308,616.3953963379279
12101168309,560.2459993199126
12101168310,483.5216514041653
12101168311,505.7443726250202
12101168312,456.54475132774866
12101168313,470.522184400706
12101168314,687.8669625248342
12101168315,523.1466726207709
12101168316,696.9848742676821
12101168317,449.308880412534
12101168318,510.2145502166548
12101168319,634.8466070320305
12101168320,507.9517401704746
12101168321,661.3485221596985
12101168322,592.7425594840854
12101168323,528.4464293769737
12101168324,595.1781910472625
12101168325,595.4321070166511
12101168326,708.2641839732457
12101168327,483.56145623788746
12101168328,520.6940139277366
12101168329,615.5518952770077
12101168330,512.6178468139436
12101168331,587.6988299067507
12101168332,545.2776375412494
12101168333,586.7979807913716
12101168334,618.8217075831097
12101168401,593.4526591493393
12101168402,525.2963285339811
12101168403,4774.628083750822
12101168404,10369.509479310651
12101168405,397.1301164145931
12101168406,673.3229809814006
12101168407,491.64317340523905
12101168408,551.791671445238
12101168409,623.119892514468
12101168410,8554.714046366445
12101168411,15705.015963129996
12101168412,607.8710821927942
12101168413,2190.9206291832675
12101168414,461.7222716593744
12101168415,488.92095434828195
12101168416,6404.170315160039
12101168417,599.8236221629559
12101168418,533.7559352571297
12101168419,4199.217076952857
12101168420,451.8105469617815
12101168421,464.4911311357806
12101168422,588.1035545003372
12101168423,874.8626407047816
12101168424,593.199587295373
12101168425,3917.4865042870097
12101168426,532.4355295832661
12101168427,2909.1900654501774
12101168428,601.3111459475557
12101168429,983.7432279407301
12101168430,499.26184884429244
12101168431,431.07296097210536
12101168432,551.2262825353284
12101168433,7872.290229249136
12101168434,1896.8394394192544
12101168435,786.8966699290469
12101168436,550.7562530865487
12101168437,556.002766526608
12101168438,555.8114169584961
12101168439,685.4527037917372
12101168440,651.4806321709206
12101168441,568.4426447977712
12101168442,535.9010668097313
12101168443,10381.657788784627
12101168444,583.5488913454014
12101168445,1344.4586793567128
12101168501,557.0021943438577
12101168502,643.2937412576606
12101168503,632.8704878092141
12101168504,604.5053113784506
12101168505,642.8558357277391
12101168506,735.0624895467827
12101168507,579.4239303290399
12101168508,723.9179316065693
12101168509,583.7978460024439
12101168510,591.6302981727488
12101168511,659.9939255873302
12101168512,552.0270777811265
12101168513,479.28534013029235
12101168514,624.6091056560614
12101168515,625.4650179639006
12101168516,552.6884007060149
12101168517,580.1180744096087
12101168518,464.967556412688
12101168519,408.0652857313155
12101168520,1507.4894022705978
12101168521,491.9375770637864
12101168522,661.3485221596985
12101168523,564.0402487398961
12101168524,519.4059208407613
12101168525,505.3547242694883
12101168526,2797.509345705326
12101168527,720.7646758928174
12101168528,640.2777993254181
12101168529,481.95390991651067
12101168601,618.3449393306512
12101168602,435.96161430424087
12101168603,591.7808429065012
12101168604,693.1068942315808
12101168605,689.6819195336111
12101168606,540.9170062719418
12101168607,505.8314216102051
12101168608,1072.7773074360882
12101168609,472.254127752153
12101168610,706.1141491898641
12101168611,509.6917629704987
12101168612,608.5993056771323
12101168613,667.4237503533496
12101168614,618.9282194981621
12101168615,543.464922633866
12101168616,473.1419625994213
12101168617,457.20799776200073
12101168618,541.2854723184643
12101168619,883.3441575807351
12101168620,622.108889135573
12101168621,787.1958584534109
12101168622,644.2834519644514
12101168623,709.0209789369505
12101168624,541.9339269073081
12101168625,597.3689802280607
12101168626,520.1604889831502
12101168627,485.7156130889958
12101168628,520.5615531652215
12101168629,542.7212226621626
12101168630,4108.524397854914
12101168631,531.5716603248474
12101168632,618.238527792808
12101168633,643.6259705973433
12101168634,414.17800067474104
12101168635,479.9816230070663
12101168636,641.5919297722374
12101168701,594.4170926337222
12101168702,490.5113588424551
12101168703,580.8130500678516
12101168704,496.2857190353117
12101168705,673.7816403579018
12101168706,571.9499131598812
12101168707,481.7483855707545
12101168708,748.6359183579896
12101168709,510.73787368200226
12101168710,553.0648852824027
12101168711,527.4548175733245
12101168712,523.9968502390528
12101168713,466.1206458771156
12101168714,595.3830934410096
12101168715,488.50405251694656
12101168716,720.546378634947
12101168717,1098.5608698780063
12101168718,570.193582328369
12101168719,681.7134809006805
12101168720,579.6234089929167
12101168721,472.455601640897
12101168722,580.6131619863975
12101168723,565.2951885039357
12101168724,561.5891415953855
12101168725,872.441658421785
12101168726,655.1079526536322
12101168727,475.9793037615026
12101168728,492.94724841055944
12101168729,495.0580071992718
12101168730,495.2692097192778
12102140301,561.1564679022083
12102140302,596.9087401277443
12102140303,586.5960329829196
12102140304,698.6944123922499
12102140305,433.73266388429
12102140306,440.1903448147298
12102140307,345.8020124601822
12102140310,550.2372184239852
12102140311,893.4420815971976
12102140315,501.013345240981
12102140316,527.5456033716164
12102140317,621.8947890007867
12102140319,620.0918007332144
12102140320,547.329801948398
12102140321,597.0114803714101
12102140322,664.1803610837447
12102140323,575.1344216972673
12102140324,792.4559641464867
12102140325,594.9243833577581
12102140326,535.0796154516559
12102140327,486.21380816733523
12102140328,536.2701203630645
12102140330,544.4866333362778
12102140331,530.8442355872467
12102140333,525.2059298154225
12102140334,470.522184400706
12102140335,345.8020124601822
12102140336,596.2971223753195
12102140337,521.3607164718791
12102140338,634.7773291073385
12102140339,500.2865528043431
12102140340,672.3412080792544
12102140341,561.2992583429865
12102140342,643.4044653119128
12102140343,481.37722480974895
12102140344,345.8020124601822
12102140345,345.8020124601822
12102140346,589.9636157053416
12102140347,384.67314667346454
12102140348,366.3283952433814
12102140349,357.63925386097594
12102140350,577.5970990713738
12102140351,513.8891059164057
12102140352,345.8020124601822
12102140353,478.42535949432647
12102140354,435.96161430424087
12102140355,609.2736946516477
12102140356,790.767730668208
12102140357,547.7518147386634
12102140358,494.76173609637675
12102140359,345.8020124601822
12102140360,451.88831282876384
12102140361,485.2179284822471
12102140362,529.3963240416083
12102140363,531.026989687136
12102140364,5282.311277663905
12102140365,632.6670824217592
12102140366,572.3395184428874
12102140367,435.51490973324167
12102140368,345.8020124601822
12102140369,481.95390991651067
12102140370,475.6552931954463
12102140371,652.4270721530138
12102140372,350.95052731164276
12102140401,698.2762735860169
12102140402,356.1756964456711
12102140403,465.3643715972934
12102140404,591.125816307965
12102140405,544.9513121314807
12102140406,401.8051811083456
12102140407,440.9057082080789
12102140408,476.26432764874426
12102140409,731.5560862088219
12102140410,599.2583462362969
12102140411,484.4306691264003
12102140412,616.026509982719
12102140413,555.95284731127
12102140414,581.2086928112785
12102140415,573.3683119491074
12102140416,390.9353712802821
12102140417,760.5542300715457
12102140418,563.4623094235144
12102140419,584.7465892292454
12102140420,1305.1164041254265
12102140421,587.7515996058102
12102140422,510.0389587633273
12102140423,489.9244342641461
12102140424,503.97633699341054
12102140425,532.6626781677818
12102140426,481.95390991651067
12102140427,668.7935961799476
12102140428,349.3652951522398
12102140429,546.4908321516
12102140430,586.0958438250819
12102140431,651.2564236865314
12102140432,476.6315461650747
12102140601,666.7361046515778
12102140602,534.2114562006058
12102140603,594.3637244912702
12102140604,585.4953054201168
12102140605,491.72779528466026
12102140606,482.24251149181146
12102140607,435.2542726346441
12102140608,623.75902219303
12102140609,530.8005386253459
12102140610,478.34302684306857
12102140611,713.8352511103175
12102140612,467.91691186488396
12102140613,653.878664796996
12102140614,465.524582900629
12102140615,537.2783048815854
12102140616,596.2971223753195
12102140617,345.8020124601822
12102140618,490.0087603132895
12102140619,659.4311502065647
12102140620,504.4932619674563
12102140621,532.8899236588272
12102140622,570.0954572009448
12102140623,703.7263965533239
12102140624,623.6516789407874
12102140625,562.5480996453473
12102140626,529.6657759907438
12102140627,554.8141257505007
12102140628,475.16791681477736
12102140629,577.9905511483287
12102140630,505.1392208843239
12102140631,583.0469468623501
12102140632,10327.074617008246
12102140633,586.1967229473967
12102140634,630.2383641324259
12102140635,601.4641540450933
12102140636,524.7580878646512
12102140637,455.3369778774734
12102140638,560.3424291535092
12102140639,1588.5333859287055
12102140640,645.4973871719855
12102140641,685.0988841673465
12102140642,640.3352901099253
12102140643,504.7084897724885
12102140644,593.9591268012155
12102140645,533.1172660977443
12102140646,523.6832604728507
12102140647,487.7114614704537
12102140648,665.9969101784909
12102157701,396.21292237605286
12102157703,549.6281753670959
12102157704,487.00396534320413
12102157705,458.89093297356965
12102157706,586.5477467573453
12102157707,1821.4672258265098
12102157708,554.1543971198345
12102157709,613.9785983114749
12102157710,567.5203544945689
12102157711,560.9171684307037
12102157712,583.5488913454014
12102157713,622.8541693704041
12102157715,4347.285068427005
12102157716,443.17152087403787
12102157717,538.3810352583124
12102157718,521.6299734465099
12102157719,567.0364311261707
12102157720,516.839286239864
12102157721,429.49204530642794
12102157722,430.19002264865287
12102157723,591.125816307965
12102157724,786.0747193777406
12102157725,1571.6256332978257
12102157726,4441.170377225054
12102157727,758.3496292775261
12102157729,496.7092619395418
12102157730,435.0686628744982
12102157731,3187.68267997605
12102157732,504.27812594413274
12102157733,493.0320947480502
12102157734,448.65709279230407
12102157735,553.5865872620152
12102157736,514.1083421929518
12102157801,605.2793268621384
12102157803,517.3694046502227
12102157804,562.7417684557121
12102157806,2922.1387110714077
12102157807,520.0281639454934
12102157808,756.5981787318406
12102157809,484.05744181273866
12102157810,350.95052731164276
12102157811,543.8351242898412
12102157812,652.5930870785066
12102157813,445.8291350732305
12102157814,486.1301351949261
12102157815,558.7178925864639
12102157816,598.5950429866479
12102157817,452.351811483828
12102157818,442.2638018680487
12102157819,441.81063981111566
12102157820,472.7385154799333
12102157821,524.7580878646512
12102157822,600.0795199743586
12102157823,673.433845148117
12102157824,502.5565846118147
12102157825,476.95622174270943
12102157826,500.6722934004694
12102157827,540.083833463715
12102157828,413.93013280618766
12102157829,458.89093297356965
12102157830,414.17800067474104
12102157831,554.6273266314967
12102157832,1778.9165192118369
12102157901,568.9277682648219
12102157902,924.4882128361875
12102157903,3405.9907614777812
12102157904,720.7646758928174
12102157905,496.2857190353117
12102157906,432.14199403224364
12102157907,1433.9560153278119
12102157909,440.45393771092057
12102157910,779.6335863963681
12102157911,566.0189988998414
12102157912,524.2203986993061
12102157913,540.083833463715
12102157914,744.3559998705824
12102157916,680.6074102377014
12102157917,517.3694046502227
12102157918,610.8394965886517
12102157919,643.01941518087
12102157920,491.0144728833865
12102157921,515.7806784073107
12102157922,778.8347410959542
12102157923,608.3397746897214
12102157924,533.7559352571297
12102157925,556.4314665134567
12102157926,517.9000667992954
12102157927,486.5049606366532
12103140701,577.6446484549849
12103140702,558.287431033481
12103140703,451.6178769467456
12103140704,578.5357653225707
12103140705,571.9499131598812
12103140706,619.2988434426305
12103140707,482.5312858862701
12103140708,610.473935202482
12103140709,578.7306168311164
12103140710,723.2283033451292
12103140711,529.3963240416083
12103140712,683.4040862380717
12103140713,495.77720385429393
12103140714,523.1466726207709
12103140716,345.8020124601822
12103140718,447.27936675945205
12103140719,578.1895363417967
12103140720,345.8020124601822
12103140721,457.0130260589365
12103140722,487.00396534320413
12103140723,503.2452463080015
12103140724,503.80289243480667
12103140725,537.5075194994381
12103140726,512.0044705726988
12103140727,680.3171721260728
12103140728,529.622176034896
12103140729,532.0253171523258
12103140730,461.91925242910094
12103140731,470.9237400466617
12103140732,596.1454287329827
12103140733,492.7775995369131
12103140734,468.87728228708374
12103140735,515.3832976275436
12103140736,565.8750077914618
12103140737,487.7114614704537
12103140738,535.6284428390286
12103140739,522.1650056309447
12103140742,603.9898510179894
12103140743,648.9262699620903
12103140744,1936.3847695528368
12103140745,514.1968307889409
12103140746,514.6356594932644
12103140747,1142.4904441748001
12103140748,568.783037186714
12103140750,437.0427709084303
12103140751,711.9521405974343
12103140752,831.1505540651376
12103140754,662.3687667426366
12103140755,679.1574568427951
12103140756,543.464922633866
12103140757,504.1045775242024
12103140758,576.1982437058583
12103140759,1653.5531570763235
12103140760,1950.0688925813563
12103140801,531.0707052911117
12103140802,530.8879361464011
12103140803,670.3011395502671
12103140804,593.4526591493393
12103140805,603.1633262205204
12103140806,537.8293874491974
12103140807,564.7159633235914
12103140808,478.7942442511499
12103140809,488.54426751564733
12103140810,567.2783412083166
12103140811,475.28882682859046
12103140812,624.1839192072217
12103140813,541.3786386562647
12103140814,498.32500091628305
12103140815,511.5678854774287
12103140816,468.5966792314303
12103140817,559.7682787783044
12103140818,502.7709861881384
12103140819,539.8535202029609
12103140820,537.3225351110405
12103140821,630.7243026828808
12103140822,600.3355269573369
12103140823,513.5815652040816
12103140824,460.42155325911193
12103140825,744.3034126531388
12103140826,796.7440781742351
12103140827,483.3552463703431
12103140829,529.5310328773427
12103140830,453.47361471685645
12103140832,605.4877067806657
12103140833,441.81063981111566
12103140834,609.3785631577346
12103140835,548.8760413443757
12103140836,541.0546466310353
12103140838,3534.113895386251
12103140839,453.00896661510825
12103140840,539.0260103605706
12103140841,530.1654057651532
12103140842,599.6955729241788
12103140843,943.3598287762351
12103140844,589.3106005476395
12103140845,641.1551827063464
12103140846,529.5310328773427
12103140847,540.2697684861427
12103140848,547.4240086393667
12103140850,564.5216150897452
12103140851,529.3963240416083
12103140852,492.2321570158707
12103140854,420.34453965018355
12103140856,991.0215739316055
12103140857,511.5678854774287
12103140858,507.90992762670106
12103140859,955.3381408591307
12103140860,662.3687667426366
12103140861,567.9579349944432
12103140862,1549.1453853850596
12103140863,549.7680323480163
12103140864,521.3178001551199
12103140865,579.3762344821033
12103140866,730.434726730847
12103140867,566.2138626390131
12103140901,345.8020124601822
12103140902,576.5607178616826
12103140903,586.3458850674824
12103140904,606.6759590590189
12103140905,541.4718210299043
12103140906,537.9662421406963
12103140907,642.2500060891211
12103140908,597.8787901683403
12103140909,548.7815847717903
12103140910,478.7942442511499
12103140911,578.9298568074918
12103140912,481.08914107162303
12103140913,539.8090816329947
12103140914,630.0780360855374
12103140915,559.4332813377868
12103140916,477.120423780045
12103140917,615.9204974254716
12103140918,526.2838823915502
12103140919,604.2972695534501
12103140921,565.1006409284763
12103140922,548.2192801230451
12103140923,514.1968307889409
12103140926,491.5181029648414
12103140927,719.0408364608274
12103140928,1205.711776799962
12103140929,610.6292748399579
12103140930,471.406763205156
12103140931,728.8077397226033
12103140932,623.4370478515161
12103140933,623.119892514468
12103140934,501.0995799192651
12103140935,573.612923349416
12103140936,638.2591055225352
12103140937,777.358903903601
12103140938,565.2951885039357
12103140939,566.2138626390131
12103140940,8682.08193530489
12103140941,384.4774554775262
12103140942,490.92997376026057
12103140945,537.9219589238677
12103140946,442.2638018680487
12103140947,872.2214611488462
12103140948,547.0513639434521
12103141002,694.2332780917717
12103141003,944.3771001177045
12103141004,505.6573386201736
12103141005,503.3733008073259
12103141006,565.4390320729816
12103141007,683.9310176499654
12103141008,594.1636095068994
12103141009,580.9608422722949
12103141010,614.2405349437632
12103141012,657.9672311977538
12103141013,651.8707490116674
12103141014,450.96273979254966
12103141015,517.9000667992954
12103141016,647.0400809671736
12103141018,614.2911009159133
12103141019,361.4786611387725
12103141020,612.1435959442547
12103141021,543.1396820566569
12103141022,677.53312862057
12103141023,500.0732106893813
12103141024,546.9572213812445
12103141025,580.8130500678516
12103141026,345.8020124601822
12103141027,662.7058989574639
12103141028,572.5365581515478
12103141029,488.2117036764002
12103141030,652.3147953902194
12103141031,548.7364112794662
12103141032,525.9256282882893
12103141033,492.94724841055944
12103141035,598.9534911054791
12103141037,531.026989687136
12103141038,539.3931882838156
12103141039,549.6734222718951
12103141040,586.7979807913716
12103141041,565.6802606699266
12103141042,520.4719692584234
12103141044,489.0051076779389
12103141045,811.209183727846
12103141046,450.8851332082648
12103141047,460.0289528049226
12103141048,591.7321298882323
12103141049,579.523661078124
12103141050,483.23228431818364
12103141051,472.94019601902386
12103141053,528.5373858520069
12103141054,516.6614148691453
12103141055,438.3889658096451
12103141056,686.5666486520473
12103141057,789.1480532642204
12103141058,536.9567667312385
12103141101,547.2847479609958
12103141102,620.1985312573627
12103141103,591.0240889335319
12103141104,625.4650179639006
12103141105,689.1505573666105
12103141106,580.4058048157711
12103141107,487.7114614704537
12103141108,582.2534288633155
12103141109,490.5517390881393
12103141110,488.50405251694656
12103141111,688.0417351216788
12103141112,462.5903066821501
12103141113,539.1631695416775
12103141116,348.2924721213799
12103141118,608.9090703311542
12103141119,677.6497459760325
12103141120,572.9744518457533
12103141121,1050.5959740719088
12103141122,1923.1733357114776
12103141123,688.5049987393313
12103141124,584.7465892292454
12103141125,541.9339269073081
12103141126,618.4513691841032
12103141127,596.2971223753195
12103141128,505.9601341810878
12103141129,578.5357653225707
12103141130,550.1919251097552
12103141131,785.5129655750422
12103141132,639.2389574808142
12103141133,591.0240889335319
12103141135,497.0922443038048
12103141136,574.7902282755845
12103141137,508.86479515780536
12103141138,452.08109821763304
12103141139,542.9527593471968
12103141140,635.2667673781943
12103141141,591.3780034460963
12103141142,556.8105008204764
12103141143,557.239823602214
12103141144,836.2787197105212
12103141145,647.873396093888
12103141146,591.0240889335319
12103141147,475.16791681477736
12103141148,786.4811740164082
12103141149,419.41138633819446
12103141150,361.4786611387725
12103141151,402.04578836527526
12103141152,454.5981999493405
12103141153,493.15755043492805
12103141201,538.1514481385433
12103141202,681.7134809006805
12103141203,625.0907038269719
12103141204,554.4364504240325
12103141205,692.1584179709059
12103141206,506.78238156281924
12103141207,656.5655100200794
12103141208,477.120423780045
12103141209,544.8126804890813
12103141210,478.30365156946107
12103141211,428.17317086706754
12103141212,540.3627600004702
12103141214,505.313125501616
12103141215,457.4817810962135
12103141217,596.9087401277443
12103141218,653.7661382283147
12103141219,569.8523457883197
12103141220,544.1607813087886
12103141221,596.1454287329827
12103141222,887.737491657718
12103141223,931.2378593419995
12103141224,577.8435145643009
12103141225,542.7212226621626
12103141226,595.5345931014551
12103141227,616.921443907515
12103141228,501.3133599056776
12103141229,583.6449740032116
12103141230,675.3363360014303
12103141231,561.0598979799498
12103141232,563.3653426869106
12103141233,485.2179284822471
12103141234,678.6342031982068
12103141235,501.013345240981
12103141236,633.8043161178797
12103141237,603.2671430068066
12103141238,548.7364112794662
12103141239,350.95052731164276
12103141240,626.3221031426959
12103141241,463.3420727656566
12103141242,564.3780049048939
12103141243,623.2784500099245
12104141301,515.911922640652
12104141302,625.9472760768422
12104141303,569.2684511533196
12104141304,598.9534911054791
12104141305,528.5373858520069
12104141306,866.8892694799571
12104141307,539.1631695416775
12104141308,446.2864188724089
12104141309,515.2521878725527
12104141310,1099.0906530619895
12104141311,699.2331332465993
12104141312,509.6917629704987
12104141313,617.6605096347812
12104141314,489.7155109693034
12104141315,600.1828059743053
12104141316,536.2701203630645
12104141317,496.58290272314036
12104141318,546.4908321516
12104141319,575.7243330168781
12104141320,518.9630245449922
12104141321,562.4049915084435
12104141322,522.7005865941178
12104141323,496.2857190353117
12104141324,513.8891059164057
12104141325,643.9535631105817
12104141326,563.3189687183054
12104141327,539.5788855373654
12104141328,518.1210142390471
12104141330,538.4737016828913
12104141331,461.7222716593744
12104141332,647.6504290476829
12104141333,535.7206354859646
12104141334,537.2783048815854
12104141335,1060.3177358370378
12104141336,641.9232802106192
12104141337,673.897612005248
12104141338,642.0866223680565
12104141339,495.1839783946551
12104141340,522.1650056309447
12104141341,592.8445826425659
12104141342,520.0281639454934
12104141343,680.261171153362
12104141401,4605.094855628769
12104141402,469.8396238099731
12104141403,501.91392830313964
12104141404,1358.141352015563
12104141405,535.1717136341357
12104141406,494.0440125244433
12104141407,554.3908114459172
12104141408,547.6124706688098
12104141409,716.8328221554917
12104141410,600.6950173053219
12104141411,631.7493071673048
12104141412,521.6299734465099
12104141413,433.73266388429
12104141414,557.5735075657688
12104141415,624.7727072408834
12104141416,621.2064300699942
12104141417,629.5407699184984
12104141418,553.255289300219
12104141419,496.2857190353117
12104141420,591.2762326725508
12104141421,483.02621482265795
12104141422,494.0440125244433
12104141423,745.6623664381952
12104141424,623.0126592506284
12104141425,690.683856523508
12104141426,484.51404958582293
12104141427,566.6471850271179
12104141428,518.4312732447916
12104141429,748.6821324026404
12104141430,930.4519866378163
12104141431,588.0023472296621
12104141432,587.7515996058102
12104141433,497.3043146736311
12104141434,533.7559352571297
12104141435,3576.1376777320984
12104141436,496.0740830352408
12104141437,450.0390625465585
12104141438,541.7028246930113
12104141439,685.948041722192
12104141440,479.28534013029235
12104141441,427.9905807707901
12104141442,513.5815652040816
12104141443,518.2528539882635
12104141444,1341.010221946353
12104141601,597.2170139128984
12104141602,577.497699866081
12104141603,486.92015639193545
12104141604,572.0483574772322
12104141605,592.5917700966442
12104141606,633.0459334132559
12104141607,535.4000295343162
12104141608,572.1326938503199
12104141609,574.6440058303732
12104141610,576.4140450168234
12104141611,455.0644781165099
12104141612,751.8431108273488
12104141613,547.6124706688098
12104141614,689.8574142323627
12104141615,648.9262699620903
12104141616,453.9387394048848
12104141617,644.7250130466247
12104141618,534.0755566992871
12104141619,535.9491855681534
12104141620,500.3726623867344
12104141622,909.044741153164
12104141623,633.0459334132559
12104141624,1043.9472214463822
12104141625,644.8359834521236
12104141626,476.83488755578156
12104141627,576.6599557931436
12104141628,541.7028246930113
12104141631,597.8295751915847
12104141632,477.120423780045
12104141633,615.501225521338
12104141634,447.4701858716218
12104141635,621.5784182427548
12104141636,527.5456033716164
12104141637,660.2211421373403
12104141638,2114.43412921148
12104141639,939.0522393692627
12104141640,3287.1019477619284
12104141641,531.8899737888487
12104141642,436.1476050169003
12104141643,2628.788359947689
12104141701,691.0974488710874
12104141702,2114.0829397564894
12104141704,10703.302800962381
12104141705,345.8020124601822
12104141706,8159.115254164667
12104141707,470.722919404723
12104141708,607.1437300690347
12104141709,487.00396534320413
12104141710,377.7698713836726
12104141711,347.2229434911702
12104141712,757.4422210629142
12104141713,4969.708391149883
12104141714,546.1637806965998
12104141716,753.0667641593778
12104141717,663.8434512138724
12104141718,534.303404955063
12104141719,482.24251149181146
12104141721,573.4670004019981
12104141722,361.4786611387725
12104141723,675.973375728182
12104141726,3463.8249277132395
12104141727,372.3226275213656
12104141728,455.0644781165099
12104141729,675.685113753465
12104141730,457.4817810962135
12104141731,462.3134661132543
12104141732,521.6299734465099
12104141733,487.00396534320413
12104141734,481.254765951859
12104141735,729.6862926473373
12104141736,961.5667219381054
12104141737,818.9574081987284
12104141738,461.24917163745766
12104141739,1854.8085576967173
12104168801,588.1519688042883
12104168802,805.0497825435206
12104168803,835.3400105313772
12104168804,482.4482466424393
12104168805,684.4532445288064
12104168806,606.3673304349462
12104168807,558.0493550335848
12104168808,608.3898548950395
12104168809,495.0580071992718
12104168810,628.5193487551139
12104168811,365.5780689450215
12104168812,795.9058591999816
12104168813,573.3683119491074
12104168814,545.6041583598018
12104168815,531.6154207676097
12104168816,593.4526591493393
12104168817,565.5363557340836
12104168818,618.9791713734121
12104168819,629.1640166178562
12104168820,649.0913940824029
12104168821,462.11631723510993
12104168822,511.82826311436605
12104168823,827.765266324626
12104168824,576.4140450168234
12104168825,616.815277340282
12104168826,480.2690435459702
12104168827,476.34630251321306
12104168828,461.91925242910094
12104168829,479.57234372406697
12104168830,472.57582148592275
12104168831,1509.3999620306968
12104168832,598.4427647700544
12104168833,476.75282861027245
12104168834,521.4504533503115
12104168901,468.035976806508
12104168902,1196.3658094430082
12104168903,525.6108842306879
12104168904,511.17375042401306
12104168905,460.9731336806866
12104168906,610.7343766692137
12104168907,777.2841027805088
12104168908,530.2090504411676
12104168909,1088.2851440404086
12104168910,543.6967765974944
12104168911,653.1999399396467
12104168912,495.8180175988395
12104168913,539.1631695416775
12104168914,894.3421666472341
12104168915,468.3162441047378
12104168916,498.4518034225388
12104168917,443.62607877707774
12104168918,700.6682658574628
12104168919,500.3726623867344
12104168920,743.767259002142
12104168921,604.6591322551611
12104168922,598.7473599515671
12104168923,510.9557655742958
12104168924,623.3504286504946
12104168925,485.50848460315956
12104168926,459.8327781342561
12104168927,1649.04224269394
12104168928,639.9520767493394
12104168929,581.7047111496579
12104168930,735.233555050518
12104168931,530.391585865442
12104168932,465.1659216915178
12104168933,674.185111392817
12104168934,549.2992463459909
12104168935,1261.836828165154
12104168936,609.3785631577346
12104168937,1002.6215719134569
12201141801,580.2656897723215
12201141802,366.86057965948487
12201141803,624.665189542668
12201141804,606.0044454494794
12201141805,609.3785631577346
12201141806,761.0726985919999
12201141808,665.9420879921336
12201141809,556.3357097209457
12201141810,493.15755043492805
12201141811,493.7483482541139
12201141812,681.0149686508895
12201141813,611.9878710745262
12201141814,550.2372184239852
12201141815,706.6180705117082
12201141816,573.8576391062714
12201141817,684.3969030912547
12201141818,566.2138626390131
12201141819,654.7697965000993
12201141820,553.3960692272817
12201141821,548.4080159411332
12201141822,828.6282228586866
12201141823,723.4772896366468
12201141827,686.2687449095363
12201141828,592.4897904449019
12201141829,596.756890894309
12201141830,632.2884581564233
12201141831,553.6321600341812
12201141832,633.0459334132559
12201141833,463.9353412313159
12201141834,745.4373647560448
12201141835,544.9513121314807
12201141836,548.5024082148567
12201141837,456.7395232546209
12201141838,710.1856101086037
12201141839,674.7604781807702
12201141840,579.9704965991679
12201141841,685.0424895833371
12201141842,345.8020124601822
12201141843,476.26432764874426
12201141844,671.4261619530812
12201141845,447.0116891350829
12201141846,466.87814919556126
12201141847,540.3627600004702
12201141848,559.7682787783044
12201141849,600.5422048705657
12201141850,495.77720385429393
12201141901,508.64779493859095
12201141902,606.0044454494794
12201141903,622.4814177150049
12201141904,465.444470355641
12201141905,663.8971281202447
12201141906,623.3857290218083
12201141907,549.7680323480163
12201141908,590.1667228737499
12201141909,558.9562537990298
12201141910,620.4631214484114
12201141911,499.6879316536907
12201141912,595.8912085747999
12201141913,1005.6800285954896
12201141914,478.5900673126979
12201141915,502.85752339249905
12201141916,559.4332813377868
12201141917,721.8711899605688
12201141918,754.4046603688521
12201141919,528.85388234477
12201141920,567.2783412083166
12201141921,658.1937500163314
12201141922,1320.7034469153427
12201141923,1601.7936872103496
12201141924,712.8637322246618
12201141925,1135.5488702324762
12201141926,593.5548045305446
12201141927,516.839286239864
12201141928,558.9562537990298
12201141929,547.3789468972487
12201141930,444.53659377187876
12201141931,513.1436353236593
12201141932,692.6920993166573
12201141933,726.1403344903242
12201141934,606.9892771287477
12201141935,529.7133348800572
12201141936,642.9664844094631
12201141937,565.8750077914618
12201141938,631.4799040970813
12201141939,448.6168113200231
12201141940,662.2331050191328
12201141941,540.823919376874
12201141942,395.6381581347083
12201141943,650.4236138854795
12201141944,566.2138626390131
12201141945,654.1576236660067
12201141946,500.3726623867344
12201141947,629.5407699184984
12201141948,611.7268950678468
12202142001,652.8714974920836
12202142002,675.0798294948446
12202142003,535.3519600803938
12202142004,565.4390320729816
12202142005,608.9090703311542
12202142006,547.329801948398
12202142007,680.7805958600075
12202142008,558.1913548463626
12202142009,488.00351075810613
12202142010,534.3473902825652
12202142011,584.9960548502714
12202142012,505.9601341810878
12202142013,620.9926405184685
12202142014,513.6699631309401
12202142015,526.1499996072351
12202142016,680.4342686725549
12202142017,705.4135209142737
12202142018,350.95052731164276
12202142019,411.9985660621756
12202142020,669.7050545413755
12202142021,553.0648852824027
12202142022,516.6614148691453
12202142023,593.6036675964089
12202142024,779.8961678814342
12202142025,626.4814754644856
12202142026,614.0291427202801
12202142027,516.000721669849
12202142028,819.8617220682343
12202142029,947.4614063412915
12202142030,729.9975927002184
12202142101,760.4237335619669
12202142102,723.1687701007268
12202142103,513.6699631309401
12202142104,679.8540638558264
12202142105,677.2442015050872
12202142106,809.495347986061
12202142107,467.5564074972577
12202142108,493.0320947480502
12202142109,790.8328288451783
12202142110,462.3134661132543
12202142111,778.0309047629461
12202142112,531.6154207676097
12202142113,548.4531623990488
12202142114,612.7714673128461
12202142115,500.58613225430736
12202142116,575.7243330168781
12202142117,609.8986223827258
12202142118,585.3945470053769
12202142119,522.7436167456641
12202142120,857.3984218447929
12202142121,788.5858007710615
12202142122,624.1839192072217
12202142123,539.0260103605706
12202142201,567.9579349944432
12202142202,519.7169492687725
12202142203,478.42535949432647
12202142204,594.3147988605796
12202142205,588.8748342752772
12202142206,536.4065782874453
12202142207,500.15928355121565
12202142208,471.28684076003753
12202142209,476.1431694746316
12202142210,525.9689239341476
12202142211,621.843597123623
12202142212,559.4332813377868
12202142213,508.3852391550091
12202142214,488.2117036764002
12202142215,544.9513121314807
12202142216,534.8514361888044
12202142217,569.0256924090173
12202142218,479.57234372406697
12202142219,538.2883847807822
12202142220,593.3505313464248
12202142221,546.8180794501503
12202142222,580.3177920469321
12202142223,588.0023472296621
12202142224,482.03686407484633
12202142225,541.240915875961
12202142226,603.9898510179894
12202142227,609.588354323082
12202142228,543.6967765974944
12202142229,456.7395232546209
12202142230,545.1389228840435
12202142231,547.2847479609958
12202142232,439.4761420885593
12202142233,781.9835016061563
12202142234,491.22395034365235
12202169001,865.0252965499972
12202169002,612.2489584192492
12202169003,813.0952033311702
12202169004,489.33821197428495
12202169005,539.3931882838156
12202169006,7829.925808530601
12202169007,649.8077444892402
12202169008,524.5343101123194
12202169009,492.94724841055944
12202169010,547.5182315452402
12202169011,610.213604798366
12202169012,714.1451212514544
12202169013,492.56745953874224
12202169014,563.125101263208
12202169015,459.8327781342561
12202169016,700.8465561138235
12202169017,507.90992762670106
12202169018,607.6118617488856
12202169019,367.99059684468597
12202169020,612.6155827172166
12202169021,567.9069424164081
12202169022,451.88831282876384
12202169023,705.714465674476
12202169024,447.92915288502894
12202169025,829.3736934106166
12202169026,757.6349578748295
12202169027,507.90992762670106
12202169028,554.2954058315747
12202169029,556.002766526608
12202169030,617.9240170505703
12202169031,956.2709357393323
12202169032,641.5391165056865
12202169101,743.3373922052375
12202169102,582.6020913667966
12202169103,559.8646263863924
12202169104,596.3997573470189
12202169105,878.4360261317286
12202169106,682.5301668410456
12202169107,528.3119964564651
12202169108,591.7808429065012
12202169109,849.4403585927238
12202169110,629.5407699184984
12202169111,494.76173609637675
12202169112,1004.7227360867445
12202169113,465.68137211346703
12202169114,475.6552931954463
12202169115,524.7580878646512
12202169116,489.9244342641461
12202169117,531.026989687136
12202169118,738.7791543979243
12202169119,560.9171684307037
12202169120,640.7714786750109
12202169121,482.6938029761566
12202169122,1165.8073233540358
12202169123,668.6785028872839
12203142401,664.8616061952972
12203142402,537.9662421406963
12203142403,571.2655427461417
12203142404,471.28684076003753
12203142405,480.7616521163468
12203142406,622.160102852305
12203142407,571.6076255307376
12203142408,584.8953823520116
12203142409,645.6084905189217
12203142410,663.7282375290911
12203142411,561.7320421332054
12203142412,643.1300920179749
12203142413,531.5716603248474
12203142414,540.9170062719418
12203142415,496.4974453239052
12203142416,491.4335171715609
12203142417,497.3043146736311
12203142418,602.1351326714077
12203142419,695.6581488102266
12203142420,514.1968307889409
12203142421,463.73750072101353
12203142422,630.7243026828808
12203142423,598.5950429866479
12203142424,584.9960548502714
12203142425,501.0995799192651
12203142426,579.67112518794
12203142427,608.2350849496777
12203142428,650.7010987545784
12203142429,587.65045290337
12203142430,471.4879019830993
12203142431,578.0900351834407
12203142432,500.7996931927721
12203142433,571.3638692692996
12203142501,496.53831836071174
12203142502,491.1394151713611
12203142503,476.34630251321306
12203142504,453.2022300992715
12203142505,481.1719463854941
12203142506,533.1172660977443
12203142507,578.4362045813574
12203142508,500.58613225430736
12203142509,517.5010531467839
12203142510,519.8491951155381
12203142511,468.71591714492126
12203142512,487.7114614704537
12203142513,532.0253171523258
12203142514,575.2334141338886
12203142515,431.25686607886007
12203142516,608.7541683011698
12203142517,492.52691336705925
12203142518,676.666716851673
12203142519,554.1543971198345
12203142520,348.2924721213799
12203142521,586.6969981980532
12203142522,507.60217492804634
12203142523,661.9723672860229
12203142701,540.1767929748091
12203142702,563.8967610111363
12203142703,457.6769527803779
12203142704,459.8327781342561
12203142705,441.35794208304924
12203142706,464.015194024212
12203142707,463.61952928038033
12203142708,504.27812594413274
12203142709,638.9137633850947
12203142710,460.3044253713476
12203142711,539.8090816329947
12203142712,554.2954058315747
12203142713,506.2631110607424
12203142714,519.1844254656513
12203142715,634.2566839547322
12203142716,498.7502841957392
12203142717,494.55074998333913
12203142718,585.0967446763339
12203142719,506.3502493314574
12203142720,504.27812594413274
12203142721,549.0650032660881
12203142722,356.1756964456711
12203142723,466.51844513771164
12203142724,356.1756964456711
12203142725,345.8020124601822
12203142726,522.1650056309447
12203142727,475.37063378934937
12203142728,526.1499996072351
12203142729,548.9705141748758
12203142730,345.8020124601822
12203142731,345.8020124601822
12203142732,476.06122956751085
12203142733,472.455601640897
12203142734,493.0320947480502
12203142735,580.1180744096087
12203142736,1142.8953314943287
12203142737,511.04371154715307
12203142738,578.5833919797717
12203142739,546.8180794501503
12203142740,476.1431694746316
12203142741,587.3998553412766
12203142901,539.5788855373654
12203142902,572.1939194403972
12203142903,545.836924967947
12203142904,504.27812594413274
12203142905,642.4711139281033
12203142906,665.1452506261338
12203142907,477.7313342032257
12203142908,706.4964679711717
12203142909,699.82987665595
12203142910,487.2117318336712
12203142911,488.7124589772489
12203142912,590.5687372246489
12203142913,527.9958242592945
12203142914,686.330365238351
12203142915,441.81063981111566
12203142916,544.4866333362778
12203142917,693.1068942315808
12203142918,396.21292237605286
12203142919,1383.2068763977747
12203142920,443.17152087403787
12203142921,555.1006597532788
12203142922,509.4744100992659
12203142923,545.0451094355417
12203142924,461.1697948518468
12203142925,497.21873312596284
12203142926,479.57234372406697
12203142927,555.1962039683458
12203142928,484.7207538240389
12203142929,814.1425709375981
12203142930,996.8586500880966
12203142931,585.9467453136656
12203142932,609.7434686179103
12203142933,881.6931757865474
12203142934,442.7174287301067
12203142935,377.8659977397483
12203142936,504.7084897724885
12203142937,596.2480375950937
12203142938,534.303404955063
12203142939,471.2057365829017
12203142940,675.8570468607867
12203142941,657.7998491291618
12203142942,498.0267746569865
12203142943,616.1832625141836
12203142944,593.6036675964089
12203142945,508.25590965509474
12203142946,747.1364436475774
12203142947,614.9211749652062
12203142948,841.1489430236644
12203142949,443.36058748975194
12203142950,490.1334466902137
12203142951,2151.5814734123996
12203143001,504.4932619674563
12203143002,631.4799040970813
12203143003,632.8801654199182
12203143004,649.3683105975401
12203143005,590.0651605505695
12203143006,731.0580983767439
12203143007,426.6763169946988
12203143008,600.8478686243393
12203143009,656.1725835651025
12203143010,545.37149101261
12203143011,614.7647434996163
12203143012,372.3226275213656
12203143013,501.6135542238707
12203143014,493.5377942900199
12203143015,730.6205912847728
12203143016,718.5513680604205
12203143017,588.0023472296621
12203143018,494.25478245225264
12203143019,526.5990294510266
12203143020,805.4818407676843
12203143021,507.8225209495427
12203143022,728.813181735858
12203143023,549.344466172447
12203143024,821.8723484658385
12203143025,774.0418495151164
12203143026,519.9386718301263
12203143027,514.1968307889409
12203143028,620.3563453906987
12203143029,769.3755355082977
12203143030,666.8893942192728
12203143031,499.0489437039177
12203143032,546.6298908121829
12203143033,617.4479404195296
12203143034,594.5683464880715
12203143035,517.5901256979523
12203143036,702.7055394697045
12203143037,500.15928355121565
12203143038,546.3027561365056
12203143201,490.1334466902137
12203143202,1053.0040339669963
12203143203,407.61360903495523
12203143204,545.37149101261
12203143205,363.708970007033
12203143206,381.5654715466298
12203143207,353.11587801565946
12203143208,551.6471805113451
12203143209,490.38291463426583
12203143210,615.7085270392267
12203143211,558.6175711189327
12203143212,613.3494900657894
12203143213,452.351811483828
12203143214,509.38673418890943
12203169201,891.5787898218449
12203169202,478.01740723382994
12203169203,633.42501126668
12203169204,497.516475517292
12203169205,568.1024561191559
12203169206,544.3929321408721
12203169207,564.956883443672
12203169208,592.4897904449019
12203169209,561.2530544461328
12203169210,478.30365156946107
12203169211,610.7343766692137
12203169212,455.60964081557574
12203169213,553.8683515625576
12203169214,519.9386718301263
12203169215,498.9630619214679
12203169216,520.7836360529799
12203169217,582.3536466271636
12203169218,471.4879019830993
12203169219,728.4369801324711
12203169220,1000.0455642133679
12203169221,549.0650032660881
12203169301,572.6351034425406
12203169302,622.7469818350997
12203169303,537.0491880099761
12203169304,455.8040138039527
12203169305,423.98690763602457
12203169306,350.95052731164276
12203169307,538.4737016828913
12203169308,550.6614729466302
12203169309,576.9059714803528
12203169310,491.64317340523905
12203169311,522.9235820400892
12203169312,459.8327781342561
12203169313,743.465335824868
12203169314,550.0972420855468
12203169315,446.36323392358383
12203169316,496.0740830352408
12203169317,458.61630632205873
12203169318,529.1705683606062
12203169319,469.35820640828877
12203169320,542.4897847135937
12203169321,541.4718210299043
12203169322,572.1939194403972
12203169323,478.5900673126979
12203169324,550.4266489590417
12203169325,555.5286641803483
12203169326,536.4065782874453
12203169327,492.0627542424914
12203169328,582.6020913667966
12203169329,482.7371442343398
12203169330,596.6050802902121
12203169331,530.391585865442
12203169332,527.7706658071893
12203169333,630.3468410883584
12203169334,539.5788855373654
12203169335,757.9123812489563
12203169336,542.9080656603329
12203169401,482.03686407484633
12203169402,698.6368986790515
12203169403,429.3088927895524
12203169404,508.86479515780536
12203169405,461.91925242910094
12203169406,833.0687690377177
12203169407,465.2459862925649
12203169408,507.3021846769869
12203169409,561.9716892475665
12203169410,566.2604749232573
12203169411,571.120216955242
12203169412,686.6231687090279
12203169413,573.3683119491074
12203169414,533.983647155442
12203169415,559.7682787783044
12203169416,661.2940826099425
12203169417,664.4637148805905
12203169418,696.6687677809072
12203169419,450.0390625465585
12203169420,486.712514240852
12203169421,582.005132807263
12203169501,604.1435407319733
12203169502,563.8967610111363
12203169503,550.6614729466302
12203169504,482.159521943426
12203169505,584.7465892292454
12203169506,443.17152087403787
12203169507,513.6699631309401
12203169508,539.8090816329947
12203169509,2214.977981155672
12203169510,500.3726623867344
12203169511,453.9387394048848
12203169512,526.9143652255149
12203169513,622.2159668420285
12203169514,512.0925970492074
12203169515,442.2638018680487
12203169516,581.1608500498745
12203169517,2167.2458012147977
12203169518,565.7776258514211
12203169519,1213.3738271676027
12203169520,489.7155109693034
12203169521,478.7942442511499
12203169522,455.60964081557574
12203169523,442.7174287301067
12203169524,498.32500091628305
12203169525,846.4844706040312
12203169526,593.7058389692668
12203169527,629.1640166178562
12203169528,465.7231858190822
12203169529,561.2530544461328
12203169530,683.0564244267345
12203169531,580.9130199129496
12203169532,523.773397108768
12203169533,1555.379681190175
12203169534,674.0136036136939
12203169535,1812.1953517526347
12203169536,509.60404965568983
12203169537,590.5201239820435
12203169538,542.3517792658304
12203169539,617.0276287481929
12203169540,580.7130974266547
12203169541,467.1577231684225
12203169542,518.6524473087734
12203169601,507.90992762670106
12203169602,493.0320947480502
12203169603,521.2280861050954
12203169604,9347.93738044169
12203169605,593.6036675964089
12203169606,534.8514361888044
12203169607,546.2577866913825
12203169608,554.1543971198345
12203169609,597.8787901683403
12203169610,817.9040394379482
12203169611,611.2555929800734
12203169612,532.0253171523258
12203169613,731.5560862088219
12203169614,466.48004321610006
12203169615,654.324078943214
12203169616,604.867298658877
12203169617,460.50080125699003
12203169618,532.2522907312909
12203169619,470.0400676187876
12203169620,470.2405969412933
12203169621,10009.130380460976
12203169622,566.455421795541
12203169623,465.04758687099945
12203169624,668.2783273227002
12203169625,570.4368393199285
12203169626,461.7222716593744
12203169627,740.2954527629342
12203169628,483.4384417274401
12203169629,628.143206731474
12203169630,536.4065782874453
12203169631,511.5678854774287
12203169632,562.7417684557121
12203169633,505.0107171478013
12203169634,610.1085925892102
12203169635,509.9092085691958
12203169636,428.17317086706754
12203169637,584.9960548502714
12203169638,595.8912085747999
12203169639,368.3680422042393
12203169640,509.82145783397834
12203169641,697.2633226952938
12203169642,653.878664796996
12203169643,500.0732106893813
12203169701,685.6271223350582
12203169702,733.6689129168475
12203169703,508.64779493859095
12203169704,558.3835237572831
12203169705,588.9579232875348
12203169706,577.5970990713738
12203169707,604.763206500362
12203169708,551.8866461155111
12203169709,599.5678334765736
12203169710,709.7658940987089
12203169711,763.0914307480687
12203169712,541.240915875961
12203169713,475.16791681477736
12203169714,636.9518014798796
12203169715,602.7527384298146
12203169716,496.4974453239052
12203169717,664.8616061952972
12203169718,512.5296299467298
12203169719,603.7819865897987
12203169720,1337.7481508933379
12203169721,498.4518034225388
12203169722,853.9821371640725
12301143301,477.03831569635014
12301143302,739.3487821639023
12301143303,834.5658251484149
12301143304,1696.1310554148429
12301143305,609.4834497138438
12301143306,1051.0808118787684
12301143307,636.9518014798796
12301143308,656.5655100200794
12301143309,635.6995033276089
12301143310,618.9282194981621
12301143311,483.5216514041653
12301143312,509.38673418890943
12301143313,503.97633699341054
12301143314,632.7191653180357
12301143315,546.3927061330819
12301143316,657.238944632607
12301143317,597.2661784619223
12301143318,555.4330627519033
12301143319,570.2917243451411
12301143320,615.3953033607664
12301143321,568.3448209907651
12301143322,628.4111862939841
12301143323,603.1633262205204
12301143324,610.2638392625377
12301143325,511.17375042401306
12301143326,581.9049750194728
12301143327,609.1186998638923
12301169801,485.0110122289524
12301169802,453.2802355034813
12301169803,582.3536466271636
12301169804,1578.5076044014095
12301169805,604.763206500362
12301169806,483.14912443890057
12301169807,380.49056297017785
12301169808,450.0390625465585
12301169809,462.1958569366471
12301169810,502.9440754916888
12301169811,697.0233579978313
12301169812,579.523661078124
12301169813,447.27936675945205
12301169814,630.8847951771155
12301169815,699.3534856181756
12301169816,466.0020681817221
12301169901,461.1697948518468
12301169902,662.7014739825125
12301169903,457.98871672090905
12301169904,507.6059651975691
12301169905,427.2961719924915
12301169906,478.7942442511499
12301169907,3686.632245347946
12301169908,675.685113753465
12301169909,612.2993604393365
12301169910,657.2930503522388
12301169911,492.2321570158707
12301169912,450.96273979254966
12301169913,513.6699631309401
12301169914,676.7831850798899
12301169915,462.39303974815925
12301169916,485.50848460315956
12301169917,1998.4886991412652
12301169918,564.0402487398961
12301169919,566.2138626390131
12301169920,784.778555251104
12301169921,523.0566438384355
12301169922,588.0023472296621
12301169923,358.3732862340671
12301169924,442.45248123107973
12301169925,538.7034262830357
12301169926,625.5726733290008
12301169927,558.7178925864639
12301169928,559.0984843789499
12301169929,560.4388755846592
12301169930,708.4923627096038
12301169931,723.2932422866019
12301169932,681.9481748565203
12301169933,857.0082689633738
12301169934,527.5456033716164
12301169935,497.3043146736311
12301170001,356.1756964456711
12301170002,468.3968509409213
12301170003,498.6234057581504
12301170004,577.9429732913994
12301170005,451.3476029090681
12301170006,411.6012515704763
12301170007,429.3088927895524
12301170008,450.6928578265175
12301170009,607.8710821927942
12301170010,776.640684753672
12301170011,628.2513230678225
12301170012,612.6155827172166
12301170013,564.3780049048939
12301170014,519.9386718301263
12301170015,598.0846222991528
12301170016,503.4599416823929
12301170017,566.2138626390131
12301170018,547.8460940666937
12301170019,557.5735075657688
12301170020,478.30365156946107
12301170021,2532.5409662214997
12301170022,494.4656422991003
12301170023,499.85995955199536
12301170024,634.0747108328588
12301170025,477.6098028333365
12301170026,489.0051076779389
12301170027,492.52691336705925
12301170028,449.57793363114104
12301170029,474.1130571139817
12301170030,461.24917163745766
12301170101,574.6440058303732
12301170102,494.55074998333913
12301170103,453.7451618438149
12301170104,634.8865873122896
12301170105,540.6863377131119
12301170106,467.91691186488396
12301170107,500.15928355121565
12301170108,484.92754624678065
12301170109,576.9059714803528
12301170110,608.4945712741664
12301170111,622.7469818350997
12301170112,475.6552931954463
12301170113,352.7540606637953
12301170114,428.35583886025387
12301170115,630.8328632788105
12301170116,597.3689802280607
12301170117,583.0992988670808
12301170118,595.0267820529023
12301170119,469.0773155400608
12301170120,563.5592928500841
12301170121,506.69516892607913
12301170122,547.7518147386634
12301170123,473.9108764201995
12301170124,491.5181029648414
12301170125,9347.93738044169
12301170126,540.1323277943293
12301170127,588.0023472296621
12301170128,577.5970990713738
12301170129,457.4817810962135
12301170130,505.0107171478013
12301170131,556.5730546424563
12301170132,513.362553566227
12301170133,544.0223507716695
12301170134,1041.8439533382434
12301170135,531.4801816787852
12301170136,488.2117036764002
12301170137,604.9170930004062
12301170138,520.0281639454934
12301170139,763.2227744431159
12301170140,528.85388234477
12301170141,480.7616521163468
12301170142,561.0137137862777
12301170143,618.5578173563176
12301170144,631.4799040970813
12301170145,614.6589480809
12301170146,528.0867031759399
12301170147,494.0440125244433
12301170148,648.4263077921904
12301170201,528.628357982516
12301170202,568.4426447977712
12301170203,685.4527037917372
12301170204,672.9200258947665
12301170205,544.5803506595817
12301170206,511.5678854774287
12301170207,627.607590389205
12301170208,534.6233542306792
12301170209,550.4266489590417
12301170210,488.2117036764002
12301170211,639.2963549873207
12301170212,519.7169492687725
12301170213,477.24183062379126
12301170214,495.56578470535334
12301170215,544.5803506595817
12301170216,621.843597123623
12301170217,525.9256282882893
12301170218,567.9579349944432
12301170219,644.9469729579067
12301170220,358.220461589066
12301170221,518.2528539882635
12301170222,494.97281222068153
12302143601,609.1688441924761
12302143602,350.95052731164276
12302143603,568.0046908555256
12302143604,585.3945470053769
12302143606,518.2528539882635
12302143608,593.3505313464248
12302143609,622.2671893736928
12302143610,481.95390991651067
12302143611,668.9637756893184
12302143612,558.7178925864639
12302143613,590.8206867007194
12302143614,508.43088725691325
12302143615,760.1620320709688
12302143616,652.8177557368954
12302143617,659.7124778866913
12302143618,485.2179284822471
12302143619,641.0448457331648
12302143620,600.4388570213384
12302143621,464.015194024212
12302143623,465.444470355641
12302143624,534.8514361888044
12302143625,531.5716603248474
12302143626,495.8180175988395
12302143627,569.2684511533196
12302143629,377.8659977397483
12302143630,579.6234089929167
12302143631,548.174152917378
12302143632,467.63688354996845
12302143633,521.6299734465099
12302143634,578.1895363417967
12302143635,623.75902219303
12302143636,495.09876173756834
12302143637,537.6000355740294
12302143639,529.0795029206246
12302143640,687.8573897167091
12302143641,684.222797506744
12302143642,661.8584478647865
12302143643,608.9090703311542
12302143644,511.08578207264827
12302143645,499.6467993533892
12302143646,639.5690927256057
12302143647,631.2625789070011
12302143648,618.6642838504475
12302143649,493.95899204511045
12302143650,345.8020124601822
12302143651,611.2555929800734
12302143652,1167.408406060325
12302143653,741.8148632362361
12302143701,523.0566438384355
12302143702,437.0427709084303
12302143703,569.8523457883197
12302143705,373.85253410351726
12302143706,549.862658708473
12302143707,528.9884531521769
12302143708,505.44170618819504
12302143709,10685.100457592029
12302143710,625.8395562460174
12302143711,491.64317340523905
12302143712,477.120423780045
12302143713,702.4058778354955
12302143714,643.5152084240469
12302143715,581.7569426345391
12302143716,611.6216224352044
12302143717,635.0481389308344
12302143718,555.6700225845728
12302143719,468.5966792314303
12302143720,629.2158111321095
12302143721,632.9369919680929
12302143722,421.20412559620894
12302143723,385.69348553491994
12302143724,707.9465081257873
12302143725,522.5206980440632
12302143727,497.0066992515181
12302143729,581.3087307546119
12302143730,649.6453452512883
12302143731,576.5607178616826
12302143732,564.1373316416823
12302143733,552.0270777811265
12302143737,533.0255214669924
12302143738,513.5815652040816
12302143739,648.9262699620903
12302143741,353.11587801565946
12302143744,652.4364244789036
12302143745,647.2095578155438
12302143746,591.1744794128299
12302143747,667.1391342794645
12302143748,630.455336715401
12302143749,464.76927572471453
12302143750,510.2145502166548
12302143751,546.4908321516
12302143752,10064.859318284049
12302143753,452.46691576978594
12302143754,435.51490973324167
12302143755,552.1220929696619
12302143756,539.3931882838156
12302143757,8811.346156376072
12302143758,539.0260103605706
12302143759,674.7049346127504
12302143760,3579.154266047636
12302143761,598.850416659436
12302143762,641.265538670786
12302143763,532.9816449504137
12302143764,634.0747108328588
12302143765,468.3162441047378
12302143766,573.3683119491074
12302143801,428.8690048762879
12302143802,483.02621482265795
12302143803,489.7155109693034
12302143804,548.3136399114611
12302143805,559.7682787783044
12302143806,574.8891614694545
12302143807,523.9968502390528
12302143808,459.282562212578
12302143809,636.0801701803994
12302143810,522.7005865941178
12302143811,552.3576402705639
12302143812,560.6779710060265
12302143813,598.2368093837279
12302143814,571.7060109333637
12302143815,493.4528609262397
12302143816,648.1497929845746
12302143817,610.6292748399579
12302143818,502.2144822511268
12302143819,498.7502841957392
12302143820,554.2954058315747
12302143821,523.4599410697344
12302143822,454.7921414350312
12302143823,417.5887819268261
12302143824,549.7680323480163
12302143825,589.006407925477
12302143826,1112.228741644623
12302143827,670.3367823223435
12302143828,532.7982181516405
12302143830,522.9235820400892
12302143831,503.4599416823929
12302143833,511.17375042401306
12302143834,675.8570468607867
12302143835,356.1756964456711
12302143836,627.1208507877927
12302143837,546.4908321516
12302143838,350.95052731164276
12302143841,474.88354908265705
12302143842,642.581696391311
12302143843,427.91692748605305
12302143844,486.92015639193545
12302143845,469.75876868570634
12302143846,466.20087480578746
12302143847,468.7965927730369
12302143848,512.8365407436908
12302143849,769.3304471519448
12302143850,481.95390991651067
12302143851,639.8419468197461
12302143853,483.4384417274401
12302143855,567.8601946015834
12302143856,601.3111459475557
12302143857,452.9310078938051
12302143859,421.49419197013
12302143860,466.7558935268326
12302143861,584.9960548502714
12302143862,708.4923627096038
12302143901,347.5790876151643
12302144101,709.3995243978293
12302144102,534.5313504158637
12302144103,514.9438314138142
12302144104,624.6091056560614
12302144105,518.0744961351131
12302144106,649.3634617953476
12302144107,702.4058778354955
12302144108,757.980611450378
12302144109,506.5662693677139
12302144110,524.2203986993061
12302144111,732.3064381263989
12302144112,599.5678334765736
12302144113,526.2838823915502
12302144114,777.4372796259706
12302144115,507.2148825868604
12302144116,482.5312858862701
12302144117,573.1238048608438
12302144118,560.0070881084797
12302144119,557.4775542383834
12302144120,622.5326620993154
12302144122,592.237129196507
12302144123,537.7368319052357
12302144124,471.4879019830993
12302144125,620.0918007332144
12302144126,543.9287294750687
12302144127,580.1180744096087
12302144128,634.2360558633887
12302144129,646.546399733767
12302144130,472.7385154799333
12302144131,494.25478245225264
12302144132,532.6626781677818
12302144133,687.9140160310484
12302144134,499.3477820541037
12302144135,675.7407380125305
12302144136,632.449348661662
12302144137,519.9386718301263
12302144138,695.2990612998055
12302144301,502.7296001031902
12302144302,448.65709279230407
12302144303,498.7502841957392
12302144304,470.80394047911426
12302144305,482.5312858862701
12302144306,611.3608026115347
12302144307,510.52007470749083
12302144308,540.6431163120316
12302144309,636.5706129929312
12302144310,611.6216224352044
12302144311,562.3082067266319
12302144312,356.1756964456711
12302144313,626.3221031426959
12302144314,503.2452463080015
12302144315,510.2145502166548
12302144316,494.169725701333
12302144317,510.73787368200226
12302144318,643.6789556594687
12302144319,410.795077998492
12302144320,504.7953604609766
12302144321,685.4527037917372
12302144322,529.5310328773427
12302144323,521.5402056743022
12302144324,574.2012740789038
12302144325,450.96273979254966
12302144326,608.5993056771323
12302144327,545.37149101261
12302144328,391.0348476958165
12302144329,673.494313026453
12302144330,2346.8086195794763
12302144331,604.763206500362
12302144332,497.7287268733867
12302144333,523.6832604728507
12302144334,562.0684161078136
12302144335,570.8766685442365
12302144336,656.5065620488618
12302144337,704.1477989788398
12302144338,662.7058989574639
12302144339,593.8080279279147
12302144340,2066.802765151609
12302144341,3125.570111489463
12302144342,377.8659977397483
12302144343,801.354694993741
12302144344,592.4897904449019
12302144345,486.92015639193545
12302144346,539.7161854016764
12302144347,614.6589480809
12302144348,562.6449257176527
12302144349,560.1495860810129
12302144350,576.6599557931436
12302144401,469.2774341315765
12302144402,434.10282241409476
12302144403,423.8061027291484
12302144404,574.0552014593476
12302144405,480.39125157945574
12302144406,578.9298568074918
12302144407,661.462353812256
12302144408,550.6614729466302
12302144410,567.4694012035234
12302144411,539.9464400724164
12302144412,592.8445826425659
12302144413,554.3908114459172
12302144414,505.44170618819504
12302144415,596.2971223753195
12302144416,619.5630498072773
12302144417,681.8308177805576
12302144418,463.61952928038033
12302144419,637.3332182284839
12302144420,587.9011573758374
12302144421,461.91925242910094
12302144422,478.5900673126979
12302144423,576.168239106653
12302144424,510.86783473614065
12302144425,626.2143188075436
12302144426,572.6822443410083
12302144427,474.1520874063149
12302144428,510.73787368200226
12302144429,459.282562212578
12302144430,494.55074998333913
12302144431,457.5981907411289
12302144432,627.8753414461255
12302144433,567.2783412083166
12302144434,562.3082067266319
12302144435,471.28684076003753
12302144436,497.0922443038048
12302144437,520.0281639454934
12302144438,481.99358568943677
12302144439,515.6919172455576
12302144440,475.37063378934937
12302144441,541.7028246930113
12302144442,478.7942442511499
12302144443,473.1419625994213
12302144444,447.27936675945205
12302144445,489.0051076779389
12302144446,475.37063378934937
12302144447,626.2143188075436
12302144448,458.61630632205873
12302144449,492.94724841055944
12302144450,479.57234372406697
12302144451,420.1652879941094
12302144452,574.9881116917574
12302144453,496.4974453239052
12302144454,807.7619031852146
12302144455,467.0773295748536
12302144456,506.3502493314574
12302144457,419.088252822878
12302144458,831.6482600786777
12302170301,435.0686628744982
12302170302,551.321159890568
12302170303,714.5727625730522
12302170304,648.9262699620903
12302170305,667.1391342794645
12302170306,728.9386254408083
12302170307,583.8983295921748
12302170308,572.0483574772322
12302170309,677.4773568191204
12302170310,608.3397746897214
12302170311,532.8899236588272
12302170312,607.8710821927942
12302170313,586.2976194330787
12302170314,518.9630245449922
12302170315,459.8327781342561
12302170316,563.3189687183054
12302170317,688.9752424870951
12302170318,1557.5009579713262
12302170319,490.21780871468485
12302170320,635.157443747713
12302170321,729.3751253451987
12302170322,521.0954894785104
12302170323,510.6499803410583
12302170324,675.3969747051364
12302170325,500.6722934004694
12302170326,615.8697973279559
12302170327,791.4425920401412
12302170328,502.2144822511268
12302170329,646.2706865938325
12302170401,406.0822658457656
12302170402,470.722919404723
12302170403,472.254127752153
12302170404,522.8335916496125
12302170405,646.7109182783831
12302170406,511.7861314708185
12302170407,458.34184402288577
12302170408,548.9705141748758
12302170409,655.6130666343441
12302170410,576.9059714803528
12302170411,546.2577866913825
12302170412,581.9049750194728
12302170413,347.5790876151643
12302170414,450.23105900501093
12302170415,512.8365407436908
12302170416,518.4312732447916
12302170417,560.5814834287296
12302170418,749.7057836750838
12302170419,586.4468072270262
12302170420,659.5989473718589
12302170421,901.2648503381208
12302170422,621.2064300699942
12302170423,541.0546466310353
12302170424,762.5719760480957
12302170425,499.3477820541037
12302170426,457.4817810962135
12302170501,2176.211605291429
12302170502,538.6107203249429
12302170503,528.85388234477
12302170504,772.2075270438022
12302170505,552.4527123556869
12302170506,453.47361471685645
12302170507,604.2475262332929
12302170508,507.8225209495427
12302170509,455.998469716076
12302170510,513.6699631309401
12302170511,676.2617606817314
12302170512,541.7960628657196
12302170513,578.8302282467197
12302170514,660.9527332759533
12302170515,602.3920166234997
12302170516,372.3226275213656
12302170517,423.1184832084062
12302170518,559.4332813377868
12302170519,737.6467231017704
12302170520,528.5373858520069
12302170521,694.8829544663885
12302170522,489.2540013204095
12302170523,601.0547229217764
12302170524,500.88589109715423
12302170525,540.9170062719418
12302170526,526.6896679506215
12302170527,483.934301127176
12302170528,655.8927654369251
12302170529,515.2521878725527
12302170530,698.574173441179
12302170531,448.5798829888892
12302170532,634.99586432282
12302170533,426.23594382188446
12302170534,533.4365050947727
12302170535,624.4502096515058
12302170536,515.6919172455576
12302170537,533.7998755154184
12302170538,598.3397782153667
12302170539,542.027204857451
12302170540,574.6440058303732
12302170601,556.9063393342796
12302170602,542.5831583382717
12302170603,564.2808805854295
12302170604,1731.5913118671072
12302170605,545.836924967947
12302170606,501.39964622264273
12302170607,586.7979807913716
12302170608,664.5780827217437
12302170609,492.44215396668756
12302170610,915.1744897839458
12302170611,574.7902282755845
12302170612,626.2143188075436
12302170613,495.39523465671425
12302170614,499.26184884429244
12302170615,641.265538670786
12302170616,621.843597123623
12302170617,566.3579399715312
12302170618,758.5425969862176
12302170619,472.0916004612384
12302170620,541.9339269073081
12302170621,643.9535631105817
12302170622,451.1922706444021
12302170623,345.8020124601822
12302170624,554.1543971198345
12302170625,559.337007960257
12302170626,502.2144822511268
12302170627,552.8290363840546
12302170628,659.8803466379093
12302170629,555.6700225845728
12302170630,482.24251149181146
12302170631,557.4775542383834
12302170632,693.5790301677301
12302170633,639.4590287040783
12303144501,487.00396534320413
12303144502,467.35702282005565
12303144503,776.042325618043
12303144504,523.7263715208165
12303144505,556.4314665134567
12303144506,733.1233811887421
12303144507,451.4252890938791
12303144508,428.0994861602359
12303144509,432.8442778667282
12303144510,553.5865872620152
12303144511,534.6233542306792
12303144512,823.3949633394541
12303144513,488.2117036764002
12303144514,691.192395935009
12303144515,485.7156130889958
12303144601,614.5025833239185
12303144602,690.5598397003383
12303144603,602.8023586949239
12303144604,604.763206500362
12303144605,608.6494072477559
12303144606,680.1441043953874
12303144607,451.4252890938791
12303144608,486.4212375595537
12303144610,556.9021809412154
12303144611,450.5006644386519
12303144613,450.0390625465585
12303144614,868.2386445446849
12303144615,565.8750077914618
12303144616,466.0020681817221
12303144618,541.6987798238652
12303144619,630.2383641324259
12303144620,555.8613234747495
12303144621,566.7946242041193
12303144622,513.6699631309401
12303144623,663.0481537146516
12303144624,516.4410898607083
12303144625,506.5662693677139
12303144626,575.577872942228
12303144627,524.310627787735
12303144628,370.38855412652634
12303144629,525.3867428120142
12303144630,482.4482466424393
12303144701,440.1903448147298
12303144702,455.998469716076
12303144703,1366.2229125433435
12303144704,501.5272310952858
12303144705,602.1351326714077
12303144706,482.24251149181146
12303144707,626.8566224173271
12303144708,487.62753076553844
12303144709,506.17598778573097
12303144710,519.9386718301263
12303144712,555.1006597532788
12303144713,669.5346864560663
12303144714,609.4834497138438
12303144715,606.2629801346118
12303144716,405.702601828142
12303144717,515.8231388929611
12303144718,514.1083421929518
12303144719,527.407461458922
12303144720,607.5072972760364
12303144721,536.0855618282865
12303144722,616.1325407869035
12303144723,789.3488578611737
12303144724,511.26173391653685
12303144725,498.53759720690914
12303144726,615.2387512803684
12303144727,534.303404955063
12303144728,573.1238048608438
12303144730,735.1284910842871
12303144731,574.6440058303732
12303144732,346.8671642873963
12303144733,619.4564286437044
12303144734,527.5456033716164
12303144735,593.0975030438212
12303144736,528.1301767274339
12303144738,784.1169354234216
12303144739,543.8351242898412
12303144740,747.97718501988
12303144741,600.1415087012955
12303144742,468.51603800661616
12303144743,461.24917163745766
12303144744,425.80238402721545
12303144745,536.0855618282865
12303144746,659.9395975425145
12303144747,556.4314665134567
12303144748,570.5350232062215
12303144749,578.7825812709497
12303144750,430.6312655205286
12303144751,435.96161430424087
12303144801,453.7451618438149
12303144802,488.8368155006474
12303144803,484.7207538240389
12303144804,458.067545977693
12303144805,723.5368482792263
12303144806,465.6430390963385
12303144807,569.2382505367137
12303144809,615.6578443902611
12303144810,708.3704376204331
12303144811,801.30501942224
12303144812,423.1184832084062
12303144813,649.3634617953476
12303144814,719.9615045349515
12303144815,470.2405969412933
12303144816,529.5310328773427
12303144817,479.0809537689948
12303144818,659.5397270516145
12303144819,632.1796470658599
12303144820,568.0046908555256
12303144821,516.750342901335
12303144822,528.85388234477
12303144823,579.8706889537557
12303144824,504.7084897724885
12303144825,581.5088582999914
12303144826,476.06122956751085
12401144901,506.69516892607913
12401144902,566.5020539656002
12401144903,546.0697908793938
12401144904,697.6182155285628
12401144905,555.5743968296332
12401144906,524.0399871025916
12401144907,619.720702237628
12401144908,391.57068929003293
12401144909,717.2263578956799
12401144910,634.8865873122896
12401144911,476.34630251321306
12401144912,651.587899945017
12401144913,594.5683464880715
12401144914,456.54475132774866
12401144915,827.1502623728634
12401145001,451.3476029090681
12401145002,453.5890044539979
12401145003,526.8236880575639
12401145004,530.9793128548533
12401145005,582.6020913667966
12401145006,413.0823070073665
12401145007,668.1357497496643
12401145008,503.4599416823929
12401145009,640.388004274172
12401145010,671.6522990536303
12401145011,549.1102038090094
12401145012,661.066496805121
12401145013,454.13239955035516
12401145014,459.00770118767065
12401145015,522.2978744038767
12401145016,860.537926660549
12401145017,543.0462126593102
12401145018,483.7279322637186
12401145019,587.3998553412766
12401145020,585.7450904597645
12401145021,352.7540606637953
12401145022,504.4932619674563
12401145023,625.8395562460174
12401145024,579.0295025163837
12401145025,598.0846222991528
12401145026,453.7451618438149
12401145027,783.7691484053302
12401145028,510.25655248330617
12401145029,617.3416832470373
12401145030,589.7120317184853
12401145031,533.983647155442
12401145032,512.5718227971191
12401145033,684.5147018431588
12401145034,548.8760413443757
12401145035,345.8020124601822
12401145036,563.3653426869106
12401145037,705.1074394459827
12401145038,627.2319940140602
12401145039,345.8020124601822
12401145040,493.95899204511045
12401145041,751.4467477933227
12401145042,519.8491951155381
12401145043,452.5447946113103
12401145044,596.6541944631757
12401145045,545.9308747041516
12401145046,537.8293874491974
12401145047,510.2145502166548
12401145048,597.981697377525
12401145049,532.571011767476
12401145050,443.73896273538986
12401145051,468.035976806508
12401145101,359.5544917476742
12401145201,539.4375926162961
12401145202,595.1781910472625
12401145203,545.6490739964408
12401145204,489.21372789927716
12401145205,614.0796912900403
12401145206,495.8180175988395
12401145207,578.2371344964753
12401145208,556.002766526608
12401145209,480.6789174103858
12401145210,495.48050234287444
12401145211,589.8620883350575
12401145212,672.5726754364636
12401145213,752.6417222910624
12401145214,481.7051330856128
12401145215,355.1430770810391
12401145216,600.0256434460733
12401145217,594.3013158788914
12401145218,493.5377942900199
12401145219,562.7880949076027
12401145220,514.5470953788481
12401145221,500.11437809303817
12401145222,351.1606820026837
12401145223,854.2540014808593
12401145224,702.7633881246157
12401145225,747.0495856182098
12401145226,547.141437200014
12401145227,549.0157069391944
12401145228,708.8529708955886
12401145229,479.81643628175914
12401145230,604.1188627059537
12401145231,663.0706355551252
12401145232,678.1113526919098
12401145233,546.5358207816666
12401145234,468.035976806508
12401145235,454.5981999493405
12401145236,1881.5063810897495
12401145237,794.0109232532751
12401145301,349.7236366712215
12401145302,531.5716603248474
12401145303,549.7680323480163
12401145304,490.63617310931613
12401145305,663.2168712534152
12401145306,697.5607904035613
12401145307,811.915882511978
12401145308,496.9211689207565
12401145309,620.1428483976757
12401145310,688.4444247760765
12401145311,621.3645006706864
12401145312,594.5683464880715
12401145313,536.3584184632462
12401145314,502.7709861881384
12401145315,479.48981368725936
12401145316,861.2929494744349
12401145317,347.9355970336743
12401145318,619.8273688881092
12401145319,583.3480617181873
12401145320,526.9143652255149
12401145321,735.7558685085291
12401145322,478.22133986302924
12401145323,515.3832976275436
12401145324,609.3785631577346
12401145325,450.42313737333103
12401145326,612.5101571495162
12401145327,684.8067307123177
12401145328,509.29907336677894
12401145401,569.7073795044272
12401145402,652.7591442477321
12401145403,477.6098028333365
12401145404,665.1452506261338
12401145405,836.7357743964286
12401145406,619.6140539435064
12401145407,642.7452060876465
12401145408,576.9534639684382
12401145409,673.9530891122471
12401145410,492.7370360673513
12401145411,672.6280434710367
12401145412,594.6706839019629
12401145413,527.9049609820838
12401145414,817.5938895336894
12401145415,921.8120233116813
12401145416,555.5743968296332
12401145417,525.8351212729689
12401145418,644.5031295233322
12401145419,568.5872892605023
12401145420,532.7065284261372
12401145421,566.5995605945853
12401145422,631.2625789070011
12401145423,600.4388570213384
12401145424,698.4539551821376
12401145425,475.77632722580813
12401145426,546.6298908121829
12401145427,581.3087307546119
12401145428,511.39182827081135
12401145429,505.57031959308785
12401145430,593.4526591493393
12401145431,489.21372789927716
12401145432,637.6576078589019
12401145433,758.1510495384289
12401145434,546.3967860518136
12401145435,623.4370478515161
12401145436,532.6626781677818
12401145437,669.8203245246448
12401145438,516.6614148691453
12401145439,481.95390991651067
12401145440,593.0975030438212
12401145441,535.4441051389733
12401145442,541.3786386562647
12401145443,499.77393820109694
12401145444,584.7947271785725
12401145445,554.7227893762193
12401145446,623.8103717532596
12401145447,716.5271360851877
12401145448,516.4410898607083
12401145449,487.41958696184395
12401145450,527.0050580008673
12401145451,487.9195297941657
12401145501,684.8631058880071
12401145502,509.7337221998645
12401145503,594.4170926337222
12401145504,474.1946617006432
12401145505,548.5475624434038
12401145506,708.0683602479921
12401145507,674.2406121675585
12401145508,612.2489584192492
12401145509,504.27812594413274
12401145510,499.6467993533892
12401145511,592.1352105752374
12401145512,517.8109409100839
12401145513,694.3602066860598
12401145514,551.9320789438411
12401145515,599.0027986060874
12402145601,353.8406264405532
12403145701,500.58613225430736
12403145702,569.6093380480858
12403145703,556.9063393342796
12403145704,597.981697377525
12403145705,543.464922633866
12403145706,456.9343782754357
12403145707,466.20087480578746
12403145708,498.53759720690914
12403145709,545.9308747041516
12403145710,535.4441051389733
12403145711,602.0315106938003
12403145712,721.6875511905774
12403145713,604.867298658877
12403145714,457.4030526442359
12403145715,662.5373114063275
12403145716,509.9092085691958
12403145717,739.4096473914502
12403145718,715.0595207960802
12403145719,493.8739861970285
12403145720,526.6896679506215
12403145721,633.3160045856672
12403145722,906.8927276161103
12403145723,572.0954500731568
12403145724,492.2321570158707
12403145725,488.7124589772489
12403145726,441.4702488970945
12403145727,521.2709950363469
12403145728,458.89093297356965
12403145729,496.7947557967633
12403145730,505.44170618819504
12403145731,452.9310078938051
12403145732,563.4623094235144
12403145733,527.4548175733245
12403145734,567.2783412083166
12403145735,431.5151094675916
12403145736,459.282562212578
12403145737,568.4426447977712
12403145738,568.4426447977712
12403145739,537.1858441739195
12403145740,612.2489584192492
12403145741,495.6918851085028
12403145901,536.4065782874453
12403145902,696.7261194721508
12403145903,512.3532417536503
12403145904,574.3001059016703
12403145905,598.2368093837279
12403145906,662.3092977415979
12403145907,532.6626781677818
12403145908,485.42493301051866
12403145909,894.5122091737347
12403145910,679.6200905928673
12403145911,464.967556412688
12403145912,567.5203544945689
12403145913,706.3748863573252
12403145914,471.8902817970973
12403145915,644.8359834521236
12403145916,429.3088927895524
12403145917,542.3517792658304
12403145918,550.0025753554252
12403145919,455.998469716076
12403145920,523.0566438384355
12403145921,474.59935153249603
12403145922,607.2982223110232
12403145923,538.3810352583124
12403145924,530.391585865442
12403145925,518.4312732447916
12403145926,506.2631110607424
12403145927,606.7803804415012
12403145928,740.1680546513371
12403145929,609.2736946516477
12403145930,517.1913508380937
12403145931,604.2972695534501
12403145932,449.4232104020278
12403145933,653.2624472048426
12403145934,566.8412842982547
12403146001,486.5049606366532
12403146002,529.3052197511275
12403146003,482.7371442343398
12403146004,460.0289528049226
12403146005,546.4908321516
12403146006,445.37231982622836
12403146007,458.61630632205873
12403146008,559.1947167016765
12403146009,521.0058136861306
12403146010,591.0240889335319
12403146011,507.431271494481
12403146012,735.189008885852
12403146013,541.240915875961
12403146014,653.0962619990121
12403146015,675.685113753465
12403146016,611.1000940118277
12403146017,345.8020124601822
12403146018,572.2924057562365
12403146019,751.317430645314
12403146020,531.026989687136
12403146021,604.1435407319733
12403146022,591.4266873117014
12403146023,493.0320947480502
12403146024,633.3160045856672
12403146025,446.55366219354767
12403146026,1401.870736730294
12403146027,610.473935202482
12403146028,592.237129196507
12403146029,515.2521878725527
12403146030,465.444470355641
12403146031,607.9757092804941
12403146032,453.86062067814436
12403146033,506.78238156281924
12403146034,536.2701203630645
12403146035,1075.788214279904
12403146036,560.1034768205541
12403146037,480.39125157945574
12403146038,509.60404965568983
12403146039,528.1301767274339
12403146040,487.7114614704537
12403146041,549.7680323480163
12403146042,603.5245098991434
12403146043,658.9822595540403
12403146044,607.5072972760364
12403146045,612.5605806722016
12403146046,500.0732106893813
12403146047,679.6200905928673
12403146048,592.237129196507
12403146049,529.622176034896
12403146101,501.82755348290783
12403146102,466.48004321610006
12403146103,654.4367015449415
12403146104,515.8231388929611
12403146105,509.99697440811553
12403146106,654.5493435313305
12403146107,467.43746455457136
12403146108,458.89093297356965
12403146109,563.2220266493326
12403146110,593.0975030438212
12403146111,483.14912443890057
12403146112,643.1300920179749
12403146113,505.0107171478013
12403146114,488.50405251694656
12403146115,583.4964989752174
12403146116,569.7073795044272
12403146117,738.1491990243989
12403146118,578.1895363417967
12403146119,611.3608026115347
12403146120,749.5878184890257
12403146121,636.6801798588406
12403146122,432.32635521176684
12403146123,490.7206216633212
12403146124,482.7371442343398
12403146125,499.85995955199536
12403146126,559.1947167016765
12403146127,653.0962619990121
12403146128,494.76173609637675
12403146129,611.6216224352044
12403146130,533.0255214669924
12403146131,597.8787901683403
12403146132,515.5144407443878
12403146133,372.54558016188105
12403146134,604.1435407319733
12403146135,481.29438416932885
12403146136,571.7060109333637
12403146137,709.7658940987089
12403146138,645.3863029449243
12403146139,613.8729381811931
12403146140,504.01782571317244
12403146141,620.0918007332144
12403146203,570.9236646835014
12403146204,623.6516789407874
12403146205,627.659256774165
12403146206,732.8710751737202
12403146207,750.0366834547214
12403146208,489.0051076779389
12403146209,587.5493236073571
12403146210,437.0427709084303
12403146212,499.64306851457764
12403146213,524.4440425301973
12403146214,917.5008813694192
12403146215,345.8020124601822
12403146217,767.5982507101685
12403146218,566.2138626390131
12403146220,485.13442689167044
12403146221,489.0453639248802
12403146223,771.0873281598782
12403146226,475.16791681477736
12403146227,512.3110668959731
12403146228,673.494313026453
12403146229,618.0812524168344
12403146230,479.6943744770963
12403146231,608.2851565366481
12403146232,723.5224757172324
12403146233,620.7278245193945
12403146234,523.1466726207709
12403146235,563.3189687183054
12403146236,660.5028068452182
12403146237,654.2114757228115
12403146238,546.8630950201161
12403146239,733.9357553084967
12403146240,485.42493301051866
12403146241,627.607590389205
12403146242,416.306459758894
12403146243,481.0495397489393
12403146244,1034.9673199278297
12403146245,484.0175961514798
12403146247,565.2951885039357
12403146248,600.7984092449902
12403146249,578.7825812709497
12403146250,899.9574351108513
12403146251,500.6722934004694
12403146252,679.3302735136657
12403146253,350.95052731164276
12403146254,622.8541693704041
12403146255,665.0904985449646
12403146256,773.9893323146575
12403146257,593.7058389692668
12403146258,567.180717767364
12403146259,556.3002466944146
12403146260,825.911678623645
12403146261,600.9512868728564
12403146262,759.2586006754165
12403146263,662.3687667426366
12403146301,432.95441831553336
12403146302,494.76173609637675
12403146303,568.4426447977712
12403146305,565.6802606699266
12403146306,514.6356594932644
12403146307,611.777254110241
12403146310,526.8236880575639
12403146311,444.72624275739963
12403146312,613.8178232478937
12403146313,472.172857113727
12403146314,460.0289528049226
12403146315,550.8963971152427
12403146316,460.6179791140604
12403146317,460.0668236550088
12403146318,511.39182827081135
12403146319,530.9356047739353
12403146320,466.95850850609895
12403146321,373.82176006690935
12403146322,531.5716603248474
12403146323,625.6803472237993
12403146324,476.1431694746316
12403146325,627.9834116773607
12403146326,566.7946242041193
12403146327,629.0557432152528
12403146328,818.8164730803319
12403146329,555.7157668708713
12403146330,538.0105290030407
12403146331,619.2988434426305
12403146332,501.699892210438
12403146333,723.4177358966946
12403146334,565.5363557340836
12403146401,521.6729154622335
12403146402,486.62875544566526
12403146403,586.1967229473967
12403146404,542.8146361220611
12403146405,637.9869264149767
12403146406,485.7156130889958
12403146407,671.481435603508
12403146408,655.6670385072217
12403146409,645.6616387875458
12403146410,521.6729154622335
12403146411,553.0648852824027
12403146412,526.3744666478683
12403146413,645.6616387875458
12403146414,647.4856714983739
12403146416,3270.2687896936613
12403146417,546.7239770340818
12403146418,647.1125156880349
12403146419,667.3088927986886
12403146420,619.8273688881092
12403146421,575.0354462963436
12403146422,452.7378600695948
12403146423,2162.905429239626
12403146424,1226.730221365011
12403146425,2868.0922204160106
12403146426,4109.3912320604695
12403146427,364.829279490546
12403146429,624.3427474521912
12403146430,650.3116818996244
12403146431,671.0795826032393
12403146432,626.8566224173271
12403146433,510.5621021257591
12403146434,483.5216514041653
12403146435,544.0223507716695
12403146436,552.3576402705639
12403146437,630.563851016767
12403146438,649.5918690599738
12403146439,538.9332488886937
12403146440,661.2940826099425
12403146441,517.1913508380937
12403146442,599.6710314047734
12403146501,712.5597387324112
12403146502,345.8020124601822
12403146504,749.0775560228676
12403146505,501.185829440307
12403146507,599.4646533077987
12403146508,529.7569423403521
12403146509,440.1903448147298
12403146510,543.1843948108208
12403146511,602.288350438501
12403146512,516.4410898607083
12403146514,594.8709696695707
12403146515,503.8896072514087
12403146516,509.4744100992659
12403146517,413.2585369096018
12403146518,508.9066863089037
12403146519,377.8659977397483
12403146520,570.8766685442365
12403170701,505.9601341810878
12403170702,625.8395562460174
12403170703,475.85821809538965
12403170704,453.2802355034813
12403170705,577.0052688370472
12403170706,587.0483215806833
12403170707,576.0690857951597
12403170708,551.8866461155111
12403170709,534.9875331184352
12403170710,550.0972420855468
12403170711,566.7946242041193
12403170712,489.0051076779389
12403170713,479.9816230070663
12403170714,438.6514800117788
12403170715,528.4464293769737
12403170716,503.50138789107086
12403170717,550.331925540994
12403170718,506.39193347821913
12403170719,484.4306691264003
12403170720,427.5520436553607
12403170721,504.1045775242024
12403170722,567.8601946015834
12403170723,430.19002264865287
12403170724,659.8803466379093
12403170725,522.7005865941178
12403170726,586.0958438250819
12403170727,470.3215349980902
12403170728,436.5949585389892
12403170729,481.1719463854941
12403170730,717.0152256035404
12403170731,450.61529768646295
12403170732,582.798312418612
12403170733,547.9403896221311
12403170734,521.762706076519
12403170735,614.1348297365693
12403170736,478.50770631672316
12403170737,474.6810398204069
12403170738,502.7709861881384
12403170739,512.0925970492074
12403170740,370.54656994462306
12403170741,488.7124589772489
12403170742,417.5887819268261
12403170743,508.77722415663305
12403170744,554.9594461908092
12403170745,533.5283204642409
12403170746,789.0772017253864
12403170747,570.9236646835014
12403170801,527.7706658071893
12403170802,552.0725221701784
12403170803,525.0723212543871
12403170804,557.9533198171803
12403170805,568.6851548012739
12403170806,526.3744666478683
12403170807,714.1451212514544
12403170808,588.7067681679861
12403170809,507.90992762670106
12403170810,579.0295025163837
12403170811,520.0281639454934
12403170812,700.7888652448125
12403170813,576.9059714803528
12403170814,632.127608580556
12403170815,655.6130666343441
12403170816,512.6178468139436
12403170817,548.7364112794662
12403170818,520.7836360529799
12403170819,475.16791681477736
12403170820,459.8327781342561
12403170821,647.873396093888
12403170822,589.9150522739052
12403170823,648.8145956554997
12403170824,592.5917700966442
12403170825,923.949674949938
12403170826,805.8388837307016
12403170827,603.6283888525533
12403170828,361.4786611387725
12404146601,634.7250767912993
12404146602,433.3984966085459
12404146603,542.2584454593855
12404146604,573.1238048608438
12404146605,575.1344216972673
12404146606,498.5497224900277
12404146607,641.0364672145621
12404146608,621.5352114094044
12404146609,584.4972299902976
12404146610,596.1454287329827
12404146611,539.4860289207011
12404146612,540.0393759352883
12404146613,576.4140450168234
12404146614,591.6302981727488
12404146615,600.7984092449902
12404146616,579.2765291037945
12404146617,670.1060844526396
12404146618,540.9170062719418
12404146619,1799.223868252607
12404146620,644.175257434278
12404146621,1367.5988072489008
12404146622,541.2854723184643
12404146623,597.3689802280607
12404146624,2032.7325502221256
12404146626,484.51404958582293
12404146627,677.6497459760325
12404146628,848.0460869578458
12404146629,612.2489584192492
12404146630,702.5948095227308
12404146631,535.0796154516559
12404146632,457.20799776200073
12404146633,591.3780034460963
12404146634,520.0281639454934
12404146635,708.3121274157643
12404146636,496.2857190353117
12404146637,510.9557655742958
12404146638,527.3640473984419
12404146701,371.0210219918852
12404146702,571.6639834961309
12404146703,2513.2995687298962
12404146704,476.95622174270943
12404146705,345.8020124601822
12404146706,345.8020124601822
12404146707,576.5607178616826
12404146708,352.03153777994015
12404146709,472.6571614827867
12404146710,685.5977945005443
12404146711,496.41200263111097
12404146712,475.16791681477736
12404146713,495.2692097192778
12404146714,519.2271661571318
12404146715,603.5245098991434
12404146716,511.04371154715307
12404146717,470.722919404723
12404146718,567.9579349944432
12404146719,450.61529768646295
12404146720,444.64970941750926
12404146721,568.3448209907651
12404146722,505.6573386201736
12404146723,450.8851332082648
12404146724,528.2210787688961
12404146725,613.6616724669403
12404146726,550.1919251097552
12404146727,514.0198688250449
12404146728,600.9897974574645
12404146729,426.6763169946988
12404146730,630.0780360855374
12404146731,514.1968307889409
12404146732,445.90587141647904
12404146733,513.5815652040816
12404146734,2345.2585260776336
12404146735,530.9356047739353
12404146736,545.836924967947
12404146737,517.5901256979523
12404146738,611.2555929800734
12404146739,620.1985312573627
12404146740,546.1637806965998
12404146741,623.0126592506284
12404146742,586.9472959059923
12404146743,475.16791681477736
12404146744,641.7023609098092
12404146745,500.3726623867344
12404146801,605.383507855558
12404146802,608.1304132257856
12404146803,670.9088648480083
12404146804,451.3476029090681
12404146805,560.4850124560672
12404146806,440.1903448147298
12404146807,552.6884007060149
12404146808,758.2191242064221
12404146809,532.7982181516405
12404146810,474.5176773023962
12404146811,537.2783048815854
12404146812,430.115990859981
12404146813,474.39696346340264
12404146814,457.6769527803779
12404146815,543.0462126593102
12404146816,563.4623094235144
12404146817,546.1637806965998
12404146818,529.7133348800572
12404146819,627.016130751526
12405146901,578.5357653225707
12405146902,558.0493550335848
12405146903,492.14744834038464
12405146904,468.7965927730369
12405146905,486.712514240852
12405146906,563.4623094235144
12405146907,9283.659358148312
12405146908,345.8020124601822
12405146909,580.4654582292846
12405146910,411.63820940172013
12405146911,572.8794020401433
12405146912,466.20087480578746
12405146913,512.5296299467298
12405146914,442.2638018680487
12405146915,558.52560860178
12405146916,534.5313504158637
12405146917,421.0276511718287
12405146918,533.2090265196304
12405146919,550.0972420855468
12405146920,589.2576908778668
12405147001,902.3035517979333
12405147002,531.026989687136
12405147003,659.9395975425145
12405147004,511.4798492990074
12405147005,640.8817685961113
12405147006,702.8264895136508
12405147007,704.56945374675
12405147008,642.3605504951317
12405147009,558.8600625135986
12405147010,665.3742406262602
12405147011,535.9491855681534
12405147012,571.120216955242
12405147013,721.6875511905774
12405147014,462.11631723510993
12405147015,571.0219323624294
12405147016,587.0483215806833
12405147017,650.0343630933855
12405147018,494.25478245225264
12405147019,590.7720527186467
12405147020,643.6789556594687
12405147021,572.8794020401433
12405147022,521.762706076519
12405147023,597.2170139128984
12405147024,667.7084878506449
12405147026,627.9270298730903
12405147027,481.0495397489393
12405147028,514.5470953788481
12405147029,533.5283204642409
12405147030,594.4170926337222
12405147031,518.6524473087734
12405147032,633.0459334132559
12405147033,506.3502493314574
12405147034,560.4388755846592
12405147035,521.5402056743022
12405147036,602.1847020935099
12405147037,545.0451094355417
12405147038,494.169725701333
12405147039,553.160079098906
12405147040,526.6896679506215
12405147042,502.6430849132642
12405147043,517.8109409100839
12405147044,508.64779493859095
12405147045,493.5377942900199
12405147046,512.5296299467298
12405147047,391.0026592802774
12405158001,675.4525752438013
12405158002,892.6802454830017
12405158003,542.1651277148394
12405158004,1293.3548675384802
12405158005,665.3742406262602
12405158006,1129.0861440982478
12405158007,689.1505573666105
12405158008,741.3709186792761
12405158009,552.0270777811265
12405158010,636.1896526310355
12405158011,578.3366609736418
12405158012,606.6260199347109
12405158013,570.193582328369
12405158014,659.1499424957663
12405158015,625.0392488749567
12405158016,694.4099309175907
12405158017,715.2414730143961
12405158018,481.1719463854941
12405158019,629.3241120856862
12405158020,529.1705683606062
12405158021,658.1937500163314
12405158022,618.9282194981621
12405158101,1351.8341930088104
12405158102,706.1370585870247
12405158103,2695.6825124194206
12405158105,2971.5481029775847
12405158109,1160.502898954494
12405158110,639.4590287040783
12405158111,767.4722539608487
12405158112,645.6084905189217
12405158113,603.2671430068066
12405158114,492.14744834038464
12405158115,402.52442955047906
12405158116,384.67314667346454
12405158117,677.1276539401382
12405158118,645.6616387875458
12405158119,599.2090177000351
12405158120,607.2482319645072
12405158121,503.4573010913571
12405158122,689.8574142323627
12405158123,513.362553566227
12405158124,624.5576903472702
12405158125,590.3168951898714
12405158126,1294.2463223473753
12405158127,603.0595273001586
12405158128,733.6227758662034
12405158129,488.7124589772489
12405158130,559.4332813377868
12405158131,507.6059651975691
12405158132,541.4718210299043
12405158133,610.6292748399579
12405158134,694.1138068613234
12405158135,350.95052731164276
12405158136,534.8514361888044
12405158137,566.1164223851367
12405158138,527.5890323782845
12405158139,2449.4633969822326
12405158140,444.270557580162
12405158141,602.7527384298146
12405158142,495.48050234287444
12405158143,1544.6262528405266
12405158144,494.55074998333913
12501147501,494.54336443720524
12501158201,552.6884007060149
12501158202,7511.878056342967
12501158203,377.8659977397483
12501158204,1062.6349314876315
12501158205,655.2746497491256
12501158206,706.4383120241455
12501158207,532.4355295832661
12501158209,539.2559705876175
12501158210,556.3357097209457
12501158211,580.217924635134
12501158212,683.2302332189325
12501158213,552.0270777811265
12501158214,509.16951139410037
12501158215,689.2691743199679
12501158216,502.9440754916888
12501158217,595.2806334279181
12501158218,521.0058136861306
12501158219,751.9586241239277
12501158221,538.3810352583124
12501158222,662.2547791046611
12501158223,573.2224512290467
12501158224,681.132185302474
12501158225,585.5960811774481
12501158226,573.711653904948
12501158227,453.00896661510825
12501158228,675.973375728182
12501158229,560.0070881084797
12501158230,570.7784258638899
12501158231,535.9491855681534
12501158232,525.9256282882893
12501158233,650.4236138854795
12501158234,2999.8203171805167
12501158235,611.2555929800734
12501158236,345.8020124601822
12501158237,608.3397746897214
12501158238,808.4601863581854
12501158239,675.3969747051364
12501158240,839.070524127661
12501158301,607.7164442194271
12501158302,477.3239737365815
12501158303,381.5654715466298
12501158304,470.80394047911426
12501158305,470.0400676187876
12501158306,694.352769885671
12501158307,867.7190407466359
12501158308,641.265538670786
12501158309,579.9704965991679
12501158310,574.3737503114586
12501158311,567.9579349944432
12501158312,582.6020913667966
12501158313,798.9161186665352
12501158314,350.95052731164276
12501158315,616.3953963379279
12501158316,583.946397710433
12501158317,544.2544425462726
12501158318,421.20412559620894
12501158319,6237.175306722234
12501158320,669.8804679436043
12501158321,531.4801816787852
12501158322,455.60964081557574
12501158323,441.54623498658185
12501158324,385.13398126061276
12501158325,521.0954894785104
12501158326,497.6021083125355
12501158401,746.3918312455532
12501158402,873.9683371369554
12501158403,667.9933468231534
12501158404,697.3833360220507
12501158405,661.1802799153273
12501158406,500.58613225430736
12501158407,499.3477820541037
12501158408,684.9246000039658
12501158409,612.5101571495162
12501158410,511.4798492990074
12501158411,675.3363360014303
12501158412,486.62875544566526
12501158413,568.2002382101948
12501158414,560.3424291535092
12501158415,350.95052731164276
12501158416,622.3742943268684
12501158417,684.340566291504
12501158418,531.026989687136
12501158419,345.8020124601822
12501158501,473.4252874421863
12501158502,529.622176034896
12501158503,441.2819883970577
12501158504,732.7449547299523
12501158505,519.1844254656513
12501158506,606.8848197970462
12501158507,633.4771565577455
12501158508,524.6677817724149
12501158509,4340.791013586879
12501158510,377.8659977397483
12501158511,429.49204530642794
12501158512,563.3189687183054
12501158513,498.7502841957392
12501158514,472.254127752153
12501158515,489.7155109693034
12501158516,560.5814834287296
12501158517,520.7836360529799
12501158518,518.1210142390471
12501158519,485.7156130889958
12501158520,503.158642380055
12501158521,484.0175961514798
12501158522,520.6940139277366
12501158523,548.6419787359439
12501158524,513.8006702770667
12501158601,2586.9133747684386
12501158602,543.0462126593102
12501158604,597.6238308357931
12501158605,678.8678370490528
12501158606,1754.582335244215
12501158607,363.708970007033
12501158608,564.3780049048939
12501158609,511.04371154715307
12501158612,492.14744834038464
12501158613,467.1577231684225
12501158614,714.1451212514544
12501158615,620.2495877081741
12501158616,562.4049915084435
12501158617,453.2802355034813
12501158618,537.1858441739195
12501158619,516.839286239864
12501158620,634.99586432282
12501158621,539.8090816329947
12501158622,629.1640166178562
12501158623,684.7503601772055
12501158624,512.5296299467298
12501158625,476.54952221276966
12501158627,599.6710314047734
12501158628,345.8020124601822
12501158629,548.4080159411332
12501158630,445.44897754219875
12501158632,478.7942442511499
12501158633,708.4923627096038
12501158634,382.67491706372226
12501158635,547.5182315452402
12501158636,350.95052731164276
12501158637,517.3694046502227
12501158638,543.8351242898412
12501158639,689.4445639926271
12501158640,474.88354908265705
12501158642,513.362553566227
12501158643,366.86057965948487
12501158644,497.0066992515181
12501158645,1991.8681846371126
12501158646,475.37063378934937
12501158647,494.55074998333913
12501158648,532.1168896273899
12501158649,463.14448524866077
12501158650,539.0703844659535
12501158651,516.3522150481531
12501158652,2378.4169417301173
12501158653,435.96161430424087
12501158654,516.529979970443
12501158655,653.878664796996
12501158656,567.8601946015834
12501158657,557.5735075657688
12501158658,492.14744834038464
12501158659,2129.54681566699
12501158660,3304.7876488633883
12501158701,522.8335916496125
12501158702,666.9095368873286
12501158703,590.0651605505695
12501158704,617.1846360217797
12501158705,556.6688522869
12501158706,553.3960692272817
12501158707,483.14912443890057
12501158708,612.7714673128461
12501158709,493.4528609262397
12501158710,869.3077090973852
12501158711,789.8090550557989
12501158712,540.3309249582152
12501158713,554.9594461908092
12501170901,577.5970990713738
12501170902,590.7720527186467
12501170903,542.2584454593855
12501170904,504.7084897724885
12501170905,467.91691186488396
12501170906,438.3889658096451
12501170907,497.0066992515181
12501170908,617.7668216838375
12501170909,428.3526403476429
12501170910,601.7747804757976
12501170911,569.7073795044272
12501170912,513.6699631309401
12501170913,605.2295027029744
12501170914,7715.457843116593
12501170915,546.3967860518136
12501170916,528.628357982516
12501170917,473.7087819443189
12501170918,468.3968509409213
12501170919,1363.7134671146628
12501170920,402.1119861226193
12501170921,526.1499996072351
12501170922,449.7697333619629
12501171001,516.839286239864
12501171002,1387.0965953558973
12501171003,9492.296183245819
12501171004,519.4953212587502
12501171005,612.9824265555759
12501171006,986.3525898206585
12501171007,487.2117318336712
12501171008,442.7174287301067
12501171009,946.5363285205967
12501171010,734.6280714302433
12501171011,518.4312732447916
12501171012,613.3494900657894
12501171013,637.9869264149767
12501171014,533.5283204642409
12501171015,1934.6277342269261
12501171016,450.96273979254966
12501171017,626.9645173061124
12501171018,37117.75771707823
12501171019,545.698068032096
12501171020,836.2787197105212
12501171021,559.2909655879602
12501171022,6783.671199835973
12501171023,671.9438579145558
12501171024,741.7538000209967
12501171025,11441.00073561893
12501171026,1151.8201346841238
12501171027,594.7730389302238
12501171028,14737.86125038191
12501171029,546.4908321516
12501171030,11381.327306250687
12501171031,513.8891059164057
12501171032,468.87728228708374
12501171033,345.8020124601822
12501171034,10877.784921262053
12501171035,514.7242388513822
12501171036,5833.084584281584
12501171037,577.0052688370472
12502147701,521.0954894785104
12502147702,350.95052731164276
12502147703,448.19737990111014
12502147704,509.29907336677894
12502147705,8682.08193530489
12502147706,1004.9691060679213
12502147707,490.5113588424551
12502147708,477.120423780045
12502147709,513.7122498566971
12502147710,518.3420559397844
12502147711,582.950962654864
12502147712,459.36161416672275
12502147713,565.4390320729816
12502147714,562.4049915084435
12502147715,676.2617606817314
12502147716,463.81731946149824
12502147717,1141.0754443293652
12502147719,582.6020913667966
12502147720,1105.18773497976
12502147721,353.8406264405532
12502147723,482.31510546775803
12502147724,582.005132807263
12502147725,619.8273688881092
12502147726,590.6703862237084
12502147727,637.4953924104786
12502147728,533.7998755154184
12502147729,685.9196257870083
12502147730,5063.262291085756
12502147731,473.0605391726963
12502147732,550.8963971152427
12502147733,495.56578470535334
12502147734,656.732578001895
12502147735,479.9816230070663
12502147736,539.5788855373654
12502147737,646.7109182783831
12502147738,523.4599410697344
12502147739,6276.7380058926
12502147740,802.8835526599961
12502147742,624.9316853073508
12502147744,678.3448065406624
12502147745,718.5513680604205
12502147746,527.7706658071893
12502147747,583.4484678908127
12502147748,663.4998140045311
12502147749,613.0328889567786
12502147750,945.3431946284068
12502147751,469.75876868570634
12502147752,532.8899236588272
12502147753,499.1348402683847
12502147754,469.35820640828877
12502147755,426.23912652910514
12502147756,492.52691336705925
12502147757,443.28428916670725
12502147758,411.63820940172013
12502147759,516.000721669849
12502147760,1256.0058031716803
12502147761,499.6467993533892
12502147762,680.261171153362
12502147763,505.0107171478013
12502147764,1779.1701815675744
12502147765,515.2521878725527
12502147801,613.3494900657894
12502147802,566.8412842982547
12502147803,508.64779493859095
12502147804,542.5831583382717
12502147805,735.1284910842871
12502147806,885.0055117145922
12502147807,520.1604889831502
12502147808,559.1947167016765
12502147809,544.7189231839268
12502147810,561.8287277452666
12502147811,535.6284428390286
12502147812,470.0400676187876
12502147813,615.7638117395305
12502147814,495.2692097192778
12502147815,531.5716603248474
12502147816,671.7126069662721
12502147817,537.2783048815854
12502147818,531.8899737888487
12502147819,759.7753219030001
12502147820,465.6430390963385
12502147821,536.8201688429276
12502147822,491.4335171715609
12502147823,581.7569426345391
12502147824,742.8925364796266
12502147825,896.348347506274
12502147826,581.5088582999914
12502147827,589.1077880156028
12502147828,851.4141289891892
12502147829,730.7463460819966
12502147830,627.607590389205
12502147831,565.6336961465855
12502147832,507.90992762670106
12502147833,494.76173609637675
12502147834,593.199587295373
12502147835,510.6499803410583
12502147836,619.9340538981108
12502147837,644.560999701827
12502147838,710.9778757189383
12502171101,560.1034768205541
12502171102,512.967035819286
12502171103,646.7109182783831
12502171104,532.8899236588272
12502171105,678.6342031982068
12502171106,573.8576391062714
12502171107,500.3726623867344
12502171108,687.5640599250288
12502171109,1350.7812301992517
12502171110,596.6050802902121
12502171111,662.140811082921
12502171112,643.6789556594687
12502171113,805.0131873825818
12502171114,506.5662693677139
12502171115,554.059032190247
12502171116,486.5450110646055
12502171117,493.66337865591134
12502171118,920.2807312172107
12502171119,383.13335779175867
12502171120,458.89093297356965
12502171121,539.8090816329947
12502171122,652.7054117410116
12502171123,607.7164442194271
12502171124,698.2187942923235
12502171125,536.7277869763053
12502171201,635.9707065706974
12502171202,637.7148633754308
12502171203,575.2334141338886
12502171204,728.2516710733092
12502171205,597.3689802280607
12502171206,665.0904985449646
12502171207,599.0565832927496
12502171208,696.0122246426732
12502171209,541.9339269073081
12502171210,612.9824265555759
12502171211,579.7231740763725
12502171212,492.14744834038464
12502171213,552.1675451806253
12502171214,609.588354323082
12502171215,1998.3116917064249
12502171216,520.0709740958482
12502171217,503.4599416823929
12502171218,580.3177920469321
12502171219,559.0984843789499
12502171220,676.0290237177669
12502171221,543.6967765974944
12502171222,573.9564117824068
12502171223,502.1280557082957
12502171224,711.9521405974343
12502171225,521.5402056743022
12502171226,525.7446298330823
12502171227,486.5450110646055
12502171228,609.4834497138438
12502171229,711.2226445475475
12502171230,557.8113805587791
12502171231,555.5286641803483
12502171232,609.7434686179103
12502171233,482.4482466424393
12502171234,504.7953604609766
12502171235,715.0595207960802
12502171236,540.083833463715
12502171237,908.1430113809106
12502171238,616.5522427352718
12502171239,629.4324316800795
12503147901,667.7084878506449
12503147902,714.936465558757
12503147903,666.625140094549
12503147904,623.9177423197912
12503147905,2120.4347019016745
12503147906,638.0394472554578
12503147907,763.2227744431159
12503147908,667.4237503533496
12503147909,349.7236366712215
12503147910,495.9887131992447
12503147911,776.3734021634532
12503147912,670.4521610389273
12503147913,806.4602171837987
12503147914,541.3786386562647
12503147915,591.5284839815773
12503147916,564.5216150897452
12503147917,356.1756964456711
12503147918,760.3612509590802
12503147919,640.2250942327994
12503147920,772.5369675806832
12503147921,601.4146439356073
12503147922,511.7861314708185
12503147923,1746.3992008827827
12503147924,822.1810623347633
12503147925,956.7732592651122
12503147926,757.76536239892
12503147927,632.3972879756078
12503147928,350.95052731164276
12503147929,441.54623498658185
12503147930,769.5713088409125
12503147931,578.4838230424446
12503147932,469.0773155400608
12503147933,449.57793363114104
12503147934,619.8273688881092
12503147935,1225.066876220525
12503147936,347.2229434911702
12503147937,368.3680422042393
12503147938,361.4786611387725
12503147939,561.7782854616454
12503147940,723.4772896366468
12503147941,582.7503388061169
12503147942,731.8681839563305
12503147943,681.422771116461
12503148001,657.7998491291618
12503148002,481.5429488687661
12503148003,577.7440729531445
12503148004,662.2547791046611
12503148005,2883.127598925265
12503148006,629.8093457118787
12503148007,571.7060109333637
12503148008,752.9890456076137
12503148009,534.2114562006058
12503148010,606.7803804415012
12503148011,458.89093297356965
12503148012,525.9256282882893
12503148013,718.121345713127
12503148014,517.1913508380937
12503148015,749.6495266222357
12503148016,863.5023034424884
12503148017,595.8912085747999
12503148018,384.67314667346454
12503148019,556.3357097209457
12503148020,815.3924382493983
12503148021,433.65802243929534
12503148022,620.7789245430852
12503148023,550.5667091175118
12503148024,718.6105211875729
12503148025,666.794767824127
12503148026,690.8596061725854
12503148027,658.361232315936
12503148028,2362.474649263918
12503148029,549.4390196284727
12503148030,561.3958694640755
12503148031,574.3001059016703
12503148032,687.1525821600337
12503148104,649.7571625469325
12503148105,557.4775542383834
12503148106,658.8688547031387
12503148107,513.2742085417566
12503148108,655.8927654369251
12503148109,567.2783412083166
12503148110,616.7645035880835
12503148111,593.199587295373
12503148112,683.2302332189325
12503148113,654.8285885264849
12503148114,523.6832604728507
12503148115,533.5283204642409
12503148116,471.97150379851286
12503148117,512.5296299467298
12503148118,501.0995799192651
12503148119,609.8484179817377
12503148120,530.482877141825
12503148121,442.45248123107973
12503148122,673.7816403579018
12503148123,635.8612617986855
12503148124,728.6877596186288
12503148126,693.1068942315808
12503148127,550.0025753554252
12503148128,951.8913738089399
12503148130,1287.479172869188
12503148131,680.5513853737568
12503148132,478.30365156946107
12503148133,4112.949056540884
12503148134,3800.4126419719987
12503148136,617.0276287481929
12503148137,630.7762256441798
12503148138,2070.267289871295
12503148139,606.3673304349462
12503148140,614.3968330205831
12503148141,535.0796154516559
12503148142,532.571011767476
12503148143,366.86057965948487
12503148144,345.8020124601822
12503148145,555.1962039683458
12503148146,472.6571614827867
12503148147,591.5284839815773
12503148148,500.3726623867344
12503148149,629.272308656534
12503148150,513.6699631309401
12503148151,682.1833808677795
12503148152,640.8817685961113
12503148153,915.6136834484271
12503148154,897.039467313444
12503148155,635.3761098255166
12503148156,575.2334141338886
12503148157,4805.145954597954
12503148158,472.172857113727
12503148159,547.0513639434521
12503148301,558.3835237572831
12503148302,678.9237233186631
12503148303,515.6919172455576
12503148304,719.8376057108279
12503148305,668.1083221863981
12503148306,3472.8450659283276
12503148307,604.9170930004062
12503148308,533.2090265196304
12503148309,504.19134426699884
12503148310,588.9579232875348
12503148311,809.5458504597599
12503148312,594.9243833577581
12503148313,630.7243026828808
12503148314,879.7358411966233
12503148316,517.0597811275425
12503148317,654.941297964665
12503148318,791.2412548124719
12503148319,1289.9605977786648
12503148320,604.763206500362
12503148321,604.763206500362
12503148322,2701.8915711182053
12503148323,597.3689802280607
12503148324,663.4998140045311
12503148325,684.7503601772055
12503148326,1274.0849908798948
12503148327,786.4053718974898
12503148328,3780.234247279318
12503148329,795.1705752730612
12503148330,633.965592344462
12503148331,645.2752378344479
12503148332,776.1758984278698
12503148333,744.9912522864275
12503148334,424.97979983323347
12503148335,622.7469818350997
12503148336,578.5833919797717
12503148337,653.3748870779615
12503148338,540.5932905140047
12503148339,618.2940396628313
12503148340,743.7825143174472
12503148341,570.9236646835014
12503148342,843.2349379943647
12503148343,526.6896679506215
12503148344,668.5083959492345
12503148401,932.5139501612326
12503148402,666.3957195946355
12503148403,670.7381905221301
12503148404,669.2491701949388
12503148405,660.1075240860185
12503148406,866.1620943724819
12503148407,606.0044454494794
12503148408,644.7250130466247
12503148409,632.3405098833066
12503148410,646.7109182783831
12503148411,521.2280861050954
12503148412,586.1967229473967
12503148413,950.5284359538225
12503148414,566.6970840064623
12503148415,1023.1575846836593
12503148416,669.6499271154919
12503148417,454.7921414350312
12503148418,354.05251176837123
12503148419,559.529571285941
12503148420,802.4030610970196
12503148421,677.53312862057
12503148422,507.7351293142782
12503148423,619.9340538981108
12503148424,609.8986223827258
12503148425,633.42501126668
12503148426,575.0354462963436
12503148427,737.9614192475299
12503148428,614.7647434996163
12503148429,593.3505313464248
12503148430,721.2556519714399
12503148431,665.0307851805447
12503148432,644.0644007337154
12503148433,582.950962654864
12503148434,660.7845917173903
12503148435,662.140811082921
12503148436,610.8897825779596
12503148437,818.8164730803319
12503148438,596.859605001606
12503148439,762.0700210441847
12503148440,728.2418595589659
12503148441,829.9880071431593
12503148442,701.0878370262586
12503148601,630.9792487101778
12503148701,394.01909883440896
12503171301,567.0364311261707
12503171302,520.2500192778018
12503171303,603.1633262205204
12503171304,566.9388493157415
12503171305,512.441428260836
12503171306,528.3554885547222
12503171307,553.0648852824027
12503171308,508.47274268751846
12503171309,697.4407465385201
12503171310,733.388385099377
12503171311,604.4012815146535
12503171312,561.7320421332054
12503171313,598.7473599515671
12503171314,488.6283560097702
12503171315,500.2865528043431
12503171316,755.9530291151324
12503171317,433.47309338381956
12503171318,634.1791126822505
12503171319,523.2367168989067
12503171320,512.748286241241
12503171321,515.4720056695276
12503171322,614.5531708686127
12503171323,660.3891403219629
12503171324,541.3786386562647
12503171325,543.1396820566569
12503171326,466.20087480578746
12503171327,529.3052197511275
12503171328,625.5726733290008
12503171329,1401.9676605195418
12503171330,350.95052731164276
12503171331,649.7571625469325
12503171332,586.4468072270262
12503171333,506.47909392191576
12503171334,584.7947271785725
12503171335,637.6051184499031
12503171336,488.8368155006474
12503171337,519.6275107106192
12503171338,548.6419787359439
12503171339,664.4090189007027
12503171340,543.9287294750687
12503171401,648.4263077921904
12503171402,825.4174057094376
12503171403,687.0908880106807
12503171404,500.0732106893813
12503171405,834.3472876066007
12503171406,635.9183560206258
12503171407,510.52007470749083
12503171408,473.7087819443189
12503171409,614.3968330205831
12503171410,502.7296001031902
12503171411,7848.482584805078
12503171412,470.522184400706
12503171413,488.41998541432383
12503171414,478.9985082959274
12503171415,597.8295751915847
12503171416,700.2489457841166
12503171417,594.7730389302238
12503171418,2493.5387778347945
12503171419,1690.9861777221226
12503171420,602.9061133512913
12503171421,694.1138068613234
12503171422,644.175257434278
12503171423,617.9240170505703
12503171424,2649.8525723649395
12503171425,702.7055394697045
12503171426,652.5393682409436
12503171427,546.1637806965998
12503171428,714.1451212514544
12503171429,603.6283888525533
12503171430,514.9438314138142
12503171431,557.8113805587791
12503171432,541.6096025657437
12503171433,642.9664844094631
12503171434,596.2480375950937
12503171435,513.8891059164057
12503171436,569.366433936032
12503171437,640.5509557692185
12503171438,516.000721669849
12503171439,722.8603821298267
12503171440,517.3694046502227
12503171441,520.4719692584234
12503171442,534.8514361888044
12503171443,499.3477820541037
12503171444,641.1551827063464
12503171445,944.7845017064669
12503171446,453.7451618438149
12503171447,560.6779710060265
12503171448,742.2590736341722
12503171449,531.8899737888487
12503171501,507.90992762670106
12503171502,775.1833448467604
12503171503,605.1253482124397
12503171504,615.132874289226
12503171505,659.5446518400615
12503171506,472.254127752153
12503171507,641.265538670786
12503171508,645.4973871719855
12503171509,535.7206354859646
12503171510,550.9912176904322
12503171511,615.132874289226
12503171512,703.126330589955
12503171513,730.1833460221364
12503171514,484.2240885918557
12503171515,6195.340455883686
12503171516,495.6065810452924
12503171517,538.4737016828913
12503171518,481.4600797087433
12503171519,435.7007098720097
12503171520,531.162113457884
12503171521,650.4236138854795
12503171522,1553.598952501177
12503171523,787.1958584534109
12503171601,560.0070881084797
12503171602,527.8141133416165
12503171603,579.6234089929167
12503171604,697.8583850180257
12503171605,605.0212116459452
12503171606,688.6196045850738
12503171607,688.5629201895234
12503171608,673.549756932771
12503171609,513.1858787206614
12503171610,766.6170348401632
12503171611,901.7675220266052
12503171612,659.5989473718589
12503171613,665.6581037581017
12503171614,669.935614348243
12504148901,622.4814177150049
12504148902,596.5024099843024
12504148903,519.1844254656513
12504148904,654.4367015449415
12504148905,512.6178468139436
12504148906,484.0175961514798
12504148907,566.0189988998414
12504148908,1908.3045281591844
12504148909,461.91925242910094
12504148910,579.8706889537557
12504148911,575.2334141338886
12504148912,493.5377942900199
12504148913,1143.7468251264484
12504148914,361.4786611387725
12504148915,2829.802687190506
12504148916,630.1299058443906
12504148917,445.90587141647904
12504148918,466.20087480578746
12504148919,552.9241896061225
12504148920,625.8395562460174
12504148921,488.2117036764002
12504148923,646.7109182783831
12504148924,494.4656422991003
12504148925,545.6041583598018
12504148926,647.2628378884369
12504148927,491.3893951328862
12504148928,4720.486743113484
12504148929,513.0553279730269
12504148930,461.64281345755484
12504148931,473.4252874421863
12504148932,1105.3564339462068
12504148933,520.0709740958482
12504148934,558.287431033481
12504148935,506.04722030326474
12504148938,482.4482466424393
12504148939,455.60964081557574
12504148940,473.4252874421863
12504148941,696.2518412365797
12504148942,1019.1142556014672
12504148943,492.7370360673513
12504148944,619.9340538981108
12504148945,549.0650032660881
12504148947,477.120423780045
12504148948,643.4044653119128
12504148949,463.73750072101353
12504148950,637.8771346698749
12504148951,467.91691186488396
12504148952,675.685113753465
12504148953,613.3494900657894
12504148954,759.9060948276627
12504148955,576.7592108054891
12504148956,528.0867031759399
12504148957,468.3968509409213
12504148958,345.8020124601822
12504148959,512.6178468139436
12504148960,620.3052801520245
12504148961,2229.590167849713
12504149001,609.4834497138438
12504149002,597.6238308357931
12504149003,461.24917163745766
12504149004,538.3810352583124
12504149005,493.4528609262397
12504149006,578.0900351834407
12504149007,626.2143188075436
12504149008,544.2992470705894
12504149009,633.7474116993351
12504149010,618.8217075831097
12504149011,552.9697078478895
12504149012,500.7996931927721
12504149013,1471.553290077919
12504149014,525.2963285339811
12504149015,639.4590287040783
12504149016,629.4324316800795
12504149017,965.0126040889968
12504149018,712.9224171299707
12504149101,487.00396534320413
12504149102,540.1323277943293
12504149103,677.7663834037356
12504149104,571.2655427461417
12504149105,560.6779710060265
12504149110,427.8432868763762
12504149111,1827.5952155042621
12504149112,505.8314216102051
12504149113,478.0996838392708
12504149114,744.3559998705824
12504149115,616.1325407869035
12504149117,535.1717136341357
12504149118,505.8314216102051
12504149119,556.3357097209457
12504149120,638.5314007476245
12504149121,564.2808805854295
12504149122,536.4065782874453
12504149123,768.0640052343814
12504149124,509.16951139410037
12504149125,547.2847479609958
12504149126,589.5620132752224
12504149127,6123.067439331427
12504149130,541.7028246930113
12504149133,680.7245567401192
12504149134,478.30365156946107
12504149136,527.5456033716164
12504149137,496.58290272314036
12504149138,808.064215912089
12504149139,376.9002052010799
12504149140,457.1293164256434
12504149143,502.6430849132642
12504149144,350.95052731164276
12504149145,379.22566437883853
12504149146,8429.214669986815
12504149149,463.53974457778656
12504149151,497.3043146736311
12504149152,564.7159633235914
12504149153,619.0347497461013
12504149154,550.0025753554252
12504149155,598.0846222991528
12504149156,1077.2623848689861
12504149157,541.4718210299043
12504149158,429.3088927895524
12504149159,655.9638891515339
12504149160,708.3121274157643
12504149161,668.1083221863981
12504149162,499.6467993533892
12504149163,572.2924057562365
12504149164,665.6581037581017
12504149301,1469.9752779625571
12504149302,582.950962654864
12504149303,568.783037186714
12504149304,572.7808147075841
12504149305,604.1435407319733
12504149306,753.0031890014536
12504149307,668.2783273227002
12504149308,655.387435963596
12504149309,636.7325931243477
12504149310,516.839286239864
12504149311,542.8146361220611
12504149312,715.3056948153683
12504149313,593.8080279279147
12504149314,532.1168896273899
12504149315,681.8308177805576
12504149316,522.7005865941178
12504149317,569.6093380480858
12504149318,473.62726097314203
12504149319,9178.60114737385
12504149320,659.3176681056663
12504149321,538.1514481385433
12504149322,568.9277682648219
12504149323,586.0958438250819
12504149324,701.8647125551108
12504149325,593.4526591493393
12504149326,495.0580071992718
12504149327,451.6178769467456
12504149328,492.44215396668756
12504149329,537.0491880099761
12504149330,515.1635176592121
12504149331,851.7072459006017
12504149332,651.4806321709206
12504149333,547.3789468972487
12504149334,578.9298568074918
12504149335,721.2556519714399
12504149336,587.7515996058102
12504149337,577.1520921232094
12504149338,611.1000940118277
12504149339,597.8295751915847
12504149340,730.1833460221364
12504149341,617.3971145890514
12504149342,639.0237335552706
12504149343,1233.6382659250764
12504149344,784.778555251104
12504149345,767.1449732196068
12504149346,569.0256924090173
12504149347,596.5024099843024
12504149401,537.6000355740294
12504149402,490.92997376026057
12504149403,1295.7037665858215
12504149404,615.0270155185505
12504149405,612.7714673128461
12504149406,493.36794217871807
12504149407,580.3655654054801
12504149408,797.1425468657567
12504149409,551.556365495988
12504149410,548.4080159411332
12504149411,575.7243330168781
12504149412,486.00646723127164
12504149413,506.3502493314574
12504149414,459.557587828587
12504149415,574.6440058303732
12504149416,571.1672331440833
12504149417,610.0035984517001
12504149418,585.1449114514215
12504149419,508.56026128118145
12504149420,576.8066912118311
12504149421,576.7592108054891
12504149422,521.2280861050954
12504149423,549.1102038090094
12504149424,576.7592108054891
12504149425,697.97850076722
12504149426,453.2022300992715
12504158801,646.1594692889769
12504158802,562.4049915084435
12504158803,635.3761098255166
12504158804,626.8566224173271
12504158805,603.7819865897987
12504158806,549.4390196284727
12504158807,682.5301668410456
12504158808,390.23391679990135
12504158809,614.5025833239185
12504158810,527.0050580008673
12504158811,568.1024561191559
12504158812,626.4814754644856
12504158813,823.9045854991351
12504158814,780.8304757000384
12504158815,787.8676714983944
12504158816,597.981697377525
12504158817,837.8509185453341
12504158818,1198.974876841329
12504158819,577.1520921232094
12504158820,467.35702282005565
12504158821,464.76927572471453
12504158822,3250.1898773053667
12504158823,860.4835791163235
12504158824,621.3645006706864
12504158825,487.50348187536326
12504158826,521.0954894785104
12504158827,583.1996622225146
12504158901,591.8827005338228
12504158902,2737.9233791258916
12504158903,749.3298462018982
12504158904,797.8228486685996
12504158905,483.02621482265795
12504158907,1029.3924222493624
12504158908,2278.0674787887697
12504158910,600.5916431584657
12504158911,509.99697440811553
12504158912,665.3742406262602
12504158913,473.0605391726963
12504158914,553.160079098906
12504158915,549.6734222718951
12504158917,565.5363557340836
12504158918,639.076339748571
12504158919,573.2224512290467
12504158920,646.546399733767
12504158922,743.5933014662212
12504158923,719.2883811303212
12504158924,673.897612005248
12504158925,499.77393820109694
12504158926,610.9949292459437
12504158927,506.78238156281924
12504158929,535.7206354859646
12504158931,623.6516789407874
12504158932,552.4527123556869
12504158933,498.4518034225388
12504158934,785.1133588622055
12504158935,495.48050234287444
12504158936,661.066496805121
12504158937,653.878664796996
12504158938,695.6581488102266
12504158939,673.6102352188697
12504158940,473.7087819443189
12504158941,723.6018149250647
12504158942,511.5678854774287
12504158943,525.8351212729689
12504158944,541.7028246930113
12504158945,1153.236964029598
12504158946,552.3576402705639
12504158947,562.1651596167383
12504171701,619.0347497461013
12504171702,361.4786611387725
12504171703,788.9006944791169
12504171704,8323.29213392307
12504171705,744.8017319410704
12504171706,553.5865872620152
12504171707,537.6000355740294
12504171708,8568.006588884315
12504171709,8257.39301590512
12504171710,652.2610994605092
12504171711,345.8020124601822
12504171712,684.7503601772055
12504171713,4656.039849714295
12504171714,412.906152256581
12504171715,663.7282375290911
12504171716,18970.124644794167
12504171717,658.3070386678621
12504171718,480.5566361968092
12504171719,825.2074255367669
12504171720,13731.373282707375
12504171721,491.5181029648414
12504171722,3565.386363064215
12504171723,417.16090293114377
12504171724,598.6980734776413
12504171725,9841.567528991001
12504171801,1779.218164045174
12504171802,1796.5815331263045
12504171803,2847.483802792206
12504171804,513.8891059164057
12504171805,743.7212891330865
12504171806,667.4237503533496
12504171807,1112.048387671929
12504171808,1419.3139973877426
12504171809,492.2321570158707
12504171810,728.1917243254843
12504171811,463.14448524866077
12504171812,531.8899737888487
12504171813,709.7658940987089
12504171814,574.0322932300544
12504171815,603.3168056191171
12504171816,491.0144728833865
12504171817,1258.0048014136366
12504171818,4574.0516171228555
12504171819,765.8315268448882
12504171820,537.2783048815854
12504171821,630.563851016767
12504171901,1617.00443392475
12504171902,379.61463346791516
12504171903,407.85769446980845
12504171904,521.3178001551199
12504171905,442.45248123107973
12504171906,595.8912085747999
12504171907,557.5735075657688
12504171908,582.005132807263
12504171909,586.2976194330787
12504171910,641.3282247075041
12504171911,497.43085745867387
12504171912,561.0137137862777
12504171913,519.1844254656513
12504171914,475.85821809538965
12504171915,435.96161430424087
12504171916,5331.950654243809
12504171917,429.6752759601533
12504171918,499.3477820541037
12504171919,455.60964081557574
12504171920,506.04722030326474
12504171921,543.6967765974944
12504171922,856.9133252920705
12504171923,938.8728829764489
12504171924,539.0260103605706
12504171925,900.4803406766142
12504171926,523.1466726207709
12504171927,2956.09755513014
12601149601,773.2215558797988
12601149602,608.573522537538
12601149603,478.5900673126979
12601149604,519.4953212587502
12601149605,1499.823245481309
12601149606,479.48981368725936
12601149607,501.185829440307
12601149608,609.588354323082
12601149609,496.7947557967633
12601149610,572.0954500731568
12601149611,345.8020124601822
12601149612,345.8020124601822
12601149613,478.01740723382994
12601149614,589.9150522739052
12601149615,596.859605001606
12601149616,514.6356594932644
12601149617,561.3958694640755
12601149618,789.6856112628345
12601149619,557.7153862956155
12601149620,508.952381231744
12601149621,593.4526591493393
12601149622,660.2211421373403
12601149623,595.7886611197171
12601149624,583.8983295921748
12601149625,4013.379899189315
12601149626,7009.410564093167
12601149629,533.6640807172262
12601149630,635.6995033276089
12601149631,599.9762517489927
12601149632,917.115638045386
12601149633,573.711653904948
12601149634,542.4897847135937
12601149635,615.132874289226
12601149636,497.9410687805291
12601149637,596.1454287329827
12601149638,608.9637445056819
12601149639,466.87814919556126
12601149640,536.2701203630645
12601149641,583.7978460024439
12601149642,539.5788855373654
12601149643,569.1236334079675
12601149644,518.4312732447916
12601149645,494.5914627628245
12601149646,561.8287277452666
12601149647,689.9761528502922
12601149648,523.1466726207709
12601149649,525.5204313799555
12601149650,466.48004321610006
12601149651,3208.2465229052377
12601149652,1349.889223637083
12601149653,415.0280753168146
12601149654,725.5211562109661
12601149655,522.8335916496125
12601149656,437.30447898790095
12601172001,534.0755566992871
12601172002,520.4719692584234
12601172003,454.5981999493405
12601172004,701.6501658403912
12601172005,2158.7728708036825
12601172006,679.6200905928673
12601172007,443.17152087403787
12601172008,458.89093297356965
12601172009,687.9140160310484
12601172010,494.76173609637675
12601172011,482.24251149181146
12601172012,595.0267820529023
12601172013,485.2179284822471
12601172014,556.9063393342796
12601172015,629.0557432152528
12601172016,574.2012740789038
12601172017,655.7798922598497
12601172018,656.958671765592
12601172019,430.6312655205286
12601172020,471.7702363483724
12601172021,591.6302981727488
12601172022,498.83612935477635
12601172023,480.2690435459702
12601172024,527.0050580008673
12601172025,569.5113134637863
12601172026,572.2924057562365
12601172027,470.522184400706
12601172028,490.7206216633212
12601172029,462.7876577745079
12601172030,632.127608580556
12601172031,549.7680323480163
12601172032,1005.324379850615
12601172033,473.7087819443189
12601172034,530.074169122706
12601172101,456.7395232546209
12601172102,543.9287294750687
12601172103,609.6385373149135
12601172104,423.1913105824115
12601172105,439.7393073089341
12601172106,1722.9169366556182
12601172107,522.6106345791289
12601172108,565.5363557340836
12601172109,532.4355295832661
12601172110,502.2144822511268
12601172111,618.4004607554065
12601172112,803.2260802570181
12601172113,732.8710751737202
12601172114,430.9987772377817
12601172115,634.3452209041069
12601172116,468.1165354029384
12601172117,521.3607164718791
12601172118,527.4548175733245
12601172119,509.6917629704987
12601172120,7237.381037327055
12601172121,466.48004321610006
12601172122,411.2164276124427
12601172123,533.5283204642409
12601172124,663.0481537146516
12601172125,606.7304327216451
12601172126,450.96273979254966
12601172127,518.6524473087734
12601172128,437.30447898790095
12601172129,564.7159633235914
12601172130,740.993767939837
12601172131,580.8130500678516
12601172132,534.5313504158637
12601172133,668.6785028872839
12601172134,568.6851548012739
12601172135,524.7580878646512
12601172136,898.0334768708288
12601172137,763.8112492009134
12601172138,735.5051698518942
12601172139,623.0126592506284
12601172140,562.6449257176527
12601172141,549.0650032660881
12601172142,530.391585865442
12602149801,509.99697440811553
12602149803,566.2138626390131
12602149804,650.8130977670662
12602149805,563.2220266493326
12602149806,601.1581767741635
12602149807,511.5678854774287
12602149808,418.12346735794074
12602149809,536.9567667312385
12602149810,771.8782269934894
12602149811,390.76866086511103
12602149812,580.1180744096087
12602149813,628.5193487551139
12602149814,534.8514361888044
12602149815,495.9887131992447
12602149816,580.3177920469321
12602149818,1361.4870224374176
12602149819,1401.1833641728892
12602149820,577.5970990713738
12602149821,469.5584448339628
12602149822,536.6354210077617
12602149823,462.11631723510993
12602149825,503.6747286505035
12602149826,1346.7789010613847
12602149827,553.9464341386611
12602149828,523.4599410697344
12602149829,607.6118617488856
12602149830,556.9063393342796
12602149831,587.5009589107336
12602149832,471.1246463630568
12602149833,704.6274558442175
12602149834,600.0795199743586
12602149835,1288.865301097264
12602149836,552.4527123556869
12602149837,439.10140174078845
12602149838,522.9235820400892
12602149839,815.9049648555516
12602149840,454.8704204956102
12602149841,1448.7941083129422
12602149901,518.0318503267912
12602149902,580.4654582292846
12602149903,545.0451094355417
12602149904,703.9054649738068
12602149905,797.1416617707943
12602149906,551.4614476640033
12602149907,579.3762344821033
12602149908,363.55387001392484
12602149909,518.5631919417217
12602149910,781.6258000094789
12602149911,673.3784107831916
12602149912,639.2389574808142
12602149913,671.9991741831385
12602149914,489.63123538570346
12602149915,576.4614970081667
12602149916,569.1704852325536
12602149917,452.19613361858467
12602149918,561.0598979799498
12602149919,587.1493646439666
12602149920,594.1102641227493
12602149921,499.5608146854219
12602149922,582.7023691426161
12602149923,442.2638018680487
12602149924,546.4908321516
12602150001,1042.4099576911015
12602150002,16991.285068705227
12602150003,645.4973871719855
12602150004,473.9108764201995
12602150005,511.7861314708185
12602150006,703.126330589955
12602150007,672.633065990047
12602150008,461.64281345755484
12602150009,623.3857290218083
12602150010,659.5989473718589
12602150011,819.8648950156456
12602150012,503.07205335585644
12602150013,764.0056066594533
12602150014,516.750342901335
12602150015,619.9340538981108
12602150016,499.1348402683847
12602150017,606.7304327216451
12602150018,677.6497459760325
12602150019,652.5393682409436
12602150021,544.1607813087886
12602150022,543.7862975135873
12602150023,532.8899236588272
12602150024,544.7189231839268
12602150025,552.5932880610713
12602150026,395.03170757427006
12602150028,579.2765291037945
12602150029,491.72779528466026
12602150030,481.254765951859
12602150031,572.1939194403972
12602150032,505.0107171478013
12602150033,671.25535603059
12602150034,496.58290272314036
12602150035,453.66707643001183
12602150036,657.4061839748736
12602150037,524.5343101123194
12602150038,566.9388493157415
12602150039,604.763206500362
12602150040,510.2145502166548
12602150041,567.2783412083166
12602150042,497.0066992515181
12602150043,566.3579399715312
12602150044,542.5831583382717
12602150045,456.54475132774866
12602150046,457.4817810962135
12602150047,458.4207340601251
12602150048,420.1652879941094
12602150049,480.0642376943504
12602150050,582.950962654864
12602150051,522.9235820400892
12602150052,527.5456033716164
12602150053,497.0922443038048
12602150101,581.7569426345391
12602150102,610.7343766692137
12602150103,481.4600797087433
12602150104,630.7243026828808
12602150105,650.5355651371276
12602150106,788.3394590416522
12602150107,662.8199642424237
12602150108,505.1392208843239
12602150109,589.2091855553224
12602150110,631.1019903073385
12602150111,596.1454287329827
12602150112,470.15967281319905
12602150113,941.5284243781765
12602150114,372.3226275213656
12602150115,666.3408645798919
12602150116,1119.1720224939857
12602150117,577.7916344360502
12602150118,541.6096025657437
12602150119,520.2461345957306
12602150120,456.7395232546209
12602150121,549.4390196284727
12602150122,552.1220929696619
12602150123,638.5314007476245
12602150124,577.3983177664876
12602150125,362.59210074449254
12602150126,472.455601640897
12602150128,604.867298658877
12602150129,504.19134426699884
12602150131,593.7058389692668
12602150132,628.7874887879963
12602150133,464.095060561412
12602150134,515.4720056695276
12602150135,477.120423780045
12602150136,1174.8443637640244
12602150137,1914.1634386209103
12602150138,506.86960921064343
12602150301,401.63383537326655
12602150302,493.66337865591134
12602150303,589.8135332609463
12602150304,588.8565689877646
12602150305,526.1499996072351
12602150306,695.2111892173565
12602150308,622.3742943268684
12602150309,656.5655100200794
12602150310,520.2500192778018
12602150311,611.2555929800734
12602150312,927.2442052284194
12602150313,1654.910261686712
12602150314,1615.1737207861715
12602150315,1557.913181962988
12602150316,516.529979970443
12602150317,487.7114614704537
12602150318,722.8706069502535
12602150320,567.0364311261707
12602150321,428.17317086706754
12602150322,537.7368319052357
12602150323,596.2480375950937
12602150324,2473.2552639833198
12602150325,422.3245157237809
12602150326,527.7706658071893
12602150327,554.6273266314967
12602150328,630.455336715401
12602150329,350.95052731164276
12602150330,507.3895017935946
12602150333,637.1138786075431
12602150334,532.9816449504137
12602150335,721.4391808414604
12602150336,733.2440916279393
12602150337,726.7600411922348
12602150338,572.5365581515478
12602150340,478.7942442511499
12602150341,430.6312655205286
12602150342,579.7231740763725
12602150343,795.0715484364943
12602150344,494.0440125244433
12602150346,484.7207538240389
12602150347,725.9556096810759
12602150348,791.0949067395163
12602150349,406.6052543047085
12602150350,533.5283204642409
12602150351,619.2988434426305
12602150352,504.27812594413274
12602159001,585.9949820631462
12602159002,862.5007273827076
12602159003,596.6541944631757
12602159004,731.0597554731984
12602159005,632.9369919680929
12602159006,660.2211421373403
12602159007,669.935614348243
12602159008,517.2803700831388
12602172201,584.3966433352573
12602172202,526.9143652255149
12602172203,621.4714502526117
12602172204,527.7706658071893
12602172205,619.2988434426305
12602172206,622.639812745795
12602172207,533.344705525894
12602172208,571.4622127164704
12602172209,613.7672962340578
12602172210,542.2584454593855
12602172211,571.3638692692996
12602172212,633.0459334132559
12602172213,565.1979063455186
12602172214,632.9369919680929
12602172215,503.4599416823929
12602172301,494.169725701333
12602172302,507.08585081712783
12602172303,1480.454953704092
12602172304,492.0222496161184
12602172305,850.121504784389
12602172306,561.7320421332054
12602172307,570.4368393199285
12602172308,468.5966792314303
12602172309,671.5970113384121
12602172310,496.7092619395418
12602172311,584.8953823520116
12602172312,669.078918083285
12602172313,576.5607178616826
12602172314,550.0972420855468
12602172315,800.6936365080124
12602172316,503.07205335585644
12602172317,601.9279065485924
12602172318,488.7124589772489
12602172319,620.4631214484114
12602172320,551.556365495988
12602172321,686.2122540272969
12602172322,584.2960739902652
12602172323,666.739879961338
12602172324,573.711653904948
12602172325,504.4932619674563
12602172326,586.2449802757244
12602172327,659.5989473718589
12602172328,1070.4071094212513
12602172329,636.6484875482581
12602172330,483.2720653304105
12602172331,462.7876577745079
12602172332,1432.4831738895482
12602172333,540.1323277943293
12602172334,530.7091926823124
12602172335,606.8848197970462
12602172336,553.0193592060126
12602172337,602.9061133512913
12602172338,505.2889522581711
12602172339,645.4394329224561
12602172340,755.2188990692628
12602172341,642.4711139281033
12602172401,513.362553566227
12602172402,509.16951139410037
12602172403,624.8357601713227
12602172404,1244.5816823809348
12602172405,495.77720385429393
12602172406,649.3683105975401
12602172407,556.4772734839161
12602172408,577.4458507858744
12602172409,476.75282861027245
12602172410,555.9070835094635
12602172411,652.0366223765949
12602172412,526.9143652255149
12602172413,569.0256924090173
12602172414,677.53312862057
12602172415,454.6764456286094
12602172416,573.1238048608438
12602172417,509.16951139410037
12602172418,559.4332813377868
12602172419,499.5608146854219
12602172420,571.9499131598812
12602172421,668.8486531103107
12602172422,534.303404955063
12602172423,707.2211164150804
12602172424,722.4277810213944
12602172425,577.2514318423167
12602172426,740.4228728023616
12602172427,616.2893202986952
12602172428,503.4599416823929
12602172429,526.9143652255149
12602172430,632.5061365266381
12602172431,623.9177423197912
12602172432,761.3871131608162
12602172433,609.1186998638923
12602172434,597.7266941612446
12602172435,2115.0063222251456
12602172436,711.2226445475475
12602172437,646.0482711236076
12602172438,592.033309493235
12602172439,498.83612935477635
12602172440,580.4654582292846
12602172441,584.7465892292454
12602172442,495.56578470535334
12602172501,468.87728228708374
12602172502,543.464922633866
12602172503,535.1717136341357
12602172504,649.5918690599738
12602172505,591.1744794128299
12602172506,498.112495285184
12602172507,502.2144822511268
12602172508,509.16951139410037
12602172509,512.441428260836
12602172510,456.0769564105074
12602172511,805.6338841913404
12602172512,815.1179056049717
12602172513,1873.0436837708432
12602172514,495.0580071992718
12602172515,513.1436353236593
12602172516,1053.1451040648992
12602172517,509.4744100992659
12602172518,630.563851016767
12602172519,563.8967610111363
12602172520,471.6890489832541
12602172521,766.1639681511152
12602172522,588.3544522758068
12602172523,555.1962039683458
12602172524,545.6041583598018
12602172525,624.7727072408834
12602172526,519.0057470101387
12701150401,748.8197593436838
12701150402,506.04722030326474
12701150403,537.2783048815854
12701150404,488.7124589772489
12701150405,484.7207538240389
12701150406,752.408908765296
12701150407,502.85752339249905
12701150408,548.6419787359439
12701150409,570.193582328369
12701150410,490.5113588424551
12701150411,639.076339748571
12701150412,545.836924967947
12701150413,630.2383641324259
12701150414,540.0393759352883
12701150415,588.5041634461833
12701150416,1686.9776640056277
12701150417,577.1520921232094
12701150418,612.3543390292886
12701150419,564.956883443672
12701150420,561.4924972139212
12701150421,599.3979088340892
12701150422,713.1678554071509
12701150423,540.6863377131119
12701150424,816.1615918523769
12701150425,579.8706889537557
12701150426,521.0058136861306
12701150427,548.5475624434038
12701150428,647.4856714983739
12701150429,685.7451328329402
12701150430,554.6273266314967
12701150431,372.3226275213656
12701150432,467.91691186488396
12701150433,527.0484425083517
12701150434,621.4714502526117
12701150435,439.7393073089341
12701150436,453.66707643001183
12701150437,487.62753076553844
12701150438,831.0075206172801
12701150439,668.2783273227002
12701150440,507.6059651975691
12701150441,639.1863379014758
12701150502,537.5075194994381
12701150503,784.8431603826627
12701150505,847.7078730180056
12701150506,832.3580099382077
12701150507,483.4384417274401
12701150508,520.9161533261387
12701150509,667.8783912461238
12701150510,660.1618659550097
12701150511,702.8843481255022
12701150512,501.82755348290783
12701150513,594.7196388300895
12701150514,483.6446870879344
12701150516,609.7434686179103
12701150517,478.71184811818136
12701150518,551.2262825353284
12701150519,774.3195330084459
12701150521,484.2240885918557
12701150522,1326.8216928308748
12701150523,438.23809328827815
12701150524,361.4786611387725
12701150525,783.4349180191139
12701150526,685.8631636428506
12701150527,703.547373686542
12701150528,590.5201239820435
12701150529,600.4388570213384
12701159201,354.7791825759139
12701159202,366.86057965948487
12701159301,615.501225521338
12701159302,600.3355269573369
12701159303,648.0382523026068
12701159304,516.1320218948371
12701159305,640.8817685961113
12701159306,590.4185008417486
12701159307,550.8963971152427
12701159308,452.08109821763304
12701159309,509.4744100992659
12701159310,501.3133599056776
12701159311,525.6108842306879
12701159312,601.7747804757976
12701159313,466.95850850609895
12701159314,467.63688354996845
12701159315,481.5429488687661
12701159316,577.8435145643009
12701159317,345.8020124601822
12701159318,476.83488755578156
12701159401,519.4059208407613
12701159402,464.2131530045202
12701159403,499.77393820109694
12701159404,663.6140159385628
12701159405,484.7207538240389
12701159406,724.0351190634501
12701159407,446.55366219354767
12701159408,632.8280692707615
12701159409,549.862658708473
12701159410,551.556365495988
12701159411,729.1241093006231
12701159412,620.8346645162885
12701159413,691.9823379135728
12701159414,587.1493646439666
12701159415,550.9912176904322
12701159416,503.6747286505035
12701159417,474.88354908265705
12701159418,535.6284428390286
12701159419,540.9170062719418
12701159420,498.83612935477635
12701159421,435.0686628744982
12701159422,477.8135615696278
12701159423,533.891753428393
12701159424,1224.549529884763
12701159425,521.3607164718791
12701159426,620.0918007332144
12701159427,479.9816230070663
12701159428,618.2940396628313
12701159429,538.4737016828913
12701159430,455.1428040518202
12701159431,440.114592061604
12701159432,450.5006644386519
12701159501,39830.77715245671
12701159502,497.0066992515181
12701159503,637.9869264149767
12701159504,641.265538670786
12701159505,509.6917629704987
12701159506,676.666716851673
12701159507,464.967556412688
12701159508,640.7714786750109
12701159509,616.7645035880835
12701159510,610.3688781928319
12701159511,565.054124117101
12701159512,668.6785028872839
12701159513,553.160079098906
12701159514,580.5653682466947
12701159515,641.3183294156557
12701159516,469.0773155400608
12701159517,576.0690857951597
12701159518,527.7706658071893
12701159519,627.3399535119999
12701159520,563.125101263208
12701159521,528.5373858520069
12701159522,566.3579399715312
12701159601,822.6733972756979
12701159602,5482.748262229937
12701159603,831.6482600786777
12701159604,517.5010531467839
12701159605,595.0267820529023
12701159606,501.39964622264273
12701159607,631.3712321513146
12701159608,658.0804808607473
12701159609,573.711653904948
12701159610,682.2391087894092
12701159611,510.6499803410583
12701159612,580.9130199129496
12701159613,655.7798922598497
12701159614,535.7206354859646
12701159615,928.3018148662347
12701159616,938.1932857524679
12701159617,608.7541683011698
12701159618,626.2143188075436
12701159619,549.6281753670959
12701159620,525.8351212729689
12701159621,761.7906127898644
12701159701,729.1241093006231
12701159703,471.4879019830993
12701159704,549.862658708473
12701159706,533.5283204642409
12701159707,588.9579232875348
12701159708,688.8566761167311
12701159710,726.5299358764282
12701159711,696.0747198421992
12701159712,431.40211388541377
12701159714,464.293053614524
12701159715,459.0867058325928
12701159716,501.82755348290783
12701159717,469.0773155400608
12701159718,523.773397108768
12701159719,630.1864854457233
12701159720,627.4995848333933
12701159721,560.0070881084797
12701159722,683.5217141058214
12701159723,679.7370671573129
12701159724,522.9235820400892
12701159725,573.2224512290467
12701159726,562.6449257176527
12701159727,496.58290272314036
12701159728,545.698068032096
12701159729,539.0260103605706
12701159730,456.54475132774866
12701159731,345.8020124601822
12701159732,625.305904221492
12701159733,521.3178001551199
12701159734,531.8899737888487
12701159735,539.5788855373654
12701159736,492.52691336705925
12701159737,473.22340004078893
12701159738,497.6021083125355
12701159739,345.8020124601822
12701159740,587.5009589107336
12701159741,516.839286239864
12701159742,567.9579349944432
12701159743,525.6108842306879
12701159744,536.8201688429276
12701159745,567.9579349944432
12701159746,506.86960921064343
12701172601,534.303404955063
12701172602,543.6967765974944
12701172603,401.97659994324397
12701172604,540.9170062719418
12701172605,634.3452209041069
12701172606,482.159521943426
12701172607,354.05251176837123
12701172608,618.6642838504475
12701172609,528.3119964564651
12701172610,445.18239532770934
12701172611,392.207039769607
12701172612,422.9380486322995
12701172613,477.7313342032257
12701172614,623.5443541613425
12701172615,472.6571614827867
12701172701,473.22340004078893
12701172702,589.3106005476395
12701172703,592.9466233613252
12701172704,481.5429488687661
12701172705,590.7720527186467
12701172706,482.7371442343398
12701172707,469.8396238099731
12701172708,464.095060561412
12701172709,498.112495285184
12701172710,466.48004321610006
12701172711,518.4312732447916
12701172712,470.3215349980902
12701172713,608.3397746897214
12701172714,452.351811483828
12701172715,601.7747804757976
12701172716,472.254127752153
12701172717,522.1650056309447
12701172718,541.1477732389981
12701172719,544.0223507716695
12701172720,459.36161416672275
12701172721,589.9150522739052
12701172722,681.1882579794685
12701172723,9210.801258144334
12701172724,468.5966792314303
12701172725,498.112495285184
12701172726,551.321159890568
12701172727,485.7156130889958
12701172728,487.50348187536326
12701172729,458.4207340601251
12701172730,488.50405251694656
12701172731,510.52007470749083
12701172732,459.36161416672275
12701172733,2301.2200946292464
12701172734,500.6722934004694
12701172735,522.1650056309447
12701172736,538.4737016828913
12701172737,581.5088582999914
12701172738,572.7808147075841
12701172801,565.6336961465855
12701172802,519.4953212587502
12701172803,484.51404958582293
12701172804,638.3689630126588
12701172805,821.3386211044269
12701172806,708.0100749091174
12701172807,490.0087603132895
12701172808,492.94724841055944
12701172809,535.7647374837859
12701172810,635.8089202576679
12701172811,610.213604798366
12701172812,505.2261657104755
12701172813,515.3832976275436
12701172814,503.07205335585644
12701172815,489.21372789927716
12701172816,511.39182827081135
12701172817,643.9005554438752
12701172818,564.8596595044781
12701172819,422.9380486322995
12701172820,504.27812594413274
12701172821,452.46691576978594
12701172822,504.7084897724885
12701172823,625.4135321998515
12701172824,593.5459404728276
12701172825,465.444470355641
12701172826,587.4482117147759
12701172827,475.5734372473941
12701172828,461.7222716593744
12701172829,458.458472517216
12701172830,438.68759100944135
12701172831,669.9907652926862
12701172832,594.7730389302238
12701172901,550.6614729466302
12701172902,486.5049606366532
12701172903,652.2610994605092
12701172904,612.9824265555759
12701172905,563.2220266493326
12701172906,453.97610889183454
12701172907,549.6281753670959
12701172908,598.6980734776413
12701172909,739.4760392618931
12701172910,746.7773056398082
12701172911,523.4599410697344
12701172912,488.7124589772489
12701172913,580.5653682466947
12701172914,506.78238156281924
12701172915,507.3895017935946
12701172916,391.6380866412958
12701172917,478.9985082959274
12701172918,594.7730389302238
12701172919,4491.717418985763
12701172920,621.5784182427548
12701172921,613.6111583068081
12701172922,692.2205671356808
12701172923,770.1012817102741
12701172924,513.8891059164057
12701172925,565.8750077914618
12701172926,493.0320947480502
12701172927,656.958671765592
12701172928,661.2940826099425
12701172929,613.3494900657894
12701172930,525.3867428120142
12701172931,550.7562530865487
12701172932,584.4972299902976
12701172933,529.7133348800572
12701172934,577.3507886598278
12701172935,515.7806784073107
12701172936,486.5049606366532
12701172937,737.2052729989088
12702150901,447.8520683534484
12702150902,750.9970389642602
12702150903,584.6459596617485
12702150904,564.956883443672
12702150905,621.8947890007867
12702150906,613.8729381811931
12702150907,639.1863379014758
12702150908,597.0114803714101
12702150909,778.1007644506195
12702150910,603.8859098602303
12702150911,621.843597123623
12702150912,578.4362045813574
12702150913,611.9878710745262
12702150914,672.9200258947665
12702150915,663.8971281202447
12702150916,482.7371442343398
12702150917,529.5310328773427
12702150918,523.8165155770298
12702150919,623.6516789407874
12702150920,681.422771116461
12702150921,524.9819610854427
12702150922,526.0594539796518
12702150923,537.7368319052357
12702150924,497.8143962014447
12702150925,587.65045290337
12702150926,456.7395232546209
12702150927,781.0950034510859
12702150928,1383.7480849497567
12702150929,599.8236221629559
12702150930,559.0022686169306
12702150935,631.4799040970813
12702150936,680.7245567401192
12702150937,723.4177358966946
12702150938,715.7947099346939
12702150939,585.9467453136656
12702150940,692.811325842062
12702151001,615.501225521338
12702151002,500.2865528043431
12702151003,512.5296299467298
12702151004,610.7343766692137
12702151005,649.9224980940494
12702151006,681.5400579592185
12702151007,584.6459596617485
12702151008,564.618780844558
12702151009,548.9705141748758
12702151010,460.3044253713476
12702151011,493.95899204511045
12702151012,472.254127752153
12702151013,517.5901256979523
12702151014,558.1454067796212
12702151015,477.120423780045
12702151016,518.1210142390471
12702151017,583.1996622225146
12702151018,607.5072972760364
12702151019,671.4261619530812
12702151020,458.89093297356965
12702151021,522.0751457845664
12702151022,514.855214265814
12702151023,356.1756964456711
12702151024,560.1034768205541
12702151025,366.86057965948487
12702151026,503.4599416823929
12702151027,564.3780049048939
12702151028,423.1184832084062
12702151029,547.2847479609958
12702151030,582.1053078342634
12702151031,605.1253482124397
12702151032,528.5373858520069
12702151033,667.0243257046408
12702151034,672.5173119595643
12702151035,505.0107171478013
12702151036,702.8264895136508
12702151037,618.5578173563176
12702151038,511.916359261955
12702151039,489.21372789927716
12702151040,513.0553279730269
12702151041,505.3547242694883
12702151042,511.7861314708185
12702151043,426.23912652910514
12702151044,574.6440058303732
12702151045,620.3052801520245
12702151046,585.1449114514215
12702151047,546.3967860518136
12702151048,526.9143652255149
12702151049,470.44121181397173
12702151101,630.9933833970965
12702151102,350.0823457385714
12702151103,528.5373858520069
12702151104,514.1968307889409
12702151105,434.62287325901866
12702151106,586.2976194330787
12702151107,621.2064300699942
12702151108,612.0932067460751
12702151109,420.0929813710582
12702151110,609.3785631577346
12702151111,675.4525752438013
12702151112,727.6306924618519
12702151113,586.5477467573453
12702151114,542.027204857451
12702151115,561.0137137862777
12702151116,525.8351212729689
12702151117,574.0552014593476
12702151118,619.5630498072773
12702151119,519.0950785499992
12702151120,507.6059651975691
12702151121,540.2697684861427
12702151122,659.1499424957663
12702151123,494.25478245225264
12702151124,464.293053614524
12702151125,495.2692097192778
12702151126,505.2261657104755
12702151127,564.1373316416823
12702151128,717.3855284367044
12702151129,497.8143962014447
12702151130,620.5699158844753
12702151131,8967.424424739302
12702151132,3544.5122122558355
12702151133,448.77125692958566
12702151134,624.3988074223951
12702151135,570.2917243451411
12702151136,828.0280461018432
12702151137,688.3259497546115
12702151138,553.8683515625576
12702151139,773.5898115113605
12702151140,458.89093297356965
12702151141,702.947460375582
12702151142,434.62287325901866
12702151143,676.6059641475786
12702151144,595.2806334279181
12702151145,1256.6679401249678
12702151146,1157.9795628073246
12702151147,977.306796282523
12702151148,716.1994341258916
12702151149,569.7073795044272
12702151150,643.6259705973433
12702151151,475.0861447397657
12702151152,534.8514361888044
12702151153,478.50770631672316
12702151154,575.577872942228
12702151155,670.4521610389273
12702151156,462.66992796699816
12702151201,450.5006644386519
12702151202,578.6829780549568
12702151203,512.967035819286
12702151204,795.3729123455743
12702151205,550.1919251097552
12702151206,616.026509982719
12702151207,515.911922640652
12702151208,497.04761421151017
12702151209,603.0595273001586
12702151210,583.4484678908127
12702151211,658.5878867775432
12702151212,574.8891614694545
12702151213,626.589305782781
12702151214,507.3021846769869
12702151215,606.6260199347109
12702151216,611.4111315161898
12702151217,584.5453474116856
12702151218,706.1951897340384
12702151219,533.983647155442
12702151220,820.988369598477
12702151221,685.391162261398
12702151222,625.4650179639006
12702151223,643.4044653119128
12702151224,513.8006702770667
12702151225,581.9049750194728
12702151226,570.4368393199285
12702151227,602.0315106938003
12702151228,642.581696391311
12702151229,757.76536239892
12702151230,645.4973871719855
12702151231,640.8817685961113
12702151232,648.4263077921904
12702151233,568.2002382101948
12702151234,628.4111862939841
12702151235,646.546399733767
12702151236,516.000721669849
12702151237,584.1955219523422
12702151301,549.862658708473
12702151302,471.6890489832541
12702151303,420.5962485663593
12702151304,526.6896679506215
12702151305,449.11727720776827
12702151306,595.2806334279181
12702151307,1209.959566484718
12702151308,691.5112888842632
12702151309,969.3868708576439
12702151310,575.4788212273801
12702151311,644.7250130466247
12702151312,571.8514857839016
12702151313,584.3966433352573
12702151314,653.48734630429
12702151315,576.7592108054891
12702151316,568.5404854422625
12702151317,451.15513031181797
12702151318,609.2235416921965
12702151319,545.9308747041516
12702151320,661.2940826099425
12702151321,492.52691336705925
12702151322,980.224114532937
12702151323,1409.3950013409599
12702151324,862.5515379393378
12702151325,530.2566581112983
12702151326,726.2653181434113
12702151327,461.7222716593744
12702151328,502.2144822511268
12702151329,445.63901577049256
12702151330,457.0130260589365
12702151331,632.3972879756078
12702151332,624.3988074223951
12702151333,982.8380102020591
12702151334,635.0407829443989
12702151335,755.7607201736362
12702151336,611.3608026115347
12702151337,681.6573649894485
12702151338,708.0100749091174
12702151339,581.5088582999914
12702151340,553.255289300219
12702151341,528.3119964564651
12702151342,1103.8070035263706
12702151343,582.950962654864
12702151344,616.0772229812524
12702151345,500.15928355121565
12702151346,444.99255182056135
12702151347,507.2148825868604
12702151348,475.6552931954463
12702151401,459.557587828587
12702151402,533.7559352571297
12702151403,577.5970990713738
12702151404,468.3162441047378
12702151405,686.330365238351
12702151406,587.3998553412766
12702151407,755.116284656014
12702151408,587.9011573758374
12702151409,476.54952221276966
12702151410,624.3988074223951
12702151411,479.6943744770963
12702151412,659.1499424957663
12702151413,626.8566224173271
12702151414,647.2095578155438
12702151415,563.2220266493326
12702151416,607.9757092804941
12702151417,681.5400579592185
12702151418,621.3645006706864
12702151419,528.5373858520069
12702151420,530.2566581112983
12702151421,513.0553279730269
12702151422,547.2847479609958
12702151501,438.6514800117788
12702151502,535.7206354859646
12702151503,453.7451618438149
12702151504,651.7585679870238
12702151505,468.5966792314303
12702151506,439.55178495134237
12702151507,479.0809537689948
12702151508,2864.7728732801274
12702151509,563.3189687183054
12702151510,1442.6348716487769
12702151511,494.0440125244433
12702151512,980.527344097441
12702151513,423.8061027291484
12702151514,515.0748627052087
12702151515,662.5373114063275
12702151516,3918.1169674101216
12702151517,14871.485971532808
12702151518,566.6970840064623
12702151519,592.237129196507
12702151520,631.6405888597209
12702151521,491.22395034365235
12702151522,511.7861314708185
12702151523,617.5542158810612
12702151524,462.1958569366471
12702151525,443.62607877707774
12702151526,493.5377942900199
12702151527,532.4355295832661
12702151528,539.5788855373654
12702151529,499.6467993533892
12702151530,450.6928578265175
12702151531,522.1650056309447
12702151532,534.6233542306792
12702151533,555.7656647986672
12702151534,808.3210577161544
12702151535,528.7628714035696
12702151536,563.2220266493326
12702151537,484.7207538240389
12702151538,535.1717136341357
12702151539,501.185829440307
12702151540,503.97633699341054
12702151541,622.2159668420285
12702151542,550.9912176904322
12702151543,646.7109182783831
12702151544,612.6155827172166
12702151601,591.8827005338228
12702151602,592.4897904449019
12702151603,774.9165638032579
12702151604,584.3966433352573
12702151605,716.3448568035561
12702151606,554.7227893762193
12702151607,661.6900758990328
12702151608,631.7493071673048
12702151609,628.8957160185083
12702151610,605.2295027029744
12702151611,610.213604798366
12702151612,650.925116056882
12702151613,748.9694179380534
12702151614,1044.3212786854547
12702151615,1093.0261642122668
12702151616,1247.5250770593887
12702151617,545.5102648485076
12702151618,567.5203544945689
12702151619,677.7663834037356
12702151620,578.4362045813574
12702151621,663.3310244871936
12702151622,682.8213490643823
12702151623,694.9453482683203
12702151624,1195.711893226597
12702151625,693.8178090841485
12702151626,689.5632315505575
12702151627,717.0152256035404
12702151628,617.9240170505703
12702151629,491.5181029648414
12702151630,588.6054570897273
12702151631,629.272308656534
12702151632,504.4932619674563
12702151633,584.9960548502714
12702151634,677.9388461056132
12702151635,692.2205671356808
12702151636,471.28684076003753
12702151637,567.3250411233678
12702151638,595.3830934410096
12702151701,564.8596595044781
12702151702,584.7465892292454
12702151703,468.3162441047378
12702151704,620.1985312573627
12702151705,554.9594461908092
12702151706,536.0855618282865
12702151707,547.7518147386634
12702151708,635.0481389308344
12702151709,633.8043161178797
12702151710,582.005132807263
12702151711,871.7236328893964
12702151712,1098.352561953241
12702151713,503.158642380055
12702151714,498.7502841957392
12702151715,532.3439022731653
12702151716,352.3926140451784
12702151717,602.3920166234997
12702151718,489.50667676767523
12702151719,511.698057734247
12702151720,451.88831282876384
12702151721,467.35702282005565
12702151801,626.8519417088368
12702151802,862.3852002000355
12702151803,601.9279065485924
12702151804,533.5722419846536
12702151805,569.366433936032
12702151806,548.0798171334039
12702151807,475.0043867369842
12702151808,515.8656028740751
12702151809,455.41195015089005
12702151810,514.2391608878943
12702151811,675.7963668507375
12702151812,613.3954024562674
12702151901,570.5350232062215
12702151902,546.3967860518136
12702151903,542.8146361220611
12702151904,629.1640166178562
12702151905,1093.9245697387607
12702151906,618.0812524168344
12702151907,512.3110668959731
12702151908,451.15513031181797
12702151909,594.9243833577581
12702151910,494.0440125244433
12702151911,507.3021846769869
12702151912,834.2786074944427
12702151913,542.9080656603329
12702151914,645.7727704055559
12702151915,730.3090255604776
12702151916,501.6135542238707
12702151917,624.665189542668
12702151918,679.7370671573129
12702151919,961.0635091914716
12702151920,797.4826252247632
12702151921,546.7239770340818
12702151922,441.65858971315777
12702151923,705.5930186361095
12702151924,517.2803700831388
12702151925,761.659515556806
12702151926,559.7682787783044
12702151927,503.6747286505035
12702151928,632.6670824217592
12702151929,591.0240889335319
12702151930,637.9869264149767
12702151931,482.24251149181146
12702151932,533.4365050947727
12702151933,719.4714094136308
12702151934,617.5542158810612
12702151935,484.92754624678065
12702151936,503.4599416823929
12702151937,728.37701813075
12702151938,697.5607904035613
12702151939,1017.9523129278917
12702151940,584.6421874175138
12702152001,549.862658708473
12702152002,571.7060109333637
12702152003,546.9572213812445
12702152004,614.7647434996163
12702152005,519.0950785499992
12702152006,470.0400676187876
12702152007,483.14912443890057
12702152008,539.1631695416775
12702152009,645.1110845164728
12702152010,585.2456268987602
12702152011,634.6158463808392
12702152012,479.9816230070663
12702152013,465.524582900629
12702152014,477.6098028333365
12702152015,483.02621482265795
12702152016,518.9630245449922
12702152017,647.2095578155438
12702152018,523.906675148885
12702152019,553.160079098906
12702152020,639.4590287040783
12702152021,677.53312862057
12702152022,574.0552014593476
12702152023,524.2203986993061
12702152024,712.4371136848355
12702152025,521.6299734465099
12702152026,589.1077880156028
12702152101,938.6327648328726
12703152201,630.563851016767
12703152202,632.0188251707405
12703152203,357.63925386097594
12703152204,911.1721017714882
12703152205,390.8008300172563
12703152206,669.078918083285
12703152207,648.3147195245404
12703152208,599.312153868677
12703152209,522.7005865941178
12703152210,714.936465558757
12703152211,698.8146720389111
12703152212,527.9958242592945
12703152213,472.455601640897
12703152214,607.9757092804941
12703152215,584.6459596617485
12703152216,510.9557655742958
12703152217,1182.0887023561947
12703152218,577.9905511483287
12703152219,1221.6842337465837
12703152220,1915.9005756019214
12703152221,459.557587828587
12703152222,610.473935202482
12703152223,611.9878710745262
12703152224,600.9512868728564
12703152225,713.1678554071509
12703152226,795.1705752730612
12703152227,534.9875331184352
12703152228,528.628357982516
12703152229,545.2776375412494
12703152230,624.5576903472702
12703152231,450.96273979254966
12703152232,497.0066992515181
12703152233,694.9453482683203
12703152234,684.6325208706456
12703152235,478.42535949432647
12703152236,582.5018308478699
12703152301,361.4786611387725
12703152302,602.9061133512913
12703152304,654.4367015449415
12703152305,592.7425594840854
12703152306,563.7997195093677
12703152307,372.3226275213656
12703152308,31348.671578192516
12703152309,411.4595980995515
12703152310,605.2793268621384
12703152311,713.1091502983497
12703152312,636.5706129929312
12703152313,494.97281222068153
12703152314,597.6238308357931
12703152315,494.67659210334716
12703152316,708.4923627096038
12703152317,477.3239737365815
12703152318,551.2262825353284
12703152319,609.8484179817377
12703152320,583.7978460024439
12703152321,737.3928603687364
12703152322,1232.196142031178
12703152323,499.85995955199536
12703152324,497.6021083125355
12703152325,352.7540606637953
12703152326,589.9150522739052
12703152327,610.7343766692137
12703152328,548.4080159411332
12703152329,658.4745497946075
12703152330,454.8704204956102
12703152331,544.4866333362778
12703152332,515.6919172455576
12703152333,379.02991421053787
12703152334,540.0393759352883
12703152335,582.2534288633155
12703152336,559.529571285941
12703152337,509.60404965568983
12703152338,499.77393820109694
12703152339,523.1466726207709
12703152340,520.0709740958482
12703152341,421.67401056556207
12703152342,394.4232414448609
12703152343,614.8705571278952
12703152344,486.5049606366532
12703152345,534.4393624340671
12703152346,468.5966792314303
12703152347,592.1352105752374
12703152401,478.71184811818136
12703152402,504.40644326736975
12703152403,436.3336750772456
12703152404,549.0650032660881
12703152405,606.5216251162674
12703152406,555.4330627519033
12703152407,559.1947167016765
12703152408,854.1271611827541
12703152409,530.391585865442
12703152410,475.0861447397657
12703152411,492.94724841055944
12703152412,667.1391342794645
12703152413,606.1087512506896
12703152414,479.57234372406697
12703152415,506.47909392191576
12703152416,488.2117036764002
12703152417,563.4623094235144
12703152418,749.7785566897343
12703152419,716.4038282846263
12703152420,479.28534013029235
12703152421,602.1351326714077
12703152422,571.8514857839016
12703152423,615.7638117395305
12703152424,528.5373858520069
12703152425,555.8613234747495
12703152426,548.9705141748758
12703152427,690.3893214137898
12703152428,570.6802000902147
12703152429,546.1637806965998
12703152430,617.5542158810612
12703152431,345.8020124601822
12703152432,467.35702282005565
12703152433,672.2593526325182
12703152434,377.0609990312402
12703152435,717.7506630629584
12703152436,703.3052463191872
12703152437,402.9372960186539
12703152438,1320.8284822396818
12703152439,487.41958696184395
12703152440,720.0854246846047
12703152441,559.7682787783044
12703152442,566.9388493157415
12703152443,515.3832976275436
12703152444,494.67659210334716
12703152445,550.0972420855468
12703152446,454.4043411680253
12703152447,562.8849622880178
12703152448,561.2530544461328
12703152449,893.4420815971976
12703152450,505.44170618819504
12703159901,688.1508446492619
12703159902,649.3683105975401
12703159903,621.4714502526117
12703159904,637.6576078589019
12703159905,595.5345931014551
12703159906,540.0393759352883
12703159907,740.6777786798019
12703159908,575.379786558431
12703159909,789.6856112628345
12703159910,498.8771949184918
12703159911,602.7527384298146
12703159912,711.8882198863222
12703159913,598.9534911054791
12703159914,645.1110845164728
12703159915,481.66548105694415
12703159916,595.4321070166511
12703159917,544.8126804890813
12703159918,795.3074404471955
12703159919,499.1348402683847
12703159920,613.1384044973504
12703159921,539.7161854016764
12703159922,625.9472760768422
12703159923,594.9243833577581
12703159924,487.2117318336712
12703159925,684.8067307123177
12703160101,600.4388570213384
12703160102,847.4985505441366
12703160103,601.9279065485924
12703160104,385.06770320670654
12703160106,444.4600930688536
12703160107,610.8897825779596
12703160108,651.7585679870238
12703160109,570.193582328369
12703160110,586.2976194330787
12703160111,369.50270272992464
12703160112,525.3867428120142
12703160113,521.6299734465099
12703160114,499.85995955199536
12703160115,460.3044253713476
12703160116,532.4355295832661
12703173001,550.1919251097552
12703173002,516.839286239864
12703173003,546.4908321516
12703173004,820.1471504511856
12703173005,676.7831850798899
12703173006,1328.0985350825783
12703173007,730.434726730847
12703173008,560.4388755846592
12703173009,574.3989547354212
12703173010,1639.8585782596788
12703173011,426.4209694168859
12703173012,587.7515996058102
12703173013,609.588354323082
12703173014,636.4086740680808
12703173015,588.1035545003372
12703173016,517.9000667992954
12703173017,502.2144822511268
12703173018,555.1962039683458
12703173019,563.3189687183054
12703173020,570.8766685442365
12703173021,482.5312858862701
12703173022,591.7321298882323
12703173023,578.5357653225707
12703173024,476.1431694746316
12703173025,536.2701203630645
12703173101,564.5216150897452
12703173102,345.8020124601822
12703173103,800.6936365080124
12703173104,9010.82970883945
12703173105,713.8405813238794
12703173106,557.0021943438577
12703173107,523.9968502390528
12703173108,663.0481537146516
12703173109,551.556365495988
12703173110,1754.5478303560012
12703173111,2947.0971829754862
12703173112,956.4455995430297
12703173113,574.0552014593476
12703173114,444.53659377187876
12703173115,718.121345713127
12703173116,728.6277769737492
12703173117,494.0440125244433
12703173118,609.2736946516477
12703173119,474.6810398204069
12703173120,461.24917163745766
12703173121,543.464922633866
12703173122,467.43746455457136
12703173123,2273.5279294452253
12703173124,1278.4542153118293
12703173125,652.2610994605092
12703173126,963.9444571032031
12703173127,584.4972299902976
12703173128,580.3177920469321
12703173129,517.9000667992954
12703173130,639.0237335552706
12703173131,639.2963549873207
12703173132,552.6884007060149
12703173133,524.310627787735
12703173134,560.4388755846592
12703173135,781.7026951393649
12703173136,600.9018189805327
12703173137,662.3687667426366
12703173201,723.6018149250647
12703173202,446.0961045656436
12703173203,592.4897904449019
12703173204,662.5373114063275
12703173205,1012.5153386194186
12703173206,3034.5761999386577
12703173207,792.3195896854802
12703173208,510.3443781072416
12703173209,470.722919404723
12703173210,1206.4537290654862
12703173211,727.0102433575022
12703173212,641.1551827063464
12703173213,460.0289528049226
12703173214,587.3998553412766
12703173215,366.86057965948487
12703173216,969.0569118419617
12703173217,1195.628805478736
12703173218,548.7364112794662
12703173219,576.7592108054891
12703173220,533.4365050947727
12703173221,612.6155827172166
12703173222,464.4911311357806
12703173223,641.0448457331648
12703173224,624.1839192072217
12703173225,680.6074102377014
12703173226,613.226889087642
12703173227,711.1002496017143
12703173228,644.2861332155542
12703173229,903.418810555573
12703173230,476.1431694746316
12703173301,706.919529158985
12703173302,543.6032113292462
12703173303,515.0748627052087
12703173304,532.8899236588272
12703173305,627.2319940140602
12703173306,495.48050234287444
12703173307,474.39696346340264
12703173308,600.5422048705657
12703173309,503.158642380055
12703173310,591.0240889335319
12703173311,564.956883443672
12703173312,707.3428436824856
12703173313,641.4287134609914
12703173314,526.9143652255149
12703173315,560.1034768205541
12703173316,438.1233372405821
12703173317,487.7114614704537
12703173318,891.9190589847979
12703173319,589.3106005476395
12703173320,466.95850850609895
12703173321,579.0295025163837
12703173322,419.30469113802764
12703173323,536.9567667312385
12703173324,474.59935153249603
12703173325,630.7243026828808
12703173326,448.3885906576648
12703173327,776.7743605533859
12703173328,589.8135332609463
12703173329,593.8080279279147
12703173330,462.74588619741445
12703173331,601.4146439356073
12703173332,570.5350232062215
12703173333,579.9704965991679
12703173334,562.9818463412969
12703173335,645.0000667685844
12703173336,634.3452209041069
12801152901,524.2203986993061
12801152902,544.0223507716695
12801152903,671.3658797581356
12801152904,624.0251313670001
12801152905,555.337477775595
12801152906,577.497699866081
12801152907,521.2280861050954
12801152908,787.1251821871457
12801152909,524.6677817724149
12801152910,519.6275107106192
12801152911,548.7364112794662
12801152912,663.2168712534152
12801152913,484.7207538240389
12801152914,551.2262825353284
12801152915,512.0044705726988
12801152916,495.77720385429393
12801152917,553.0193592060126
12801152918,1347.6868356787702
12801152919,606.2629801346118
12801152920,527.2298898280205
12801152921,2025.5471313264838
12801152922,596.859605001606
12801152923,508.86479515780536
12801152924,525.6108842306879
12801152925,1459.4709787787865
12801152926,561.0137137862777
12801152927,612.5101571495162
12801152928,559.4332813377868
12801152929,647.9267308157756
12801152930,581.9049750194728
12801152931,606.2629801346118
12801152932,605.746021013836
12801152933,475.6552931954463
12801152934,610.3688781928319
12801152935,588.6054570897273
12801152936,554.1543971198345
12801152937,557.8113805587791
12801152938,589.9150522739052
12801152939,477.6098028333365
12801152940,624.7727072408834
12801153001,661.7445480480467
12801153002,577.7440729531445
12801153003,576.7592108054891
12801153004,523.6832604728507
12801153005,497.6021083125355
12801153006,647.873396093888
12801153007,560.5814834287296
12801153008,698.6944123922499
12801153009,457.4817810962135
12801153010,582.6020913667966
12801153011,593.3505313464248
12801153012,828.3375345494379
12801153014,996.7938956886355
12801153015,496.7947557967633
12801153016,557.239823602214
12801153017,521.3178001551199
12801153018,546.3967860518136
12801153019,541.7028246930113
12801153020,2290.1581766336412
12801153021,550.0972420855468
12801153022,672.8042224810945
12801153023,618.0303744546605
12801153024,624.5576903472702
12801153025,563.7026947075581
12801153026,591.2762326725508
12801153027,576.4140450168234
12801153028,626.8566224173271
12801153029,640.3352901099253
12801153030,5706.893300157713
12801153031,636.2991539258483
12801153032,1917.5290362624485
12801153033,495.56578470535334
12801153034,652.930119069487
12801153035,500.6722934004694
12801153036,712.5597387324112
12801153037,670.3367823223435
12801153040,536.2701203630645
12801153041,5537.889437803753
12801153042,509.4744100992659
12801153043,4606.942322748851
12801153044,545.9308747041516
12801153045,560.3424291535092
12801153046,501.91392830313964
12801153047,463.0647822968225
12801153048,1267.8731268621623
12801153101,361.4786611387725
12801153102,361.4786611387725
12801153103,536.6354210077617
12801153104,424.93024107900726
12801153105,739.0943336635203
12801153106,522.9235820400892
12801153107,532.3439022731653
12801153108,472.455601640897
12801153109,648.4263077921904
12801153110,650.5355651371276
12801153111,572.6822443410083
12801153112,564.5216150897452
12801153113,648.8145956554997
12801153114,550.4266489590417
12801153115,773.0632103109672
12801153116,640.8817685961113
12801153117,619.9340538981108
12801153118,554.059032190247
12801153119,469.8396238099731
12801153120,624.1702450743163
12801153121,589.7120317184853
12801153122,662.8199642424237
12801153123,874.5636736751621
12801153124,535.9491855681534
12801153125,524.5343101123194
12801153126,526.1499996072351
12801153127,568.2002382101948
12801153128,1921.2038988638078
12801153129,816.4815820626125
12801153130,544.2544425462726
12801153131,624.665189542668
12801153132,478.30365156946107
12801153133,529.0795029206246
12801153134,705.5930186361095
12801153135,550.1919251097552
12801153136,628.8957160185083
12801153137,759.7753219030001
12801160201,603.5245098991434
12801160202,2109.1724056633643
12801160203,817.7316119821869
12801160204,596.756890894309
12801160205,368.74587470683593
12801160206,997.9905110646175
12801160207,622.7469818350997
12801160208,1080.5020928395186
12801160209,568.9277682648219
12801160211,528.3119964564651
12801160212,655.220710176112
12801160214,588.0023472296621
12801160215,607.7664731104646
12801160216,1251.9818545607493
12801160217,408.51746293068527
12801160218,687.7390157186366
12801160219,550.9912176904322
12801160220,638.4215153034446
12801160222,523.4599410697344
12801160223,633.965592344462
12801160224,1226.2424025354228
12801160225,458.4207340601251
12801160226,592.4897904449019
12801160227,532.9816449504137
12801160228,485.50848460315956
12801160229,2525.130747223887
12801160230,1414.1911936378579
12801160231,500.0732106893813
12801160232,511.39182827081135
12801160233,530.1654057651532
12801160301,503.158642380055
12801160302,629.4324316800795
12801160303,549.4390196284727
12801160304,568.3448209907651
12801160305,577.7440729531445
12801160306,524.8484095004196
12801160307,518.1210142390471
12801160308,584.9960548502714
12801160309,624.1325388980684
12801160310,531.2535373578775
12801160311,548.6419787359439
12801160312,489.21372789927716
12801160313,576.314849404369
12801160314,501.6135542238707
12801160315,652.5930870785066
12801160316,587.65045290337
12801160317,610.213604798366
12801160318,486.00646723127164
12801160319,566.0189988998414
12801160320,536.8201688429276
12801160321,537.0491880099761
12801160322,541.3786386562647
12801160323,649.0913940824029
12801160324,617.2908661632216
12801160325,582.2534288633155
12801160326,570.4368393199285
12801160327,577.7440729531445
12801160328,696.6687677809072
12801160329,568.783037186714
12801160402,508.43088725691325
12801160403,664.5780827217437
12801160404,502.3422744648629
12801160405,570.8766685442365
12801160406,489.50667676767523
12801160407,586.1967229473967
12801160408,494.55074998333913
12801160409,3008.6023028819354
12801160410,530.482877141825
12801160411,529.7133348800572
12801160412,529.8481243815595
12801160413,446.2864188724089
12801160414,704.9913610081629
12801160415,575.2334141338886
12801160416,519.9386718301263
12801160417,529.5310328773427
12801160418,482.4482466424393
12801160419,509.9092085691958
12801160420,635.157443747713
12801160421,460.225211167973
12801160422,445.94257961561743
12801160423,605.746021013836
12801160424,752.859463044184
12801160425,467.91691186488396
12801160426,499.1348402683847
12801160427,613.1384044973504
12801160428,534.6233542306792
12801160429,543.6032113292462
12801160430,514.3276720004653
12801160431,585.4953054201168
12801160432,519.1844254656513
12801160433,505.313125501616
12801160434,486.92015639193545
12801160435,637.767361818934
12801160436,1056.6464508840306
12801160437,1198.1447122039374
12801160438,508.43088725691325
12801160440,468.87728228708374
12801160441,494.0440125244433
12801160442,577.9429732913994
12801160443,448.65709279230407
12801160444,459.282562212578
12801160445,489.8401227267485
12801160446,585.0967446763339
12801160447,467.91691186488396
12801160448,482.03686407484633
12801160449,628.143206731474
12801160451,512.6178468139436
12801160452,446.8210655441862
12801160453,664.4637148805905
12801160454,549.5335893590886
12801160455,489.50667676767523
12801160456,505.3547242694883
12801160457,445.18239532770934
12801160458,350.95052731164276
12801160459,577.2989527696493
12801160460,366.86057965948487
12801160461,460.69726092085875
12801160462,543.0462126593102
12801160463,491.9375770637864
12801160464,356.1756964456711
12801160465,864.1680976586615
12801160466,372.3226275213656
12801160467,508.952381231744
12801160468,1106.906347735443
12801160469,418.87192622969394
12801160470,581.1608500498745
12801160501,590.0651605505695
12801160502,545.2776375412494
12801160503,586.4468072270262
12801160504,636.8421878703613
12801160505,467.91691186488396
12801160506,459.8327781342561
12801160507,474.59935153249603
12801160508,697.6808549306153
12801160601,652.7054117410116
12801160602,498.4518034225388
12801160603,651.5356046093722
12801160604,625.4650179639006
12801160605,666.2261933800202
12801160606,506.04722030326474
12801160607,587.65045290337
12801160608,545.2776375412494
12801160609,582.2534288633155
12801160610,564.4244660562746
12801160611,698.0986371907995
12801160612,482.03686407484633
12801160613,572.8794020401433
12801160614,548.4080159411332
12801160615,361.4786611387725
12801160616,755.6928662268468
12801160617,1032.7436822638317
12801160618,473.62726097314203
12801160619,507.2148825868604
12801160620,569.1704852325536
12802153301,441.35794208304924
12802153302,508.25590965509474
12802153303,622.5326620993154
12802153304,360.954283975136
12802153305,652.2025379492349
12802153306,711.4036204441377
12802153307,457.87220772903044
12802153308,692.2775526387991
12802153309,662.8199642424237
12802153310,441.01789994784764
12802153311,477.64912098740564
12802153312,541.9339269073081
12802153313,976.1782741057799
12802153314,539.8090816329947
12802153315,589.2091855553224
12802153316,535.0796154516559
12802153317,463.53974457778656
12802153318,497.7287268733867
12802153401,492.0222496161184
12802153402,345.8020124601822
12802153403,534.8954666317463
12802153404,549.7680323480163
12802153405,546.1637806965998
12802153406,662.4778272729587
12802153407,495.90335805462024
12802153408,603.6283888525533
12802153409,607.8710821927942
12802153410,785.6015085926324
12802153411,460.9731336806866
12802153412,545.0451094355417
12802153413,470.15967281319905
12802153414,683.1126555123915
12802153415,497.8143962014447
12802153416,567.2783412083166
12802153417,349.7236366712215
12802153418,461.91925242910094
12802153419,572.9265630499447
12802153420,552.4527123556869
12802153421,347.9355970336743
12802153422,427.1139558834693
12802153423,546.2577866913825
12802153424,610.1085925892102
12802153425,487.9195297941657
12802153426,450.96273979254966
12802153427,448.5798829888892
12802153428,459.9497860078702
12802153429,470.3215349980902
12802153430,456.0769564105074
12802153431,484.1407580320814
12802153432,533.1172660977443
12802153501,495.2692097192778
12802153502,608.3898548950395
12802153503,580.7130974266547
12802153504,546.1637806965998
12802153505,381.59688306688935
12802153506,800.7595518128818
12802153507,589.6105476435163
12802153508,2087.1951590081826
12802153509,507.3021846769869
12802153510,515.1635176592121
12802153511,480.39125157945574
12802153512,557.1439276988025
12802153513,664.7471895623339
12802153514,556.3357097209457
12802153515,528.0867031759399
12802153516,345.8020124601822
12802153517,371.6834291162032
12802153518,490.42694630067786
12802153519,995.7486013777313
12802153520,449.4232104020278
12802153521,506.5662693677139
12802153522,641.9232802106192
12802153523,495.56578470535334
12802153524,455.1428040518202
12802153525,615.132874289226
12802153526,527.0050580008673
12802153527,470.15967281319905
12802153528,1151.2797476280616
12802153529,600.9018189805327
12802153530,559.529571285941
12802153531,439.02583638485794
12802153532,627.607590389205
12802153533,419.30469113802764
12802153534,591.7321298882323
12802153535,564.5216150897452
12802153536,553.9636836720961
12802153537,345.8020124601822
12802153538,523.4599410697344
12802153539,1080.8034422043957
12802153540,450.23105900501093
12802153541,534.4393624340671
12802153542,522.0751457845664
12802153543,548.7364112794662
12802153544,494.0440125244433
12802153545,500.88589109715423
12802153546,450.8075399793673
12802153547,3177.910193147059
12802153548,452.8157855461933
12802153549,487.50348187536326
12802153550,552.4981917841485
12802153551,484.0175961514798
12802153552,497.6021083125355
12802153553,533.891753428393
12802153554,618.5578173563176
12802153555,527.7706658071893
12802153556,575.0354462963436
12802153557,487.12788712767906
12802153601,468.4354106594231
12802153602,548.7815847717903
12802153603,507.90992762670106
12802153604,541.6096025657437
12802153605,523.1466726207709
12802153606,602.5452997566274
12802153607,515.911922640652
12802153608,468.3968509409213
12802153609,591.3780034460963
12802153610,714.8134314981198
12802153611,588.3544522758068
12802153612,447.7381380510422
12802153613,512.2229028227913
12802153614,535.8569535898273
12802153615,431.1826506961405
12802153616,567.6647642736663
12802153617,708.4923627096038
12802153618,743.2762036615384
12802153619,726.7191701578838
12802153620,700.2489457841166
12802153621,605.746021013836
12802153622,719.6544842698496
12802153623,507.6059651975691
12802153624,680.3171721260728
12802153625,640.388004274172
12802153626,528.3119964564651
12802153627,479.9816230070663
12802153628,552.0725221701784
12802153629,529.3487936142611
12802153630,529.3052197511275
12802153631,664.69247024795
12802153632,550.0972420855468
12802153633,603.3709776620921
12802153634,612.1435959442547
12802153635,501.0995799192651
12802153636,504.4932619674563
12802153637,585.6968742803554
12802153638,615.132874289226
12802153639,589.1077880156028
12802153640,553.4913200473378
12802153641,537.3707815036362
12802153642,604.6093591479221
12802153643,1003.5691287007735
12802153644,1542.563529689889
12802153645,590.6703862237084
12802153646,542.4897847135937
12802153647,657.4061839748736
12802153648,513.1436353236593
12802153649,852.3228898025185
12802153701,471.04005283823784
12802153801,526.1499996072351
12802153802,468.5966792314303
12802153803,625.9988057801569
12802153804,477.8135615696278
12802153805,372.3226275213656
12802153806,516.529979970443
12802153808,528.2210787688961
12802153809,549.862658708473
12802153810,537.3707815036362
12802153811,350.95052731164276
12802153812,520.5615531652215
12802153813,554.6273266314967
12802153814,492.7370360673513
12802153815,604.6591322551611
12802153816,525.5204313799555
12802153817,579.6234089929167
12802153818,353.8406264405532
12802153819,368.74587470683593
12802153820,521.0954894785104
12802153821,522.9235820400892
12802153822,484.7207538240389
12802153823,604.5550759201908
12802153824,361.4786611387725
12802153825,487.50348187536326
12802153826,555.8613234747495
12802153827,550.2372184239852
12802153828,559.8646263863924
12802153829,527.4548175733245
12802153830,478.0996838392708
12802153831,640.6612077338019
12802153832,640.2250942327994
12802153833,540.2697684861427
12802153834,481.0495397489393
12802153835,631.7493071673048
12802153836,688.8566761167311
12802153837,802.3370105050772
12802153838,622.3742943268684
12802153839,515.6031713587929
12802153840,466.1206458771156
12802153841,634.0747108328588
12802153842,596.756890894309
12802153845,648.2613528649825
12802153846,596.6050802902121
12802153847,756.5358986135424
12802153848,648.1497929845746
12802153849,531.7984403639363
12802153850,541.240915875961
12802153851,1340.9601272653108
12802153852,635.7565830251953
12802153853,770.7585058069925
12802153854,2326.066199532022
12802153855,551.321159890568
12802153856,564.7159633235914
12802153857,774.0588291080203
12802153858,909.9688415682486
12802153859,521.0954894785104
12802160701,1220.4733778160792
12802160702,653.0962619990121
12802160703,902.688690467892
12802160704,479.57234372406697
12802160705,493.07268250765503
12802160706,612.7210264308209
12802160707,619.4564286437044
12802160708,1447.683768875226
12802160709,352.03153777994015
12802160710,1622.8385521640614
12802160711,572.1939194403972
12802160712,668.5634294011292
12802160713,727.5054738402674
12802160714,1351.2921053195105
12802160715,345.8020124601822
12802160716,724.6530291207632
12802160717,755.6306606302328
12802160718,1590.3321934797962
12802160719,542.6278252778708
12802160720,632.6670824217592
12802160721,569.5113134637863
12802160722,579.8706889537557
12802160723,525.9689239341476
12802160724,655.387435963596
12802160725,488.00351075810613
12802160726,585.8459092102271
12802160727,701.2662340456274
12802160728,476.34630251321306
12802160729,580.9608422722949
12802160730,1036.9164449629263
12802160731,684.9809848829798
12802160732,493.5784236802039
12802160733,519.7169492687725
12802160734,468.3162441047378
12802160735,438.6514800117788
12802160736,580.8130500678516
12802160737,448.96271251457017
12802160738,503.76142140748806
12802160739,569.1704852325536
12802160740,631.5318892615686
12802160801,549.0157069391944
12802160802,796.7966638426105
12802160803,724.094723628084
12802160804,498.32500091628305
12802160805,628.143206731474
12802160806,529.5310328773427
12802160807,550.801592857812
12802160808,638.6938798160822
12802160809,667.933372834296
12802160810,606.0044454494794
12802160811,599.3614908953915
12802160812,423.6253749246865
12802160813,588.4028872343541
12802160814,493.5784236802039
12802160815,514.9438314138142
12802160816,618.7152139977884
12802160817,549.862658708473
12802160818,345.8020124601822
12802160901,347.5790876151643
12802160902,541.7028246930113
12802160903,668.1633227031191
12802160904,490.21780871468485
12802160905,580.6131619863975
12802160906,510.9557655742958
12802160907,511.4798492990074
12802160908,563.4623094235144
12802160909,447.7381380510422
12802160910,542.3517792658304
