GEOID,Weighted Population,stations,Edge Density (KM),Street Node Average,Number of Links/Number of Nodes,Intersection Count,%of commercial landuse,%of education landuse,%of industrial landuse,%of other landuse,%of parkland landuse,%of primary production landuse,%of residential landuse,%of transport landuse,%of water landuse,Weekly household income,Household median age
36005000100,2950,2,27740.30867717836,0.0,2.5470852017937218,327.0,0.0,11.721100992958918,0.0,20.980262717101738,21.02785056335843,0.0,0.0,7.401825678163838,38.8689600484171,0.0,35.4
36005000200,5061,4,26802.724722867268,0.0,3.3176470588235296,224.0,0.0320036606553867,0.0527699605319901,0.0219662489352325,15.712895097321915,10.630364139817663,0.0,2.5498338369874833,4.888575631269005,66.11159142448132,2379.4,39.2
36005000400,6649,8,38406.71692137933,0.0,3.166253101736973,346.0,0.0310625398789879,0.2008679911635751,0.0,13.853392132551036,25.77683165368049,0.0,4.850371426336173,8.156018267934936,47.1314559884548,2037.0,34.9
36005001600,5611,11,86798.70870084451,0.0,3.42671009771987,287.0,0.2654794308316541,5.198670159680185,0.0,32.09960575047412,37.419280832403416,0.0,7.6580679503112945,17.358895876299325,0.0,1002.83,45.5
36005001901,2260,1,68558.17806275189,0.0,3.4402985074626864,124.0,3.224760106014937,1.010003850877368,3.171282377308237,34.10029348105575,12.501730335270214,0.0,11.0713638700903,34.34857910853903,0.5719868708441533,1116.98,35.7
36005001902,2079,4,73539.81277295889,0.0,3.3516819571865444,297.0,2.0840760831025973,0.599745141909983,17.082621235294653,23.25855315080313,12.604360953376524,0.0,4.4740025758948985,39.8966408596182,0.0,941.4,39.3
36005001903,0,6,14732.494037084894,0.0,2.8461538461538463,79.0,0.4030451147392753,0.0,19.175490124341728,41.04736935038702,9.044894825370053,0.0,0.1106803999778981,29.00507667575173,1.2134435094322882,0.0,0.0
36005001904,0,0,,,,,0.0,0.0915209237620269,0.0,2.2838074248237734,6.3428204816485465,0.0,0.0,0.0309582989803116,91.25089287078534,0.0,0.0
36005002001,4199,0,104925.76349470232,0.0,2.975510204081633,206.0,0.0,0.7637936124033754,0.0,22.458722351513103,56.13979145702064,0.0,12.703591034023797,7.934101545039095,0.0,429.06,34.1
36005002002,3609,8,100915.93182431442,0.0,3.5436241610738257,143.0,1.6228887485624808,0.7043613862744282,0.0,30.91222421569833,25.19947606672244,0.0,25.123914356057345,16.437135226684966,0.0,358.63,47.5
36005002300,4567,11,91180.41116367496,0.0,3.197674418604651,75.0,0.0852618423874214,2.096038557200287,0.283880689061368,26.069712497451217,42.35658117536504,0.0,13.079393774603256,16.029131463931417,0.0,314.08,30.8
36005002400,105,0,25358.925167803445,0.0,3.0253164556962027,138.0,0.0,0.0076277716216328,0.0,13.183913544129542,56.6216021068041,0.0,0.0,3.3652105970823523,26.821645980362376,0.0,37.1
36005002500,5117,8,31450.74967234646,0.0,3.1666666666666665,47.0,1.60437345668851,2.401661942554904,0.0,30.60108990692791,22.81688951755075,0.0,22.820202064984855,19.755783111293074,0.0,684.27,32.1
36005002701,3111,1,101689.32520953234,0.0,3.3055555555555554,65.0,1.4814425963149702,0.2043369098365476,0.3065053647548214,23.400869602965077,39.78771773542086,0.0,16.168076256052892,18.65105153465481,0.0,389.73,33.5
36005002702,4798,10,58528.66221142444,0.0,3.3142857142857145,93.0,2.455006912988058,1.97122787343045,5.174173971267323,34.008178176076626,11.049497622595084,0.0,20.628565809514217,24.713349634128257,0.0,594.13,33.5
36005002800,5462,12,85568.4141924345,0.0,3.078864353312303,283.0,1.845699829080313,0.6853446298922868,0.8319838671699769,33.08443309901084,32.69456044746953,0.0,6.216506645895043,20.53865638627615,4.102815095205855,1116.69,37.8
36005003100,2788,7,44131.84865881496,0.0,3.0,49.0,2.928116554884884,0.0,13.567156193750838,35.87654883339375,5.0646324676530226,0.0,10.132564709755048,32.430981240562446,0.0,1140.33,30.0
36005003300,3577,2,38164.39868075621,0.0,2.962962962962963,45.0,0.0848936823752802,3.1919150969836365,3.6137370048392583,40.50644733809512,18.9572491453361,0.0,13.755962627305848,19.889795105064756,0.0,601.71,35.6
36005003500,3481,4,32047.90125422881,0.0,3.276595744680851,42.0,1.2355144476996125,10.287704276377047,4.870997771153286,28.023687989945195,16.92929806473157,0.0,17.053379634699887,21.599417815393412,0.0,703.25,33.7
36005003700,418,1,77112.48328168504,0.0,3.1147540983606556,119.0,0.0,0.475773515320644,0.0,19.5732947004482,72.97700491876985,0.0,1.8081849187424837,5.165741946718838,0.0,1019.79,30.5
36005003800,1250,0,103782.5145320393,0.0,3.511111111111111,42.0,0.0,1.3029905919903746,0.0,27.906189142059276,28.766568070930404,0.0,21.97307291726461,20.051179277755335,0.0,1042.58,36.5
36005003900,5581,14,58216.75082426868,0.0,3.221311475409836,99.0,1.309427367357409,8.639180111266274,0.108053822465413,29.36781733300744,23.170983748730823,0.0,20.826469105878058,16.578068511294582,0.0,492.79,35.1
36005004001,1294,1,90322.54528739987,0.0,3.50561797752809,85.0,1.4838233205555802,6.101285539863986,0.0,37.30772397929462,24.3606151237548,0.0,16.171887519780427,14.574664516750593,0.0,1517.98,44.7
36005004100,6162,1,40002.0207355868,0.0,3.1805555555555554,60.0,0.4657943627118785,4.41967106994384,0.8877662423403205,27.661166733991795,31.018086062702807,0.0,19.379429775293573,16.168085753015784,0.0,280.62,37.3
36005004200,7755,11,97936.72074839364,0.0,3.2511627906976743,393.0,3.886281299843803,1.2700654241702152,0.0,31.378886453189583,29.332658828347572,0.0,10.06299408278067,24.06911391166815,0.0,1065.46,39.5
36005004300,5400,15,83243.36682206023,0.0,3.6303030303030304,158.0,4.812485489461066,4.024432641388219,0.0655273702992739,32.5382870713145,16.23739249270724,0.0,23.34769453155602,18.97418040327368,0.0,449.87,34.4
36005004400,4303,12,91309.84989085626,0.0,3.245833333333333,220.0,1.5919416275922225,0.6304660819715041,0.0,25.76197339756343,45.46636454779772,0.0,11.040183026672878,15.509071318402254,0.0,468.75,35.3
36005004600,1478,6,111095.89522461176,0.0,3.451388888888889,140.0,3.408947940487387,0.7748313347775679,0.0,29.352891413740995,31.836707056491186,0.0,13.727202488669937,20.899419765832928,0.0,590.65,40.2
36005004800,4204,8,68476.2288614416,0.0,3.5064935064935066,74.0,2.1173716255541626,4.753169737704084,0.0,25.985086557164404,29.876297680589204,0.0,16.23297279669759,21.035101602290553,0.0,689.81,30.0
36005005001,4878,0,80244.67273163056,0.0,3.4716981132075473,48.0,0.3632629985752406,0.0,0.0,30.759056055155582,17.70784675213195,0.0,36.8817289823456,14.288105211791622,0.0,646.77,28.2
36005005002,6275,4,75777.24976544149,0.0,3.78,48.0,6.3033338231721325,0.3966356546169226,0.0,29.224648722721316,10.208343942687083,0.0,37.65632462556088,16.210713231241666,0.0,667.08,28.0
36005005100,7261,21,88335.32802355988,0.0,3.1887550200803214,442.0,2.25697180076768,2.341268819288342,6.861390053025927,30.813159179879182,18.913685060881516,0.0,8.603075102079892,29.595619674496756,0.6148303095806936,497.13,30.7
36005005200,1837,1,80288.63409580782,0.0,3.489795918367347,91.0,1.7678007881001707,1.8281162272112377,14.12813876515706,32.30925245074437,13.732301420611815,0.0,10.89598553725229,20.812222816009797,4.526181994913266,764.29,33.1
36005005300,4065,0,44723.35827779407,0.0,3.032258064516129,27.0,0.0,0.0,0.0,26.67043187230482,12.681984939177449,0.0,22.77913411634698,37.72466327053595,0.1437858016348072,396.31,31.3
36005005400,5482,5,85228.40939885697,0.0,3.482142857142857,104.0,3.5837369460335027,2.3375523635597473,0.2833396804314845,31.196293157277086,12.164686113812268,0.0,31.5283962682691,17.54375061181792,1.3622448587988911,1055.46,30.9
36005005600,2501,1,82461.02073596342,0.0,3.2444444444444445,79.0,1.9375031990490157,10.841848651408922,0.0,31.869637614224075,23.150923486265857,0.0,17.50407071329272,14.696016335759415,0.0,801.62,35.1
36005005902,3019,2,93991.99792438831,0.0,3.3625,71.0,2.327189745333538,2.277822303999097,1.8649050345717184,31.16165226529274,15.49389080870605,0.0,23.86494881144696,23.009591030649897,0.0,987.77,38.1
36005006000,1280,5,47159.52406339026,0.0,3.0485436893203883,89.0,0.6288309274765851,1.156408532795454,0.4543909673500942,32.10822361696888,29.328258193912664,0.0,1.3674902798784967,33.56263337489091,1.3937641067269235,1505.17,34.3
36005006100,3369,7,59940.30795833224,0.0,3.108695652173913,125.0,6.004955312463702,8.584905897956533,3.0483199202298628,45.52221233071196,9.895312514334467,0.0,1.890769112696883,25.05352491160658,0.0,1386.98,48.6
36005006200,6363,7,90055.06807872457,0.0,3.005434782608696,153.0,1.0436820552550787,0.689781773772577,0.0,21.46411879288451,38.6072786913635,0.0,19.271165427195424,18.923973259528907,0.0,527.94,31.2
36005006301,7053,24,73064.59987939094,0.0,3.349904397705545,482.0,3.636918890180574,3.111286841742611,2.72188895760602,31.9939800407083,17.54184235971093,0.0,6.629571575173661,32.3692490761029,1.995262258775011,1152.38,35.7
36005006302,0,12,72888.77691200284,0.0,3.0372093023255813,185.0,0.0,2.028793038112787,0.0,32.721078579639325,38.587905031176405,0.0,0.0,26.66222335107149,0.0,0.0,0.0
36005006400,4194,4,89429.31348569192,0.0,3.518181818181818,105.0,0.0,0.5962225971469716,0.0,28.02646921870401,25.657567287649616,0.0,25.91888274804477,19.80085814845463,0.0,796.71,30.7
36005006500,5024,19,56441.34104566774,0.0,3.391304347826087,125.0,7.09842118474296,12.648430420379496,0.3380639098278661,26.87298733284094,14.791977911166166,0.0,18.675155814955435,19.574963426087127,0.0,437.31,33.7
36005006700,7664,4,57504.68293531068,0.0,3.4285714285714284,110.0,1.6692964463057711,4.392139976342116,0.0540605400934312,33.4104224044946,22.67800606294169,0.0,21.260049565998088,16.536025003824307,0.0,580.6,32.0
36005006800,2542,6,85300.79573021071,0.0,3.657142857142857,104.0,2.897530890254459,1.0436538132062665,0.0,29.731541941695696,26.32623331461532,0.0,20.532197402728727,19.468842637499534,0.0,625.96,32.7
36005006900,6077,5,65421.32546749396,0.0,3.3394495412844036,96.0,0.2214709451719123,3.5947069273739096,0.0,28.79268522428817,27.748462794175985,0.0,21.495440440140182,18.147233668849836,0.0,511.69,35.2
36005007000,4408,6,85013.9733475769,0.0,3.6859504132231407,116.0,1.569281256808312,1.565409708812017,0.0,33.25235897359523,23.219312376691743,0.0,26.78438350816334,13.609254175929353,0.0,777.25,35.4
36005007100,2805,10,67877.89320928323,0.0,3.2777777777777777,145.0,3.4514225662387608,7.41115067763375,0.5298287910889317,33.721893141280546,19.40341871681649,0.0,12.176543764526642,23.30574234241488,0.0,445.15,39.3
36005007200,4845,18,89696.48524335682,0.0,3.4529411764705884,158.0,3.099049670048963,0.7919308051999452,0.0,34.193920682737705,17.191450877111397,0.0,25.58692479846664,19.13672316643536,0.0,1120.08,41.7
36005007300,4325,6,22091.5263781301,0.0,3.09375,29.0,1.296869907201136,9.711921800208009,0.5485813569155152,29.98897322879343,22.538172339648195,0.0,15.868044155500968,20.047437211732753,0.0,576.5,28.6
36005007400,3280,6,103620.92913861082,0.0,3.401639344262295,120.0,0.0,1.5886448751730846,0.0,34.54561370148004,29.1758857169212,0.0,18.01816366035319,16.67169204607248,0.0,1333.9,33.3
36005007500,6353,4,27092.591391382673,0.0,2.6491228070175437,42.0,0.7627278941241108,2.3666580390611323,0.2374764377613286,26.900567188068415,34.4930090995779,0.0,21.08460442952283,14.154956911884277,0.0,658.83,32.3
36005007600,5252,14,98752.26472299814,0.0,3.577777777777778,176.0,1.6651393380977306,2.3565231300798906,0.0570863161356562,35.81424323272464,12.454072671797482,0.0,27.283879602928465,20.36905570823615,0.0,1025.38,38.1
36005007700,1966,3,48592.03294371628,0.0,2.8028169014084505,48.0,1.998437382859798,9.504912982246648,0.0,32.37233777386838,18.088984236698536,0.0,19.399861908292294,18.63546571603434,0.0,975.63,33.2
36005007800,5633,8,84821.0307171237,0.0,3.352601156069364,159.0,0.7733510046655243,1.6727158403818585,0.0,33.24009072390892,19.427687802705957,0.0,23.50570967001984,21.380444958317906,0.0,908.0,35.1
36005007900,6829,15,35067.09744414653,0.0,3.1538461538461537,44.0,0.7695614548498648,6.004025544885241,0.2027175953511701,28.209394396511655,27.084767703022937,0.0,17.786800672987606,19.9427326323915,0.0,828.48,33.3
36005008300,6287,11,18662.941219186283,0.0,2.78125,23.0,2.7676820289823394,4.080480305088827,4.532140135463397,32.40277423893828,12.656225138389855,0.0,21.3927133677874,22.16798478534989,0.0,935.27,34.4
36005008400,3108,0,97992.39121225334,0.0,3.5952380952380953,83.0,0.2938496422216195,0.5954471146012084,0.0,30.31964845901384,29.344078262160064,0.0,20.850262810767106,18.596713711236156,0.0,1223.67,35.0
36005008500,5866,15,48337.35755146319,0.0,3.3230769230769233,61.0,2.5866605461123062,4.458874704284542,0.6243523446124877,29.036511889798465,14.785324715397644,0.0,24.963667100344477,23.544608699450063,0.0,798.75,35.2
36005008600,3849,5,89051.8906643071,0.0,3.2517482517482517,123.0,0.0249462791351171,0.7374991252246937,0.0,24.13084053717972,46.77774899392179,0.0,13.37938245236153,14.94958261217713,0.0,435.98,34.6
36005008700,5914,12,50322.90298389965,0.0,3.1538461538461537,95.0,0.7142482603938372,5.057323036862928,0.0,25.315269577249484,27.94824061887019,0.0,20.88727571798382,20.077642788639725,0.0,772.85,34.7
36005008900,2949,14,79396.64190984449,0.0,3.6486486486486487,71.0,4.136357660616683,5.835423048518824,0.304947422297722,28.01481569240556,16.937334742132016,0.0,23.70773074997333,21.063390684055868,0.0,690.65,48.1
36005009000,3861,11,30040.320325450462,0.0,3.037894736842105,402.0,1.2978299335971737,0.4243086404652142,3.0504646684558985,20.00282669907715,10.250530862205158,0.0,2.259252610331793,10.409783952791075,52.30500263307654,707.81,37.1
36005009200,5888,16,87171.2721343362,0.0,3.4679802955665027,186.0,3.400465767776496,1.3541185594033975,0.1668701207517766,32.53094041363297,16.270087608744777,0.0,21.252011051124427,25.025506478566157,0.0,1129.17,37.5
36005009301,5754,5,98569.86529072718,0.0,3.418067226890756,447.0,2.776898984654652,4.764533893123163,7.665119825186215,28.58653347800336,15.300221531401183,0.0,8.70471729543915,32.20197499219228,0.0,980.04,31.5
36005009302,319,4,33030.909343494626,0.0,3.1477449455676516,575.0,0.0923071750704189,0.0237384828318121,8.526471714728837,22.88772467467997,4.311967315790841,0.0,0.0140964862421687,16.542990160361185,47.60070399029477,0.0,41.7
36005009600,1978,5,72767.83653478834,0.0,3.1615384615384614,327.0,7.280609560146484,2.653084929135483,9.633129896449695,34.79410868243427,14.590574118847206,0.0,4.910316407082967,20.325255638763743,5.812920767140146,907.92,43.5
36005009800,4080,4,76430.71160969725,0.0,3.5387755102040814,229.0,0.2648086156814429,0.6995031358914513,0.638465604275305,33.761722772581415,23.53603437898931,0.0,15.266695220636189,25.832770271944884,0.0,1882.62,53.8
36005011000,0,0,27170.786618811733,0.0,2.943859649122807,254.0,0.0,0.2458708921577456,0.0,9.395973848546603,61.031396958853925,0.0,0.0,8.091304824525965,21.23545347591577,0.0,0.0
36005011502,3935,2,81150.45495308058,0.0,3.3849557522123894,212.0,0.6779226142578697,1.4232336901197649,8.356127321962628,35.228752784721614,9.55427736715171,0.0,8.871999059653323,31.246781567793583,4.640905594339513,594.65,37.6
36005011701,1262,0,98238.04900705132,0.0,3.3157894736842106,174.0,1.1309757807600072,2.682363534764459,13.932241856818258,38.33771876399254,7.381100051765023,0.0,3.984599666484491,32.55100034541521,0.0,708.79,27.8
36005011702,0,3,37595.16865170884,0.0,3.0272108843537415,252.0,0.0,0.0,10.748483398380284,38.41143912948562,7.971412274862219,0.0,0.0,15.373091337882352,27.495573859389538,0.0,0.0
36005011800,5057,14,10630.70209473755,0.0,2.7813504823151125,243.0,0.0078152689353449,1.472323283452072,0.0,9.067631776077176,9.97446153622527,0.0,1.8983153583138244,4.440397289310943,73.13905548768537,1794.6,28.5
36005011900,5879,10,67326.7178616299,0.0,3.2735849056603774,94.0,4.102550112922466,3.710245341725225,0.0,29.25407527965297,23.145271041086012,0.0,25.075334717174165,14.712523507439146,0.0,848.5,27.7
36005012101,3293,4,68832.39637882271,0.0,3.528735632183908,83.0,2.0004605967992655,2.103186037364684,0.1835440148431104,35.54173642398476,12.494448577420997,0.0,23.05723051531767,24.619393834269523,0.0,662.77,36.3
36005012102,1429,2,86671.79604786875,0.0,3.8125,48.0,6.561778310736677,0.1745365605125355,4.738103526369957,21.80490597346476,18.04621062252425,0.0,24.14524178113948,24.529223225252345,0.0,542.31,42.3
36005012300,4712,16,66621.61702244403,0.0,3.217948717948718,136.0,0.4986944995630513,2.5279944714547313,1.005446513720378,26.82177448076931,18.535766428270723,0.0,8.375100039876836,33.53010025641066,8.705123309934306,700.67,32.2
36005012500,4001,11,54074.84555171916,0.0,3.3333333333333335,56.0,1.6514158904344491,1.7605268600728905,0.4855968870763459,32.83284411305088,19.23705853272448,0.0,22.882167942040663,21.150389774600292,0.0,1072.54,29.7
36005012701,2129,9,84733.36320073114,0.0,3.642857142857143,79.0,1.863371679014605,8.031516698582816,0.0,30.962678974423454,19.185140710831973,0.0,17.398972778813246,22.5583191583339,0.0,667.08,33.6
36005012901,4944,11,19128.111299398923,0.0,2.730769230769231,19.0,4.616039012149119,6.503744687233682,0.0905881312525584,31.14843280934076,16.561725017328758,0.0,18.952577056266517,22.126893286428604,0.0,757.87,32.6
36005013000,1388,2,22661.04821840982,0.0,3.5,12.0,1.1591330072792754,0.244179196081136,0.0,31.960456437064025,26.688439087898196,0.0,19.069246135366935,20.87854613631044,0.0,1146.06,46.2
36005013100,5288,3,57956.74606856844,0.0,2.9166666666666665,122.0,1.7509543496429578,5.772815660939599,1.2146170774280012,35.09468381095036,19.779391623778857,0.0,16.232564041762384,20.154973435497848,0.0,380.0,38.3
36005013200,7083,24,11907.259377636865,0.0,2.9468085106382977,78.0,0.2996418930535239,0.3979355473552979,0.0,16.914911539536302,10.603070023790677,0.0,3.962925494175647,6.725277224075335,61.0962382780132,2068.52,40.1
36005013300,6087,4,51691.418312385635,0.0,2.9313725490196076,84.0,0.0180377777393398,1.8287292139857685,0.0,23.96569906175828,41.21716995547153,0.0,18.992796974361944,13.977567016683128,0.0,549.23,32.0
36005013500,4075,1,50387.08886812329,0.0,3.0849056603773586,90.0,0.0883228574926814,6.02973908460237,0.0,26.12005989117485,38.449615797618165,0.0,15.860058708522596,13.452203660589335,0.0,502.4,27.4
36005013800,3062,4,8234.108782637166,0.0,2.795744680851064,194.0,0.0009331537758599,0.0026005924901014,0.0,5.136272144091541,6.973444014715884,0.0,0.8418962318137457,4.591846194220482,82.4530076688924,1780.13,36.9
36005014100,7856,11,99386.05580592956,0.0,3.3263157894736843,174.0,1.6268598686217264,4.0634853226590515,0.0,27.955572050947083,20.870721069732404,0.0,20.52343519777826,24.959926490261473,0.0,746.46,31.4
36005014300,1647,2,92333.92972554534,0.0,3.490740740740741,98.0,2.1318508816547967,1.8648992377939897,5.709972286867318,35.32331424160202,7.52874620476083,0.0,6.395078124520758,41.04613902280028,0.0,237.83,38.8
36005014400,6128,4,83038.15309338462,0.0,2.767123287671233,285.0,0.161327500677548,0.0165464103259023,0.0,24.04288989009606,45.104098638996405,0.0,14.174416220042955,16.500721339861126,0.0,582.46,32.4
36005014500,6899,5,56636.96765534349,0.0,2.917910447761194,98.0,2.7195110540145437,5.167387859115846,1.6002856991346568,31.612862833616457,21.62659690862192,0.0,14.845789345754296,22.42756629974227,0.0,540.46,31.6
36005014701,6094,3,56401.20790736474,0.0,2.8529411764705883,74.0,0.2871072303169525,4.743446181336219,0.0997176847252254,28.99811970675334,34.698397411086525,0.0,13.416330675492368,17.75688111028937,0.0,678.4,25.3
36005014702,4950,2,27240.551500113623,0.0,2.7142857142857144,36.0,0.8993303771218971,1.4362779454414127,0.0,28.04084963209497,36.6642402583028,0.0,11.257012996790271,21.702288790248648,0.0,458.17,27.4
36005014900,4714,3,46138.235007904615,0.0,3.101010101010101,83.0,0.6425273210977818,7.922833389885184,0.0,34.29969877870448,22.77082477572243,0.0,19.32405093794047,15.04006479664966,0.0,691.96,31.2
36005015100,5216,12,72696.29562858552,0.0,3.2229299363057327,137.0,0.4220719139665284,4.45266431288418,0.0928296174323615,26.543486409532616,25.892622753118545,0.0,22.814049056457733,19.78227593660803,0.0,601.88,47.0
36005015200,2562,8,41363.63786012882,0.0,3.2857142857142856,77.0,2.8962078990982625,2.2133019763312993,0.0,30.73853016207188,26.167867106411222,0.0,16.44332247918063,21.540770376906703,0.0,1574.52,38.3
36005015300,3603,16,88624.07762658542,0.0,3.5548780487804876,156.0,0.202900318591917,2.46924135552768,0.0,27.734727270763393,32.48709607473171,0.0,18.409939374703967,18.696095605681343,0.0,635.15,37.1
36005015500,3016,8,99772.32737476894,0.0,3.433628318584071,108.0,4.3354180778400195,5.393354402542848,0.9841081310357396,30.413523646490003,18.063679180589997,0.0,18.608601068951845,22.20131549254954,0.0,844.48,41.6
36005015700,6152,2,83469.12681681955,0.0,3.2568093385214008,225.0,0.585208986506804,1.9377609178269637,0.5076511690179505,33.31719582218415,23.30332695367677,0.0,11.270059012666108,24.625794915486637,4.453002222634616,894.31,35.0
36005015800,1490,1,23386.276955774792,0.0,3.2058823529411766,31.0,1.9073264297033568,5.107100520136518,0.0,33.3603599875782,27.5757695406561,0.0,16.97137848237364,15.07806503955218,0.0,1685.69,46.8
36005015900,2407,8,55978.19598249843,0.0,3.320754716981132,48.0,6.249125995369702,4.8725789397275605,0.0,27.20264011553497,22.39633775901145,0.0,22.153180149471353,17.12613704088497,0.0,493.96,34.2
36005016000,3848,3,4796.641050821077,0.0,2.887323943661972,54.0,0.0,0.0371576837035173,0.0,6.752826181841261,5.070716670427663,0.0,1.400735351838114,2.7737625941275095,83.96480151806192,1735.02,43.5
36005016100,4703,14,95166.47956563624,0.0,3.450261780104712,178.0,11.711954541072128,1.623516309325292,7.826707298355712,30.452610941455887,14.07214086639924,0.0,13.929931134211932,20.38313890917982,0.0,446.35,44.0
36005016200,1885,1,26959.829283263884,0.0,3.2083333333333335,22.0,2.04398952231814,0.8800211381757209,0.0983002335196284,34.08991610369856,26.896658024382926,0.0,21.564487342353956,14.426627635551055,0.0,2339.33,36.5
36005016300,0,6,68984.01527024852,0.0,2.9239766081871346,290.0,0.0,0.0,0.0,16.009256784062888,77.80454466650619,0.0,0.0,4.50687951069881,1.6793190387321064,0.0,0.0
36005016400,1132,12,40348.73669525049,0.0,3.3404255319148937,43.0,1.4523321188463754,1.875530427422802,0.0,31.267584020749375,27.888130855152745,0.0,21.463402319421263,16.053020258407432,0.0,1328.02,39.7
36005016500,1311,2,33250.41176180932,0.0,2.466019417475728,59.0,1.5726793290514738,4.6858345368386,17.034026670347448,25.91746077773046,12.746840224718705,0.0,3.4620162313798972,34.58114222993342,0.0,1008.58,32.3
36005016600,2395,3,16343.921526578652,0.0,3.3181818181818183,20.0,1.4898502574667416,0.4667189450990674,0.0,28.9850345088791,33.294727746131734,0.0,16.764566908456388,18.99910163396696,0.0,2106.13,37.9
36005016700,3015,5,59332.30259833907,0.0,3.16,107.0,4.761582896826029,8.216068481011622,10.51317171234047,30.12609226207327,11.779781160069874,0.0,8.252330081566392,26.350973406112352,0.0,872.37,33.2
36005016900,1944,5,70760.56909833876,0.0,3.3766233766233764,72.0,0.8326553416213365,6.281870162001579,0.299538854765377,29.862387639238364,25.4359553287089,0.0,13.34071461033065,23.9468780633338,0.0,810.92,30.8
36005017100,0,1,70879.6895427547,0.0,3.07,93.0,0.0,0.0,0.0,9.89846110089963,85.70164841225856,0.0,0.0,4.399890486841808,0.0,0.0,0.0
36005017300,5266,4,75442.10934127736,0.0,3.248,107.0,1.0419950858850675,7.028621545177461,0.0,37.67785938641857,20.449498530140676,0.0,14.17463952662495,19.62738592575328,0.0,639.79,41.0
36005017500,6264,3,100833.96348869787,0.0,3.612403100775194,120.0,0.8915148962688803,8.801760070444677,0.0,31.152449570722933,16.084398638808647,0.0,25.511060561439745,17.558816262315116,0.0,355.27,31.5
36005017701,5395,2,63639.380701617585,0.0,3.4782608695652173,63.0,3.026616023706614,5.487080465681643,0.0,30.91066583663449,15.243603512842563,0.0,25.05912734452465,20.272906816610043,0.0,1194.73,36.7
36005017702,5232,7,74995.64773092668,0.0,3.451219512195122,75.0,4.066870525828806,2.7159375075838748,0.0,26.13986691536362,22.041855639289807,0.0,26.48591877687257,18.54955063506134,0.0,771.63,35.8
36005017901,4968,4,99034.605017405,0.0,3.6216216216216215,72.0,2.95319395546648,1.537641338887056,0.0,29.491857827561017,8.515335190532152,0.0,33.946046546207874,23.555925141345405,0.0,918.81,35.4
36005017902,3030,2,97867.08391177726,0.0,3.621212121212121,65.0,1.7247232835843325,1.0509482925061182,0.0,25.87761208046184,23.945320782965425,0.0,25.164927416566368,22.236468143915907,0.0,824.42,36.1
36005018101,2881,2,104629.02096896808,0.0,3.8181818181818183,65.0,3.424393695563019,1.2724189539316366,0.0,25.80444184490775,19.062407296424457,0.0,36.865135257551366,13.571202951621796,0.0,1070.46,32.4
36005018102,5324,4,104193.25094806924,0.0,3.78,98.0,1.8354627489687076,10.067104380709548,0.0,29.361741593974788,11.415467974747695,0.0,24.873945645564657,22.4462776560346,0.0,608.04,43.6
36005018301,3933,1,97067.9828216306,0.0,3.63768115942029,68.0,1.1048761561494578,0.0,0.0,25.040311446107893,11.21170782224724,0.0,37.890577762805805,24.7525268126896,0.0,892.1,47.2
36005018302,3295,4,101469.0966936928,0.0,3.734513274336283,108.0,0.0,21.365960595140265,0.0,29.106030157473896,12.836566767963278,0.0,18.891761863296782,17.799680616125787,0.0,1319.75,37.0
36005018400,3886,16,107116.84854326864,0.0,3.508241758241758,334.0,1.1792527531439445,0.9471412297673024,0.0244132999664745,34.652486171040394,26.537520925344452,0.0,18.34832815059205,18.31085747014538,0.0,1774.48,38.1
36005018501,3775,1,66556.46613076192,0.0,3.253846153846154,113.0,5.839967714108506,2.6444920624562176,8.475586268067248,40.62098314677933,8.185572949264113,0.0,12.394745834958057,21.838652024366535,0.0,950.85,31.7
36005018502,5525,6,57573.28779946576,0.0,2.9293478260869565,144.0,0.3937024734696941,7.312073560277322,0.3597992005831155,30.844985989556157,26.00188430013886,0.0,17.30694197826141,17.78061249771343,0.0,556.98,32.7
36005018900,8244,0,50840.312866355715,0.0,3.196319018404908,151.0,0.6763369791227555,1.4903193694892387,0.508370064281928,23.538386107613995,27.168843566741636,0.0,12.115554880081229,34.48129977433058,0.0208892583386328,1039.54,32.0
36005019300,5949,0,14104.624636723083,0.0,3.0,15.0,0.1856376739038596,0.2936952771244321,0.0,24.702933794982055,25.413506507492077,0.0,10.140868628902464,39.26168509214973,0.0016730254453709,899.88,34.7
36005019400,2117,6,30172.127197723017,0.0,2.8867924528301887,91.0,0.1932716287503449,0.9886601869743262,2.7265179879584847,15.76289684742222,52.62977443065524,0.0,2.685935215779166,20.504455406654085,4.508488295806141,1941.35,41.5
36005019500,7738,13,95471.40383888569,0.0,3.43979057591623,178.0,1.9292495865190944,3.986012764581968,0.0,25.577611439319735,23.94164187916789,0.0,18.57557156083208,25.989912769579256,0.0,878.1,33.9
36005019700,7628,14,101757.02783407104,0.0,3.6384615384615384,126.0,3.786208204671628,5.267265445955593,0.0,31.99878385797382,8.485489753616497,0.0,25.851547780416844,24.610704957365616,0.0,489.21,30.9
36005019900,6852,2,47367.73864408426,0.0,3.05,52.0,2.4459131103894456,3.4870228655787354,0.0,30.799157872600876,19.64449783510985,0.0,24.92132157983674,18.702086736484365,0.0,659.83,38.8
36005020000,4419,15,104138.23225489265,0.0,3.4516129032258065,413.0,7.369783150872583,3.076872096070435,1.365528250129242,33.382822638662745,12.249688221589889,0.0,13.604359410582068,28.95094623209304,0.0,896.58,34.0
36005020100,3845,2,37967.38264547789,0.0,2.6869565217391305,81.0,0.6734453186764535,0.7284199169360296,0.0,28.26114290445985,32.341095011215856,0.0,4.314056530792357,32.48133895807268,1.2005013598467555,628.69,34.0
36005020200,2602,1,56095.99772555441,0.0,3.492063492063492,58.0,2.6942790511390133,1.7582071573176454,0.0,31.551730043400728,21.996618138050444,0.0,23.8371161104867,18.162049499605462,0.0,1028.67,35.4
36005020400,2829,2,41612.393332781685,0.0,2.971014492753623,59.0,1.5457934773743425,3.6034415349099898,0.0873539297212127,35.45739784866037,16.160987866265955,0.0,24.405678362622883,18.739346980445255,0.0,1075.9,32.3
36005020501,8397,1,13006.765610506243,0.0,2.9722222222222223,30.0,0.0,0.0846646479528013,0.0,24.614439857723568,33.032542393731546,0.0,10.593290414140943,31.283155083215135,0.3919076032360103,525.94,32.9
36005020502,2331,2,81693.71935763322,0.0,3.2264150943396226,50.0,0.1030370543451207,3.1734595573482616,0.2785417701997333,31.08873701449926,30.46128118516033,0.0,21.243239382463138,13.651704035984158,0.0,763.23,39.8
36005020601,2852,5,32463.62573138937,0.0,3.3181818181818183,39.0,2.5377676771772375,0.5385187323030576,0.3869466375861738,35.50359079194258,16.196833378543957,0.0,25.833783354215704,19.00255942823129,0.0,1667.33,33.4
36005020900,4809,2,73796.6120143557,0.0,3.484848484848485,94.0,4.216092952027679,8.807640526034204,0.0,29.65481164544717,11.523726442083635,0.0,19.298490965240177,26.499237469167134,0.0,737.17,33.3
36005021001,7347,13,101262.05511681049,0.0,2.923694779116466,209.0,0.0,2.0608565087562334,0.0,20.94783634165754,39.54876989094932,0.0,22.84650012576153,14.59603713287537,0.0,1012.1,37.8
36005021002,7434,7,111514.28764557085,0.0,2.721875,247.0,0.169190572292758,1.4833681911424188,0.2246715447589993,18.30177748277282,50.09029956638406,0.0,19.559702470146473,10.170990172502451,0.0,1407.46,36.8
36005021100,5922,9,43652.51204382437,0.0,3.1372549019607843,81.0,1.683434868390093,3.5033858760152405,0.0,28.527800498589436,21.14000913803713,0.0,25.3224229172248,19.82294670174329,0.0,1002.46,30.7
36005021200,5322,6,122341.6535597468,0.0,2.952127659574468,156.0,0.0,0.0,0.0,15.032257990440293,46.01432693378587,0.0,28.613199195817888,10.340215879955956,0.0,1325.5,42.5
36005021301,1289,1,41640.56490892734,0.0,3.269230769230769,25.0,3.0424777810658448,0.0,0.0,26.96949613953474,13.163947865375434,0.0,17.929194702057277,38.89488351196671,0.0,714.83,32.0
36005021302,5898,5,36583.22942866668,0.0,3.188679245283019,43.0,0.7621232253941506,4.85807061021617,0.9150816775829026,29.250075319048335,22.74657636219616,0.0,20.30346700185508,21.164605803707207,0.0,712.48,42.2
36005021501,4346,3,43926.77578039853,0.0,3.3333333333333335,28.0,3.1378554828627694,6.574155887206707,0.0,28.538012787039587,16.58823004366817,0.0,26.303875481498338,18.857870317724423,0.0,714.83,33.0
36005021502,6235,6,56056.32480731311,0.0,3.342857142857143,66.0,1.8607816778263464,5.256198844185669,0.0,31.681479865720988,15.972914643406382,0.0,24.554201056049575,20.674423912811044,0.0,392.6,36.6
36005021601,4118,4,84888.75300017375,0.0,3.6293103448275863,108.0,1.7684453516759269,2.4642002466232227,0.0,30.033017972231548,16.509477183886947,0.0,25.110113601123462,24.1147456444589,0.0,653.65,33.2
36005021602,6027,17,108956.34790853376,0.0,3.12890625,229.0,0.0832922310430158,0.1853697995234891,0.0,20.26137812842768,31.725648533265748,0.0,29.06243622376712,18.681875083972937,0.0,1126.33,38.3
36005021700,5006,4,37294.667256315406,0.0,3.0153846153846153,55.0,2.3768681694678397,5.570608248775234,0.0,30.74288083548655,17.560100667406235,0.0,20.527136459423165,23.222405619440977,0.0,696.06,36.2
36005021800,6050,5,85968.32361856847,0.0,3.4454545454545453,205.0,0.5757851443601284,0.4062516231718409,1.0540099105769851,26.956676151095603,25.71839624222254,0.0,16.73906395815243,28.54981697042048,0.0,1155.92,40.0
36005021900,1488,5,79097.22795869972,0.0,3.4645669291338583,122.0,5.3583841579505656,6.929668664907052,8.127579090208759,29.22771270190004,8.472081255339502,0.0,7.757603075463643,34.12697105423043,0.0,931.62,37.1
36005022000,1872,14,37887.70411863203,0.0,3.191780821917808,65.0,0.8779570477133274,0.4993166158761164,1.215091785855836,28.953801672583936,11.53254152007936,0.0,3.7233535928144823,52.986444210928134,0.2114935541488224,459.81,28.4
36005022101,3752,3,83428.24243294666,0.0,3.6885245901639343,58.0,6.190941655323692,5.269878772516587,0.0,28.51241596221793,7.252716284227326,0.0,31.26684783338327,21.507199492331196,0.0,1003.38,29.0
36005022102,5144,7,84227.3646445911,0.0,3.7586206896551726,58.0,3.402852347382339,5.25698500899224,0.0,27.839910289860786,11.007855857179374,0.0,31.983908717251833,20.50848777933344,0.0,646.42,33.9
36005022200,3330,11,102616.8432263504,0.0,3.5906976744186045,206.0,7.168303995549993,7.870019868004231,0.0,34.27011037255593,14.509071965412284,0.0,15.949111858062452,20.233381940415107,0.0,925.19,37.1
36005022300,4867,5,103543.09705172692,0.0,3.8,95.0,5.761195041001471,3.7675464574227258,0.0,25.70091401154689,11.93213229386936,0.0,31.001838282082684,21.836373914076876,0.0,870.33,34.3
36005022401,2433,8,40849.121098255746,0.0,3.525,39.0,6.3684121669981995,0.0,0.0,25.778893219104845,19.128803421576464,0.0,20.933164288398988,27.7907269039215,0.0,1026.88,36.9
36005022403,2782,5,38119.37059509707,0.0,3.5294117647058822,32.0,5.747442257717581,0.0,0.0,15.557282367907128,44.06858181372194,0.0,18.832472450923568,15.794221109729786,0.0,1387.37,37.0
36005022404,4292,0,67662.78056899214,0.0,3.3088235294117645,62.0,6.00191516374685,5.842606752949752,0.0,23.61127305245448,13.965460038242067,0.0,32.4232215862306,18.155523406376243,0.0,1187.69,40.3
36005022500,8040,12,96587.17949397858,0.0,3.574712643678161,165.0,1.0202226424034744,10.306798211290689,0.0,30.034533222754288,19.01958997440224,0.0,20.228797602897608,19.390058346251713,0.0,966.21,33.2
36005022701,4942,8,81172.18968087304,0.0,3.4047619047619047,80.0,5.438731057885776,0.5160653327531725,0.0,27.685791552130578,12.793490212456838,0.0,25.17143970236893,28.394482142404716,0.0,727.46,35.7
36005022702,1071,4,65587.50352765991,0.0,3.658536585365854,40.0,5.387468231041613,2.086882850092877,0.0,27.928871111667732,15.688843402163531,0.0,17.672322535724415,31.235611869309817,0.0,656.63,41.5
36005022703,1685,3,99878.8658781083,0.0,3.5833333333333335,46.0,0.0,15.66622609747006,0.0,27.98840341204532,7.724961271738355,0.0,22.00811105401307,26.612298164733208,0.0,1167.19,35.2
36005022800,5744,0,30553.045735956017,0.0,2.6666666666666665,45.0,1.0090809658766091,2.105476802170223,0.0,27.97061992683396,22.373043241682296,0.0,25.86052348796099,20.681255575475916,0.0,1612.67,34.1
36005022901,5927,5,87733.16027943285,0.0,3.660377358490566,104.0,1.1091763257264011,1.6439603656358346,0.0,27.50036900914885,13.674122451651977,0.0,28.549449121771943,27.52292272606499,0.0,1004.27,30.2
36005022902,3378,1,70577.17846371951,0.0,3.26027397260274,64.0,0.8787192007189498,4.769581310084191,0.0,33.54017259055158,17.96263515774176,0.0,21.20199474469631,21.64689699620721,0.0,919.87,33.0
36005023000,2889,7,80337.65568169496,0.0,3.3846153846153846,125.0,0.3667258138932932,0.7978179579536984,1.5823569797258623,31.867381110176808,18.951565188369734,0.0,17.45320087157781,28.980952078302806,0.0,1035.12,31.6
36005023100,1420,1,104363.61801203708,0.0,3.550387596899225,122.0,5.410650716749764,2.1427100301473083,5.418875049451937,32.589056479850406,16.71373351942218,0.0,9.770757737471728,27.95421646690668,0.0,0.0,33.5
36005023200,2626,3,41671.36004600684,0.0,3.3191489361702127,42.0,2.3079443415188123,1.4262896170354806,0.1588794268948795,34.149225695490706,19.626617216558504,0.0,25.787045172217503,16.543998530284103,0.0,978.71,29.6
36005023301,3841,4,97312.11906553568,0.0,3.8,103.0,1.359329868412951,9.611274672752373,0.0,36.35684171437268,10.416108339384044,0.0,18.663663604451557,23.5927818006264,0.0,729.54,32.5
36005023302,3955,3,97244.8607371475,0.0,3.6031746031746033,60.0,0.5683161045523694,5.0247227748190175,0.0,32.16803397525025,12.047782505784024,0.0,27.13206311110823,23.059081528486093,0.0,1327.5,30.0
36005023501,2963,17,111163.56359215836,0.0,3.5673076923076925,102.0,5.415992735972695,1.9294300921365757,0.0,25.59746057268296,10.036496164352004,0.0,25.169740930033843,31.85087950482192,0.0,383.46,34.1
36005023502,4490,19,97644.3875181401,0.0,3.6261682242990654,104.0,2.4035079561742507,1.4802295081477896,0.0,27.613539794691473,11.915447492850667,0.0,27.669787182564797,28.917488065571007,0.0,803.46,37.1
36005023600,1782,6,65963.77166136439,0.0,3.488888888888889,43.0,0.9132770821457222,1.7129526427956514,0.0,31.52105421646888,21.249732101685264,0.0,26.029969707239,18.573014249665498,0.0,1007.08,32.0
36005023702,1021,7,95669.38500380282,0.0,3.686274509803922,48.0,23.343615581828043,1.337724315622047,0.0,23.225973631989422,4.0085211077440075,0.0,15.092956159561576,32.99120920325491,0.0,671.58,38.1
36005023703,4959,9,105570.0282702736,0.0,3.784313725490196,101.0,8.649107234208648,4.378143177268387,0.0,26.535416720924136,10.6684010286285,0.0,25.544335834077454,24.224596004892874,0.0,632.54,31.8
36005023704,3358,3,66274.80423883285,0.0,3.7547169811320753,52.0,2.862911162317574,6.8367357739217205,0.0,26.689966037330777,11.132894263797798,0.0,32.07637223805416,20.40112052457796,0.0,619.77,37.5
36005023800,2552,7,54996.77038432733,0.0,2.9808917197452227,131.0,1.1198327175324447,0.3740223189858258,2.66911817026224,40.45225940298675,10.59780513558574,0.0,8.717278768473172,36.06968348617382,0.0,1238.62,32.8
36005023900,8591,9,93584.4125193037,0.0,3.547486033519553,172.0,7.328313077910741,5.51017062502166,0.4313121978799391,27.719071385247116,10.35338796623256,0.0,26.12287818903604,22.53486655867195,0.0,721.98,34.5
36005024000,3855,5,60975.03405121675,0.0,3.3642857142857143,126.0,0.4589953455598949,1.4460184947511292,0.4505061993156911,34.1216007118919,19.96006883002601,0.0,16.529094547930878,27.033715870524503,0.0,1323.69,40.5
36005024100,6078,6,82311.56496960882,0.0,3.6869565217391305,109.0,8.271767444260533,5.350580637573598,0.6010375633069427,27.423985118984778,11.042994454834488,0.0,28.123413081223013,19.18622169981664,0.0,430.02,37.2
36005024300,4134,10,52786.07513514255,0.0,3.22,44.0,3.2459104143196584,1.7543569368726393,0.0,26.771199347259905,23.06207703503904,0.0,29.18851474402978,15.97794152247898,0.0,585.5,40.1
36005024400,2252,1,53904.661594526704,0.0,3.3333333333333335,60.0,0.7844685918023698,3.441045130464872,0.7450315340266638,35.07776539400324,17.021277719363933,0.0,24.536012785964168,18.394398844374756,0.0,1578.52,33.4
36005024501,4856,4,75816.3366278501,0.0,3.3859649122807016,53.0,0.0,2.262987844502861,0.0,32.00882576914941,18.931356343731785,0.0,29.145770887286204,17.65105915532973,0.0,882.69,40.6
36005024502,4226,3,40229.651277114805,0.0,3.4571428571428573,33.0,2.565852603312321,4.085278544684091,0.0,30.61903420877083,18.132431540363537,0.0,27.77525238906872,16.822150713800504,0.0,1158.1,30.2
36005024600,2037,1,27638.332057032705,0.0,3.3333333333333335,32.0,0.318851145838202,0.2650200099096462,0.0,30.819959580928195,30.334770340787,0.0,22.025408222439093,16.235990700097872,0.0,1867.6,41.4
36005024700,1756,3,36487.13132101266,0.0,3.0681818181818183,38.0,0.0,0.041481196311655,1.465324847810144,28.891561671906775,43.516824993791545,0.0,2.4021932298979936,20.795995634317773,2.8866184259641177,940.5,38.1
36005024800,3699,17,41135.3749930806,0.0,3.392405063291139,74.0,1.3465770181606702,1.2559924750049145,0.0,23.89908090971893,39.54746420582384,0.0,17.30223224894277,16.64865314234888,0.0,1177.12,39.0
36005024900,0,1,89010.83514837097,0.0,2.801282051282051,122.0,0.0,17.894219229208367,0.0,28.353465453744867,43.00199876107979,0.0,0.0,10.750316555966975,0.0,0.0,0.0
36005025000,2763,5,38258.74323945444,0.0,3.13953488372093,32.0,1.4299669750339234,1.2491752166693182,0.0,36.40527216135093,22.341215949678713,0.0,24.93901168624148,13.635358011025634,0.0,2113.38,38.6
36005025100,6983,5,64559.590360564915,0.0,3.4285714285714284,141.0,2.5260524538409994,1.5584975699967782,0.3504406497186207,31.26085855689856,21.493022788164375,0.0,22.756296801044783,20.054831180335896,0.0,708.56,36.9
36005025200,2582,2,29608.399523263794,0.0,3.3783783783783785,32.0,0.9689451608011946,0.1992019844069162,0.0991558481042248,34.7414835173576,20.447390016083787,0.0,28.938328232649784,14.605495240596497,0.0,1609.38,33.2
36005025300,5503,6,71272.56525871159,0.0,3.488372093023256,77.0,2.4593220527483957,1.845997920748162,0.0,28.85328122652857,19.271809483765058,0.0,25.032052066112477,22.537537250097337,0.0,826.46,31.1
36005025400,2582,4,35755.39329614197,0.0,3.6486486486486487,37.0,0.5144534690703839,1.747961404470501,0.0,35.22927610540364,23.849864092408968,0.0,24.66147792049843,13.996967008148076,0.0,1732.85,37.0
36005025500,6139,4,62275.276407393336,0.0,3.2459016393442623,56.0,0.6795960624750864,9.714465679591184,0.0,35.684237569163145,18.18396044076859,0.0,19.044904396268667,16.692835851733324,0.0,945.37,35.3
36005025600,1582,2,52157.91850172203,0.0,3.0232558139534884,76.0,1.7766691798835983,1.575702458378663,0.0,28.73784267262796,27.500563194049334,0.0,13.155541443363443,27.253681051696994,0.0,1169.52,38.5
36005025700,1685,7,38432.63252720262,0.0,3.0869565217391304,38.0,0.2116551155889486,0.6306297671179103,0.0,22.177095057199587,31.554908112777152,0.0,3.5720709346379205,30.73170463728967,11.121936375388806,743.6,33.4
36005026100,2047,1,86262.0608208482,0.0,2.8828125,109.0,0.0,12.697782788716848,0.0,34.462614877764096,36.57099827572761,0.0,3.472340177922973,12.796263879868482,0.0,1139.27,50.8
36005026300,6381,10,104184.59393509936,0.0,3.319672131147541,114.0,0.9439825266164008,6.658657390629723,0.0,26.980968219987716,28.997400540927053,0.0,21.64202695539061,14.776964366448498,0.0,809.62,38.7
36005026400,5870,13,108040.2597041236,0.0,3.650289017341041,334.0,0.6539994748895376,0.9762510016734788,0.0405529818283699,34.886951061364236,23.950825064260194,0.0,22.96196037333946,16.529460042644747,0.0,1256.48,36.1
36005026500,6906,8,70438.13067122105,0.0,3.5575221238938055,109.0,2.8272693614938196,11.88298397308026,0.0,26.32704284677902,16.58685452475393,0.0,27.47714435114747,14.898704942745509,0.0,1378.62,33.8
36005026601,3214,6,110438.47546026422,0.0,3.3236994219653178,154.0,1.518694818895674,0.8132318171783475,0.0,34.73818034219102,19.155878314253272,0.0,23.05366684029352,20.720347867188167,0.0,981.58,35.6
36005026602,5900,13,99497.127453735,0.0,3.61304347826087,224.0,2.2353647360560704,2.8150398688878444,0.0718734246263839,34.237912704956535,16.62923672287482,0.0,26.656132280941787,17.354440261656563,0.0,1037.87,43.4
36005026701,3591,2,45325.57011117787,0.0,3.6,35.0,0.2847535029717239,3.7134907717901786,0.0,30.747043048943468,10.61118359057486,0.0,34.43441058332024,20.20911850239953,0.0,1005.5,34.4
36005026702,6841,3,81883.07929164414,0.0,3.425925925925926,99.0,0.2036903485340767,2.7182931903469765,0.0,27.351641279001154,27.35864515224814,0.0,29.019651496338376,13.348078533531266,0.0,1460.08,37.0
36005026900,4040,4,33505.59489416172,0.0,3.0454545454545454,78.0,1.2109409365611934,0.4002939264422084,1.258491787642444,26.23806305999518,28.21542137512688,0.0,2.9557654430725635,33.99463241497012,5.726391056189421,530.17,40.6
36005027300,6431,3,45852.93163237843,0.0,3.1710526315789473,66.0,0.3137644569797894,3.35667500443475,0.0,27.249735292323756,24.888195400740823,0.0,25.892376008821344,18.299253836699545,0.0,994.81,39.8
36005027401,4973,14,68925.61049026584,0.0,3.337448559670782,231.0,0.0502748206870374,0.0229896647723425,0.0,27.311526099580476,34.100392857740005,0.0,17.136978393382922,21.377838163837207,0.0,2025.88,42.5
36005027402,3492,14,29104.378861430858,0.0,2.957547169811321,177.0,0.0014044920704318,1.1739862543615334,0.0089611131366026,17.272934768634403,15.358207618605404,0.0,3.863962894217652,4.591697788568723,57.72884507040527,2081.44,37.9
36005027600,154,32,26625.10447706256,0.0,3.2464788732394365,270.0,0.0,0.0,0.0,7.404560789668667,57.98100126536796,0.0,0.0026642614680146,8.26531967052538,26.34645401297,0.0,28.6
36005027700,4474,12,79256.9310577131,0.0,3.2550335570469797,136.0,0.64510380105025,1.4972079896606836,0.2547565468144337,28.345570742808224,28.480958439657197,0.0,17.647323049815157,23.129079430194047,0.0,937.5,35.8
36005027900,8359,17,73270.1115582454,0.0,3.336206896551724,108.0,0.97016818875657,0.9113928752970072,0.1431274848112544,22.978735808228812,35.84058498433402,0.0,21.54718846576022,17.60880219281211,0.0,1398.48,32.7
36005028100,3565,1,70657.76249789807,0.0,3.3088235294117645,61.0,0.0,4.250060941706063,0.0,22.599060784097627,41.5028107293743,0.0,18.228446789429277,13.419620755392726,0.0,1268.88,60.6
36005028300,2325,9,72349.82301370901,0.0,3.1176470588235294,161.0,13.98959652925313,0.4271433681374501,1.8279284033320284,30.9960076574665,19.540960948095048,0.0,8.673758239417468,24.54460485429837,0.0,265.31,38.8
36005028400,374,6,56668.44244459454,0.0,3.0433145009416194,470.0,2.091612336862151,8.342402100948183,1.1654422699998166,29.418201715212827,35.13358380167148,0.0,0.1386962600128001,23.710061515292736,0.0,0.0,53.0
36005028500,3422,7,66460.45780744663,0.0,3.1328125,112.0,1.8741512874583055,1.9771097621389488,0.2919120882471243,31.681607440116128,25.72038370726577,0.0,10.54086982569189,27.913965889081823,0.0,1358.83,40.6
36005028600,1248,7,76253.98993461559,0.0,3.2138364779874213,140.0,1.2194108796499714,9.527857022539028,0.0,31.52640985015418,27.54313347233559,0.0,13.654107231749135,16.529081543572087,0.0,1397.92,38.5
36005028700,3543,0,59476.5365180074,0.0,3.121212121212121,57.0,2.6323366104920733,2.45358912564844,0.0,30.16246775297603,26.036589911443635,0.0,23.65026116959175,15.064755429848068,0.0,1201.92,38.4
36005028800,2589,4,101759.18186378208,0.0,3.603053435114504,246.0,1.307489743261468,0.9144212228755966,0.0,28.43658722571511,36.120315952642585,0.0,19.459395498378363,13.761790357126864,0.0,1884.02,45.7
36005028900,4461,6,94133.93364114458,0.0,3.3142857142857145,191.0,5.879639540591224,7.359804561810737,0.0,32.575948475049366,19.81148356246209,0.0,12.750136671813683,21.62298718827291,0.0,1188.4,36.9
36005029301,1874,3,9057.509814476874,0.0,2.71875,70.0,0.0,0.0122047858269699,0.0,4.080462639587519,15.485898448247069,0.0,0.5443009302180659,4.155376225195633,75.72175697092473,2806.75,58.4
36005029302,5439,7,50666.97397783392,0.0,3.047619047619047,142.0,0.1715404211432273,4.715119207009836,0.0,21.282026848202474,50.37264345057942,0.0,9.196918987890523,14.250285636584891,0.0114654485896324,2559.65,52.1
36005029500,4582,1,81726.85469513976,0.0,3.2337662337662336,142.0,4.349500875046736,0.0925312152006734,0.0,19.952673560730226,39.17857554553236,0.0,21.15541135007239,15.271307453417611,0.0,1887.02,42.8
36005029600,2367,36,84142.22295101732,0.0,3.097649186256781,478.0,0.570047819158105,10.167678360379702,0.7604123098455239,23.317739806274655,43.461308136917395,0.0,2.4264991900160107,19.29631437740861,0.0,1105.27,31.9
36005029700,4157,5,69011.18423241824,0.0,3.096,104.0,1.1620481648112346,2.8515453090348877,0.0,17.732311177323623,42.75685097945192,0.0,17.660268196336425,17.836976173041904,0.0,1933.62,54.6
36005030000,6944,11,93669.25818134355,0.0,3.4145454545454546,258.0,1.729140687839712,1.172821484721758,0.0,33.71842371256247,23.788278764023207,0.0,24.474551723679195,15.11678362717366,0.0,1502.98,36.8
36005030100,1570,0,53270.199965443295,0.0,2.7804878048780486,65.0,0.0,2.926005641023616,0.0,15.900857187349004,62.32721845308512,0.0,12.752407390683716,6.093511327858568,0.0,1545.33,61.0
36005030201,3681,4,73530.00497168653,0.0,2.8722222222222222,152.0,0.0456524673579946,2.0071940959351036,0.0,19.94621164017296,48.019884350016746,0.0,3.6020743287843193,26.252512218133987,0.1264708995988805,1336.54,44.4
36005030202,6165,3,41873.326312209545,0.0,2.9226519337016574,159.0,0.4325397414549929,0.0,0.0,11.138516264360172,32.19400512591417,0.0,6.107159039232612,6.820880213977324,43.30689961506073,1423.92,42.3
36005030701,5743,2,38883.28955449175,0.0,2.738255033557047,114.0,0.0,1.5030952463145135,0.0,12.636447371089814,63.130522593237046,0.0,15.757315087203333,6.9726197021552965,0.0,2113.27,43.3
36005030900,3812,3,9080.996934422656,0.0,2.5217391304347827,166.0,0.0,0.4708172037330014,0.0,5.602086273414852,26.323954795794172,0.0,0.6088358459215402,3.5881221065532443,63.40618377458319,2256.4,59.5
36005031000,4618,7,102342.6378580116,0.0,3.5384615384615383,411.0,3.929228483213368,1.7355561578844878,0.0,29.425723140901056,36.3795642464603,0.0,14.33595663104953,14.19397134049126,0.0,2849.38,51.7
36005031200,1489,9,95632.5494714423,0.0,3.5448275862068965,133.0,2.6242594553110026,0.2432030436249373,0.0,29.841093951732237,32.20761286844588,0.0,19.296114371354697,15.787716309531252,0.0,2078.0,37.6
36005031400,2232,2,95728.6262847169,0.0,3.659259259259259,122.0,0.0,1.8853202282546664,0.0,29.77410051349664,34.8865888982168,0.0,19.01687028337693,14.437120076654962,0.0,2150.0,38.6
36005031600,1697,2,98421.89641468496,0.0,3.8053097345132745,109.0,0.0,0.0775342149678079,0.0,29.011780663405613,34.54060129507411,0.0,21.36088768058099,15.009196145971464,0.0,1524.29,47.3
36005031800,1820,1,99610.10054941128,0.0,3.703125,127.0,0.0,0.8982869041707435,0.0,26.72325275371001,35.97342516125693,0.0,17.763503507066087,18.641531673796237,0.0,1846.15,44.3
36005031900,693,4,20117.914461316308,0.0,2.673469387755102,80.0,0.0,3.666217803075547,0.0,5.688237738862563,35.450946453983825,0.0,0.0,5.411275773596732,49.783322230481325,0.0,20.0
36005032300,4981,4,44011.168296331445,0.0,2.6820276497695854,165.0,0.3391305988543386,3.214521067455599,0.0,17.634613367814058,61.2253897439932,0.0,9.413788203961888,8.17255701792092,0.0,1837.62,57.0
36005032400,2961,6,88497.83498097946,0.0,3.3085714285714287,156.0,0.1865705789793477,9.200675565928064,0.0,25.499966207846708,41.58608187662275,0.0,9.178089312211585,14.348616458411556,0.0,605.56,38.3
36005032600,3542,11,82188.82598006981,0.0,3.252577319587629,160.0,0.7468297418853762,1.492801387552577,0.0,30.200317260314847,29.63160362206956,0.0,19.28088941095685,18.647558577220792,0.0,1717.75,46.8
36005032800,4132,4,38690.735551283455,0.0,3.316666666666667,55.0,1.240869581395181,2.1222307839123578,0.1489961599216835,28.627782506795533,31.17219867612744,0.0,19.583447750361938,17.10447454148588,0.0,956.15,32.0
36005033000,5197,6,44795.78559782443,0.0,3.2941176470588234,81.0,5.541350694281243,2.822688170885423,0.0,30.82373709549346,18.168860651525915,0.0,21.32225225094361,21.321111136870368,0.0,771.79,38.5
36005033201,4050,1,55895.20008857841,0.0,3.2816901408450705,62.0,1.3560118491544844,3.6259788677654976,0.0,26.79680831216348,27.239432619149447,0.0,24.188816297215055,16.792952054552032,0.0,680.0,50.5
36005033202,3628,2,36247.75815727552,0.0,2.5945945945945947,25.0,1.7883496516297142,3.655012020948293,0.0,32.24229370091888,21.079154789040672,0.0,22.704625441136535,18.530564396325907,0.0,966.25,49.4
36005033400,32,25,51689.44745365665,0.0,2.974001857010214,939.0,0.0,0.0,0.0,9.93163303292312,76.2457047007052,0.0,0.0,11.299234853904364,2.523427412467296,0.0,40.1
36005033500,2236,3,43086.75695823126,0.0,2.9224489795918367,203.0,0.0,1.4020253001892682,0.0,13.415477156978264,67.4675200921771,0.0,7.152684853151784,10.562292597503586,0.0,2112.83,40.9
36005033601,4414,4,45034.76736003457,0.0,2.6904761904761907,65.0,1.649438073180499,0.0,0.0,21.55705221174765,37.45882886149384,0.0,23.199419794839812,16.13526105873822,0.0,399.33,39.3
36005033602,1234,2,30139.2964471515,0.0,2.8,12.0,3.4330860529447302,0.0,0.0,31.053738422196215,24.81377177803891,0.0,21.00082241699682,19.698581329823316,0.0,1355.29,43.2
36005033700,3198,7,31590.328368885876,0.0,2.675925925925926,72.0,0.9391032568735704,1.7123933147013186,0.0,19.98915716905271,50.9892415523025,0.0,13.587994845471592,12.78210986159831,0.0,2409.1,39.3
36005033801,2011,2,27427.590355888035,0.0,3.3157894736842106,17.0,1.3252266718337014,0.0,2.39932408901696,31.507744300732476,18.266712972692694,0.0,25.832642714279647,20.66834925144453,0.0,1398.56,28.8
36005033802,1579,1,26522.31510734401,0.0,4.0,5.0,8.945085216748895,1.5645880934046743,0.0,28.03251968285288,8.827230432456867,0.0,30.04843836818832,22.582138206348365,0.0,1195.25,30.4
36005034000,5049,5,56000.30702756662,0.0,3.420289855072464,61.0,0.97581132478837,1.0789560757801715,0.0,31.11912147371432,18.205887344328833,0.0,28.41512174849858,20.205102032889723,0.0,1221.15,32.5
36005034200,1625,6,62205.911872223274,0.0,3.283333333333333,52.0,2.5525587182014604,1.6361841906315486,0.3696061006257134,34.826469349282974,20.520371492252096,0.0,14.782461931968628,25.31234821703759,0.0,1409.58,35.1
36005034300,1647,1,39604.473614029615,0.0,3.0,25.0,0.3568621537894513,0.4171722567182925,0.0,20.253406774661535,48.961305843710214,0.0,17.856483860161063,12.154769110959457,0.0,1479.62,52.3
36005034400,1717,2,42445.48051538749,0.0,3.393939393939394,29.0,2.1100109178313775,0.2875573824388196,0.3251918112085948,34.76696134903245,20.417122303625582,0.0,18.645043195482057,23.448113040381113,0.0,1522.44,36.4
36005034500,4037,3,45208.03753082375,0.0,2.5161290322580645,96.0,0.5317612837813096,0.3626721530684204,0.0,18.39179389607508,50.301525288658915,0.0,16.573082851913274,13.839164526502993,0.0,1933.44,46.3
36005034800,6051,6,87194.7894731875,0.0,3.4654545454545453,257.0,1.1977688207090815,1.486359067234457,0.0653695998121737,29.499536169130423,32.36680580780355,0.0,16.99949266751179,18.384667867798523,0.0,1071.15,41.1
36005035000,1887,7,89079.86400099621,0.0,3.483050847457627,116.0,1.1040702973601293,0.1203531998356372,0.0,28.11064705005321,29.61716612839357,0.0,15.213613340330149,25.834149984027302,0.0,1399.58,38.8
36005035100,3461,0,41272.13781792743,0.0,2.476793248945148,149.0,0.1418156335787856,6.217445507388749,0.0,18.336324742800763,60.035541912397534,0.0,5.878970468033613,9.292985605700784,0.096916130099778,1825.92,30.0
36005035600,2207,18,62987.41283167062,0.0,3.3922651933701657,167.0,0.1098758651180462,0.7497564184387142,0.7498211083799083,28.576371623510205,34.91269898386504,0.0,7.752571932573977,27.1489040681141,0.0,1653.12,36.5
36005035800,6673,10,36112.59908825543,0.0,3.1171171171171173,96.0,0.9183013093743132,0.5275080445464145,0.0908832878898708,28.110496577075192,32.58202606595722,0.0,16.51328386635204,21.257500848804938,0.0,1683.71,43.0
36005035900,3873,5,90329.4289677535,0.0,3.488,121.0,1.6740567152206345,6.540709030648776,0.0,32.01078995156746,13.800139730064725,0.0,16.138847204321095,29.83545736817731,0.0,662.92,30.7
36005036000,2779,11,88874.56609337205,0.0,3.551282051282051,149.0,0.7151021082412776,1.417184809938592,0.0,29.479251826312144,32.06192241885004,0.0,18.074326154980596,18.252212681677353,0.0,1648.23,48.2
36005036100,4690,13,53044.45995041043,0.0,3.2625,70.0,0.0,1.8663725063808756,0.0,23.77071183281028,35.18752874021882,0.0,24.028533652900016,15.093099293675175,0.0537539740148306,562.5,32.2
36005036300,6727,12,64077.99478444904,0.0,3.0920245398773005,126.0,1.6914583992119578,2.065798673794391,0.1904969987526871,29.433433476455058,22.089276310371297,0.0,22.992600375169577,21.536935766245037,0.0,524.48,35.2
36005036400,2304,4,60698.83629476972,0.0,3.191011235955056,75.0,3.8660762932419113,1.255722312420863,0.0,30.81165019291413,20.51898022444285,0.0,22.110851415343294,21.436719561636956,0.0,1247.12,43.0
36005036501,4287,16,108155.73949113413,0.0,3.638095238095238,97.0,6.282317575433774,2.878875206053558,0.0,27.343714165067333,15.19624847899869,0.0,26.73807130405932,21.56077327038733,0.0,918.06,33.9
36005036502,2287,4,75189.97358525803,0.0,3.6206896551724137,54.0,2.2771533710050247,0.9902580959377184,0.0,26.9561075795651,19.25444079853623,0.0,22.81232005709536,27.70972009786056,0.0,521.35,32.8
36005036700,2718,0,91224.63817472704,0.0,3.5194805194805197,73.0,1.979468562910115,3.5603460343818325,0.0,36.50083820469597,15.407465624343551,0.0,18.29075137464761,24.26113019902093,0.0,528.17,31.9
36005036800,1958,12,50163.73357388343,0.0,3.242857142857143,63.0,2.8124208808634457,2.078077676285416,0.0,35.364408164941004,23.70883688606961,0.0,16.61396851783163,19.422287874008884,0.0,1265.02,37.6
36005036901,1808,10,78752.91093655323,0.0,3.397435897435898,70.0,6.914429624793203,6.111203298853314,0.0,32.4325768306191,15.033442836147955,0.0,17.1939684474363,22.31437896215013,0.0,312.15,40.4
36005036902,2504,4,90244.19254040746,0.0,3.393939393939394,59.0,0.0,2.2670549718414255,0.0,30.656381783915336,26.35586797247692,0.0,20.79043178144843,19.930263490317884,0.0,701.62,29.0
36005037000,2362,6,52752.131374913246,0.0,3.239130434782609,40.0,0.7738610217576041,0.8614860591686964,0.0,30.392566042984463,27.16350728655727,0.0,24.081910054323284,16.72666953520869,0.0,2086.98,33.9
36005037100,4218,12,99520.89227205046,0.0,3.708108108108108,175.0,1.6640404167402254,4.5198925328737305,0.0,32.7455353442716,25.807230362901993,0.0,18.22542174737962,17.037879595832823,0.0,767.92,38.1
36005037200,2017,3,41725.61896015515,0.0,3.253731343283582,61.0,0.5952713499618713,8.309572959264898,0.0,33.92441616792816,24.88417445202281,0.0,15.03361096150774,17.252954109314533,0.0,1446.62,39.5
36005037300,6202,15,103381.35021171946,0.0,3.703030303030303,161.0,1.9848802529622729,2.587289910398415,0.0625669656317371,34.63279409992075,16.820335474345963,0.0,25.177395420828244,18.734737875912614,0.0,961.54,32.3
36005037400,3633,8,36164.468157590374,0.0,3.4166666666666665,59.0,2.0908920005899865,1.8118243060190908,0.0,30.431801223597496,24.17542784705496,0.0,19.131564597161187,22.35849002557728,0.0,688.17,32.6
36005037504,4015,11,99581.78431029344,0.0,3.484978540772532,216.0,2.8131141042741152,8.64083843522919,0.7950873645177549,29.871892589244982,22.84350216210865,0.0,10.51368951233418,24.52187583229113,0.0,773.44,30.4
36005037600,2115,1,42655.3965861475,0.0,3.1403508771929824,48.0,0.0,0.7156052372488987,1.1867558275142776,26.4186517427135,37.0441758166973,0.0,21.418919989514343,12.892557557753925,0.3233338285577645,1159.38,42.1
36005037800,3505,16,25037.827371369367,0.0,3.2745098039215685,47.0,1.0051285126897769,1.2456257321696695,0.0,29.845514652478347,18.633909981755508,0.0,25.370422776566308,23.70227899995267,0.1971193443877115,1268.54,33.1
36005037900,6961,8,90357.69979753096,0.0,3.490566037735849,151.0,3.2686923921460016,3.876960554350657,1.128688253318742,34.21885908164055,14.938123443720682,0.0,18.542055640919926,24.02662063390343,0.0,966.35,31.2
36005038000,5023,7,37150.92121065554,0.0,3.0657894736842106,67.0,1.912118995673289,1.4232904321624995,0.0,33.039382804541944,19.788870273429943,0.0,26.35152745467671,17.48481003951561,0.0,924.48,34.7
36005038100,6543,4,93015.84630748488,0.0,3.5244755244755246,135.0,1.0338722353127223,3.163002340869295,0.0,32.40502057339812,20.315816371602494,0.0,25.663495442929968,17.418793035887393,0.0,807.98,37.9
36005038200,2964,2,41168.14988914424,0.0,3.393939393939394,30.0,0.4399918379426297,1.0306465873651516,0.0,31.5863342653064,27.04868613884001,0.0,21.717257387683063,18.177083782862734,0.0,1598.56,36.3
36005038301,4553,5,101993.45843856262,0.0,3.8375,79.0,2.598959563680506,5.253328606956134,0.0,33.07714547733214,10.565702496530896,0.0,27.190631865111,21.314231990389334,0.0,846.92,32.0
36005038303,3662,3,95505.76377781088,0.0,3.1911764705882355,56.0,0.562120292535261,4.863777476572614,0.4377117229106598,35.962248373694315,18.114404173405926,0.0,22.54511454520228,17.514623415678948,0.0,870.35,29.3
36005038304,2231,4,87617.90395179688,0.0,3.625,53.0,4.6367151897230166,1.4672298717213776,0.0,32.96424969629718,11.785705820712018,0.0,25.05740091494068,24.08869850660574,0.0,516.19,30.6
36005038500,5218,12,112917.58128084784,0.0,3.688034188034188,227.0,1.5244926825913307,1.5613094287242637,1.3795239282343603,34.41444989102237,12.097700680183577,0.0,15.886471019697272,33.13605236954683,0.0,260.65,29.1
36005038600,8012,15,44634.208134161614,0.0,2.905982905982906,94.0,1.9127915799325124,0.8156472037173066,0.0,27.16611038559979,29.79586777346878,0.0,20.901169476521975,19.40841358075965,0.0,1316.94,34.4
36005038700,3610,11,104500.81842259114,0.0,3.75,179.0,7.1109953169596904,11.992499411389836,1.080277315258198,32.21689749677443,12.88557897650242,0.0,16.186011944568655,18.52773953854677,0.0,865.04,30.3
36005038800,2752,2,30342.208628508502,0.0,3.789473684210526,19.0,0.0,0.3090895118539721,0.0,32.706336826112754,26.96105193335675,0.0,23.715016150188735,16.308505578487797,0.0,1173.08,33.2
36005038900,5412,9,110154.07158854949,0.0,3.71875,186.0,3.947766935742516,0.7715087720798884,0.1537543887918785,32.99308019232904,16.084949974820887,0.0,28.3245412506066,17.724398485629187,0.0,893.67,28.4
36005039000,3054,3,17909.679415385734,0.0,3.5625,15.0,1.0327176721441902,3.296513475512471,0.305531619934352,33.83981365379354,20.29736815615597,0.0,26.691202532347283,14.536852890112202,0.0,1087.75,41.8
36005039100,6071,4,112187.57889497666,0.0,3.4957627118644066,223.0,2.6731415423370195,4.735158707124156,0.0,31.64569051338525,14.56313231265058,0.0,27.32000191826772,19.062875006235274,0.0,666.6,39.1
36005039200,1590,3,8699.409203859197,0.0,3.5,6.0,0.5737588498558466,5.506946182228126,0.3237493153774621,29.74562135856843,27.330405464261737,0.0,22.66329412938531,13.856224700323096,0.0,1306.1,35.9
36005039300,8847,9,87998.22350936345,0.0,3.611940298507463,125.0,2.362155198653797,7.947705401778988,0.8157740014690552,32.75715098684593,15.941274912909334,0.0,22.822610121965887,17.353329376377022,0.0,534.15,31.9
36005039400,4323,1,28328.702761626428,0.0,2.883720930232558,35.0,2.3155367324270415,2.8807546074248225,0.0,30.389340763435076,21.55884591821167,0.0,28.73040839920429,14.1251135792971,0.0,1161.02,39.7
36005039500,4389,20,89549.43826960983,0.0,3.5508982035928143,318.0,1.633299504440844,3.4273454545922273,2.4844387658579072,29.790548868181517,24.370843238667444,0.0,8.95075581658829,29.34276835167176,0.0,416.81,33.6
36005039600,3763,6,50846.23238958477,0.0,3.161764705882353,60.0,0.7891089752106978,2.3273273587861816,0.0,31.489084814590797,23.6035092158552,0.0,25.51925873666948,16.27171089888765,0.0,938.42,35.8
36005039700,4219,28,83825.14733688216,0.0,2.9134438305709023,431.0,0.4458533329245985,13.983258214066533,0.0395500472738264,27.70804940777513,37.83002818690411,0.0,1.2599628060225485,18.733298005033262,0.0,614.69,20.1
36005039800,3540,2,30605.93399416332,0.0,3.772727272727273,22.0,0.0,3.2126490215155603,0.0,31.645047304604944,26.923548699972557,0.0,20.448845560502026,17.769909413404914,0.0,547.9,31.0
36005039901,4855,12,104927.0072397242,0.0,3.598639455782313,141.0,8.064001024213477,1.7814509687899458,0.0,28.258933785525237,13.717005261166612,0.0,23.837500637129157,24.341108323175572,0.0,836.6,33.8
36005039902,4719,5,94845.67109003892,0.0,3.6634615384615383,102.0,7.611608920958235,6.07223419842182,0.0,29.285828132052615,8.219762296645012,0.0,27.136666040150065,21.67390041177225,0.0,836.37,32.7
36005040100,4749,8,105792.92491674956,0.0,3.4635416666666665,188.0,3.370655977834836,3.6848992324897454,0.0,26.325302880687012,28.15444235367023,0.0,19.704551290704092,18.760148264614095,0.0,550.94,33.9
36005040302,4008,10,87640.18576397304,0.0,3.65,59.0,0.0,2.066735765235198,0.0,28.667871309323395,8.276109842489708,0.0,36.56616905561305,24.423114027338656,0.0,726.08,38.6
36005040303,3999,3,106360.36514269152,0.0,3.5657894736842106,74.0,1.2468022306797355,2.000029244327383,0.0,29.335021780771942,14.395813067316029,0.0,32.667933668889006,20.354400008015897,0.0,822.12,34.2
36005040304,3502,9,84658.58473162595,0.0,3.693877551020408,46.0,5.674854648053682,2.1677874090262925,0.0,29.992100525030875,10.333724308474908,0.0,31.99862764541326,19.83290546400096,0.0,709.87,31.8
36005040400,3408,2,49812.668024259496,0.0,3.439393939393939,61.0,1.107785206078346,1.8254190286591387,0.0,32.661606342954414,25.50590769984297,0.0,22.64544786712447,16.253833855340655,0.0,1258.67,35.6
36005040501,3327,2,93050.34531599392,0.0,3.828125,63.0,0.9098193345149382,5.724420664442726,0.0,31.391601624305515,14.885350300649428,0.0,31.355781869345616,15.733026206741789,0.0,815.12,32.1
36005040502,5615,1,89316.34315901191,0.0,3.6607142857142856,108.0,0.7244639588617982,1.660021320938765,0.1686932958050868,33.07753623002603,16.494887189638035,0.0,33.429595303596344,14.444802701133945,0.0,747.77,34.6
36005040600,3451,6,43747.89406927946,0.0,3.453333333333333,71.0,1.2750043292337578,2.492812431924447,0.0,34.22162896994541,21.78098353678293,0.0,25.23882095285645,14.990749779257014,0.0,939.56,29.9
36005040701,2839,4,100004.6063967476,0.0,3.5737704918032787,60.0,1.8142512078697817,0.8420315270283568,0.0,30.355026700960405,9.19308621142534,0.0,32.2322234994771,25.563380853239003,0.0,888.23,33.9
36005040702,6233,8,93578.28718056,0.0,3.602564102564102,146.0,0.7833388812658951,6.906255676809965,0.0,27.730179840534667,22.627952255730403,0.0,23.568885521559498,18.383387824099565,0.0,652.81,38.9
36005040800,4381,3,51596.22331025795,0.0,3.1095890410958904,62.0,2.4820005593092676,0.7941107203954257,0.0,32.112870815114896,19.637202791133383,0.0,31.56075221478193,13.413062899265109,0.0,799.13,32.6
36005040900,3323,36,46255.99535383526,0.0,3.033333333333333,369.0,0.0020928381237535,3.79082290270349,0.0,18.31271046919519,25.50326130759649,0.0,0.2912413562352543,20.68999429040555,31.40987683574028,1303.71,47.9
36005041100,3418,8,99595.23616440612,0.0,3.688888888888889,133.0,1.6298368312402467,3.975417572312681,1.7770851121241382,26.312357607517587,16.32008851449316,0.0,19.483249953935463,30.501964408376725,0.0,1042.67,43.4
36005041300,7329,9,107899.32078513634,0.0,3.699453551912568,181.0,1.473075857161574,0.974793706030539,0.0,30.75866188465261,15.302691325631008,0.0,30.21991286669359,21.270864359830664,0.0,1158.73,33.0
36005041400,5483,8,41780.466283845126,0.0,3.206060606060606,136.0,0.7544720017443497,1.283376679593825,1.2164623238959738,34.44694184152773,23.94431239176257,0.0,11.049074968969238,26.989080144642504,0.3162796478638203,2409.65,43.2
36005041500,5555,9,93771.6833554956,0.0,3.7757009345794392,104.0,0.692782782663798,4.632789582870046,0.0,28.310341285477733,20.69689353896677,0.0,31.8577964864334,13.809396323588246,0.0,972.67,39.6
36005041800,3396,7,23257.234621101088,0.0,3.1481481481481484,50.0,3.4272155153398405,0.9743542817113928,3.17359370831556,26.93262692906881,24.77661251301364,0.0,17.33187571619435,23.022187744122668,0.3615335922337471,1203.21,42.6
36005041900,6215,15,88793.24774072162,0.0,3.5271966527196654,229.0,2.023594500114622,4.082164870275492,0.0,20.01929359086826,42.613770611717186,0.0,14.281665399379191,16.979511027645263,0.0,1097.67,38.3
36005042000,4660,9,30583.490388914473,0.0,3.292682926829268,38.0,1.5516512576286354,9.782563290308476,0.0,29.787342716603565,17.13798485131835,0.0,23.41648108050572,18.32397680363526,0.0,611.08,36.5
36005042100,5780,13,77704.45217149117,0.0,3.48,143.0,4.663788467357089,14.38584066077962,0.0,17.334491424021788,30.04201094606811,0.0,16.156582264128062,17.41728623764534,0.0,1015.85,31.7
36005042200,3209,3,23893.344371408333,0.0,3.235294117647059,29.0,3.292247646449023,0.1978289469349904,0.0,33.082067691662886,21.439167927497287,0.0,24.701217741243735,17.287470046212068,0.0,1446.17,41.0
36005042300,4189,6,110198.2151222624,0.0,3.43030303030303,160.0,0.6921446712960806,2.9237392158364393,0.0,32.25153525143125,38.19737802123392,0.0,14.73787652733471,11.197326312867595,0.0,1373.5,32.7
36005042400,2479,1,39404.9819056181,0.0,3.129032258064516,55.0,1.346264885509381,1.7423330385478448,0.0,32.39047527979833,27.382864976119965,0.0,20.455806363664472,16.682255456360014,0.0,2047.46,41.1
36005042500,6810,15,86027.42244810631,0.0,3.479591836734694,183.0,2.8584056222187155,3.4143088312794583,0.3111678100048534,25.348935695000236,28.875160070531336,0.0,16.903050097575516,22.288971873389887,0.0,928.46,34.3
36005042600,6669,9,37381.336042473566,0.0,3.2288135593220337,112.0,0.9495493981918216,0.7833779360478711,0.0,30.139912823346815,32.29930153305305,0.0,20.04641039929137,15.78144791006908,0.0,1918.54,41.1
36005042800,2381,4,47237.73255683135,0.0,3.4634146341463414,41.0,0.6912037109674868,1.5694231705572474,0.0,30.665877036521906,31.85242846482875,0.0,20.38505327966758,14.83601433745704,0.0,3243.19,46.9
36005042901,3397,7,81259.13075361714,0.0,3.692307692307693,51.0,0.4189039917982347,0.0414743554884037,0.0536436334624306,26.118896707322552,22.30795091497716,0.0,12.750569019132426,38.30856137781878,0.0,899.6,33.9
36005042902,3656,3,82392.98017341128,0.0,3.6666666666666665,52.0,1.727606448966729,3.1796361084729092,0.0,30.361980852608244,15.879975673395716,0.0,34.02260596423394,14.82819495232246,0.0,858.9,40.7
36005043000,3004,3,31949.862929352377,0.0,3.289473684210526,35.0,0.0,0.5998211411492991,0.0,29.73891171401082,34.92558203356241,0.0,22.425301571671877,12.3103835396056,0.0,1636.04,51.2
36005043101,5051,8,91746.70621467492,0.0,3.5,62.0,3.809710969478685,6.805696683035974,0.0,29.34632062313889,11.409351086161992,0.0,27.564965556101985,21.063955082082483,0.0,770.94,39.6
36005043102,4458,5,94282.14642236083,0.0,3.5576923076923075,98.0,3.6532286004398737,6.508463269216872,0.0,30.629651948906208,12.573354560498148,0.0,25.701555303522383,20.933746317416514,0.0,979.35,38.8
36005043400,3921,14,47738.704731353,0.0,3.313131313131313,89.0,2.035054674722435,1.658985226225006,0.5576904586279477,30.643057119211047,13.573584700250851,0.0,11.600818623055837,39.93080919790688,0.0,1462.23,40.5
36005043501,1011,1,54685.5062645843,0.0,3.186991869918699,112.0,0.2856730804719058,0.0,0.0,8.829998862801585,59.281191513480515,0.0,0.2186220691726481,29.453468800023312,1.9310456740500237,0.0,29.7
36005043502,0,4,45542.667490907035,0.0,3.257142857142857,240.0,0.0,0.0,0.0,3.1967072440114013,87.54617293517622,0.0,0.0,8.72051684778042,0.5366029730319513,0.0,0.0
36005043503,0,8,33424.04852782241,0.0,3.0325342465753424,535.0,0.0,0.0,0.0,5.295694129422586,87.87224272906482,0.0,0.0,5.370986418507263,1.4610767230053412,0.0,0.0
36005043600,2362,2,32143.863505145153,0.0,3.6666666666666665,15.0,0.3966641230037555,0.2371660687641807,0.0,30.174514267037996,32.1970081968319,0.0,24.216327367607647,12.778319976754528,0.0,1629.52,37.9
36005044200,4007,5,98679.42453317056,0.0,3.5259740259740258,149.0,1.4633146802323915,0.8308693507134565,0.0,30.45108758731963,25.484271223180777,0.0,23.658784533393533,18.111672625160217,0.0,1085.27,43.1
36005044400,4293,6,60662.41129096964,0.0,3.231707317073171,71.0,0.0646491319207472,6.586438568982676,0.0,26.821838576979022,40.066611960330405,0.0,13.846247504948805,12.61421425683833,0.0,1723.37,37.2
36005044800,2374,0,16830.922338553788,0.0,3.8181818181818183,11.0,0.0,0.0,0.0,27.474491589369887,37.56571063011937,0.0,21.25559691111048,13.70420086940027,0.0,2001.81,40.6
36005044901,2045,0,47232.72066450045,0.0,3.5,51.0,0.2553450500413882,0.1308462028443619,0.035182485588089,26.379854790482707,34.56749765130572,0.0,24.022882256725836,14.60839156301189,0.0,1758.06,39.4
36005044902,2175,1,26297.80132958967,0.0,3.52,25.0,1.1259114341242575,0.3192474891559977,0.0,28.84403803148971,30.14578646856736,0.0,26.183489003508992,13.38152757315368,0.0,1909.56,35.8
36005045101,1695,6,73205.6049284906,0.0,3.123076923076923,112.0,1.1576575084797494,0.0635558726134653,1.9672322138300713,25.845245211752893,35.51598907050663,0.0,18.275516592351018,16.864114212270255,0.3106893181959296,1485.5,46.7
36005045102,2068,0,23627.55013930004,0.0,3.4,32.0,0.034942778173422,1.7823472519586403,0.0,23.064338478257437,36.645599495154855,0.0,15.863028915833468,22.42189241147115,0.1878506691510402,1911.44,35.8
36005045600,3552,6,12927.19455803305,0.0,3.0945945945945947,65.0,0.4984946876283259,0.2333714984178281,3.752454593213884,27.909043731811067,40.46411293114989,0.0,7.418001448398105,16.203266521103437,3.5212545882774675,1526.65,39.4
36005045800,5523,5,81044.11595404743,0.0,2.909090909090909,143.0,0.0,0.4714327813628174,0.0,26.510009409388974,47.67498626546793,0.0,12.208304654275626,13.135266889504647,0.0,585.63,26.7
36005046000,2800,9,45366.93093681398,0.0,3.111111111111111,92.0,0.8354255225664619,7.005828677709435,0.0,30.02762998444755,38.830778876816424,0.0,8.601260863552776,14.69907607490735,0.0,852.98,38.7
36005046203,6756,9,47971.86340962369,0.0,2.9939759036144578,430.0,1.4473130005832773,1.2681421319231434,0.4730787726293674,32.17228666810922,31.15364033891234,0.0,0.4843048312051683,17.265740288391207,15.735493968246274,783.75,61.3
36005046204,5259,2,73316.91688374447,0.0,2.99290780141844,130.0,0.0,0.0,0.0,17.71906411725415,55.01168903104585,0.0,0.0,27.269246851699997,0.0,1224.08,41.8
36005046205,3633,15,68530.19206400662,0.0,3.010886469673406,564.0,11.3697012255326,8.48220099873982,0.0,32.08617067187393,28.955417217868742,0.0,0.0,19.1065098859849,0.0,1455.37,49.4
36005046206,3971,1,76480.67851149266,0.0,3.206896551724138,84.0,0.0,0.0,0.0,14.739174461856209,69.73862303365718,0.0,10.00106943650722,5.5211330679794,0.0,1292.96,50.8
36005046207,6535,9,92707.17166176424,0.0,3.1150442477876106,207.0,17.85844982168565,0.0,0.0,18.62652575780517,41.15966717284829,0.0,0.0,22.355357247660905,0.0,1150.73,42.3
36005046208,5145,13,45508.37736817977,0.0,2.9285714285714284,126.0,1.512459503046189,2.042776744051384,1.228667339974783,26.469345018725495,33.077083526688796,0.0,13.062553503157716,22.60711436435564,0.0,1674.25,39.2
36005046209,4436,10,48835.28452921325,0.0,3.0531914893617023,164.0,2.273980681032807,0.8104951521499939,1.4380875288737305,34.341540306197004,28.89881543050326,0.0,6.935430158609634,22.47303703388755,2.8286137087460097,580.48,26.7
36005048401,3892,22,71249.46228843904,0.0,3.12639405204461,231.0,1.6761699731612505,1.52998753835045,1.7820990006295383,32.28791960262979,27.386654615689583,0.0,11.94057526624949,23.396594003289884,0.0,1708.88,37.6
36005048402,0,2,54417.34813025782,0.0,3.1,65.0,0.0,2.3778028079669307,0.0,4.641259273459052,87.33006116350305,0.0,0.0,5.6405282827901475,0.0103484722808167,0.0,0.0
36005050400,0,7,9534.493781135536,0.0,2.953883495145631,369.0,0.0,0.0,0.0,4.747862029460891,35.514448766796804,0.0,0.0094594723478438,1.692192801178093,58.03603693021638,0.0,0.0
36005051601,3828,37,8900.832082522003,0.0,2.558201058201058,260.0,0.2568739222145624,0.1400937474346427,0.0475327128592509,9.349838064299648,7.730397505679051,0.0,2.11404081028437,1.976330686655935,78.38489255057253,1983.17,60.5
36005051602,0,1,,,,,0.0,0.0,0.0,3.46082713736833,10.671892661417,0.0,0.0,0.7454863278716835,85.12179387334298,0.0,0.0
36047000100,4815,13,122355.99112224496,0.0,3.3564954682779455,310.0,3.598380585146123,2.718436630258252,0.0,23.817771915194292,27.667000962244252,0.0,24.859555735343648,17.072366778686963,0.2664873931264631,3426.19,45.2
36047000200,1288,20,96983.7945954839,0.0,3.6367713004484306,216.0,12.428421282396478,0.1128212043665593,19.934886363378812,27.436284424842935,3.579552766190175,0.0,5.716449235802994,30.79158472302205,0.0,1526.44,35.0
36047000301,4501,0,97558.67673657383,0.0,3.326388888888889,134.0,0.6075055452016432,1.4790306130948885,0.0,32.1908801513654,30.922991548276624,0.0,24.274838733021227,9.52940081213621,0.995352596904017,3560.15,40.4
36047000501,4541,4,98442.8482156005,0.0,3.776315789473684,75.0,3.046348217020012,4.97925918089259,0.0,17.6063156017429,23.277662604811866,0.0,43.27763486723655,7.812779528296088,0.0,2718.54,36.3
36047000502,2704,7,88183.97217412075,0.0,3.769230769230769,63.0,4.47189809981135,8.880921830440055,0.0,18.75490702020308,26.412462947824594,0.0,32.71998073053666,8.759829371184265,0.0,3231.02,37.5
36047000700,4243,4,101020.06811419678,0.0,3.4716981132075473,157.0,0.6701988199217145,1.5393079794985076,0.0,16.201971178256347,35.93882236451112,0.0,32.62865906768227,13.021040590130026,0.0,3881.29,35.0
36047000900,5227,16,90011.133487797,0.0,3.791044776119403,129.0,14.054124785987998,7.1120907214978795,0.0,20.787161425623268,14.296273902843009,0.0,26.471245737919915,17.279103426127943,0.0,3951.92,34.6
36047001100,1580,51,106031.8091401288,0.0,3.3333333333333335,199.0,22.863375391756872,12.330527458709314,0.0,22.645204420955157,17.08102507522595,0.0,5.600749225590105,19.479118427762597,0.0,3922.27,32.6
36047001300,2518,22,131334.72045403832,0.0,3.3375262054507338,443.0,3.170748911408628,10.001155172676867,0.0,21.1471974179939,31.844280001605593,0.0,8.118765693549955,25.717852802765044,0.0,2689.73,36.3
36047001501,4565,2,99906.71256723371,0.0,3.386363636363636,163.0,2.1695119746050406,1.878213386184105,1.114401986979175,21.60942391913259,29.54662445248925,0.0,19.38481174179868,24.297012538811153,0.0,2741.54,32.3
36047001502,5238,13,112817.4788978154,0.0,3.595744680851064,185.0,18.406128624486595,1.5208914490156034,0.0,26.772550545021595,7.800095686266573,0.0,23.939235443435344,21.561098251774293,0.0,2657.29,31.4
36047001801,1588,7,38349.00638512481,0.0,3.2447257383966246,212.0,3.59032607704958,0.4873160887376844,6.35497797096229,28.926054640355837,1.3508695094154028,0.0,0.0394332759244508,25.04360227058129,34.20742016697348,0.0,35.9
36047001802,0,6,23963.51978403126,0.0,3.2690763052208833,226.0,0.3530595675434903,0.0,2.7178255811217125,34.50075715669809,1.1626703667009592,0.0,0.0049526411558184,18.079747231177972,43.18098745560197,0.0,0.0
36047001803,11,6,10384.95791266772,0.0,3.212121212121212,174.0,0.1571653744776305,0.0,3.0677881143078363,7.934564800155376,1.9690974139108863,0.0,0.0,6.259882834373229,80.61150146277504,0.0,60.4
36047001804,0,3,12691.66417165192,0.0,3.0714285714285716,147.0,0.0,0.0,0.0,11.26511074201168,1.456314251515252,0.0,0.0,7.1351365449718545,80.1434384615012,0.0,0.0
36047002000,1733,10,83036.66613911075,0.0,3.9183673469387754,97.0,2.329202455458304,2.0506789951739717,24.221351162043614,21.23362332441229,6.622852955310888,0.0,13.084088553103062,30.458202554497888,0.0,1566.5,36.2
36047002100,6452,10,94258.96872676317,0.0,3.375409836065574,561.0,4.210790347121783,0.9212507796589572,2.3426984883688986,35.21083688637821,9.928571212649665,0.0,10.180641629594312,30.217300722775388,6.987909933452796,0.0,34.7
36047002200,4650,15,86312.62716456265,0.0,3.6666666666666665,211.0,1.5797573258234372,5.075695563367218,9.941252238750094,28.81696860255759,16.344871101065763,0.0,14.075102397564164,24.166352770871736,0.0,804.85,38.4
36047002300,3385,6,99284.91774418416,0.0,3.3689839572192515,178.0,0.0,0.8373576214495183,0.0,18.724199568127535,47.07988112363257,0.0,7.404414545764472,25.954147141025903,0.0,672.63,46.6
36047002901,3177,1,105829.36611352254,0.0,3.247787610619469,106.0,0.0,5.928714676416214,0.0,27.311183213425895,34.08645779646803,0.0,11.899114360657853,20.774529953032005,0.0,439.52,36.9
36047003000,1844,2,96126.44385416474,0.0,3.372727272727273,99.0,0.4813656154399811,0.0,0.0,23.94609398956987,28.104160913114058,0.0,27.94609577472624,19.52228370714985,0.0,2509.1,40.2
36047003101,4074,2,72601.83460307843,0.0,3.173553719008265,105.0,0.0,14.006426189849714,0.0,33.56772536313735,22.24420615104136,0.0,17.095102187542874,13.08654010842871,0.0,3048.08,35.1
36047003102,0,5,80574.82016908117,0.0,3.05607476635514,98.0,0.0,0.0,0.0,18.488390978641743,77.69050123310419,0.0,0.0,3.8211077882540656,0.0,0.0,0.0
36047003300,4125,29,101961.53723916171,0.0,3.540880503144654,151.0,6.659854106246833,4.5034314485318045,0.0,24.70008513127333,18.85265013672823,0.0,28.391505040966983,16.892474136252826,0.0,2619.56,34.0
36047003400,3351,23,12323.898546853978,0.0,3.2335526315789473,272.0,0.0184030178229258,0.0822909927092728,0.0,4.4323939142984585,5.894692181492044,0.0,1.080981208661117,4.251923090530135,84.23931559448603,2175.83,45.9
36047003500,2178,20,106802.19507582395,0.0,3.4225352112676055,128.0,19.137266883241892,3.771396526233509,0.0,22.913954207569866,16.382140712549983,0.0,17.77803642235172,20.01720524805304,0.0,2373.4,37.1
36047003600,3843,2,103318.20618803086,0.0,3.6018518518518516,102.0,0.0,0.0958886651517732,0.0,27.63404471678315,19.95566945656664,0.0,37.25360328889718,15.060793872601254,0.0,1761.21,42.9
36047003700,4385,42,96043.0359427794,0.0,3.644171779141104,157.0,25.074768722397543,3.5034196547712027,0.0,19.939270369602145,3.5480625458984396,0.0,25.40629036300039,22.528188344330285,0.0,3488.54,33.9
36047003800,1539,4,20041.819043699084,0.0,3.3076923076923075,67.0,0.0,0.0,0.0,6.949190671380979,10.189066104032168,0.0,6.997151953908859,4.194064773988787,71.6705264966892,2602.17,46.7
36047003900,2986,21,95939.79093296724,0.0,3.80327868852459,118.0,4.4414512072073915,7.911749306853113,0.4959264962199007,22.782733549047208,21.23319997504152,0.0,26.403633271608783,16.73130619402207,0.0,3601.4,36.1
36047004100,3314,11,90302.58616185113,0.0,3.8333333333333335,111.0,2.7223974836229723,3.0297374366263243,0.0,18.281828477723675,34.66629984464008,0.0,31.641504028817167,9.658232728569772,0.0,4403.88,35.5
36047004300,3769,12,96865.47801908724,0.0,3.7739726027397262,143.0,1.5132533413172735,8.030217980755214,0.2017056021397974,21.86735929543112,21.15270092997358,0.0,31.61880808433791,15.615954766045103,0.0,3112.98,35.6
36047004400,2255,16,27667.822047728616,0.0,3.4626168224299065,200.0,0.0,0.0967497065757386,0.0,9.753281315289122,13.265028402780652,0.0,7.0890690366884925,3.773617808585424,66.02225373008056,2733.52,55.5
36047004500,3898,2,93971.8405902373,0.0,3.61744966442953,143.0,1.1289224680153946,2.973657201051703,0.0,17.01516222345157,38.472740364147555,0.0,32.73327602160549,7.676241721728293,0.0,3650.63,36.7
36047004600,1143,7,28026.802300363535,0.0,3.590909090909091,149.0,0.0509269912271092,2.073013826893064,0.0,10.977091315679704,12.960094004516812,0.0,4.850827632737431,4.415459520250513,64.67258670869536,2591.79,51.5
36047004700,1999,2,66041.05227652806,0.0,3.3607594936708862,150.0,0.0997404829938148,0.0,0.116186580411906,64.46533752810889,10.780236656299962,0.0,9.295790850471764,15.125657614701073,0.1170502870125982,2795.02,38.2
36047004900,2795,0,83562.3911674234,0.0,3.612903225806451,61.0,0.0,8.233894634915618,0.0,24.66035946986122,28.236275556550886,0.0,29.63671071721859,9.232759621453685,0.0,3205.13,40.0
36047005000,2564,9,23328.899356217316,0.0,3.507936507936508,119.0,0.0,0.1443398000295653,0.0,7.811154989599822,10.272687988191649,0.0,6.971229994906909,4.308125084017193,70.49246214325487,2577.17,42.6
36047005100,2439,3,101172.13070367636,0.0,3.647727272727273,170.0,1.2572761033047193,0.8435388530033262,2.3831802067603736,27.661339206130577,17.81810204928251,0.0,23.084241160340117,26.952322421178383,0.0,3440.63,38.4
36047005201,1751,8,28742.83298295254,0.0,3.3098591549295775,63.0,0.0,2.859656657457916,0.0,9.807424930333942,18.241346620500693,0.0,5.068963448376567,4.78055146613411,59.24205687719677,784.4,59.2
36047005202,2681,4,13755.40414278388,0.0,3.309090909090909,52.0,0.0,0.026240505348803,0.0,6.187729662451156,7.772565611026087,0.0,5.768651468035054,3.382219869071911,76.86259288406697,2060.44,49.2
36047005301,2095,9,19848.03780191023,0.0,3.4712871287128713,469.0,2.179687339357844,0.1855126584538644,2.3394799777060906,10.430587693064014,2.340692062397694,0.0,0.9341599936005526,3.345685273620771,78.24419500179917,2424.44,43.4
36047005302,123,0,14496.119039071536,0.0,3.2428198433420365,344.0,0.0259419177967369,0.0511170771845072,2.8765853448015735,9.891052065460457,4.194520258456391,0.0,0.0369790966795376,2.666942101457448,80.25686213816334,2684.79,36.3
36047005303,136,1,43838.43542968592,0.0,2.96,108.0,0.1699110169969803,0.0,1.2827387514761508,65.89630335147935,0.7514871677341244,0.0,1.222166964364245,12.233041316402309,18.44435143154684,3918.27,40.5
36047005400,3425,17,45814.95716055117,0.0,3.6095238095238096,101.0,0.7803327730906541,0.2462730231874104,0.0,15.636001340859275,14.299861435513852,0.0,16.152851681434278,9.296103614402885,43.58857613151165,1641.19,45.8
36047005601,2577,14,35003.5997676132,0.0,3.3333333333333335,93.0,0.2911718237280112,0.0275600401067686,0.0,11.632731484145774,16.64241317713648,0.0,10.58058877740962,6.223017840628141,54.60251685684521,2011.5,43.5
36047005602,1791,19,21650.91046920461,0.0,3.231578947368421,84.0,0.3946422354207203,0.4371753003569234,0.0,7.777445898572867,9.375141989353857,0.0,4.488228994307186,8.94461605220051,68.58274952978795,1853.79,44.2
36047005800,3115,11,100341.0357296419,0.0,3.511627906976744,160.0,5.312075881577107,0.6494334316893556,0.0928331683120169,33.37940586044217,16.134183750446052,0.0,27.455166542133764,16.976901365399534,0.0,1493.23,44.1
36047005900,1518,6,99407.13911889785,0.0,3.544378698224852,326.0,2.294210363819577,3.8769876465496345,13.51563211820694,31.142096580658237,8.217708814578108,0.0,7.284425426512834,33.66893904967466,0.0,2120.92,40.2
36047006000,2793,12,94755.86067298384,0.0,3.752475247524752,99.0,1.015205135923465,2.554964043559199,0.0,30.073975736482986,17.26456910537639,0.0,32.00944119239084,17.081844786267112,0.0,1702.73,38.6
36047006200,2653,14,90701.69413705551,0.0,3.742857142857143,100.0,0.4961576163659771,3.8710051578263,0.0,27.82189464400463,24.651428617185044,0.0,29.351217555174028,13.808296409444017,0.0,1605.77,40.5
36047006300,1904,0,97998.2240025405,0.0,3.49,97.0,0.5486618512221126,6.67183464714268,0.2031114212339724,28.716752297133095,23.808779885167407,0.0,24.92000820994478,15.13085168815594,0.0,3625.37,38.4
36047006400,3463,21,90547.15990418456,0.0,3.8524590163934422,119.0,0.4317652690611865,0.6371220337742076,0.0,27.790334365230073,24.917024421929284,0.0,32.900549876958536,13.32320403304671,0.0,1900.88,37.9
36047006500,6089,4,87415.87251342276,0.0,3.73224043715847,182.0,0.4266087670137565,0.4037111014640518,0.2350012673188949,24.829634408759983,32.89176770647472,0.0,31.57985579465717,9.633420954311442,0.0,3891.44,40.0
36047006600,4104,9,95972.8257822163,0.0,3.769230769230769,99.0,1.2649942115909485,4.960051529758766,0.0,27.171179236619288,21.275456449943277,0.0,32.14177174946334,13.186546822624395,0.0,1887.65,39.3
36047006700,4032,2,85143.65602831745,0.0,3.701923076923077,103.0,0.466534405206329,1.6142846219617226,0.0,19.41776402795192,34.24330936688636,0.0,37.14428067607577,7.113826901917891,0.0,4133.29,36.9
36047006800,4117,21,96199.25821548552,0.0,3.339869281045752,133.0,1.924975308017803,5.422178993847765,0.1000935544389646,28.293313516933992,17.41942819460316,0.0,33.100759557365826,13.7392508747925,0.0,1556.5,41.2
36047006901,1785,5,79489.99174017092,0.0,3.75,44.0,0.1517279760820976,1.4793477668004515,0.6069119043283904,20.08774926824698,27.768091744062342,0.0,39.85256674177158,10.053604598708135,0.0,2883.38,39.8
36047006902,1906,2,81408.69285130245,0.0,3.7,60.0,1.213861045810693,8.720487390816338,0.0,25.506708614011913,25.957219488407144,0.0,28.63333227418262,9.96839118677129,0.0,4348.77,33.5
36047007000,2591,10,99765.70730436868,0.0,3.5955882352941178,136.0,0.936474689678004,3.6970585769858375,0.0,27.771820069578503,28.623325880973535,0.0,15.771772690652824,23.19954809213129,0.0,1676.88,51.3
36047007100,4050,0,81554.11196407855,0.0,3.568,120.0,0.8913825269685541,0.0,2.196468906166533,26.92598784321664,35.85421593650387,0.0,20.872148367785428,11.227199425110705,2.0325969942482662,1034.35,34.4
36047007200,1759,9,87798.90141787606,0.0,3.648148148148149,52.0,0.8590128422262686,1.4173711896733432,0.0,29.13320567106232,10.398276056538698,0.0,25.096661494629995,33.09547274586938,0.0,1230.77,33.4
36047007400,5478,12,84402.21194664466,0.0,3.988636363636364,88.0,0.6305825051083297,2.4388223021681563,0.0,31.114140494745353,17.099179635816228,0.0,33.47617564266388,15.241099419498036,0.0,1412.58,35.7
36047007500,4766,5,85875.52087085597,0.0,3.636363636363636,191.0,0.2846589227430648,2.2604367144704662,0.4389013461184461,28.810160867758324,27.079487999522048,0.0,30.52899120796282,10.597362941424835,0.0,3257.21,40.7
36047007600,4096,14,79812.26461077442,0.0,3.9473684210526314,76.0,1.0471897696764665,2.0519396053065955,0.3907360471894944,27.612155288384,19.564180582219485,0.0,35.55179232436517,13.782006382858796,0.0,1416.94,33.7
36047007700,5974,8,81923.52953394191,0.0,3.5193548387096776,292.0,2.374453904879897,1.8666925004301895,3.387557953082871,41.73476935269509,17.469655426576118,0.0,16.124974707784258,16.64862290249626,0.3932732520553117,4092.83,36.3
36047007800,4713,12,71681.13758099935,0.0,3.876543209876543,79.0,1.531087495367944,0.8059645801651586,0.3986911685300741,28.474721205033227,19.67802707093455,0.0,35.540256418991426,13.571252060977612,0.0,1538.1,32.8
36047008000,3296,8,81064.91430106442,0.0,4.0,78.0,0.2476041731089713,5.812997267015045,0.1488150474947724,29.568882110252098,20.616275011293823,0.0,29.859013216891608,13.746413173943692,0.0,1370.19,44.2
36047008200,3985,2,89802.43982798143,0.0,3.816326530612245,95.0,1.4626191025771509,5.589981491398014,0.1466379048856269,32.13073310592076,18.440510859687627,0.0,26.968743999804133,15.260773535726692,0.0,1028.85,39.0
36047008400,2994,27,91876.88645293206,0.0,3.654450261780105,185.0,4.712020955409182,4.185609766841688,5.042612355403904,33.25114110952355,16.46389103165926,0.0,15.156268208806225,21.1884565723562,0.0,2232.69,38.0
36047008500,6401,3,82257.4798386355,0.0,3.511764705882353,161.0,0.0,0.0,0.1794483465215022,29.475619657144684,45.915779725258126,0.0,13.54289926198738,10.886253009088302,0.0,535.65,42.8
36047008600,0,1,85449.16924195271,0.0,3.2962962962962963,80.0,0.0,0.0,0.0,24.466405883094357,73.23315861283405,0.0,0.0,2.3004355040716025,0.0,0.0,0.0
36047008800,3221,8,58376.25737419864,0.0,3.5454545454545454,74.0,0.4504865263532059,0.6514364951537965,1.633593975606075,34.03252993023608,10.489463791662684,0.0,11.225423053002835,41.51706622798531,0.0,1840.52,40.4
36047009001,1305,4,58186.06461002394,0.0,3.5588235294117645,31.0,0.9910838083639733,1.3144243903356654,2.594892768634607,38.7124032814967,15.254438156951744,0.0,14.254407128502336,26.878350465714977,0.0,883.56,39.2
36047009002,1549,4,65418.42305727515,0.0,3.5294117647058822,31.0,2.6955142300692025,0.4607661706900985,2.4416751262720076,39.12097379148472,10.621386966014194,0.0,14.504494917100237,30.155188798369533,0.0,1196.63,26.0
36047009201,1986,0,86410.9068978556,0.0,3.8333333333333335,29.0,0.0,5.30441624064645,0.0,28.15936328099716,18.8837917357295,0.0,35.9881777387408,11.664251003886088,0.0,1612.0,41.8
36047009202,2648,0,79291.57390699598,0.0,3.8461538461538463,25.0,0.4282745184642706,0.3275228580339157,0.0,31.06575220981683,10.268437113212965,0.0,44.12666849616707,13.783344804304951,0.0,1031.56,38.8
36047009401,1946,1,99037.65065223158,0.0,3.96,50.0,0.2292847768608201,1.4223623294269452,0.0,27.71106579142813,13.94304824481906,0.0,41.27348143819819,15.420757419266836,0.0,954.23,39.2
36047009402,3280,1,83213.3455830169,0.0,4.0,36.0,0.3858355091443958,2.981733602717763,0.0,27.20210205031634,16.931468348578655,0.0,41.720742903359955,10.778117585882892,0.0,1652.48,35.8
36047009600,6040,1,80229.8661816437,0.0,3.957746478873239,71.0,0.2676560726298372,0.6405769372960705,0.0,28.15263965458113,20.88935693530756,0.0,38.715239454873746,11.33453094531167,0.0,1608.92,37.6
36047009800,6713,10,87402.21797353405,0.0,3.952380952380953,83.0,0.8307840390171303,2.7667633581294115,0.021689350527776,29.849140332536557,17.882555702993777,0.0,36.63238705928944,12.01668015750591,0.0,1166.9,36.2
36047010000,5489,1,83504.55843289188,0.0,3.975,80.0,0.6295314921629748,0.6431161941630933,0.0,28.294806736530095,21.75709584934516,0.0,37.944283320252424,10.731166407546242,0.0,1113.1,39.3
36047010100,4606,11,91240.78825000364,0.0,3.651821862348178,234.0,5.415251153620435,3.645956611007244,11.132205981065814,31.7342682597537,10.314192298163029,0.0,18.986061749574443,18.77206394681534,0.0,2628.94,34.0
36047010200,5201,5,84114.14112150675,0.0,4.0,79.0,0.3021642147250503,6.194121875909419,0.0,28.819670853272857,20.104107983042503,0.0,32.589720518565144,11.990214554485034,0.0,1262.85,39.4
36047010401,2060,3,75913.2554952892,0.0,3.8823529411764706,33.0,2.1812858199421377,2.862445186847202,0.524441497526906,29.153698957680664,12.092962628745491,0.0,38.54069823088994,14.644467678367649,0.0,1093.75,43.1
36047010402,2174,5,94767.86099758248,0.0,3.92156862745098,50.0,2.353354196651271,0.9493797606338754,0.0,30.849664707213908,9.879282808607902,0.0,40.087481277785336,15.8808372491077,0.0,774.13,41.8
36047010601,2138,2,88627.44801651668,0.0,3.709090909090909,51.0,0.6835841242382407,0.6686108003284462,0.0,28.910973023786557,15.945243395816922,0.0,40.24599678318495,13.545591872644875,0.0,867.42,28.8
36047010602,2088,1,90343.72980247316,0.0,3.625,51.0,2.9728163750095,0.6406714638110219,0.0,34.16639107665189,11.899595207358326,0.0,35.36598864586003,14.95453723130925,0.0,1257.15,39.7
36047010801,1878,5,93393.44635650536,0.0,3.8823529411764706,50.0,0.5803871645347778,2.579200389746744,0.0,28.76168190423235,18.388359111899693,0.0,37.30269658054168,12.38767484904476,0.0,1271.98,36.8
36047010802,2419,6,82947.89833577262,0.0,3.95,40.0,0.1396218353534936,5.904198240776968,0.0,36.33769199303202,10.73020358950335,0.0,32.45869596131752,14.429588380016654,0.0,1336.13,40.5
36047011000,2535,14,88845.41567509616,0.0,3.6354166666666665,90.0,1.4421895798544022,2.750420678244511,3.4155208771648207,38.33834366773068,8.038658694088952,0.0,12.977129572457768,33.03773693045887,0.0,1671.77,38.1
36047011200,6611,5,97940.76451677203,0.0,3.810810810810811,143.0,0.8031215791407991,1.664893512788827,0.4719616506426656,29.66545009980177,17.762439738688425,0.0,34.571795464623165,15.06033795431436,0.0,1160.54,34.3
36047011400,3683,6,98782.99509671071,0.0,3.746376811594203,131.0,2.6226786049216466,9.751143650059111,0.0,26.299878131420144,15.028600892380474,0.0,29.830093022435182,16.467605698783434,0.0,1424.29,34.9
36047011600,3233,5,88599.04642870596,0.0,3.873684210526316,92.0,0.7778457571413081,3.5951001086045937,0.0,30.74885553676011,22.2220983837487,0.0,30.83033652307607,11.825763690669216,0.0,1260.6,35.7
36047011700,2792,8,99501.95113914231,0.0,3.6818181818181817,170.0,3.070216992081116,0.0,11.990948140013463,27.29923903425521,11.185407929553424,0.0,24.03684634735552,22.41734155674127,0.0,2949.0,36.9
36047011800,1867,22,82905.97309682754,0.0,3.4525547445255476,128.0,5.530552739689471,1.6840629373608853,1.817765028761952,30.898681909575895,20.266615169319575,0.0,6.854795806924557,32.94752640836767,0.0,1197.56,40.8
36047011901,1378,23,88338.29041811188,0.0,3.3963254593175853,351.0,6.426463334914736,1.2979269845398342,11.202567563991828,40.398198347624366,6.065221328955896,0.0,8.696042597941481,21.3752714172236,4.538308424808269,3176.52,35.7
36047011902,0,2,52686.32859681136,0.0,3.324074074074074,100.0,8.768764438564665,0.0,14.826539125504077,35.45923123159836,2.4545230157273967,0.0,0.0,24.412779181206893,14.078163007398626,0.0,0.0
36047012000,1225,4,103322.16105420116,0.0,3.618784530386741,173.0,10.578519915326616,1.940595870559371,6.393117493901589,34.1717336933677,8.787068190641826,0.0,6.874428628981582,31.25453620722131,0.0,1403.6,35.1
36047012100,2157,20,88917.39112607486,0.0,3.6262626262626263,91.0,2.873612290246839,0.776586490444289,7.805709922839096,25.775266073601586,12.50815026415396,0.0,19.15252005869327,31.108154900020963,0.0,2506.87,35.4
36047012200,4655,13,87024.25953266355,0.0,3.7235772357723578,120.0,0.5752395267867108,0.8909022171109181,4.224127655076514,27.89739866766478,16.140051914505445,0.0,25.759686201130336,24.512593817725293,0.0,1039.83,31.5
36047012600,3020,7,86414.41397556521,0.0,3.5575757575757576,161.0,2.2282261609289895,1.3722625751316813,0.2878686463956403,24.033998584937702,29.30977708701375,0.0,14.328732396059486,28.43913454953276,0.0,1566.87,33.7
36047012700,4286,5,103459.28560927804,0.0,3.5123456790123457,153.0,2.108671016595016,0.3005612047831524,5.798934219069662,31.43540855767755,21.744294499157625,0.0,22.736121290344965,15.87600921237204,0.0,1225.96,37.1
36047012801,1987,9,123198.34857870523,0.0,3.3286713286713288,130.0,1.828039712326175,0.5184728830952595,0.1509514712758239,23.92035208147343,34.377026182463446,0.0,21.88057038521687,17.324587284148997,0.0,1428.96,36.4
36047012901,2539,14,91290.42900144449,0.0,3.901098901098901,90.0,3.30399781676586,3.295839296358367,0.0,23.217862555123375,24.88219855378055,0.0,29.415930930927153,15.884170847044706,0.0,0.0,37.5
36047012902,3822,24,94715.44626434354,0.0,3.775862068965518,113.0,0.3599822021196133,12.786444284338565,0.0,20.42726062383336,29.06333921695415,0.0,21.53010551212084,15.832868160633472,0.0,3529.04,33.3
36047013000,5598,13,86344.22843253597,0.0,3.5688073394495414,101.0,1.7086920524465503,1.3659705693416695,0.0,28.133386818621567,19.804749500682085,0.0,35.145287506323356,13.841913552584767,0.0,1518.12,34.3
36047013100,3533,4,88622.52671675093,0.0,3.9651162790697674,86.0,0.2049689191597627,2.923425556081862,0.0787194668506527,25.217142486047095,28.3476815803282,0.0,32.33649860054649,10.891563390985937,0.0,2059.29,37.9
36047013200,2088,21,103270.21960439862,0.0,3.6259541984732824,131.0,0.1292895004503764,0.0,0.0,31.698005892519696,28.941719913046754,0.0,23.921872698715795,15.30911199526738,0.0,1565.94,45.7
36047013300,4264,6,86996.27102806079,0.0,3.701030927835052,90.0,1.4600443297003007,0.0,0.1161302634026651,21.263910286500128,29.215362061565685,0.0,37.14146370064856,10.80308935818268,0.0,3871.12,36.0
36047013400,4209,23,81782.3472888468,0.0,3.5123456790123457,154.0,0.7408207148153514,1.3727621374349923,0.0,20.19218077763427,33.375113500625275,0.0,26.321666284169837,17.99745658532028,0.0,1920.88,36.2
36047013500,4294,3,89391.22736510975,0.0,3.6,102.0,0.0864308871050744,4.951000895670639,1.870248187357704,24.416402671693913,31.054271983515743,0.0,27.096264684934766,10.525380689722182,0.0,4267.69,38.2
36047013600,4090,6,82247.16982562136,0.0,3.68141592920354,108.0,0.2628147339159604,0.096454622962092,0.0,22.78288186231555,28.52604723213815,0.0,33.60086011410718,14.730941434561077,0.0,1695.81,40.3
36047013700,3101,11,93669.59045299308,0.0,3.783018867924529,101.0,2.9212954582067105,2.896385104685953,0.2409414193731214,23.91231530647453,25.10703579851734,0.0,31.893944629926757,13.028082282815587,0.0,3280.77,35.0
36047013800,3800,5,80398.13402465839,0.0,3.9571428571428577,70.0,1.7329422145202598,1.4905082631728568,0.0,27.00030753415157,20.213927716179168,0.0,38.51967882541856,11.042635446557592,0.0,2167.37,34.5
36047013900,3574,5,87694.67725460474,0.0,3.774193548387097,88.0,1.4603306526205222,0.4362319070480775,0.0701532410873854,23.270827463284803,24.519553820320372,0.0,33.581092018013024,16.661810897625802,0.0,3334.19,35.7
36047014000,1791,6,94504.06882375934,0.0,3.607476635514019,105.0,0.3578044096348478,0.683865229144411,0.0,33.198297606206545,18.024061769611823,0.0,30.642486369345377,17.093484616057,0.0,1175.21,40.9
36047014101,1483,1,84225.87965519581,0.0,3.9318181818181817,43.0,1.769738699365412,2.7777115559979113,0.281494449679199,24.483303475931397,24.04096527469786,0.0,32.10123525695777,14.545551287370444,0.0,4136.62,37.2
36047014102,2032,2,73694.52760389274,0.0,3.625,44.0,1.9838089706802913,0.9316170227533777,0.0,28.614009057870252,22.11241853874372,0.0,32.26390347540415,14.094242934548216,0.0,2187.5,41.6
36047014200,3534,21,80467.52691316982,0.0,3.557142857142857,132.0,0.5052974543242493,0.1310423342871837,0.0,22.30129392137856,25.76495499528681,0.0,23.98423679785797,27.313174496865223,0.0,1562.5,34.9
36047014300,3675,11,87086.29834537154,0.0,3.805755395683453,135.0,1.385176143586303,1.244868220241626,4.587641631955733,26.51591240897278,16.006063299306504,0.0,24.549461102431632,25.71087719350544,0.0,2299.88,33.8
36047014500,4681,5,88739.30109779541,0.0,3.934782608695652,137.0,1.5220930051334214,1.729710755500097,2.2536943820240833,34.96844014691295,15.764739628442449,0.0,23.285933051517787,20.475389030469213,0.0,2265.38,34.8
36047014700,2373,1,87700.08950373679,0.0,3.5526315789473686,72.0,0.0711313643377043,5.874727922066909,0.0,29.00692094775981,24.42793147980484,0.0,25.88344303824027,14.735845247790456,0.0,3131.67,36.1
36047014800,1233,4,82396.37749668774,0.0,3.955223880597015,67.0,0.2313536917916456,0.5928438352160919,0.0,36.92771353967344,21.206432457131815,0.0,27.229751139647213,13.811905336539814,0.0,1707.44,45.5
36047014901,1540,2,80197.05484962421,0.0,4.0,42.0,0.0,11.174305439299664,0.0,19.143390993095213,26.28501981473263,0.0,31.842509171128427,11.554774581744052,0.0,3195.4,39.0
36047014902,4054,3,92736.811302999,0.0,3.6328125,126.0,0.0,1.512062609016024,0.041041816649911,24.514191331732857,29.396358301634155,0.0,29.764318909637417,14.77202703132965,0.0,3295.12,38.0
36047015000,1437,11,90370.93795460583,0.0,3.710526315789474,113.0,0.4297078826902726,2.5853067827858327,0.0,37.50233446703064,18.5620751280762,0.0,26.65582353956414,14.264752199852918,0.0,1222.96,46.5
36047015100,4060,10,84869.78997616183,0.0,3.883720930232558,85.0,0.0,0.5021384845236901,0.2459203431645968,20.688474575126634,27.836402549097667,0.0,37.94597365238189,12.781090395705531,0.0,3632.04,42.3
36047015200,2294,9,76358.40473846438,0.0,2.9234972677595628,142.0,0.373931555311043,10.91605372224721,0.0,30.81166548287696,32.755375583405204,0.0,9.689944860461663,14.278308986825156,1.1747198088727608,1777.96,46.7
36047015300,2638,11,87133.6629816561,0.0,3.692307692307693,85.0,1.921280980312038,9.649671974952588,0.0,23.96332235687824,27.290775903590685,0.0,25.09618605610622,12.07876272816023,0.0,2967.04,40.6
36047015400,0,20,37565.99639483563,0.0,3.1059602649006623,143.0,0.0,0.0,0.0,10.690350747371603,85.17706945657767,0.0,0.0,3.77465696483894,0.3579228312118006,0.0,0.0
36047015500,3443,2,82773.82344281444,0.0,3.9078947368421058,75.0,0.2527216072630439,6.8890307870349625,0.0,19.895886916556805,31.93078658862251,0.0,32.37622337081605,8.65535072970662,0.0,3964.92,39.8
36047015700,5071,2,87642.63298510757,0.0,3.73,98.0,1.3313501444727598,3.7039097044969527,0.0,17.811900371691667,31.542318727467045,0.0,36.430578129475336,9.179942922396236,0.0,4037.31,35.5
36047015900,5377,19,99197.88167025529,0.0,3.689189189189189,217.0,0.3892553664362499,2.0693785322047917,0.0,19.008713024236755,37.429907034837,0.0,27.49669104934126,13.606054992943942,0.0,3881.88,38.9
36047016000,4426,21,88006.28234809612,0.0,3.4272727272727272,202.0,6.910259366172733,2.2956410051142613,0.1204744689117953,26.495540269422477,16.510779139185047,0.0,22.064229678590255,25.60307607260341,0.0,1613.85,40.0
36047016100,3468,16,96296.7219631737,0.0,3.683870967741936,152.0,1.544761694144731,1.0001308711655583,0.5452605201678178,28.743685639366653,25.28188555906142,0.0,25.37479312043966,17.50948259565416,0.0,3312.19,38.9
36047016200,2267,10,72716.37282605338,0.0,3.1974522292993632,140.0,0.2725485354303124,3.7947741533829817,0.0,27.738148281014674,30.307258521558634,0.0,11.964364564167113,25.92290594444629,0.0,1928.42,46.1
36047016300,4370,8,78095.41507807685,0.0,3.559322033898305,112.0,0.9973432794228204,0.6927953689922364,0.8974960454980757,30.09661589519064,24.259050351224595,0.0,22.130169047060885,20.92653001261076,0.0,3781.35,34.6
36047016400,980,10,39745.26341038765,0.0,2.9171875,537.0,0.0,6.093126906291626,0.0,13.864051336033114,24.555596142000613,0.0,0.024737035906954,10.896620282556356,44.56586829721133,2055.29,25.8
36047016500,5742,0,86180.92227379674,0.0,3.7155172413793105,114.0,0.0,1.629551747751412,0.0,18.19491582347131,32.42199055648335,0.0,39.54447305457009,8.209068817723834,0.0,0.0,38.2
36047016600,2201,6,92799.39854758006,0.0,3.8926174496644297,148.0,0.0,1.7313188669293462,0.0,34.82483843507496,25.546002340888727,0.0,25.142501138692452,12.755339218414512,0.0,2204.52,44.5
36047016700,4800,10,84221.64527603277,0.0,3.8191489361702127,94.0,0.3800379022383959,2.023964831427928,0.0,20.23377903153747,29.066157340060386,0.0,37.9678246991814,10.32823619555442,0.0,3656.25,40.1
36047016800,1763,2,48368.898208409344,0.0,2.7134146341463414,127.0,0.0,0.0,0.0,18.44618778907407,17.41779330454354,0.0,11.289536416564149,11.50903070197616,41.33745178784207,2275.79,42.8
36047016900,4714,7,90135.65993894362,0.0,3.5632911392405062,145.0,0.1437810843905743,1.9587860763954232,1.3282957999386509,25.616232029569534,26.311189876356828,0.0,32.69269862849738,11.949016504851617,0.0,2706.29,41.2
36047017000,3503,16,92972.70679597813,0.0,3.732824427480916,129.0,0.9778777874610148,1.4543073325276377,0.0,38.65573990785282,15.62347788190744,0.0,27.71175040081934,15.576846689431749,0.0,1969.56,43.8
36047017100,4139,5,94433.1434233872,0.0,3.550632911392405,148.0,0.9266610821478756,1.0261702260462164,0.0,23.819264119571763,30.10810264542514,0.0,32.59062273805964,11.529179188749346,0.0,3358.58,39.8
36047017200,2746,12,100464.34960474812,0.0,3.6934306569343063,132.0,3.107072219540635,0.7882580651862789,0.0443495815396334,39.27689769549042,13.15214000895498,0.0,25.747100010229143,17.88418241905891,0.0,2617.23,47.7
36047017400,1925,6,46333.32183592147,0.0,3.4545454545454546,75.0,0.0837120948116447,0.0,0.0390001654709124,21.012666725896526,18.45469814789654,0.0,13.29567167662126,11.18714546038071,35.92710572892239,1992.19,46.3
36047017500,0,8,63788.666031271045,0.0,2.6188373804267844,1026.0,0.0,0.0,0.0,2.8761028240290467,88.5264465809213,0.0,0.0,7.559667292730261,1.0377833023193932,0.0,0.0
36047017600,2228,11,62779.722467069034,0.0,3.161290322580645,110.0,0.5990434679942424,0.0,0.357508520229441,16.578055389388624,16.48872076928899,0.0,15.451388226350485,11.975476235481612,38.54980739126661,1746.79,48.4
36047017700,0,44,68093.87962176406,0.0,3.166908563134978,1301.0,0.0,1.50700033572648,0.0,10.790651713544069,74.33502923144695,0.0,0.0,5.814590806147173,7.552727913135328,0.0,0.0
36047017800,2517,17,117235.41299436025,0.0,3.767295597484277,156.0,3.4894186067164124,1.5652257984396205,0.4330444667253234,34.577343506658764,14.532925217288984,0.0,26.192893653046575,19.209148751124324,0.0,1767.75,41.8
36047017900,4183,15,111228.03286176508,0.0,3.3703703703703702,174.0,0.2647292191695438,2.3371122733213223,0.0,31.985304421220107,28.034008033779347,0.0,18.549483308798564,18.829362743711123,0.0,1996.85,40.2
36047018000,2948,4,77780.76454748573,0.0,3.692307692307693,87.0,1.3518279231069137,2.26279824322133,0.1028299266412029,36.9431114461059,15.932918685827184,0.0,27.14944001410866,16.257073760988803,0.0,1152.62,40.7
36047018100,3905,17,84298.20815752952,0.0,3.8613861386138617,100.0,0.1484009218081973,3.719125810726064,0.0,17.807036452935925,40.945113947693066,0.0,28.99693135593045,8.383391510906302,0.0,3371.04,34.7
36047018200,3708,4,94516.6307466632,0.0,3.7196261682242993,102.0,0.3808018757496214,4.888462346090805,0.1401151627860422,35.26060756083763,11.94141771419942,0.0,30.051526473916233,17.33706886642024,0.0,1514.42,38.0
36047018300,2821,6,86208.40299574338,0.0,3.78021978021978,90.0,0.406906116148252,6.697155823389735,0.2624233290066117,20.724149383148223,32.79565131571832,0.0,28.66375044645218,10.449963586136676,0.0,3740.75,35.4
36047018400,2108,0,97408.72744976722,0.0,3.75,107.0,0.2291605621694313,2.278204419228264,0.0,37.31038872097007,18.278716333672605,0.0,27.08098912896145,14.822540834998186,0.0,1566.67,47.5
36047018501,4583,1,73358.78260675143,0.0,3.36231884057971,65.0,0.0,0.0683053633245428,0.0,23.5357435962563,37.33812404229853,0.0,18.28589661168435,20.77193038643628,0.0,863.02,39.1
36047018600,1907,0,86125.02467774478,0.0,3.96875,64.0,0.0,0.0,0.0,36.10621175674081,14.619042001548964,0.0,37.47508578286804,11.799660458842176,0.0,1474.37,45.7
36047018700,1356,4,95995.95968231076,0.0,3.7547169811320753,52.0,0.2616353500907621,3.540259529630326,0.0,22.956360253472607,32.334243170876256,0.0,20.087158141625235,20.820343554304824,0.0,2677.52,40.4
36047018800,2865,8,86633.7847737486,0.0,3.978723404255319,94.0,0.4330394065546235,0.6620947485559875,0.0682768993684762,35.65284428798257,16.396982246366015,0.0,31.621763173516076,15.16499923765626,0.0,735.13,40.6
36047019000,4171,5,95741.00641592554,0.0,3.8037974683544302,154.0,1.9972717587070168,2.256787658247106,0.3548612141882801,38.26803106306646,10.48147131891849,0.0,30.282343742070733,16.359233244801896,0.0,938.92,41.1
36047019100,3029,4,80322.05645214322,0.0,3.5416666666666665,137.0,1.0442043132731906,2.7531897906819705,7.828776358587107,24.031660520059734,19.09346094084818,0.0,17.894152333143232,27.35455574340657,0.0,2864.02,32.9
36047019200,3118,11,98895.63507539948,0.0,3.6223776223776225,132.0,3.352906117392485,1.0740263125554597,2.592352178152647,28.742739047078587,19.102253443984218,0.0,16.8930837735498,28.24263912728681,0.0,1390.44,33.0
36047019300,6619,11,120921.8584061799,0.0,3.0076142131979697,329.0,0.2330235392622577,11.519461702120111,0.0,27.1193882619139,41.140737309011755,0.0,10.490036201871671,9.497352985820292,0.0,1528.94,30.9
36047019400,3293,0,84400.9517258177,0.0,3.774774774774775,109.0,1.820142798380893,5.172397372885925,1.1653514281716422,35.95040465675043,16.478192016462692,0.0,21.907850276293843,17.50566145105457,0.0,1270.77,40.4
36047019500,4104,4,97376.2526723522,0.0,3.730769230769231,100.0,0.2025127165339581,6.025968670979679,0.1237230468124987,21.542035738067614,36.188719235363585,0.0,25.723073581720236,10.19396701052242,0.0,2679.4,41.6
36047019600,3872,10,84517.42872729352,0.0,3.9504950495049505,100.0,0.8907887006694098,3.2730724078303393,0.1064327260492753,35.97703842995102,14.585010627483596,0.0,32.27572417444274,12.891932933573608,0.0,1428.69,47.9
36047019700,3619,17,100330.6146398642,0.0,3.61744966442953,144.0,0.3505367940107043,5.594196586081965,0.1267407659527695,23.295732194441833,34.951467719409806,0.0,23.659571883457826,12.021754056645094,0.0,2331.44,41.9
36047019800,1823,10,85284.6918401181,0.0,3.973684210526316,76.0,1.2504876135833218,0.203883850040759,0.0,37.366222287908634,15.019068660090223,0.0,31.64002109435025,14.520316494026815,0.0,1512.94,40.9
36047019900,4311,20,99160.17218081967,0.0,3.888,124.0,2.833484009553964,3.969939531080023,0.7073649035104128,27.80573824870752,23.46916238139496,0.0,25.874499163592382,15.339811762160751,0.0,2513.23,32.0
36047020000,2337,14,87479.36819295262,0.0,3.735632183908046,81.0,1.6600374607488009,0.3078847240225902,0.0,34.320021810988415,14.491442658016958,0.0,35.48971819572196,13.730895150501269,0.0,1888.73,40.8
36047020100,3993,9,86136.22972156436,0.0,3.7291666666666665,94.0,0.188840479365438,1.2124516335893285,0.4339707108095498,23.95758916375427,32.99648683452717,0.0,30.23727828037413,10.973382897580104,0.0,2903.42,38.0
36047020200,1717,2,90789.20119597488,0.0,3.758241758241758,86.0,0.0,0.2050361280040032,0.0,33.86338099965953,17.971860586705443,0.0,33.21882576050458,14.74089652512645,0.0,1531.6,43.7
36047020300,2074,15,97570.03637687751,0.0,3.80327868852459,122.0,2.5785310908000936,3.790444901670684,1.1355766400233396,31.831126903026572,17.071719135947365,0.0,22.330791540003627,21.26180978852832,0.0,3092.21,36.3
36047020400,2037,4,88093.13405560073,0.0,3.864197530864198,79.0,0.0,0.0681174692400114,0.0,32.60815203180258,20.50517236662036,0.0,34.07462869616174,12.7439294361753,0.0,2753.12,46.5
36047020500,3834,6,82623.98124437864,0.0,3.881720430107527,92.0,0.9620001248236938,3.521616092553563,1.1662519558152311,25.8476553630406,26.517957466245576,0.0,27.752059630744917,14.232459366776416,0.0,3171.65,33.8
36047020600,2590,13,86338.66666396918,0.0,3.78125,94.0,0.0,6.310892240705483,0.0,32.528414218821716,19.878865162985637,0.0,28.209577695581196,13.072250681905963,0.0,1681.65,41.4
36047020700,4628,3,78783.96803163664,0.0,3.808219178082192,72.0,0.0,0.8011464373296369,0.0,24.074458292820932,27.34698402503347,0.0,35.736945344600926,12.040465900215043,0.0,3670.06,35.1
36047020800,2573,4,84643.0372140974,0.0,3.949367088607595,78.0,0.2249166643676812,0.4325320468609255,0.0,34.401436819652716,13.434286411618338,0.0,37.27049350258671,14.23633455491362,0.0,1259.44,52.1
36047021000,3794,11,92242.69272692494,0.0,3.911111111111111,89.0,0.2027368030986552,0.3378946718310921,0.0,37.07715047555966,12.361598539860443,0.0,35.869208888229586,14.151410621420569,0.0,1345.58,37.8
36047021100,2778,9,83495.91341543915,0.0,3.358108108108108,139.0,5.058419766506487,4.190747573262743,10.51279600234191,30.40589986953616,21.394312802195653,0.0,10.391938234201383,18.045885751955662,0.0,1638.94,32.9
36047021200,3150,3,97695.73947727804,0.0,3.8125,139.0,2.097368830495679,2.25470904886513,0.1971891982981951,36.03202601325678,13.077493859782116,0.0,29.672520324296396,16.668692725005698,0.0,1081.73,38.9
36047021300,4523,6,91966.85414779645,0.0,3.583941605839416,132.0,0.2610676581563827,8.341857490135487,1.302796509841626,31.989603377325835,26.368008901478262,0.0,14.729687437938814,17.006978625123587,0.0,1585.12,38.6
36047021400,2580,18,85003.81236513842,0.0,3.7604166666666665,93.0,1.6913921552192532,2.139595777177825,2.3557743571201017,31.110134958458648,19.679753600088844,0.0,13.061664035692962,29.96168511624236,0.0,1504.12,24.2
36047021500,5595,5,87268.36015058537,0.0,3.752577319587629,95.0,0.4723083301337018,5.780691875532688,0.1447631244107655,28.65293547949307,19.847448109527154,0.0,30.302209105755004,14.799643975147616,0.0,2906.81,37.9
36047021600,3885,16,83059.54856032044,0.0,3.865168539325843,86.0,0.1603531958952156,2.3619018345811664,0.0,29.599189555406102,23.828714197808697,0.0,31.998312339298007,12.051528877010805,0.0,922.12,21.4
36047021700,4210,15,75855.10181048237,0.0,3.8181818181818183,53.0,0.3487521200879999,4.208044566086649,0.0,24.912747273076512,26.68667974766924,0.0,28.0885304043338,15.75524588874579,0.0,2172.25,33.0
36047021800,2760,4,93966.1271660718,0.0,3.9491525423728815,118.0,0.9732076544981098,2.3992130522253543,0.2476322946776711,24.189427840495277,20.752752102430613,0.0,37.05747239569607,14.380294659976906,0.0,1332.52,26.8
36047021900,4258,13,98057.99207289371,0.0,3.7413793103448274,115.0,0.7220605733467179,1.195124861678238,0.0,25.091452966004947,24.19922895201544,0.0,32.82105562579424,15.97107702116042,0.0,2357.48,35.3
36047022000,5854,22,98483.39598881722,0.0,3.9473684210526314,151.0,2.981723095866423,3.75495424098842,0.0,24.921596972627835,16.934627187050474,0.0,35.19045622941802,16.216642274048823,0.0,1142.21,18.4
36047022100,3724,9,83206.50408245064,0.0,3.6666666666666665,115.0,0.3002511797684606,5.8132465948869525,0.0534849574292515,25.449763976342044,24.163095236278917,0.0,27.596332631885364,16.62382542340901,0.0,1673.48,34.1
36047022200,4050,5,99456.27514839356,0.0,3.8926174496644297,148.0,3.6242351799598698,1.8674448212118144,0.1380854659272142,24.84321961275901,17.581269162814074,0.0,35.53658929842841,16.409156458899613,0.0,1006.94,23.5
36047022400,5786,7,83999.11601242259,0.0,3.90625,95.0,1.1409467746819804,4.732492962116549,0.2693758485727542,32.29087194651741,14.386585409204937,0.0,32.61412505205521,14.56560200685116,0.0,1078.94,18.6
36047022600,2844,11,87913.39092801642,0.0,3.7413793103448274,111.0,3.6576080267973734,6.617239609448103,7.319901803191094,35.372947595004376,6.699494058334195,0.0,19.673540196257527,20.659268710967332,0.0,1666.44,16.6
36047022700,4833,28,89579.23422736114,0.0,3.625,163.0,1.4712284454284985,4.022212365691966,0.8856861097906926,32.91037789449197,18.11855690481117,0.0,24.443710623776568,18.148227656009137,0.0,2291.31,32.6
36047022800,3496,5,89347.5034039498,0.0,3.611111111111111,122.0,7.864996983389693,1.85398840640196,2.3574176187421956,29.771820817541176,16.39313744502051,0.0,23.446441440744795,18.31219728815967,0.0,1074.96,22.3
36047022900,3650,13,90197.02379337217,0.0,3.6271186440677967,112.0,0.0515377574458076,3.038878313309873,0.2039752933211384,27.774876026349357,27.84540235550868,0.0,27.908742730077226,13.176587523987916,0.0,2684.79,32.7
36047023000,4202,7,81655.27646955145,0.0,3.857142857142857,83.0,1.1608745278789414,4.905002396719753,2.5149078141218455,27.857226687973608,16.9446099463006,0.0,32.80262396068417,13.814754666321086,0.0,629.33,20.7
36047023100,3530,6,88909.83736650585,0.0,3.65,96.0,0.502556528801013,6.340874212820065,0.4085825437406609,26.196317354501236,24.797790270120466,0.0,29.97175227241543,11.78212681760112,0.0,3080.75,36.2
36047023200,6611,3,86159.9330126838,0.0,3.921875,128.0,1.2047240113746631,5.725430295219536,0.2076349632892541,24.95810953025852,20.3143728516094,0.0,35.97789635520467,11.61183199304394,0.0,1213.35,17.1
36047023300,5988,11,94368.13106260348,0.0,3.4465408805031448,153.0,0.6595518024111217,0.9856240491888588,0.7411828569525064,24.02437758647447,33.94584557209899,0.0,26.579658921479055,13.063759211394997,0.0,1503.4,33.1
36047023400,5663,8,85456.03406901992,0.0,3.978021978021978,91.0,1.0161991026259884,4.4285888875510055,0.0,25.48893402218567,22.10932527900799,0.0,34.49730425782546,12.45964845080388,0.0,722.83,20.7
36047023500,5527,6,81052.79621313441,0.0,3.688172043010753,89.0,0.1352485045767624,5.72017438414362,0.9552626550454916,32.02188743148979,17.952420897907057,0.0,29.914554327527547,13.300451799309744,0.0,2152.25,22.1
36047023600,6444,10,80611.96880297725,0.0,4.0,82.0,1.333417957408542,5.512418805821262,0.0,23.77841262311834,22.9258267854404,0.0,34.869488144124695,11.580435684086767,0.0,759.21,17.2
36047023800,5584,4,82256.53194592267,0.0,3.903225806451613,91.0,0.3158863750227274,3.785552812949864,0.0,25.262305517031912,22.390389653909068,0.0,35.787597097386566,12.45826854369987,0.0,843.13,12.7
36047024000,5598,8,88789.69829122683,0.0,3.9473684210526314,113.0,0.6049789228083365,2.7434140058651453,0.3232765017017939,26.41905506854967,21.326022827996315,0.0,34.390161856051584,14.193090817027164,0.0,727.56,21.6
36047024100,3154,20,97096.00661473328,0.0,3.5220125786163523,147.0,6.310644283316506,4.070705962459827,4.6135729132955765,33.873090050510434,11.65998420520816,0.0,20.38180131602023,19.090201269189265,0.0,2725.33,31.0
36047024200,3402,13,91707.2551699852,0.0,3.748031496062992,122.0,2.7535336078404304,1.927956583904208,1.0788807807775056,28.94709519594658,21.65103907906695,0.0,25.066152794344184,18.575341958120156,0.0,1139.92,19.0
36047024300,4419,20,76795.02829996926,0.0,3.753623188405797,69.0,0.2072632586541343,1.8920342605963296,0.1763942626843697,30.2326369971726,23.223310207363973,0.0,30.779799270933967,13.488561742594616,0.0,2350.06,39.4
36047024400,3556,18,87351.7223591991,0.0,3.973684210526316,76.0,0.0,2.4454327314943076,0.0,32.75070097058913,16.88442325152163,0.0,34.410197095345445,13.50924595104949,0.0,1469.56,30.2
36047024500,4383,20,78458.61254101129,0.0,3.76,75.0,1.3890178851849249,0.6865524973373035,0.0,30.481448253579405,21.58841829093798,0.0,32.221915993358145,13.63264707960225,0.0,1984.5,35.9
36047024600,3298,13,93137.40955634674,0.0,3.747747747747748,106.0,0.0,2.260341918346602,0.0,34.03881859529271,14.912681104292403,0.0,33.646047628161774,15.14211075390652,0.0,1379.06,32.8
36047024700,2547,21,101014.77562696688,0.0,3.3626943005181347,182.0,10.656909474521813,2.727929768438813,3.774440780152516,30.64376424292155,12.319640985215011,0.0,18.97833478791676,20.89897996083354,0.0,1098.19,35.6
36047024800,2543,11,81486.40484568263,0.0,4.0,83.0,2.150431092707009,1.9544094761328696,6.331094803224537,30.98450748858564,10.578814721724653,0.0,24.40346880251016,23.59727361511512,0.0,1525.77,35.0
36047024900,4147,9,81115.90790860326,0.0,3.759036144578314,81.0,0.691179168548339,5.033484342208891,0.0,26.16839713308003,26.553132721317997,0.0,29.338234602646708,12.215572032198033,0.0,1629.73,31.7
36047025000,1433,7,98855.27734703074,0.0,3.645390070921986,131.0,2.274074801016433,4.881926131042352,7.474624344682297,34.989561979955106,8.985890730383428,0.0,13.791608878693143,27.60231313422723,0.0,985.58,44.2
36047025100,3990,4,83200.2849414646,0.0,3.731707317073171,77.0,0.1615414446387793,1.8816410821111147,0.0,30.220874252428928,25.97457126605004,0.0,28.065830494024723,13.69554146074642,0.0,1131.85,34.6
36047025200,4460,6,89481.75118687532,0.0,3.774509803921569,101.0,3.084937349561839,0.2406582037688417,0.0,32.08526937834387,14.172443998538578,0.0,35.02623728023041,15.390453789556462,0.0,1038.69,44.1
36047025300,3904,3,76248.22371240328,0.0,3.727272727272727,75.0,1.6791660867401736,3.965005105284274,0.0,35.345546508302725,23.307489368060057,0.0,21.48482538285314,14.21796754875963,0.0,2225.0,29.7
36047025400,3437,8,90934.36919224172,0.0,3.8020833333333335,91.0,0.385991568407183,0.6366180381715693,0.0,33.67709218978987,12.543386718644143,0.0,29.84529694876384,22.911614536223382,0.0,1711.94,35.4
36047025500,4940,5,62205.536348483365,0.0,3.3661971830985915,64.0,0.0,0.0,0.0,25.226944790952366,49.4595787464155,0.0,15.166658828046506,10.146817634585622,0.0,517.42,40.4
36047025600,2815,2,80892.52468331218,0.0,4.0,76.0,0.6378784146730834,3.040481577580105,0.0,37.383329853377745,14.29487911519156,0.0,29.420625697202517,15.222805341974995,0.0,1370.19,54.6
36047025700,3370,12,95213.4720955073,0.0,3.474074074074074,131.0,0.4146112491893277,5.727018976533095,3.4738703593679214,42.509726751449094,12.021266306036235,0.0,14.732521231782698,21.120985125641617,0.0,1706.73,29.2
36047025800,4068,3,88422.57128693299,0.0,3.8842105263157896,94.0,0.1053715714981119,1.0418492549293323,0.0,31.90817182452317,15.93540874113414,0.0,39.70180344299263,11.307395164922625,0.0,1291.67,38.5
36047025901,2217,4,80298.83526165708,0.0,3.9,40.0,0.0,9.25486397840453,0.1542373370744638,34.5293446865959,20.135732215540884,0.0,21.640916014130685,14.28490576825353,0.0,1730.77,30.2
36047025902,3796,1,90867.05502481472,0.0,2.982456140350877,47.0,0.0,0.0,0.0,16.03037634262174,60.12976634121326,0.0,13.978595868425211,9.86126144773979,0.0,0.0,29.5
36047026000,2909,8,90838.23462169657,0.0,3.9479166666666665,96.0,1.52550768146533,0.115753892025866,0.0,33.254352402902455,16.171025004771906,0.0,36.77028487935991,12.163076139474535,0.0,1308.52,45.2
36047026100,5743,8,80302.51123155652,0.0,3.834862385321101,108.0,0.184552884677831,1.5027670970394054,0.6010634146076026,32.280120101160996,18.685840965955293,0.0,31.33213428347755,15.413521253081337,0.0,1986.04,31.9
36047026200,2645,4,99487.83140467315,0.0,3.846774193548387,123.0,0.4451147525176817,0.0,0.1172904364407121,36.84471182936981,19.194397706736464,0.0,28.109026612072743,15.289458662862604,0.0,1918.27,42.0
36047026300,2216,8,94929.31453593427,0.0,3.56,98.0,0.0,1.1163738888109174,0.0,28.45072001189541,41.2264393604627,0.0,17.408341233829567,11.798125505001414,0.0,1645.12,36.3
36047026400,4554,15,94333.19379606588,0.0,3.8484848484848486,129.0,1.2494962479216642,0.0323763603015052,0.0,33.452494857080154,12.859052168275118,0.0,36.98030764384389,15.42627272257766,0.0,1342.46,35.6
36047026500,4101,3,78941.18036230945,0.0,3.759493670886076,75.0,0.2717695801636875,4.330374106384511,0.0,24.91171404702567,31.352648379812315,0.0,28.315559319929527,10.8179345666843,0.0,1578.62,33.7
36047026600,3431,4,83273.96938263428,0.0,3.952941176470589,84.0,0.4093144258564518,0.5211718721545031,0.0,32.51303825091932,16.41842057219989,0.0,39.08143961623624,11.056615262633615,0.0,914.31,39.3
36047026700,4057,9,87296.98851609409,0.0,3.976744186046512,86.0,0.0,1.4007491080957708,0.0,24.755788258878745,30.541559853748897,0.0,33.124999209108594,10.176903570167998,0.0,2892.04,36.4
36047026800,4416,13,82480.29868887251,0.0,3.9859154929577465,71.0,0.2435599711360684,0.5480099350561539,0.0,30.750512576588445,19.90058489689964,0.0,37.46597789996243,11.09135472035727,0.0,1739.27,40.6
36047026900,3444,13,78354.46234645887,0.0,3.724637681159421,66.0,1.3634431796136393,5.585546251040266,0.0,26.046396763487653,27.497476500315184,0.0,27.14651076236973,12.360626543173527,0.0,1846.27,33.4
36047027000,2582,5,87905.51712640113,0.0,3.835616438356164,70.0,0.2150722313595809,2.243920280518295,0.0,34.548123267163334,17.323690596947234,0.0,32.65667514575445,13.012518478257109,0.0,1193.9,41.8
36047027100,3652,27,89570.27826406693,0.0,3.3058252427184467,187.0,0.6792009160238224,9.086670535884323,0.4968672285485959,43.42614298664203,19.423223453886088,0.0,12.999330028305868,13.88856485070928,0.0,1623.31,32.5
36047027200,3750,0,80704.29781687843,0.0,3.95,60.0,0.1511294128230419,0.5289529448806467,0.0,33.57455195453489,18.11248308329178,0.0,36.28738105411495,11.345501550354683,0.0,1150.04,40.9
36047027300,4176,15,79561.09855628942,0.0,3.694117647058824,81.0,1.3131387111431687,5.292020993517707,0.0,27.403386281500687,32.99804927423236,0.0,22.824617703645583,10.168787035960484,0.0,2347.94,34.2
36047027400,2943,9,89464.85027225006,0.0,4.0,88.0,0.2444049252916275,2.4591633734496474,0.0,37.76787667000065,13.890012633428787,0.0,32.59522030027347,13.043322097555814,0.0,957.69,54.8
36047027500,5272,16,82474.79675520925,0.0,3.986666666666667,75.0,0.0,4.691125855384318,0.0,23.41539266526573,28.707015424114104,0.0,32.86575804846711,10.320708006768744,0.0,1629.92,39.1
36047027600,3680,8,88457.66132818401,0.0,3.847058823529412,85.0,4.737538267877533,0.1864312367922922,1.4148003515322547,35.771210984088555,10.467928556723724,0.0,31.639084206825466,15.783006396160168,0.0,1220.13,38.8
36047027700,4303,11,90884.98549371197,0.0,3.851063829787234,91.0,0.2167706927772837,3.328513987595191,0.0,29.886922189520035,28.402797242037995,0.0,26.217195956265588,11.947799931803914,0.0,1173.88,34.2
36047027800,3134,16,93404.4043054223,0.0,3.641509433962264,101.0,3.5782158346276094,3.179176591268273,0.0,33.38283318099962,15.45251894268199,0.0,26.75311404647446,17.654141403948056,0.0,1322.92,41.8
36047027900,4266,12,82605.473755265,0.0,3.768421052631579,91.0,0.4241819608373857,0.8677437587936394,0.5028428985961575,29.859478456058273,25.669967773330157,0.0,29.338708677308077,13.3370764750763,0.0,1764.83,34.7
36047028000,1708,7,65337.90619039355,0.0,3.5764705882352943,82.0,1.7231452252937844,3.6204707340402105,1.6434542313384886,24.044257305839345,11.657435667817415,0.0,15.242653342213869,13.964913680192597,28.103669813264297,1830.92,46.2
36047028100,5240,14,88636.05223665299,0.0,3.388059701492537,118.0,1.3365907948266853,6.090363651936898,0.2018084464638765,34.8702347587577,18.605293337179447,0.0,23.41115208724563,15.484556923589752,0.0,881.73,30.0
36047028200,3239,2,54757.46373718997,0.0,3.695121951219512,80.0,0.2874147849260026,1.5401963610344698,0.0,23.90408666789183,15.576416249091531,0.0,16.700718489382247,11.723638854933984,30.26752859273993,1017.81,42.4
36047028300,3976,9,91792.120580482,0.0,3.425925925925926,98.0,0.5825423981142696,1.5410975903572788,0.0,34.083900199281615,23.011566282583413,0.0,25.495607810151313,15.285285719512109,0.0,1020.0,35.5
36047028400,3675,7,84976.04397632003,0.0,3.825581395348838,85.0,2.3016203703918015,0.0,0.0,36.109744809782576,11.785914980559282,0.0,35.005022361440176,14.797697477826173,0.0,1152.96,41.3
36047028501,589,15,88059.58980734996,0.0,3.1714285714285713,62.0,1.9762332634762396,29.356290955164837,0.0,33.7254546976428,10.83622531964206,0.0,6.3402865042212255,17.76550925985283,0.0,1114.79,33.8
36047028502,3144,11,103692.6141822775,0.0,2.6458333333333335,139.0,0.0,1.2186158127779052,0.0,16.833815325412402,59.175967758794904,0.0,11.678079153985935,11.093521949028856,0.0,287.38,39.0
36047028600,5092,2,74951.37216169745,0.0,3.087912087912088,151.0,0.4968330526086187,0.0,0.0,22.24797196318517,17.733754928340108,0.0,20.448961885580363,14.244600813016175,24.827877357269557,921.6,32.8
36047028700,3398,20,94033.462814536,0.0,3.598360655737705,118.0,2.029527355844944,1.795429072093215,0.1558992299891647,31.623868276351853,20.117902897388714,0.0,26.55699731081024,17.720375857521855,0.0,2047.35,31.5
36047028800,3578,8,84463.01104834942,0.0,3.844155844155844,77.0,2.3878269940471504,2.4376380641865327,0.0,33.742256223901826,13.378643155472725,0.0,34.16598449538505,13.887651067006717,0.0,1481.58,39.1
36047028900,4147,17,89846.79976393691,0.0,3.3893129770992365,117.0,1.2768762961522582,3.0117493457195605,0.1522094124065271,35.24095323506436,19.557250324791628,0.0,23.314574106655133,17.446387279210533,0.0,964.46,32.8
36047029000,3710,12,80880.13100911026,0.0,3.914285714285714,70.0,4.100406381905553,0.9659924512222332,0.0,33.152435102574984,14.42106686794553,0.0,31.505446813414007,15.854652382937688,0.0,1206.37,43.1
36047029100,3461,10,78831.00339119752,0.0,3.6666666666666665,87.0,0.0597225524579463,8.260714869524124,1.741889682280266,28.91602817495499,25.35353680568534,0.0,22.658356349938295,13.009751565159034,0.0,1695.25,33.9
36047029200,2501,14,56065.026558661775,0.0,3.5307692307692307,129.0,0.1282660138636832,0.0,0.0,22.25097797103084,23.95177516725848,0.0,11.11141052965799,11.474847826024172,31.08272249216484,1070.25,50.3
36047029300,3181,11,81325.27294122457,0.0,3.670886075949367,72.0,0.1328895446225586,5.40262443663012,0.0,30.019449214027592,28.604930018058127,0.0,23.924184452126,11.915922334535608,0.0,708.33,39.7
36047029400,2072,13,60190.8671201309,0.0,3.3445945945945947,140.0,10.59389531057989,1.178642628647491,0.0,33.20737128345069,10.93136197325491,0.0,4.531367351247885,14.264577001818049,25.292784451001083,1760.46,52.5
36047029500,4043,12,82161.42681894674,0.0,3.8904109589041096,71.0,0.0292048780884508,0.6467415902407693,0.0,25.159162877199662,29.640281054747696,0.0,33.92162540999338,10.60298418973004,0.0,1812.06,36.0
36047029600,6463,19,87612.03308471554,0.0,3.716666666666667,114.0,0.85289708656336,0.5018447413233557,0.0,36.38688498568596,10.817377831590296,0.0,34.93054475928265,16.510450595554374,0.0,1275.94,37.8
36047029700,4004,15,87967.07308748359,0.0,3.645669291338583,120.0,0.0320608332169089,3.447608265258279,0.0,23.67069937049936,36.938606778249934,0.0,25.710330242747705,10.200694510027828,0.0,1356.46,38.4
36047029800,3877,25,98420.16797248636,0.0,3.648484848484848,161.0,2.1725406844076836,2.1801790582943448,0.0,37.74006977257238,10.981818831336668,0.0,28.08525621730473,18.840135436084186,0.0,1174.21,36.0
36047029900,3328,12,105642.2258405466,0.0,3.4551724137931035,139.0,0.4675242035373962,2.2956256816799567,0.0,28.718738572475143,31.430124047797182,0.0,22.232361572985432,14.85562592152489,0.0,1258.33,34.8
36047030000,4165,14,100165.03584984822,0.0,3.574324324324324,143.0,2.9239524437502036,0.0,0.0,38.50208161335576,12.851803885995542,0.0,28.04952835165973,17.672633705238763,0.0,1422.71,37.2
36047030100,3171,16,92019.974661057,0.0,3.612903225806451,154.0,1.406372510869736,5.574246663480294,0.7847520572547347,33.41770524953071,22.214075266415,0.0,17.708488856631693,18.894359395817833,0.0,1893.04,31.8
36047030200,3850,10,94723.43652193734,0.0,3.5681818181818183,118.0,0.2360068271840333,1.247175037236291,0.0,38.75223059654661,16.09832695391848,0.0,28.862279425983896,14.803981159130688,0.0,1461.63,46.5
36047030300,5477,6,80848.367400713,0.0,3.6346153846153846,150.0,0.5745377715310436,4.970225603020387,1.062143206755342,37.01962892918852,20.215486287544117,0.0,18.410798169943835,17.747180032016757,0.0,832.21,35.7
36047030400,4525,31,45358.00235352343,0.0,3.3461538461538463,280.0,1.9450638109125369,0.649402385772304,3.0092210187134425,22.44802043960694,8.602993325112328,0.0,3.873913270559241,15.3244250051327,44.14696074419051,1318.87,44.7
36047030500,6968,14,77830.72447774612,0.0,3.416267942583732,183.0,2.783120490016041,2.757505491015739,2.8860254115581965,36.10281959499394,12.727000165310203,0.0,22.525086459604097,20.218442387501774,0.0,2352.94,35.0
36047030600,1903,7,92369.06680627924,0.0,3.418032786885246,112.0,0.3571829973862007,8.7587256665718,0.0670530924264497,47.308476390323776,11.93782002285835,0.0,13.3999024751737,18.170839355259744,0.0,1268.94,50.0
36047030700,6299,18,86104.81650685114,0.0,3.523076923076923,185.0,0.4402798823119075,3.551347861931352,2.488012576594664,30.925773703334713,27.217033146892945,0.0,17.149885001187734,18.22766782774669,0.0,962.48,41.3
36047030800,1792,26,30274.982522949027,0.0,3.0921052631578947,129.0,0.1525217236750513,1.157859820077163,0.7477903493304177,36.42722570829437,10.56801479178011,0.0,2.287861553978045,48.65872605286483,0.0,978.17,54.9
36047030900,2279,10,87080.18144432102,0.0,3.6333333333333337,115.0,3.235700420735333,6.4579186284209715,2.166797402068743,31.55001132569328,15.94287072032736,0.0,18.689080582916905,21.957620919837403,0.0,1286.33,31.2
36047031100,3534,11,82757.92046885125,0.0,3.737864077669903,103.0,0.0708220803781724,1.5155925200928904,3.272086346592135,26.25580252414911,17.84371040406265,0.0,25.871907949829613,25.170078174895423,0.0,2054.71,33.5
36047031300,4415,9,75933.3874735931,0.0,3.7578947368421054,90.0,1.419840749110913,3.5160680990082187,0.305407775674535,27.257723854633625,19.266687437753312,0.0,31.26587670845997,16.968395375359407,0.0,2027.06,42.5
36047031401,4912,5,47931.19644933056,0.0,3.3805970149253732,251.0,0.1117545636822314,0.756868337825954,0.0112994322359785,27.058030522039022,19.259776509025446,0.0,4.180428692266143,15.119443954398148,33.502397988527065,1946.02,46.8
36047031402,0,0,21876.554308944094,0.0,2.9565217391304346,60.0,0.0,0.0,0.0,14.059196660444393,51.57756924857961,0.0,0.0,0.9875299256744652,33.37570416530155,0.0,0.0
36047031500,5179,16,78609.36148330469,0.0,3.7777777777777777,104.0,0.6990001198366436,3.202373730833423,1.0763013208848318,25.781508959705228,18.33734567964836,0.0,32.781580529168025,18.12188965992349,0.0,1940.37,32.2
36047031701,4300,5,66089.79021984004,0.0,3.877192982456141,56.0,1.5006757484228792,3.772038156677322,0.2334258654716644,25.24165283056621,23.80551549880671,0.0,34.706043089865645,10.740648810189564,0.0,1957.81,35.4
36047031702,3622,18,94319.81354973506,0.0,3.7906976744186047,83.0,1.093052501741521,1.6390429425624076,0.0,23.806905869166876,28.698731455608087,0.0,32.60989972466858,12.152367506252537,0.0,2221.38,35.0
36047031900,3412,11,73765.47479076323,0.0,3.7126436781609193,83.0,0.7063351955161635,4.7099168665709055,0.0,34.024628335518074,17.214463309335752,0.0,28.69451545833585,14.650140834723254,0.0,1737.63,36.8
36047032100,4995,15,78268.34516830827,0.0,3.61,93.0,0.2020884197911511,6.484031447769669,0.0,31.04945795009665,15.210356409207272,0.0,33.22632541617673,13.827740356958524,0.0,1667.02,35.1
36047032300,3589,6,93077.753606729,0.0,3.6865671641791047,130.0,3.9273764961663686,5.535745332394871,0.5351195961666886,28.161912131606993,16.661890796659367,0.0,30.724058838784224,14.453896808221485,0.0,1611.83,39.8
36047032500,7964,6,85097.67241226719,0.0,3.4140625,115.0,0.9702982627921032,10.10877522282444,0.0,34.96659150714383,20.422872539377472,0.0,19.01809347579226,14.513368992069902,0.0,1814.0,30.5
36047032600,10531,25,95364.2787668353,0.0,3.609375,244.0,0.7160997866182466,0.9291175517151355,0.4747977662131706,43.50921087155049,18.62344187406836,0.0,16.267197051639453,19.480135098195124,0.0,959.83,24.9
36047032700,2980,30,96998.37820258192,0.0,3.5827814569536423,146.0,5.563893513199095,0.0640213567187805,2.39906662754442,28.40828654813012,15.891898634137242,0.0,23.99368095198843,23.67915236828192,0.0,1587.58,35.8
36047032800,2921,15,84320.62224685558,0.0,3.4962962962962965,125.0,1.6172738137192495,2.1922359175242234,0.0,41.062901945198746,19.437866287036584,0.0,19.82666040825236,15.863061628268852,0.0,1029.35,48.2
36047032900,5411,15,87735.68947579844,0.0,3.656565656565657,95.0,0.6122316520569387,3.929458476080616,0.0259784689092895,28.852882835297564,18.562076361401907,0.0,31.01674349212758,17.000628714126105,0.0,1772.94,33.9
36047033000,4721,15,56303.566587952504,0.0,2.970212765957447,200.0,0.0,0.4402838058955813,0.0,33.77872727356069,26.81560470664823,0.0,5.7365719068200836,9.635934987211623,23.59287731986381,453.52,40.5
36047033100,3822,6,87766.64411002299,0.0,3.7560975609756095,77.0,0.0,1.908893213586073,0.0,28.140825178366025,17.22025182578251,0.0,36.43371031846733,16.296319463798064,0.0,852.83,33.7
36047033300,4519,6,86324.77430003481,0.0,3.854368932038835,100.0,0.2924793656219933,0.857869452861031,0.0,25.998700882762748,22.520111077725645,0.0,36.91519662088422,13.415642600144366,0.0,1987.17,26.8
36047033500,3743,5,88922.4185101377,0.0,3.959183673469388,97.0,0.0,2.239603692990555,0.0,25.80381159207111,26.09005074674168,0.0,32.8547550430804,13.01177892511626,0.0,1965.15,27.0
36047033600,4762,1,28171.813783078724,0.0,3.0725075528700905,262.0,0.0177769462832255,0.2112844764057616,0.0,22.210926304199283,7.849288480109211,0.0,5.247269095428918,5.103565600591612,59.35988909698198,1475.37,45.2
36047033701,2742,5,106142.42582737384,0.0,3.921875,64.0,0.0,3.6974392637922167,0.0,24.911846700612113,29.736888296953683,0.0,27.106116607926428,14.547709130715567,0.0,1800.38,30.8
36047033702,1993,7,86454.16675305631,0.0,3.8620689655172415,56.0,0.0,4.448218721550713,0.0,23.260831856581625,30.861766663853807,0.0,26.607564988237108,14.821617769776752,0.0,1676.25,30.8
36047033900,5012,23,80905.29039155452,0.0,3.6346153846153846,96.0,0.8854491254350528,1.6745772681237232,0.4483338920010725,27.710705826934607,23.918764783095675,0.0,32.82301779938204,12.539151305027817,0.0,1191.9,39.2
36047034000,2172,5,75653.00359433657,0.0,2.9753086419753085,63.0,0.0,3.371064192914319,0.0,54.44188422998764,19.669808242008298,0.0,4.585434612663565,17.931808722426183,0.0,634.29,58.7
36047034100,2564,6,79249.55630904848,0.0,3.612903225806451,92.0,0.0,11.046018148459597,0.0,23.957964536589056,36.207972556949024,0.0,19.871875595141873,8.916169162860434,0.0,1832.69,37.9
36047034200,6667,22,88936.72521909446,0.0,3.3037974683544302,136.0,1.0388087085333992,3.083908898128037,0.0,41.641326145908515,23.41691223120812,0.0,15.804383672668468,15.01466034355346,0.0,439.85,44.0
36047034300,4548,1,83086.41709647016,0.0,3.453846153846154,128.0,0.0,2.929770941946931,0.0,26.60937846332349,36.63130662062792,0.0,21.444316484110633,12.385227489991037,0.0,552.88,36.5
36047034500,2703,3,71985.32784332099,0.0,3.6463414634146343,77.0,0.3527156792786911,1.077588726077915,0.0,29.642493567565065,34.1755099203788,0.0,23.77413725630313,10.977554850396404,0.0,1574.04,35.6
36047034700,3728,7,75546.9746844563,0.0,3.712328767123288,68.0,0.3147051968815806,8.348811173231455,0.0,36.93695870384518,16.522352376333995,0.0,25.15795271631325,12.719219833394536,0.0,816.48,40.0
36047034800,3011,25,55761.70994240731,0.0,3.263492063492063,277.0,3.911609683842648,0.0834043535679834,1.29012737105475,36.65132970753459,20.55937167533583,0.0,3.0812366759908736,22.22939039742572,12.193530135247611,1032.88,31.8
36047034901,2324,8,90852.40455185129,0.0,4.0,38.0,2.2748222786085015,2.070934002104674,0.0,29.169725975453343,16.062558961970872,0.0,34.70349732247402,15.71846145938857,0.0,1586.94,33.8
36047034902,3396,4,81434.49677803025,0.0,3.82,50.0,0.5189341436411711,1.249165698633273,0.0,29.57952608186754,18.432755765724885,0.0,35.56970715446442,14.649911155668716,0.0,661.17,34.1
36047035000,3169,38,90185.57468845228,0.0,3.0535714285714284,139.0,1.610463405976922,2.464304480986027,0.0,42.89258100142301,20.50825251455673,0.0,9.994519171930714,22.5298794251266,0.0,1094.06,63.9
36047035101,1735,12,91202.98562763567,0.0,3.808510638297872,45.0,3.612602791979612,4.199499918906427,0.0,27.66888950305825,17.282206650434006,0.0,31.365050212245347,15.871750923376355,0.0,1031.27,28.7
36047035102,3400,12,76437.59720566275,0.0,3.678571428571429,52.0,2.004714318035426,1.0788838377946477,0.0,30.950314067194235,16.70578749975396,0.0,35.61836901870972,13.641931258511995,0.0,1346.73,35.1
36047035200,1529,11,19229.570286275328,0.0,2.9793103448275864,366.0,0.182615889583709,0.4237342116654231,0.0134773974108807,36.760284924585605,2.805613566885327,0.0,0.5748143191300762,2.7283034300817612,56.51115626065721,254.62,67.9
36047035301,2483,7,85073.53773002797,0.0,3.9210526315789473,38.0,0.3714488199752904,3.3185275287132545,0.0,31.39430396974091,16.621544954164968,0.0,33.316055440195925,14.978119287209656,0.0,899.79,33.2
36047035302,3064,6,81392.14525493718,0.0,3.8846153846153846,50.0,0.0,0.2703067990180807,0.0,28.62104949352005,24.891349703576896,0.0,33.48088500074896,12.736409003136025,0.0,1639.12,33.7
36047035400,6075,24,91357.67131819304,0.0,2.922190201729107,279.0,1.0836946185531735,3.378595274244768,0.0,45.058318656391506,21.552707297676672,0.0,8.743598161225597,20.1830859919083,0.0,1218.88,58.6
36047035500,5046,14,91535.77190616688,0.0,3.774509803921569,101.0,0.966364102660726,5.770402620166679,0.0,28.939658633389698,12.14263671508646,0.0,33.262307718332764,18.91863021036366,0.0,1444.98,48.3
36047035601,2326,5,127512.0432259232,0.0,2.9813084112149535,89.0,0.0,0.0,0.0,27.351452212557778,49.37980468177519,0.0,10.82684851820309,12.441894587463956,0.0,552.88,66.9
36047035602,6581,20,141722.97922092155,0.0,3.010169491525424,244.0,0.0,2.08207477943115,0.0,41.03578543900952,25.567148347913857,0.0,12.552189612146972,18.762801821498496,0.0,970.31,51.7
36047035701,2398,7,91399.9151066543,0.0,3.738095238095238,40.0,0.0,2.7868882657120917,0.0,30.393259335205144,19.288114652911364,0.0,33.40335633895571,14.128381407215684,0.0,871.4,36.1
36047035702,0,11,101471.52051438043,0.0,3.221311475409836,115.0,0.0,0.0,0.0,20.01409797672992,70.68942262472764,0.0,0.0,9.296479398542438,0.0,0.0,0.0
36047035900,6794,31,80863.93030799534,0.0,3.7766990291262137,101.0,0.0975849051515859,3.5658798414519146,0.7054187857664902,31.964378912940443,18.276031054855647,0.0,30.265414315239987,15.125292184593931,0.0,1207.19,33.1
36047036001,2844,9,100643.93918646708,0.0,3.5436893203883497,98.0,4.074841406793289,1.3854614081235794,0.0,37.71282769446369,9.32219064507416,0.0,25.00911729409899,22.495561551446297,0.0,593.79,56.5
36047036002,3731,11,89344.95865381519,0.0,3.6666666666666665,58.0,3.2642940597989005,4.0212318127957465,0.0,29.40303924550606,6.938611080551115,0.0,41.10605661027198,15.266767191076196,0.0,580.31,63.0
36047036100,3358,6,125099.9480135902,0.0,3.4133333333333336,207.0,1.2824132437175235,2.9080429503169705,2.212615108451779,31.446160748480207,18.365467822733308,0.0,18.376177274490956,25.409122851809254,0.0,712.21,43.2
36047036200,3090,21,90444.476657505,0.0,3.7247706422018343,108.0,6.511027825704854,0.1929551521533661,0.0,31.86759693482907,9.566266412908064,0.0,33.24505393525731,18.617099739147335,0.0,1000.44,41.5
36047036300,5430,15,101026.45667531244,0.0,3.526315789473684,245.0,0.5678157350240568,2.302327072303234,0.1199495160842406,33.905232430844606,21.459572285311936,0.0,22.890668370975508,18.754434589456416,0.0,1117.13,35.2
36047036400,2288,7,120941.56724488144,0.0,3.374233128834356,150.0,1.3832524224625786,3.93608856610776,0.0641961200205803,36.542066509892614,15.181635893886458,0.0,23.382703339929726,19.510057147700273,0.0,1220.77,43.2
36047036501,3139,9,110500.75305666924,0.0,3.3517241379310345,129.0,0.6844863928081225,4.435917225120604,0.0,35.786524131968854,22.35085835944425,0.0,20.07418277833949,16.66803111231868,0.0,1291.63,46.9
36047036502,2389,9,103452.27265608287,0.0,3.5985915492957745,136.0,3.1902715158708355,1.12124683855542,1.8614573742448983,32.51594087038473,11.571944029133189,0.0,17.943661074300632,31.795478297510297,0.0,1289.19,35.1
36047036600,4362,10,84684.3083569508,0.0,3.3529411764705883,176.0,0.8876251273874776,4.214180757442938,0.0485943581743722,31.8493991840804,20.679210153996134,0.0,16.708284072308278,25.612706346610384,0.0,1007.4,38.2
36047036700,2091,22,113344.81065936667,0.0,3.485294117647059,199.0,3.0093808581334924,0.8960390358404694,3.2473125789300075,33.399388485986215,16.795566938205862,0.0,10.349017832554134,32.303294270349824,0.0,1354.35,32.2
36047036900,5626,26,99887.39313162264,0.0,3.6666666666666665,184.0,0.6911527345350186,4.288299797539413,0.0,28.436412271877217,22.300716932301007,0.0,25.23731639994571,19.046101863801635,0.0,934.29,35.1
36047037000,4171,20,97244.5971842475,0.0,3.392156862745098,240.0,1.2897394334820484,6.470287319347554,0.057603976807533,32.583403906512196,25.80257585868054,0.0,18.909355839486217,14.887033665683925,0.0,1336.4,49.2
36047037100,4309,18,96637.95140054626,0.0,3.7364864864864864,144.0,0.060937717498289,0.6648061228193347,0.060937717498289,32.193326062978564,23.300329482870495,0.0,28.22062259976267,15.499040296572357,0.0,1686.13,34.4
36047037300,4952,15,95016.52638276089,0.0,3.4363636363636365,153.0,1.281440128066142,1.8540541038634355,0.2059142861690204,27.944824610176525,23.9430742460815,0.0,29.674827037144805,15.095865588498574,0.0,1380.5,36.2
36047037401,4758,11,113536.28495810638,0.0,3.401913875598086,202.0,0.1126172083203278,1.330930643785693,0.0,31.280730059016477,26.83016880947792,0.0,23.665943242475304,16.779610036924275,0.0,1134.69,38.5
36047037402,5843,14,104745.47944910575,0.0,3.106017191977078,299.0,2.8082281943368423,2.9997604092973917,0.4148838225458423,27.90726820731517,31.440949839710047,0.0,20.27187843321871,14.157031093576004,0.0,1098.42,40.7
36047037500,3748,8,98373.61971727728,0.0,3.6027397260273974,141.0,1.9907133188129864,4.1627646332428165,0.2789552027703416,31.78279713240244,13.38113941313496,0.0,28.588458691768594,19.81517160786786,0.0,1768.94,31.8
36047037700,5090,16,86531.20164718207,0.0,3.6666666666666665,111.0,0.0718030472572532,2.831502738774438,0.0,23.197196963969397,35.84345732330852,0.0,27.694102465314103,10.361937461376296,0.0,1380.5,35.5
36047037900,4012,17,88908.64201070752,0.0,3.8034188034188032,116.0,0.132535996712677,4.26582332734025,0.0,32.33268216401268,19.31037435337808,0.0,28.156550928527643,15.80203323002867,0.0,1306.71,38.4
36047038100,5138,8,90432.54633667498,0.0,3.2536585365853656,182.0,0.0250354337094456,2.547657953754688,0.0,25.60580219985067,37.968491246109565,0.0,21.391506614742013,12.46150655183362,0.0,1362.83,38.7
36047038200,5225,3,94231.70697338582,0.0,2.977011494252874,157.0,0.1442570713871568,0.1288696504391934,0.0,23.35176489417976,49.7275753916548,0.0,14.833337551047071,11.814195441292002,0.0,429.46,36.2
36047038300,5466,15,83500.41712879851,0.0,3.948717948717949,78.0,0.0,1.6540824815913209,0.0,27.559704418762088,26.85517417983064,0.0,33.445401016076644,10.4856379037393,0.0,1688.19,34.0
36047038500,3823,6,78958.17530784935,0.0,3.9473684210526314,75.0,0.080705743373839,3.420037593075717,0.0,28.96235021217866,28.040958190287807,0.0,26.938669299895736,12.557278961188231,0.0,2199.52,36.1
36047038600,3042,18,98908.95667433972,0.0,3.5291005291005293,188.0,1.3356368167499215,0.5747742986397225,1.423359422952455,36.36080519744633,15.173403061529,0.0,23.62178210907057,21.51023909361201,0.0,1766.48,41.5
36047038700,5312,13,90795.47736282126,0.0,3.6638655462184873,114.0,1.1725861946481242,4.204112725935857,0.9408996124398088,30.840736841794204,19.177197606136662,0.0,28.16879968455527,15.495667334490076,0.0,1792.71,32.5
36047038800,5353,7,95683.7012653911,0.0,3.5319148936170213,132.0,0.3647001061756763,2.1161723660843617,0.0,39.59801972863625,15.199644035066536,0.0,27.83656052076532,14.884903243271864,0.0,1606.88,33.3
36047038900,3277,12,106679.84200426172,0.0,3.468926553672316,172.0,6.2688154861967185,5.526306729123812,1.3425802771981514,30.994071474369363,11.752759290127374,0.0,23.662825055910066,20.452641687074507,0.0,1900.37,32.7
36047039000,2681,6,115116.50787121592,0.0,3.583850931677018,159.0,0.9384531125118872,0.0,0.0,31.466536500301444,21.05863950789632,0.0,25.874492959256315,20.661877920034037,0.0,1387.37,29.6
36047039100,5428,3,97205.8776901826,0.0,3.401129943502825,163.0,0.8110074980021064,0.0950437490146304,8.791075626806919,34.970163374888614,8.549033240283714,0.0,29.415146746319436,17.368529764684595,0.0,1996.08,31.4
36047039200,3091,4,97033.26113033868,0.0,3.741935483870967,119.0,3.985636236441677,0.0,0.0,33.109658749132336,16.869174666372846,0.0,29.178769800030732,16.856760548022404,0.0,1047.75,29.4
36047039300,3798,15,103011.93933869994,0.0,3.5445026178010473,183.0,0.8213676151623294,6.410539710328973,0.5574887206176248,35.93910598233254,12.324459057475794,0.0,26.325052145055253,17.621986769027487,0.0,2164.73,32.3
36047039400,2259,15,95922.29555965951,0.0,3.900900900900901,110.0,0.991700270157011,1.8291918950490071,0.1246944618130633,33.236981276764375,21.138020377226308,0.0,27.47801297399547,15.20139874499478,0.0,1209.13,29.5
36047039500,4083,3,93466.81962515028,0.0,3.5,141.0,2.89870315554002,1.3340856184664942,0.0,32.98218711841801,19.643328928068104,0.0,28.25468297070649,14.887012208800884,0.0,1619.6,31.0
36047039600,1708,4,85559.67884572477,0.0,3.5783132530120483,78.0,0.395882374902799,1.488311914902732,0.0,31.483277097150935,25.51869360203527,0.0,31.272983070804734,9.840851940203526,0.0,1337.75,41.5
36047039700,3356,7,89482.85327478488,0.0,3.655172413793104,115.0,1.9934637101126864,1.9701718295352215,0.0629683943887327,27.437600329447903,23.926474683377368,0.0,29.64301419313256,14.966306860005522,0.0,1428.67,32.7
36047039800,2586,12,88806.1114686675,0.0,3.356164383561644,129.0,1.925645066897299,2.8348981404273803,1.7804329447778422,33.44599161459218,16.823689830294672,0.0,22.2000199434757,20.989322459534925,0.0,1725.96,41.7
36047039900,3745,1,90692.36141703368,0.0,3.9444444444444446,107.0,0.2154867214443244,5.493414290518131,0.0,30.955459414264695,22.593876418994384,0.0,28.01156740852468,12.730195746253786,0.0,967.87,32.5
36047040000,2570,16,91702.43514794314,0.0,3.678571428571429,107.0,1.7921341861289088,0.5722806525555343,0.7386650318441801,33.269173010785195,17.237224745046007,0.0,28.26653386283799,18.123988510802185,0.0,1133.48,47.5
36047040100,3354,18,90542.96844682949,0.0,3.7864077669902914,101.0,0.9372450530952512,5.2094011479938755,0.0,29.33911587959828,22.38924860372232,0.0,27.8806159092198,14.244373406370473,0.0,1338.77,33.0
36047040200,2414,14,101642.25477372346,0.0,3.5272727272727273,156.0,2.2420068654819554,2.6124678436389583,0.0,37.02286159149505,17.97480747106617,0.0,20.877895050399843,19.269961177918024,0.0,1466.35,43.8
36047040300,3982,13,85434.65665886262,0.0,3.573529411764706,124.0,2.2278260664830714,3.155981399910439,3.464354901576553,29.059727791706557,26.563073428154468,0.0,19.98733636698152,15.54170004518739,0.0,1996.0,33.3
36047040400,2604,9,83389.95239401299,0.0,3.8,75.0,1.0744211528029328,2.8671325838109434,0.0887865039745764,39.045768977077024,12.110628612138749,0.0,27.29097176018267,17.522290410013106,0.0,2046.96,38.2
36047040500,1653,9,110861.614085146,0.0,3.1949685534591197,135.0,2.397956483328003,0.991715746583738,1.925738668052255,40.88244747362777,17.44733927387583,0.0,11.6390753745847,24.715726979947704,0.0,1335.33,36.5
36047040600,3726,0,83066.22315507752,0.0,3.984126984126984,63.0,0.0,0.6453660736491565,0.0,37.67709762960967,16.6711057771657,0.0,35.0025583949909,10.003872124584584,0.0,1537.33,38.1
36047040700,0,0,49834.416814093674,0.0,2.7276785714285716,178.0,0.0,0.0,0.0,5.640967804138108,89.00330198642406,0.0,0.0,5.355730209437838,0.0,0.0,0.0
36047040800,3676,2,84910.3748792582,0.0,3.915492957746479,70.0,0.1936872223613015,0.1291248149075343,0.0,32.67865453452014,13.186883879893973,0.0,31.834883804155705,21.976765744161355,0.0,1514.42,40.9
36047040900,3891,12,73269.24169086512,0.0,3.642105263157895,88.0,0.4919161954675456,4.41209474038751,2.7009572270794315,28.02533915051021,20.33653733509032,0.0,21.00043646495032,23.03271888651466,0.0,1504.23,35.7
36047041000,1899,0,87365.32230337734,0.0,3.7375,78.0,0.0,5.732239686943884,0.0,38.38411239474632,17.45953594745982,0.0,24.50789619947035,13.916215771379632,0.0,1167.19,42.5
36047041100,2631,10,82332.33193546304,0.0,3.864197530864198,79.0,0.0326204943198992,1.7368107588313253,1.7078792837643573,28.378735579325816,24.264194207392265,0.0,26.909926673947687,16.96983300241864,0.0,1213.94,35.8
36047041200,2789,6,92511.84384250316,0.0,3.463157894736842,90.0,2.8327023059747334,1.293145043588304,2.583128969541416,32.30889386190292,15.19785206471935,0.0,29.869059630082937,15.915218124190352,0.0,1829.85,42.4
36047041300,3851,12,88701.30096935165,0.0,3.81981981981982,107.0,0.0,4.742059909833541,0.0,29.86153747124574,23.35489813542532,0.0,29.10963202740322,12.931872456092185,0.0,2134.54,28.8
36047041401,1237,5,84540.82066154582,0.0,3.716417910447761,67.0,0.3478973618432853,2.9300688919690026,0.8226527049137716,30.37346839549193,31.87582669132696,0.0,24.142839943526333,9.50724601092872,0.0,1383.54,37.3
36047041402,2062,2,91598.84874860148,0.0,3.891304347826087,92.0,0.0,0.1181256408404196,0.0,24.858398355409943,35.95188491862223,0.0,28.19291918207891,10.87867190304849,0.0,750.92,35.5
36047041500,4300,5,87081.99870457413,0.0,3.942857142857143,104.0,0.0,3.320592989282353,0.0,32.23319425924567,23.820920229764383,0.0,28.972361284318573,11.652931237389016,0.0,1848.27,35.7
36047041600,1784,3,83777.68901119649,0.0,3.6627906976744184,81.0,0.1125701748756901,3.803974000945196,0.0,32.22923453580104,19.92830507809294,0.0,29.974852312168142,13.95106389811699,0.0,1219.71,39.5
36047041700,3402,4,87225.76655511443,0.0,3.6702127659574466,87.0,0.0469601082995033,1.7084087399359316,0.2935006768718958,32.30621300194694,25.286825056480712,0.0,27.233428855792535,13.124663560672492,0.0,615.92,37.0
36047041800,2350,3,101183.77136730212,0.0,3.8780487804878048,119.0,0.7954228470757339,2.263356824615687,0.0,29.07737623869628,20.306005645298956,0.0,31.40710435918655,16.150734085126793,0.0,896.29,35.1
36047041900,3479,0,85821.18161336049,0.0,3.695238095238095,99.0,0.127728156087134,2.4924872378843346,0.0,30.45676213873275,26.864374026679755,0.0,27.439047857631277,12.619600582984738,0.0,1422.27,29.4
36047042000,1662,7,89028.43447142094,0.0,3.739130434782609,87.0,3.6178833617465513,3.922070894598861,0.0,29.674237141649584,21.11705494317441,0.0,24.421750825959315,17.2470028328713,0.0,1705.77,29.4
36047042100,4712,7,93604.93690700812,0.0,3.73109243697479,115.0,0.5883521326183672,0.991549842919617,0.261194468878071,29.701604846547053,21.929288875529963,0.0,30.603954999621365,15.924054833885569,0.0,1811.71,31.0
36047042200,3163,1,91288.78972393772,0.0,3.8125,124.0,2.074705488303153,1.714387426287861,0.1799782445412552,30.735900902345723,23.34314877605146,0.0,28.794711261936925,13.157167900533612,0.0,1404.48,30.5
36047042300,4523,14,97863.29647448986,0.0,3.5625,138.0,0.14587513385479,6.915551320774518,0.6109251644650313,38.84376483090476,12.468979676133175,0.0,24.33180092304744,16.683102950820277,0.0,2379.81,30.4
36047042400,3723,3,89744.67864021297,0.0,3.880434782608696,92.0,1.1426921688337497,1.9183492274862337,0.2522143947484784,32.92003665703135,16.614384744330522,0.0,32.76735044104501,14.384972366524662,0.0,1347.31,43.5
36047042500,2709,3,99049.81519921172,0.0,3.438271604938272,151.0,4.731440372305482,3.3112019093588927,5.025744629646265,36.69707462173062,16.463764277309362,0.0,16.613905008870887,17.156869180778482,0.0,1659.92,29.5
36047042600,4528,4,93503.03779834809,0.0,3.7383177570093458,101.0,1.2779146640280366,0.3001989970080094,0.0,31.17527550005889,12.497583960775534,0.0,30.624844786562015,24.124182091567512,0.0,1381.54,39.3
36047042700,4098,6,89803.05879291748,0.0,3.8333333333333335,107.0,2.5548664073543272,1.250976222085845,1.8205977552604615,29.706531160245547,13.99912030109424,0.0,34.49427071706081,16.173637436898776,0.0,1774.04,33.8
36047042800,3636,7,93468.91462481835,0.0,3.8442622950819674,121.0,1.7644876866149677,1.6712024857173011,0.0,34.030855087776295,14.079892267426953,0.0,32.35561314212134,16.097949330343138,0.0,1704.92,43.9
36047042900,4630,10,93680.53566805075,0.0,3.736363636363636,105.0,0.638518364860719,0.8300738743189349,0.0,29.03725805636356,22.69756996614159,0.0,34.31755263045826,12.479027107856949,0.0,1250.0,33.3
36047043000,3666,9,110862.09418018044,0.0,3.647058823529412,152.0,1.6312771273400573,2.9108909099835327,0.1386138528563587,35.29990598820152,17.646619658689612,0.0,26.07808255366783,16.294609909261077,0.0,1450.33,37.8
36047043100,3864,10,95166.87301472432,0.0,3.8,134.0,4.522423496492196,6.476319676739562,0.0935397723256624,25.554168283939415,14.99715991616856,0.0,33.08932030111377,15.267068553220842,0.0,1745.1,30.8
36047043200,3874,8,85325.67367904597,0.0,3.8823529411764706,68.0,0.2958531643424412,0.4150426329588398,0.0,31.710980519511907,10.54051732296195,0.0,31.044971805384087,25.992634554840784,0.0,1532.06,42.3
36047043300,4029,7,98813.31641038498,0.0,3.6546762589928057,132.0,1.0701357224683217,6.9457649145054,0.0,30.305557052292546,22.684283376403336,0.0,23.89744951700614,15.096809417324248,0.0,1145.21,32.0
36047043400,4095,0,91559.18046201245,0.0,3.7333333333333334,89.0,0.146503431353994,0.2045053915410746,0.0,34.834577383621976,15.314898676164567,0.0,32.723577631942405,16.77593748537599,0.0,1283.9,34.9
36047043500,4897,3,86103.10956170989,0.0,3.739130434782609,110.0,0.0,9.283137323423553,0.0,30.807626134146297,22.32902396444001,0.0,26.494429052547503,11.085783525442633,0.0,1303.42,30.7
36047043600,4341,1,89093.97405670267,0.0,3.692307692307693,78.0,1.2860626844212195,0.2550193702996668,0.0,31.04077129171006,13.359980489410848,0.0,39.33554777832888,14.722618385829325,0.0,1601.62,40.4
36047043700,5034,14,95605.53382185457,0.0,3.84070796460177,111.0,0.0,3.0842361303963393,0.0,27.008784048409517,24.72056596415196,0.0,33.55541113480805,11.631002722234136,0.0,1498.15,32.6
36047043800,2530,3,94203.87047234042,0.0,3.795698924731183,93.0,3.67675512429004,0.0,0.0654622925665,31.654395221577396,21.06151705189163,0.0,26.92758673576695,16.61428357390748,0.0,1347.42,35.1
36047043900,4172,30,107057.46794901062,0.0,3.54066985645933,200.0,8.049305222918495,0.0455577547205674,4.395795527278846,32.75769474907957,12.585277793434129,0.0,25.109156514240723,17.057212438327685,0.0,2198.42,38.7
36047044000,2586,6,101484.59684174838,0.0,3.649006622516557,146.0,0.3359001691470404,0.5886588542829975,1.4400790930100746,27.521771778292052,25.847408596137395,0.0,28.656804695691783,15.609376813438663,0.0,1698.92,28.3
36047044100,4638,6,90985.95441882304,0.0,3.9081632653061225,97.0,0.9294568705780146,2.3887468759264827,0.0,27.87101326421112,16.04420750380972,0.0,37.70843656205246,15.058138923422176,0.0,1510.12,34.1
36047044200,2268,2,77287.79530087266,0.0,3.911392405063291,77.0,0.4415021617329436,0.8589179277535679,0.0,30.460800041407317,25.21414309574993,0.0,30.641672642342986,12.38296413101325,0.0,1205.92,36.7
36047044300,4740,13,99408.6481770716,0.0,3.668918918918919,138.0,1.2408284420617282,4.666319069308657,0.0853859759447484,30.912723142852137,13.568381933900758,0.0,34.64261043723892,14.883750998693056,0.0,1817.63,32.6
36047044400,2677,6,88696.2037807429,0.0,3.8484848484848486,96.0,0.0,0.7192074391220555,0.0,30.097908982325833,24.893305422086694,0.0,31.245503902721023,13.04407425374438,0.0,1299.12,34.7
36047044500,3944,19,106184.32410620026,0.0,3.7971014492753623,133.0,1.3956619426623702,3.179176228594593,1.1371745795636816,33.78638256873212,14.495077297009663,0.0,29.491637169681788,16.514890213755777,0.0,1667.63,34.2
36047044600,2123,18,91109.901560106,0.0,3.63953488372093,81.0,2.293446644013878,8.452273093009115,2.681971269897123,33.37793008877981,13.474116583821388,0.0,22.3356508851386,17.384611435340087,0.0,1328.83,33.6
36047044700,2337,10,100468.51277899517,0.0,3.7426470588235294,133.0,12.956045256226204,1.9323220445260876,16.451698424306706,27.513991442631568,5.564363653774574,0.0,17.90299900803719,17.678580170497668,0.0,1721.37,35.7
36047044800,1914,2,88048.54325360527,0.0,3.085227272727273,141.0,1.8359106948097692,0.1895689541135344,1.208157411648121,28.768706980731903,42.30559146949364,0.0,14.167651204941032,11.524413284262003,0.0,1858.44,38.6
36047044901,2715,14,108279.4504986836,0.0,3.33256351039261,398.0,2.3455874751412384,1.5740132089816905,15.384811562949908,26.35961580224011,20.835335627607353,0.0,11.800642100004906,21.699994223074796,0.0,1514.88,30.4
36047044902,0,13,49855.80478853144,0.0,3.121418826739427,623.0,0.2388903369113828,0.0100574112483391,12.425254398298922,49.39306633634859,3.477470923072391,0.0,0.1905795619799859,24.83227148297281,9.432409549167586,0.0,0.0
36047045000,1147,10,105052.49054290414,0.0,2.711246200607903,259.0,0.0486309610706386,0.5835715328476632,0.2431548053531929,16.299865666449133,65.25368886672206,0.0,7.520855939111972,10.050232228445344,0.0,1747.94,28.5
36047045200,2543,5,80173.63889410667,0.0,3.784090909090909,84.0,0.0,0.9581595243178298,0.0,26.784758056970063,29.389030356827966,0.0,29.576018400484656,13.292033661399474,0.0,1427.88,28.3
36047045300,1823,16,106915.48599354357,0.0,3.651315789473684,299.0,3.986809125395338,1.1389201331358232,32.02325357165183,30.640855895650045,3.157320130830053,0.0,7.051687036149879,22.001154107187055,0.0,1357.65,36.2
36047045400,2075,10,84443.17281514136,0.0,3.883116883116883,75.0,2.9723521987656487,2.9474287486517756,0.4430835575799726,29.02292770568018,21.576990742404625,0.0,27.950375437481043,15.08684160943676,0.0,1819.37,29.8
36047045600,2362,13,87205.12267202213,0.0,3.4081632653061225,81.0,1.4807649367259117,2.428454496230495,0.1776917924071094,27.91293940392748,24.961088980130427,0.0,26.62412394703316,16.41493644354541,0.0,1352.48,43.4
36047045800,1373,9,89484.25805583742,0.0,3.5961538461538463,94.0,0.0,0.5963237014762707,0.0,27.24245534472857,32.59871156654212,0.0,26.95065830991586,12.611851077337183,0.0,1133.81,34.9
36047046000,2997,11,83355.49447348734,0.0,3.4532374100719423,127.0,1.3985592369196584,0.2316409898429547,0.0,22.34112417092175,37.19214072052859,0.0,27.41638101826561,11.420153863521438,0.0,1869.0,38.0
36047046201,2311,11,97565.76094173032,0.0,3.5636363636363635,106.0,1.5690884003076646,1.5750688776608934,0.0,25.07841099442188,31.671514379418333,0.0,22.24882365905459,17.857093689136633,0.0,1218.75,44.5
36047046202,1914,11,94028.10157623774,0.0,3.707317073170732,117.0,1.3934534161803775,0.1361751833496577,2.7473615591160145,28.6571314327008,23.864059309129445,0.0,23.11110741737051,20.0907116821532,0.0,1644.92,25.6
36047046400,3327,5,97038.3194886865,0.0,3.5179856115107913,129.0,0.2101557068736855,2.8688343255519393,0.2634934710743752,32.9887381041709,24.898820042182063,0.0,23.048919324927105,15.72103902521993,0.0,1392.73,16.3
36047046800,1826,3,72639.83977879731,0.0,2.924731182795699,154.0,0.0,4.153989138204397,0.2357171017319712,22.352551228223746,54.72939266546551,0.0,9.068978988364664,9.459370878009722,0.0,795.06,25.5
36047047000,2629,5,89811.95612949374,0.0,3.325925925925926,111.0,0.1809457312747279,4.154120850269921,0.1739184781316682,25.47085903807123,31.054287420199326,0.0,25.416294740726475,13.549573741326652,0.0,1443.63,20.8
36047047200,2840,2,88913.07956587424,0.0,3.697478991596639,112.0,1.264667511057779,2.845619421185829,0.0,24.10018724331533,32.11635043125939,0.0,28.001538844703777,11.671636548477895,0.0,1377.6,22.7
36047047400,3211,16,85877.88745617014,0.0,3.7,105.0,0.4560265891577925,2.0526770079785477,0.0,24.925838072786167,29.9403063192256,0.0,30.48964466299419,12.135507347857704,0.0,1918.63,19.1
36047047600,3865,14,91959.66993987044,0.0,3.753623188405797,136.0,0.9686702322601376,3.812017182617983,0.056817634448338,28.54601749154635,23.903292895561616,0.0,29.687824436651553,13.02536012691401,0.0,1177.88,17.2
36047047700,3918,9,114507.67571303395,0.0,3.7601476014760142,265.0,0.2315258239445895,2.015953309722725,0.8797883856111829,27.138306273448713,17.14398985211799,0.0,26.587998774228996,26.00243758092581,0.0,3445.67,33.7
36047047800,5251,5,88280.36772025663,0.0,3.791044776119403,132.0,1.7701274580985324,2.306987439639083,0.6747446407614077,29.00439788477782,18.72598434678158,0.0,29.532247112095853,17.985511117845746,0.0,1165.19,21.1
36047048000,3863,12,94683.34308444407,0.0,3.592,118.0,0.8247509630485846,6.2321040992638235,1.6333706918927402,28.379510948056364,24.85298602096605,0.0,26.59135597415953,11.485921302612908,0.0,1018.08,31.4
36047048100,3010,3,98772.27528190048,0.0,3.623853211009174,105.0,0.8619323440367512,1.3556627699204102,6.3339827825557595,28.892616390902013,15.381021089195135,0.0,30.151278372264784,17.023506251125145,0.0,1824.92,33.6
36047048200,5580,12,104310.14354174808,0.0,3.671957671957672,186.0,1.0808501922680898,4.0273280465449925,0.2995908125715968,29.854262202528304,23.116427366738108,0.0,24.9462454711805,16.6752959081684,0.0,1119.88,41.1
36047048400,4912,5,91128.8006162669,0.0,3.789473684210526,111.0,1.1477690439586885,1.8687625503846992,0.0439952103018068,26.996110113106894,27.295821982375816,0.0,29.05844044745072,13.589100652421369,0.0,1864.69,30.8
36047048500,2369,10,85789.89379822281,0.0,3.3529411764705883,329.0,3.645213365469864,7.852366538925509,20.75871825712934,35.84370374913836,5.144443037629082,0.0,6.3713719289727315,20.38418312273511,0.0,2505.35,31.6
36047048600,3189,13,88869.84398929642,0.0,3.7387387387387383,110.0,2.047630675700125,2.3183532840883996,6.692041265791582,31.379284094832737,11.32249959632355,0.0,24.46728515644181,21.77290592682179,0.0,1263.73,25.3
36047048800,4933,2,85279.0138672805,0.0,3.876543209876543,80.0,0.3723354019054112,1.4166745372408218,0.0,27.619721602446138,25.960478783918763,0.0,33.59475330798065,11.036036366508222,0.0,1463.65,34.7
36047048900,3597,1,126788.20055812332,0.0,3.2011494252873565,162.0,0.0,0.1428164017740662,0.0,24.60827921983349,54.39278688175797,0.0,10.039656928589007,10.816460568045471,0.0,501.35,27.4
36047049000,5371,0,92034.26360481622,0.0,3.854368932038835,101.0,0.1663618918172427,3.02215948473294,0.0,27.36975144537147,26.6043124124769,0.0,28.41532060692369,14.42209415867776,0.0,1498.4,36.8
36047049100,6213,25,107833.7634784262,0.0,3.3949579831932772,222.0,5.139105823134829,2.318765664381098,0.3560382238587465,32.350954783478926,17.515838879639755,0.0,23.600365311605724,18.718931313900928,0.0,887.25,46.5
36047049200,3115,12,94902.2333273268,0.0,3.556338028169014,137.0,3.2157989823759205,2.56907898390395,0.6306900839164552,30.58499533385223,19.39704305135163,0.0,23.566495956201237,20.03589760839858,0.0,1985.94,39.4
36047049301,1941,1,80037.53420878344,0.0,3.0555555555555554,46.0,0.0,0.0,0.0,19.46024995989957,46.86052130897371,0.0,24.978547553976547,8.700681177150178,0.0,373.85,30.7
36047049302,4714,12,113781.65575131057,0.0,3.502463054187192,189.0,0.1179506691806553,1.147266842230508,2.1832826132898218,25.02643050806325,23.86351866635436,0.0,30.832367830846877,16.829182870034536,0.0,1585.06,33.5
36047049400,5710,3,97427.3478549124,0.0,3.886178861788618,121.0,0.1407162112113674,1.687621428799188,0.0,23.749573111245137,29.93639802679202,0.0,29.530199606316963,14.955491615635324,0.0,1877.4,41.3
36047049500,3284,15,99718.1086501438,0.0,3.8524590163934422,120.0,1.535098867264974,2.540332790713427,0.0,28.757275088171312,14.551075356263938,0.0,35.206125789302426,17.410092108283923,0.0,2716.35,34.2
36047049600,4225,24,92031.48749424003,0.0,3.6713286713286712,138.0,2.736881865917207,1.9360973961070331,0.1011647790547054,31.65708618535215,18.942160402530597,0.0,29.34096127940036,15.28564809163795,0.0,1286.92,36.8
36047049700,3361,23,101253.44595517471,0.0,3.945945945945946,147.0,0.8261218865106402,3.035293222769003,0.7283381886753273,33.96760136631523,12.872102922024842,0.0,32.92937900083303,15.641163412871926,0.0,2786.0,33.2
36047049800,3950,14,90579.4607649782,0.0,3.565891472868217,124.0,1.8011371379760042,1.8514117841626103,0.9950015902885342,32.62406867700916,21.69942255861329,0.0,25.635749594339412,15.393208657611003,0.0,1494.08,37.1
36047049900,2480,10,115115.0147680054,0.0,3.6894736842105265,185.0,2.083673427817134,6.621634134248917,2.1295322123855134,31.255615931994985,16.468058376623674,0.0,21.402987319298937,20.03849859763083,0.0,2809.73,33.3
36047050001,2282,10,95704.1286681881,0.0,3.75,125.0,0.0,3.458449791056061,0.0,28.793390571136612,29.61748173987724,0.0,20.27270911923728,17.857968778692793,0.0,2388.02,48.6
36047050002,1548,2,73232.93337983722,0.0,3.678571428571429,27.0,0.0,0.0,0.0,27.29977543514104,28.964576945171856,0.0,34.14792184247633,9.58772577721077,0.0,2386.67,40.0
36047050100,3089,16,114018.80764883762,0.0,3.814814814814815,189.0,0.6158007281399885,0.1586052460052512,0.6693141381421602,27.11548239953876,14.003976786359454,0.0,27.897235325109648,29.539585376704736,0.0,2436.46,33.5
36047050202,2413,7,85896.7850017515,0.0,3.363636363636364,81.0,0.4121634887657749,0.3018420644370087,0.0,25.960606445206377,31.694106930293728,0.0,26.25264811969438,15.37863295160274,0.0,2551.35,41.8
36047050300,2803,6,97738.0278090052,0.0,3.9722222222222223,107.0,0.3795830495521645,2.0107357652666047,0.0,30.851684647324443,17.42206272088486,0.0,34.57204457016159,14.763889246810349,0.0,3337.46,33.2
36047050401,2518,8,99810.90861561811,0.0,3.526666666666667,144.0,0.6424268374603472,3.3616171634890075,0.6483949077888943,27.369462526372416,24.432855438891977,0.0,20.062465193669265,23.4827779323281,0.0,3000.63,40.1
36047050402,1950,8,91958.52098255287,0.0,3.5675675675675675,73.0,1.1083125431165397,0.0967235150935842,0.3772217088649784,28.884174916824936,21.29107163334498,0.0,23.10473615076921,25.13775953198577,0.0,3194.23,42.8
36047050500,4121,8,97393.52385598476,0.0,3.491228070175439,160.0,0.1676380731055615,8.006868454121813,0.5148503415200892,25.497016204322613,26.293466659945913,0.0,24.623827838696645,14.89633242828736,0.0,1105.77,34.9
36047050600,5233,27,93901.069011834,0.0,3.675438596491228,112.0,1.5309518232615515,3.5712753886723276,0.0,23.722391500558334,26.928770185443028,0.0,31.15764697453869,13.088964127526058,0.0,1332.23,40.6
36047050700,4369,13,108753.21617817758,0.0,3.718562874251497,163.0,1.1042953051503914,4.6401968126434285,1.8014605304247824,41.23010553562161,12.637310748392627,0.0,17.270732645800532,21.31589842196663,0.0,1137.65,14.5
36047050801,3910,8,78911.91495754235,0.0,3.6842105263157894,38.0,2.6310265140057387,2.0069177836644663,0.0,24.212198575168852,13.60570857365106,0.0,43.588375444543665,13.955773108966223,0.0,1429.48,32.7
36047050803,2282,9,84515.0659258715,0.0,3.774193548387097,31.0,5.601701044353439,1.1853919441592076,0.0,25.939209753108,16.02514913019103,0.0,35.64350209504314,15.605046033145188,0.0,1317.23,34.6
36047050804,6637,7,81875.22128135832,0.0,3.671875,62.0,0.0,0.0,0.0,24.33097673196217,23.6684544050224,0.0,37.78118333825505,14.21938552476038,0.0,2121.48,36.4
36047050900,5206,4,111042.06949559756,0.0,3.789808917197452,153.0,0.2607365827842678,9.917716160233075,1.1368718419268973,30.116245443045376,13.687489773880037,0.0,24.349771843072517,20.531168355057822,0.0,814.63,15.9
36047051001,4488,1,85327.81582376029,0.0,3.5961538461538463,49.0,3.2508414962074834,4.852126665793232,0.0,27.83063666264882,11.323109224822351,0.0,35.4576242542129,17.285661696315216,0.0,1145.83,34.0
36047051002,3675,4,81985.92396117855,0.0,3.4615384615384617,60.0,3.310586619934013,4.231900447333258,0.0,25.05795505873301,22.1678032109552,0.0,32.97345766583128,12.258296997213224,0.0,1365.52,38.0
36047051100,3817,11,107691.17206593692,0.0,3.544378698224852,159.0,0.7026564043586658,1.0457511572855671,1.4420466592281795,37.29291091330446,19.42820848456261,0.0,21.706406380654357,18.382020000606165,0.0,1701.1,33.4
36047051200,6227,2,62430.027723803585,0.0,3.3114754098360657,52.0,0.7208846975300642,1.0711511107430374,0.0,21.453116763589772,27.49980940763894,0.0,30.502527489963025,18.75251053053516,0.0,1859.98,35.9
36047051300,5970,22,95277.6534412434,0.0,3.6260162601626016,240.0,1.186681121507856,0.2409939917543668,0.4962224279334681,28.891413443017292,15.974567987956588,0.0,26.87211911311785,26.33800191471257,0.0,2619.37,32.3
36047051400,7213,5,86041.69919515192,0.0,3.900990099009901,101.0,0.4097792802619921,1.7327730537490895,0.0,22.659843247469716,28.641345163378116,0.0,32.813127729020906,13.74313152612018,0.0,1923.08,39.5
36047051500,2891,2,118520.75928626164,0.0,3.299610894941634,232.0,0.3937522130271274,0.1595430360725799,1.5154992996534369,39.45361687179756,27.81711079581809,0.0,16.8771005279018,13.783377255729397,0.0,4744.37,33.2
36047051601,4936,8,97637.67323414152,0.0,3.8045977011494254,87.0,0.7015709101748681,1.3599122854296608,0.0,25.585654756298585,18.795878790643933,0.0,38.712301029893155,14.8446822275598,0.0,1390.46,36.4
36047051602,3477,4,100630.13356926116,0.0,3.746031746031746,61.0,2.9134531526580045,3.129871588242903,0.0,23.644185784601383,19.738486179955014,0.0,34.16465942585509,16.409343868687603,0.0,1496.17,39.7
36047051700,3087,5,100257.4486333588,0.0,3.473404255319149,176.0,2.1709534784963,0.0,0.2617273366769561,30.13924674059142,36.59822001050549,0.0,21.168656548910302,9.661195884819527,0.0,4508.54,33.6
36047051800,3391,4,83860.88084046672,0.0,3.918181818181818,109.0,0.5534993958998531,1.0355593627432371,0.0,18.36718581254825,42.212235485364864,0.0,27.20161556393274,10.629904379511062,0.0,2165.17,37.1
36047051900,6051,10,107440.261164422,0.0,3.6633986928104574,294.0,1.3846026833688634,5.863487464512509,1.8667251041241644,30.14208361150423,10.948378895765176,0.0,31.15649727592121,18.638224964803857,0.0,4257.21,33.4
36047052000,3511,12,91555.6311659683,0.0,3.860869565217391,115.0,0.6861865087983801,0.26538788021893,0.0,21.46785997620885,34.459787946921836,0.0,26.96025874539113,16.160518942460868,0.0,2425.04,40.5
36047052300,5077,2,111808.97711766147,0.0,3.791411042944785,162.0,0.9605157254448204,3.0652661463134843,0.0732882439680162,27.02577554199142,15.226162905154188,0.0,20.79873459336161,32.850256843766466,0.0,1431.81,32.7
36047052500,3321,26,108617.04824416108,0.0,3.56,168.0,2.2972516903430207,0.8110588393920871,0.0874393270906387,26.490531955505013,24.816074374574384,0.0,23.59758993087545,21.900053882219417,0.0,1358.17,30.8
36047052600,3938,8,90166.8321518462,0.0,3.759259259259259,106.0,0.1747395329129949,2.882710814499322,0.0,22.974404680256193,35.3555344017642,0.0,27.629463095958215,10.983147474609064,0.0,1759.62,37.4
36047052700,5553,21,114054.06195867588,0.0,3.68,241.0,1.6256096278284755,4.409012026210797,0.436675025220021,29.805869710707142,18.191302160355505,0.0,24.57348315957244,20.95804829010563,0.0,1146.77,34.1
36047052800,1764,5,42867.24187727136,0.0,3.30188679245283,45.0,0.0,0.6755795747137703,0.0,17.029481211380993,51.293552840526,0.0,21.553146868988872,9.448239504390347,0.0,2326.92,43.0
36047052900,3723,12,100100.02720810144,0.0,3.7904191616766463,167.0,1.801402331103952,12.029646776427729,2.346087050220176,24.40806929535627,18.018169538142715,0.0,21.603648939494,19.79297606925515,0.0,760.56,29.0
36047053000,3329,6,88927.27363082141,0.0,3.5,100.0,2.7405326503653287,2.2309094632084236,0.7061287232973741,26.40554950323437,25.237499624951244,0.0,25.736387903622212,16.942992131321056,0.0,1511.94,40.6
36047053101,3020,3,89205.06638640838,0.0,3.851851851851851,53.0,0.0,9.469442311244729,0.3493475581582027,32.05492415094428,19.42038483157552,0.0,23.89023551393051,14.81566563414675,0.0,0.0,16.5
36047053102,7846,7,91995.75604660268,0.0,3.6166666666666663,60.0,2.493848324035607,0.2670836406969799,3.003951796473781,25.445096308702585,9.709443153416096,0.0,40.220069604810455,18.860507171864505,0.0,1473.75,15.8
36047053200,2280,17,76958.03136234765,0.0,3.552941176470588,75.0,0.3458477681428896,2.2350345510837544,0.0,20.000393101540233,39.817024074175386,0.0,18.045544782632447,19.55615572242528,0.0,1394.23,44.9
36047053300,6551,3,83193.38525906578,0.0,3.830769230769231,130.0,0.0823131666390157,3.3505512006515903,0.0,20.261969654168904,27.70235246334791,0.0,32.288733848649926,16.314079666542654,0.0,663.83,21.0
36047053400,4620,4,83443.0447432547,0.0,3.880952380952381,83.0,3.0317078526658214,0.6229536683559908,0.0,29.472483482969732,21.302171208856688,0.0,33.22002784175067,12.350655945401105,0.0,1604.25,30.2
36047053500,4611,6,93336.80358920978,0.0,3.747663551401869,106.0,0.5367740017958735,10.596869081080763,0.0,21.645293418069254,24.89483605386117,0.0,27.919022312982705,14.40720513221024,0.0,947.0,18.4
36047053700,4803,9,92220.8059946905,0.0,3.770700636942675,156.0,2.7216649675561375,5.708546728560903,2.4789289535005423,21.029405195674887,18.29190612280246,0.0,20.003099371720673,29.766448660184395,0.0,847.79,13.7
36047053800,5186,11,95676.5758178298,0.0,3.669565217391305,112.0,1.1323548252871298,1.2377823081600652,0.0,26.087634044286148,23.652084196701292,0.0,32.773006741529294,15.117137884036085,0.0,1260.69,41.3
36047053900,2470,0,94281.974082897,0.0,3.4653465346534653,97.0,0.3513792019750893,5.425397221952265,2.3657542921327677,24.487650981069525,25.773468054756407,0.0,24.233864512916675,17.362485735197257,0.0,902.19,44.4
36047054200,4061,5,84063.07182284731,0.0,3.804123711340206,95.0,1.1407910863565152,1.8256947125924037,0.0,29.05951787016999,22.289729434511713,0.0,31.92994507430943,13.75432182205995,0.0,1086.17,41.2
36047054300,0,8,54708.74981474499,0.0,3.187808896210873,551.0,2.6155743539872933,0.0,0.0,34.75943251007529,8.041256818990204,0.0,0.485021744405454,24.77138390397874,29.327330668563032,0.0,0.0
36047054400,3544,0,78187.31988383358,0.0,3.948717948717949,77.0,0.1280934181518896,0.1744250800366157,0.0,24.352315325883747,31.55998939376785,0.0,27.187288375147215,16.59788840701267,0.0,1075.73,38.4
36047054500,8349,3,99768.09030840336,0.0,3.3270440251572326,147.0,0.0,1.868440854040325,0.0,25.019532181940768,34.01961862282385,0.0,22.301826939815452,16.790581401379594,0.0,809.06,24.4
36047054600,5373,12,84903.6764515073,0.0,3.8932038834951457,103.0,0.6866296518740532,3.747468966809129,0.0,27.553169796885825,21.634372172559512,0.0,29.601577249287015,16.776782162584468,0.0,1435.6,39.3
36047054700,9666,1,98208.63714842893,0.0,3.638888888888889,174.0,0.309198684156076,1.0014041212099691,0.0,32.49422903052458,19.742832844077096,0.0,32.183262241444325,14.18450482686568,0.0845682517222647,1673.98,24.1
36047054800,2304,9,83163.0722046516,0.0,3.91025641025641,78.0,0.0,0.7376314265228204,0.0,26.23475131221003,29.68526494161536,0.0,30.025838890535447,13.316513429116345,0.0,1605.77,30.6
36047054900,4530,15,98643.7405281611,0.0,3.630630630630631,209.0,2.7896423173847156,0.4278650934540445,3.574825209949834,29.036073117796914,7.686048850312006,0.0,19.5310480373148,35.77030675019238,1.184190623595288,3520.98,31.4
36047055000,3408,16,85072.49715369316,0.0,3.989130434782609,92.0,0.6758230098421397,1.064497751277243,0.0,28.052272756520416,22.564631107490595,0.0,32.10514572874653,15.53762964612308,0.0,1152.98,43.3
36047055100,6185,8,103843.95116257171,0.0,3.652173913043478,246.0,4.886238857994284,3.829146641284346,1.403711641062313,37.65091602139445,13.775741891111416,0.0,23.507977010886258,14.281931655315642,0.6643362809512912,3306.77,35.6
36047055200,3359,28,91818.65543177446,0.0,3.933333333333333,104.0,2.8696603767809243,2.1988685959691048,0.0,30.632688641888222,14.390119645822123,0.0,25.727340422123778,24.181322317415844,0.0,1343.48,48.8
36047055300,3605,9,106892.8863958316,0.0,3.8197674418604657,167.0,6.566555649446383,2.4282447149051163,0.1027437046164473,26.54952897438917,14.299174916560844,0.0,33.66044043414017,16.393311605941868,0.0,2770.83,33.3
36047055400,3989,12,84194.38493301293,0.0,3.806451612903226,89.0,9.07669898670712,1.758075680654972,0.0,25.093176511651137,13.015475999234615,0.0,34.01589100665801,17.04068181509415,0.0,1247.96,39.1
36047055500,8974,8,102888.84292142508,0.0,3.64,267.0,3.62471369939846,0.0,3.071996092569396,34.61538626082415,7.778102664672649,0.0,30.158982765991635,19.508981964923365,1.241836551620345,3958.85,31.9
36047055600,3353,5,82776.70560138143,0.0,3.865168539325843,88.0,0.1771981513719588,2.25042904526143,0.0,34.975415936527334,17.332406626832377,0.0,30.821959155176497,14.4425910848304,0.0,1336.25,39.1
36047055700,1702,9,89326.00951918152,0.0,3.51440329218107,229.0,8.8745597278829,0.0504985792999775,5.575366345625046,41.31651982875327,10.996579383451058,0.0,9.7309954333788,22.965099496375817,0.4903812052331318,2620.19,33.6
36047055800,2145,1,80924.2877266217,0.0,3.7804878048780486,81.0,0.0975015404307362,4.041098182821189,0.0,33.6671950200481,22.05282013506015,0.0,21.196153553576405,18.94523156806342,0.0,1188.19,42.7
36047056000,3477,10,83410.39442067043,0.0,3.5697674418604652,78.0,0.0758553388861829,0.5990478713180952,0.0,31.13463555712237,23.026149438389822,0.0,31.576414750862856,13.587897043420684,0.0,1425.08,39.8
36047056100,3698,17,75926.46356091261,0.0,3.682403433476394,223.0,2.518490764344112,1.004273684095896,6.002503638893807,41.214647018532816,12.979669440873788,0.0,16.873873391758185,12.731708879294048,6.674833182207351,2920.67,37.1
36047056200,1779,2,88571.08835616536,0.0,3.7948717948717943,78.0,0.0,0.0977150844612344,0.0,30.700608580794704,27.855359861406484,0.0,30.413111604196892,10.93320486914069,0.0,1963.13,32.1
36047056301,4688,11,87828.16238402476,0.0,3.754385964912281,109.0,3.678649738684458,1.5178762088444695,1.4832208778739984,23.090997196627935,19.350356270125395,0.0,38.20057815066627,12.678321557177476,0.0,2569.92,34.5
36047056302,2449,3,64110.90207795908,0.0,3.135869565217391,165.0,0.0198522128354396,0.0,3.4625001924937884,45.39058260989973,4.8743624688280205,0.0,9.982985619626604,9.828068904714636,26.441647991601787,1468.29,34.1
36047056400,2631,21,97772.12872500284,0.0,3.6206896551724137,113.0,1.345510152730273,0.0866864226437732,0.0,26.36044599752945,28.951267903752807,0.0,28.03664749242832,15.219442030915376,0.0,1661.38,52.1
36047056500,3332,25,87855.86229804409,0.0,3.6758620689655177,141.0,6.30099195712196,1.107006445779598,1.922856600247753,25.145814751803492,16.059030808647762,0.0,34.97768265656545,13.980944941819072,0.5056718380149201,2217.87,37.0
36047056600,2287,16,98407.51265760092,0.0,3.56198347107438,113.0,3.0874923642374816,3.073385777897995,0.0,31.094593854614185,26.514921732504913,0.0,21.963908679477974,14.265697591267465,0.0,1332.42,54.2
36047056800,1319,15,109930.8667988046,0.0,3.574468085106383,90.0,0.7202535794711862,0.4090773952224824,0.0,28.85988575567693,25.55871418510803,0.0,25.261327262686443,19.190741821834926,0.0,1452.33,50.8
36047056900,1662,21,104150.42847128215,0.0,3.6341463414634143,118.0,4.84979718715609,1.9440209373908752,8.917378610284032,25.427776555245433,12.36994682769774,0.0,27.935491695034525,18.555588187191304,0.0,3063.19,35.9
36047057000,3480,13,106546.97591609064,0.0,3.4365079365079363,228.0,5.644029080684841,3.8466273830463784,0.0,30.980574954208567,27.46105535071211,0.0,14.977486496133816,17.090226735214284,0.0,1542.62,60.5
36047057100,3923,3,96753.81431448176,0.0,3.8515625,127.0,0.7889480649203491,0.688514857259297,0.0743729322134567,25.39405403727509,22.715515597721897,0.0,36.28015755477519,14.058436955834727,0.0,2409.08,36.5
36047057200,5501,6,85064.53644197238,0.0,3.12,180.0,0.0,0.0,0.0,12.866974806263215,63.55252475618211,0.0,12.201325829710544,11.379174607844128,0.0,612.77,29.7
36047057300,2720,0,98010.85957360028,0.0,3.8129496402877696,136.0,4.975613892272961,1.5654980295200291,5.3201043630583,30.751734983940384,14.288648310142202,0.0,23.65120443196669,19.44719598909944,0.0,2901.63,35.0
36047057400,2647,4,114564.29939083866,0.0,3.72027972027972,141.0,1.6627098449685187,0.0704538069901914,0.0,27.81432681425599,22.33090751490743,0.0,30.86595375001686,17.25564826886101,0.0,1784.87,50.7
36047057500,4596,20,86058.91413712704,0.0,3.75,105.0,0.9390988794618678,3.137147648459607,0.2317313152584065,26.544073655695676,18.320726186010404,0.0,36.78456552148894,14.042656793625088,0.0,2477.0,34.7
36047057600,2649,8,93983.36396357704,0.0,3.816326530612245,96.0,1.267278080312508,0.4664519583208307,0.0,27.343873416636335,22.73243874504819,0.0,34.85653375512008,13.333424044562037,0.0,1899.04,49.7
36047057800,2923,14,82647.62899891069,0.0,3.8701298701298703,75.0,1.3217292321362044,2.528745186669171,0.111670262938172,30.787060387281063,18.994950093776275,0.0,31.141849153922585,15.113995683276528,0.0,1190.75,37.3
36047057901,1512,6,103356.96401977484,0.0,3.44,253.0,5.546801647069863,0.6382062200687677,17.694899720824605,32.514915529992564,5.6325153104096115,0.0,7.002173048116726,28.222192024455392,2.7482964990624787,2726.04,34.2
36047057902,0,11,53916.89752481131,0.0,3.0669291338582676,224.0,1.7797675867439402,0.0,8.893077765604536,48.187593111246535,2.4935369422089075,0.0,0.0,28.887254197029662,9.75877039716641,0.0,0.0
36047058000,3008,12,83846.45984225447,0.0,3.876543209876543,79.0,2.252383403129506,0.1772337276078196,0.0,31.96019977563266,17.91120139767343,0.0,26.350510312943573,21.348471383013013,0.0,748.94,35.3
36047058200,2585,11,86893.89570506771,0.0,3.8295454545454546,87.0,2.1313668177989267,0.1532828100942787,0.274989361309136,33.52845779796573,18.401077886926743,0.0,30.91818511912465,14.59264020678053,0.0,1169.44,33.6
36047058400,3588,3,87455.09288170234,0.0,3.5118110236220472,120.0,0.5090330434256137,2.9513417854809836,0.0,35.924704590275425,13.512301878417617,0.0,30.12847725974407,16.9741414426563,0.0,1362.88,42.9
36047058600,2264,4,95221.74482467846,0.0,3.776,121.0,0.2950416772359786,0.3187082561432198,0.0,31.742686588759465,19.819106143299976,0.0,24.30542595505016,23.51903137951119,0.0,1349.37,38.2
36047058800,3539,9,88535.30884596579,0.0,3.623529411764706,83.0,2.8854816067296647,0.2367266236040634,0.0,34.703766994716126,15.470453375414335,0.0,30.189489133646006,16.51408226588982,0.0,1862.27,56.0
36047058901,2103,3,91051.75472105648,0.0,3.7641509433962264,105.0,9.44942244000436,0.5192295113486085,10.445172139097473,37.89170561100712,8.645304406056875,0.0,15.6843982048556,17.364767687629953,0.0,2204.98,36.6
36047058902,0,0,32264.076925536458,0.0,2.8703703703703702,40.0,1.049116581898741,0.0,22.26312618803719,53.25827968968849,3.1532229789975563,0.0,0.0,6.226516802718353,14.04973775865966,0.0,0.0
36047059000,1903,8,94577.24789505596,0.0,3.609756097560976,116.0,2.9143189738622737,0.0399386929799479,0.1188077475034676,35.43057635279935,21.34935953547551,0.0,17.276071303164287,22.870927394215155,0.0,1992.67,51.2
36047059100,3952,2,103111.46809861132,0.0,3.743016759776536,179.0,0.2696833542203989,1.2934297545625302,0.0,20.382255824547745,38.8714279501725,0.0,28.454290703794292,10.728912412702536,0.0,2572.98,37.7
36047059200,3747,11,100758.95441296228,0.0,3.6648351648351647,171.0,3.5310845738651313,2.500804747957805,0.8457810012173911,28.86273313657894,21.80549793776813,0.0,25.879155646256148,16.574942956356452,0.0,1191.23,53.6
36047059300,2669,6,97662.03589114736,0.0,3.5384615384615383,137.0,4.054523883844476,0.0,21.11513378972388,26.27719620273087,11.7561042749212,0.0,20.28040788163336,16.516633967146227,0.0,2127.4,36.2
36047059402,5713,13,90062.49704535275,0.0,3.6705202312138727,169.0,3.544429575760271,0.5534878731915289,0.0,25.4166429924683,29.779506681765103,0.0,28.74845513979485,11.957477737019946,0.0,1319.71,49.7
36047059403,3062,4,88002.27856162509,0.0,3.7698412698412698,122.0,1.6163315392042952,2.097250567582226,0.0,31.368072833114805,23.478380068768573,0.0,29.39971210576027,12.040252885569837,0.0,1292.92,41.0
36047059404,3934,10,84227.18752005755,0.0,3.568421052631579,92.0,0.7103693594304217,0.1306163015726904,0.0,31.8591341797551,23.106705673731163,0.0,30.970958314135046,13.222216171375564,0.0,1260.0,35.2
36047059600,2261,9,111209.5574475646,0.0,3.2954545454545454,152.0,5.296922348413035,5.3049863885258866,0.0,33.68982751115231,22.906782608928776,0.0,18.59493921656812,14.206541926411871,0.0,1091.48,56.1
36047059800,3212,8,106512.5514274942,0.0,3.3846153846153846,157.0,0.1645280375574329,3.4271190223213277,0.0,33.3460354405981,26.18820054984092,0.0,18.51743319344401,18.356683756238212,0.0,1558.67,39.8
36047060000,6451,12,93257.5685114374,0.0,3.4752475247524752,284.0,2.490408101290712,3.0025131775670175,0.0,34.32172621153602,21.049726482580493,0.0,24.02426045006772,15.111365576958034,0.0,1455.21,47.2
36047060600,2792,15,95778.53008570302,0.0,3.3393939393939394,153.0,5.506650390453705,0.3590598012117743,0.0,34.122286656704695,15.56969454224042,0.0,21.393329351547184,23.04897925784223,0.0,1463.08,46.5
36047060800,3549,32,72416.99805203099,0.0,3.293827160493827,374.0,0.9000087872627501,0.3878596020189801,0.218958291904321,25.19053398709174,19.854111788059555,0.0,4.196274159208138,26.2078687006544,23.04438468380011,1414.35,43.6
36047061002,4696,9,32012.16333216764,0.0,2.869346733668342,166.0,0.1782223825317083,0.5828757745153039,0.0,21.779173295535447,8.51963738220628,0.0,7.9409651052637,6.282218399363011,54.71690766058455,1383.54,55.7
36047061003,2038,11,128903.28030624158,0.0,3.3596491228070176,111.0,0.6609793836016261,0.0,0.0,30.46159003278144,8.125375261598547,0.0,30.03523698370811,30.716818338310276,0.0,981.81,30.0
36047061004,5278,14,85981.53419437271,0.0,3.588709677419355,121.0,2.785359772900448,3.6147532227380577,0.0,30.667400753905255,11.34614847914464,0.0,28.12430763712242,23.462030134189188,0.0,787.13,53.3
36047061200,1118,3,85655.85923631898,0.0,3.5179856115107913,138.0,0.0,0.3211229020661043,0.0,27.082596277967703,24.83412212119774,0.0,17.14180588439187,13.789151073554873,16.83120174082171,2713.35,49.8
36047061600,1626,16,31306.628659971535,0.0,2.875609756097561,340.0,0.0185591782103473,4.580126794640565,0.0,20.02720607050107,12.864591165665402,0.0,2.6200332131147848,4.379722835557201,55.50976074231064,3521.06,63.5
36047062000,1516,12,74589.09685429675,0.0,3.36231884057971,130.0,0.0728909389479054,1.278312236670453,0.0,29.68646391701372,24.99248672972116,0.0,20.831083046790752,13.284541858317256,9.854221272538744,2152.54,52.0
36047062200,2822,22,53241.325535304575,0.0,3.144385026737968,166.0,0.9081516674109578,1.0182208964537929,0.1255360276083006,34.01115722703686,13.221687797811777,0.0,5.31374339702353,15.97413613927106,29.42736684738372,1323.48,41.9
36047062600,3046,1,75797.65402399776,0.0,3.242574257425743,176.0,0.5656504937754345,2.8029130944138263,0.0530297337914469,43.21859420635788,21.050130197554115,0.0,9.279646601298412,23.03003567280888,0.0,1292.65,46.8
36047062800,4838,19,78926.23784135887,0.0,3.12448132780083,604.0,1.6669930074484445,0.2099716267015952,0.4204954570593712,34.54777432885277,11.479224018970054,0.0,11.484255708815736,15.33452487201117,24.856760980140855,2122.63,44.1
36047063200,1409,5,102300.749534131,0.0,3.38,92.0,1.6316650794122831,3.4672882937511016,0.0,31.96351757765757,25.62714778667892,0.0,21.941170287969413,15.369210974530716,0.0,1595.02,60.8
36047063600,1093,4,94476.93184566742,0.0,3.670886075949367,76.0,0.0,0.4470768811213937,0.0,31.455391728418775,29.860462172780416,0.0,25.65493281003658,12.582136407642826,0.0,2847.23,42.3
36047063800,1882,13,95957.30953504844,0.0,2.952702702702702,116.0,0.2500869377673736,0.2500869377673736,0.0,32.25336363410029,25.793715162183723,0.0,23.90776105929783,17.544986268883406,0.0,1580.54,38.5
36047064000,1327,12,90932.64029545264,0.0,3.7216494845360826,96.0,0.2489621462220505,0.3198665654660905,0.0,30.543831983323592,28.43496342822734,0.0,26.56660124606728,13.885774630693662,0.0,2754.12,39.7
36047064200,2379,11,87096.38233741354,0.0,3.794326241134752,139.0,0.307412925201466,6.756262088979921,0.0,29.296517304148168,28.392442606064087,0.0,20.17919266039709,15.068172415209272,0.0,1456.44,44.6
36047064400,2182,7,89810.56936484475,0.0,3.7421875,124.0,0.456589607732054,0.9403494610689838,0.1176402717081215,30.205253640979105,26.61135881726829,0.0,27.028233560207852,14.6405746410356,0.0,1524.21,38.2
36047064600,2154,0,90180.36300224876,0.0,3.5428571428571427,97.0,0.9490875990819108,2.23010972516638,0.0,36.30946694722027,20.689114690152337,0.0,26.756812474023732,13.06540856435537,0.0,1905.13,36.4
36047064800,1828,0,88154.93821681415,0.0,3.752808988764045,87.0,0.1019466126589203,0.1316473891555135,0.0,32.872161376329394,26.791885689718217,0.0,28.68441071421724,11.41794821792073,0.0,2142.42,44.7
36047065000,1286,8,103067.07955643124,0.0,3.5515151515151517,155.0,3.2551720138541027,5.027645005215401,0.1599488328620943,30.74314091020183,22.369965004468483,0.0,20.86481874222281,17.579309491175284,0.0,1782.17,48.6
36047065200,1121,18,92606.0815822821,0.0,3.683098591549296,135.0,3.3906872380280837,2.4708211238097464,0.0,32.53854587592891,29.43278538025805,0.0,19.724214998380667,12.442945383594548,0.0,1807.69,50.8
36047065400,1654,4,80422.12612865817,0.0,3.973684210526316,76.0,0.1689601724046161,0.0,0.0,35.21142286149899,27.194939832761385,0.0,27.55227225616027,9.87240487717474,0.0,2269.23,39.6
36047065600,1675,11,95598.67380811131,0.0,4.0,102.0,0.3467570348097342,0.0,0.0,36.69379720798843,23.528343657261203,0.0,26.400882612302535,13.030219487638105,0.0,2434.75,41.6
36047065800,1756,7,99163.93376509676,0.0,3.4019607843137254,89.0,0.2778118821824806,0.0,0.0,32.82016972519737,25.10104300702537,0.0,27.66954899892659,14.131426386668192,0.0,1769.5,43.3
36047066000,1893,7,85039.74392710159,0.0,3.720930232558139,83.0,0.0,0.0,0.0,34.73660692990229,25.489712257588508,0.0,28.329593711213818,11.444087101295375,0.0,2917.67,39.0
36047066200,1159,13,101257.116123217,0.0,3.537444933920705,213.0,6.861287045449697,1.272337376682223,0.0,37.3110512011739,16.075063212835726,0.0,16.46103517657189,22.019225987286564,0.0,1174.67,58.7
36047066600,0,25,5743.884708650024,0.0,3.045325779036827,317.0,0.0,0.1323643642142502,0.0,8.61719962118106,31.276218302660233,0.0,0.0,1.9768316900422205,57.99738602190224,0.0,0.0
36047067000,2486,12,107801.22986657804,0.0,3.5598086124401913,196.0,1.8962328516391544,0.0,0.0,32.18644421475512,23.423136439038004,0.0,21.97255095546521,20.52163553910252,0.0,1768.83,40.0
36047067200,1389,16,94325.55214195592,0.0,3.674418604651162,126.0,3.2479705049747856,0.2486537474036498,0.7141888189315941,34.8395011101621,16.82370801851505,0.0,17.56136430774186,26.56461349227095,0.0,1620.77,40.9
36047067400,1909,10,91733.30970158824,0.0,3.753968253968254,122.0,1.590062536923019,0.4787999714091886,0.1636014082464233,33.28819250728451,25.08901835353233,0.0,23.543796860038658,15.846528362565872,0.0,2436.63,47.4
36047067600,1510,5,100960.63655599076,0.0,3.696296296296296,126.0,2.2345866537833663,0.0929247841501879,0.5252794354772151,30.138693589715757,24.777737298207683,0.0,23.61143782721514,18.619340411450636,0.0,1879.81,43.5
36047067800,2569,0,95713.60952620931,0.0,3.7058823529411766,96.0,0.212176671387892,0.0,0.0,26.628580418190342,33.70765763225071,0.0,28.05513109982116,11.396454178349902,0.0,1627.15,42.0
36047068000,1759,8,84467.45592728122,0.0,3.8764044943820224,86.0,2.0903699311179436,2.001389807641235,0.2370119840345541,35.182251026471,20.99811525968984,0.0,23.39881278426408,16.092049206781347,0.0,2209.69,40.0
36047068200,2907,4,89581.24449290575,0.0,3.7818181818181817,105.0,0.7124879074846947,0.0,0.3331891178385727,34.88152937519109,22.507710253963573,0.0,24.907959735166536,16.65712361035553,0.0,1961.54,40.3
36047068600,1649,16,90032.712132427,0.0,3.393939393939394,92.0,0.8355160775717636,0.0,0.0,26.18187744816492,38.478574467701655,0.0,22.26458257382679,12.239449432734869,0.0,2166.27,41.2
36047068800,1584,4,98269.87427190512,0.0,3.5555555555555554,109.0,0.9309004801946162,0.0,0.0,33.14194970379252,24.46706885058172,0.0,25.55721967865951,15.902861286771646,0.0,1899.04,44.5
36047069000,1668,10,92741.56139019564,0.0,3.680672268907563,113.0,2.5768500018613274,2.1770552261806335,0.0,35.55058454956521,21.484622517320553,0.0,23.049393141402188,15.161494563670097,0.0,2647.12,43.3
36047069200,2301,2,88551.19823621343,0.0,3.7672413793103448,113.0,1.0771616967397992,0.4685363804600932,0.0,30.29412400032321,31.189334869672837,0.0,23.053626384945854,13.917216667858186,0.0,2013.69,42.0
36047069601,3434,3,65101.62462456646,0.0,3.1533546325878596,268.0,4.069418133100878,0.0962890547413491,0.0,22.45861254125431,33.983355497029805,0.0,12.63036839285615,9.138996155865325,17.62296022515219,1956.92,40.3
36047069602,5847,19,66176.17238498323,0.0,3.5524296675191818,374.0,0.1534181458846411,2.921816102881909,0.0134585223854533,24.486202634379392,32.34670796947428,0.0,12.266140269578372,12.291520824113888,15.52073553130206,2297.13,47.7
36047069800,1397,25,59209.23570747425,0.0,3.3911764705882352,309.0,9.159790039782498,3.092688931695982,0.1960100267631813,32.466351081442916,11.666239334767573,0.0,6.503789174109684,18.224875027249094,18.690256384189063,2465.27,40.0
36047070000,1214,12,96050.44201061188,0.0,3.880281690140845,139.0,0.0922176355308872,1.0236157543928486,0.0,36.16443543524832,24.87733501338069,0.0,20.126898564370116,17.715497597077125,0.0,1833.29,47.5
36047070201,6531,18,75284.41395904253,0.0,3.4236902050113893,409.0,0.2987544535515434,0.0390032440254527,0.0,27.729518753792966,28.83443527966375,0.0,17.581262389868986,8.604038179649894,16.912987699447402,2503.35,41.6
36047070202,14,3,14658.472141171636,0.0,2.673960612691466,345.0,0.0103232488816413,0.8857977291996972,0.0,10.067585739941872,48.18471004101135,0.0,0.0,14.441558010512654,26.410025230452785,0.0,0.0
36047070203,0,0,,,,,0.0,0.0,0.0,1.6922438443676984,10.066000694396926,0.0,0.0,0.0034608499168867,88.23829461131848,0.0,0.0
36047070601,2437,0,78250.0003639371,0.0,3.642857142857143,203.0,0.0,0.5708548011202643,0.213366441164257,33.90284850151789,23.187406428495763,0.0,18.362863567128286,14.50627101600497,9.256389244568574,2850.27,43.4
36047070602,0,0,13690.47340310042,0.0,2.8852459016393444,107.0,0.0,0.0,0.0,12.850033327022214,30.338410704187226,0.0,0.0026963034976445,3.733118295236152,53.07574137005677,0.0,0.0
36047072000,1678,1,113508.69460825772,0.0,3.702127659574468,139.0,4.710799542688199,0.1234330991565054,0.478920424727241,34.3918952972557,21.346292935230192,0.0,17.5384856260487,21.41017307489346,0.0,1479.08,43.6
36047072200,2242,23,101888.16001201428,0.0,3.605769230769231,197.0,3.671510345212408,2.8814538436868147,0.1202220851819489,31.58415206387692,25.48127137594034,0.0,18.696891394855204,17.56449889124637,0.0,0.0,48.7
36047072400,1586,20,109221.7321631296,0.0,3.587443946188341,217.0,1.5694967873413517,0.8263325652326302,2.597134784246857,30.84376344939666,24.341443082677134,0.0,19.04853953568356,20.773289795421807,0.0,1331.98,44.7
36047072600,2672,22,95838.72157223165,0.0,3.39906103286385,189.0,1.8915233191969103,0.0398988212790438,7.296760273625585,33.30413693472763,18.841720284479337,0.0,18.343116013884643,20.28284435280684,0.0,1871.0,43.0
36047072800,3153,4,94090.8521039002,0.0,3.5294117647058822,140.0,3.106578831587497,0.5372561646207231,0.0,29.810932326374424,27.369103298972632,0.0,24.509461392215872,14.666667986228832,0.0,1198.71,48.9
36047073000,2109,6,105650.9226111036,0.0,3.701863354037267,156.0,1.716817742739835,0.2970451223703635,0.4735839889584805,28.511265580330416,25.81337443531763,0.0,24.595401422033166,18.592511708250104,0.0,2542.83,44.8
36047073200,1877,6,102006.16637312491,0.0,3.646017699115044,107.0,0.0,0.4417440455536965,0.0,32.10095011605884,21.21894927702361,0.0,24.844356779553017,21.39399978181083,0.0,1650.88,38.6
36047073400,1142,0,94032.95372778436,0.0,3.5494505494505493,85.0,0.0,1.6718140108433337,0.0,32.33485009983454,27.541777655260532,0.0,24.325735374890055,14.125822859171526,0.0,2668.27,49.5
36047073600,2918,14,105003.1554477401,0.0,3.4245810055865924,169.0,2.150958141150197,1.769580465093337,0.0,27.729989940845726,26.856854977991024,0.0,21.44003106811934,20.05258540680038,0.0,1583.81,46.3
36047073800,3517,20,103968.89400985716,0.0,3.717948717948718,190.0,2.4101612725232493,1.092489690238901,0.0,29.542699465020792,19.331265355633914,0.0,25.854829402899732,21.76855481368342,0.0,1406.25,38.6
36047074000,3287,6,94442.78540995768,0.0,3.609090909090909,105.0,0.7286969476948695,0.3792453459595583,0.0613113309301285,30.246498712520086,20.579876115024085,0.0,29.374735578377855,18.629635969493417,0.0,1310.1,40.3
36047074200,2516,7,89688.38954009177,0.0,3.78021978021978,86.0,0.9468512621452644,0.8035551623709266,0.0,31.233586229541885,20.269962480806107,0.0,32.92266973069891,13.823375134436914,0.0,1543.08,41.7
36047074400,2648,4,84480.00760702367,0.0,3.8068181818181817,86.0,0.0,0.9033399439499792,0.0,31.043033354649417,27.08118181926095,0.0,29.210166055739677,11.762278826399983,0.0,2699.83,22.6
36047074600,2385,19,106628.636974316,0.0,3.686363636363637,213.0,3.0428547447617005,2.8102371812396756,0.0,27.95420467719721,22.38195282062965,0.0,20.906460049207585,22.90429052696417,0.0,2187.5,35.4
36047074800,1504,18,84398.40148819874,0.0,3.755555555555555,85.0,2.287059418786026,2.7267520526198115,0.0,30.82346656876443,26.58312654010514,0.0,25.24423742067652,12.335357999048089,0.0,1582.04,37.7
36047075000,2804,7,81744.72300977723,0.0,3.8333333333333335,74.0,1.3249205945824285,0.4544477639417728,0.0,29.125924983786632,24.33779059288033,0.0,32.51061006733281,12.246305997476025,0.0,1983.17,36.4
36047075200,1146,13,82623.25742944061,0.0,3.8732394366197185,68.0,0.0,0.4272926354633951,0.0,27.51646828618883,30.291517204676236,0.0,28.7416852990965,13.023036574575036,0.0,2716.35,22.3
36047075400,1000,5,81781.64868141062,0.0,3.985294117647059,68.0,0.0,1.64571532748009,0.0,28.171221342825977,35.50001143858769,0.0,24.964153598652363,9.718898292453872,0.0,2227.9,62.2
36047075600,1720,3,81582.43327767821,0.0,3.927710843373494,82.0,0.0,2.84746651219866,0.0,25.315796600594027,37.46078363074015,0.0,25.066395353296542,9.309557903170615,0.0,1486.02,48.1
36047075800,1400,4,94259.8450942149,0.0,3.788135593220339,117.0,0.0961788315229228,0.1726151985068965,0.0,23.03750013862093,38.484084370367015,0.0,26.753779374062052,11.455842086920184,0.0,1339.65,68.8
36047076000,3205,12,80496.71819507767,0.0,3.928571428571429,70.0,0.0,1.675652208807419,0.0,26.403114104140283,30.338620321001855,0.0,28.531863830536643,13.050749535513784,0.0,1445.65,41.0
36047076200,4224,15,81431.52702299668,0.0,3.946666666666667,74.0,0.0910300527539337,0.7944192703835793,0.0,24.440862177717868,30.759519118949974,0.0,29.853396830705307,14.06077254948934,0.0,1052.4,34.3
36047076400,4302,13,81245.15602413479,0.0,3.695121951219512,75.0,0.0,0.1957895634944061,0.0,17.423849467234476,43.767054720249824,0.0,27.942644796696015,10.670661452325268,0.0,1573.33,36.4
36047076600,2126,3,66868.56673049134,0.0,3.576923076923077,26.0,0.0,0.2316556852819078,0.0,23.34470319248093,33.51301208162412,0.0,30.477043147842853,12.43358589277018,0.0,1837.75,38.9
36047076800,3895,21,91490.23153662712,0.0,3.643410852713178,246.0,2.0897941078990865,5.529488761100923,0.4340316164039355,32.48039555087755,19.48092573397767,0.0,17.978659075920394,22.006705153820437,0.0,1406.25,32.9
36047077000,2780,11,98983.99438617469,0.0,3.82,99.0,0.2535975413529361,2.8518567081563915,0.0,21.824234793775172,32.39542085238494,0.0,26.903816289537843,15.771073814792716,0.0,1479.25,36.9
36047077200,3068,11,83984.89828985803,0.0,3.3166023166023164,222.0,0.0,15.16975714113209,0.0,27.376258525131327,30.659473102085805,0.0,13.450585844017848,13.343925387632916,0.0,1554.9,45.7
36047077400,2906,23,95561.63535161193,0.0,3.280575539568346,115.0,10.897940504314205,1.676823481001912,0.7329937485728084,24.025441733755507,15.54889608718306,0.0,23.71206943499853,23.405835010173977,0.0,1394.0,33.3
36047077600,3448,3,81733.06853660055,0.0,3.0,94.0,0.9667509057125576,0.0589433041333601,0.8643544517110767,28.216571410580347,29.357677996497397,0.0,21.22322179465497,19.312480136710295,0.0,1384.29,54.7
36047078000,2170,9,81119.9329261613,0.0,3.746268656716418,66.0,0.0893546845332187,0.6471160311458367,0.0,32.98696495569861,25.23754436502791,0.0,27.552658062161992,13.486361901432408,0.0,2665.6,43.1
36047078200,4086,1,100837.28623502204,0.0,3.3333333333333335,123.0,0.0,0.0,0.0,27.541874930391472,36.494134886443824,0.0,23.5424658409925,12.421524342172209,0.0,1337.65,46.8
36047078400,2463,8,85007.18413017002,0.0,3.797297297297298,73.0,0.5264941757479763,0.6271677349610939,0.0,32.850188359635375,24.63708675307567,0.0,28.666722178340535,12.692340798239348,0.0,1916.4,41.6
36047078601,2220,17,92095.63218190742,0.0,3.459016393442623,56.0,3.621827952993688,1.7822150720281555,0.0,26.00875690473678,16.735937888711067,0.0,31.456030498684,20.39523168284631,0.0,1684.88,43.4
36047078602,2104,11,84005.63497985418,0.0,3.902439024390244,40.0,0.1848070755126716,1.6247622055489044,0.0,30.894189938874703,25.50084139032498,0.0,29.12975325999608,12.665646129742663,0.0,1338.75,36.5
36047078801,1695,7,92027.49116477207,0.0,3.810344827586207,57.0,1.281655885036027,2.9480703139783966,0.1594063336218812,28.176391352090747,18.285739329604237,0.0,31.297835087517676,17.850901698151034,0.0,1076.62,36.8
36047078802,1790,2,75300.02940866015,0.0,2.9423076923076925,39.0,0.2019370607082722,10.536066142454104,0.0,38.0997092758586,23.963313306451905,0.0,14.139431053732514,13.059543160794606,0.0,1061.13,33.7
36047079001,1664,3,107375.65527332303,0.0,3.618181818181818,55.0,4.405127745255405,0.9107155429418596,1.46683875964025,25.314145750133317,14.563243768361188,0.0,32.12847841876113,21.21145001490685,0.0,1304.94,29.2
36047079002,2768,6,90291.23554151902,0.0,3.786516853932584,88.0,0.5246342302268507,0.2579451631948683,0.0,28.57433145925276,17.49275062608229,0.0,35.99353691365437,17.156801607588864,0.0,1109.08,36.3
36047079201,1382,5,91159.6797070908,0.0,3.4150943396226414,98.0,7.642834394516977,3.4283619750428564,0.0,39.00193281151124,9.759709914387535,0.0,20.8440776182919,19.323083286249492,0.0,1695.42,42.7
36047079202,1942,1,107169.71105445328,0.0,3.614754098360656,117.0,2.049990776755047,0.1718583861040065,0.0,35.861333130286766,17.357393735385585,0.0,26.30100757402448,18.258416397444115,0.0,1650.63,33.9
36047079400,2366,8,96507.9644716004,0.0,3.551546391752577,186.0,5.615899463011076,15.615318567520172,2.004711363991493,33.480256700409214,11.79785592102686,0.0,13.53947503896076,17.94648294508042,0.0,2467.21,37.7
36047079601,3232,13,77433.53048841581,0.0,3.725490196078431,50.0,0.7367636221962043,0.4753372985715423,0.0,26.338943743303403,21.91984252567564,0.0,39.16955799551483,11.359554814738376,0.0,1569.79,38.0
36047079602,5073,9,80014.34996017869,0.0,3.6231884057971016,66.0,4.410324199489554,2.074267089066196,0.0,28.980933298889173,14.324518601074352,0.0,34.21677652932771,15.99318028215302,0.0,1487.88,36.5
36047079801,3316,4,76260.32563957007,0.0,3.587301587301587,63.0,0.0,0.7679332622818716,0.0,23.75077435223713,31.92870340779402,0.0,33.557051925225174,9.995537052461811,0.0,1814.9,32.7
36047079802,5004,12,69165.3832703015,0.0,3.0,43.0,1.212320422439068,0.3375056855342617,0.0,25.71963006988814,17.271916260389,0.0,31.08296861572144,24.37565894602808,0.0,1931.5,42.7
36047080000,3217,7,74714.72770287935,0.0,3.759036144578314,82.0,0.0,0.1190347598525342,0.0,22.904802056386167,29.72818840237914,0.0,35.743701005300004,11.504273776082169,0.0,1841.71,44.7
36047080200,3878,6,76480.93158766079,0.0,3.7083333333333335,93.0,0.4231400135665069,4.5292011992394015,0.0,29.540136993538923,24.49084752048048,0.0,30.00234215327129,11.014332119903392,0.0,1902.73,45.1
36047080400,3033,8,85909.19133752878,0.0,3.634920634920635,114.0,1.602303670449693,5.200889024605522,0.0,34.084829843048325,15.937818488921629,0.0,25.799156783951613,17.375002189023213,0.0,1123.33,42.1
36047080600,4038,4,96640.7170559484,0.0,3.677685950413223,116.0,0.9172556917147427,5.041550671199509,0.3193025453833753,34.12013037776154,18.95741765313977,0.0,23.214329826138833,17.430013234662216,0.0,1281.38,30.3
36047080800,2044,20,70410.89719742679,0.0,3.103896103896104,201.0,0.3248082095137432,22.936514450184944,0.0,29.477282245864306,32.29294665576812,0.0,1.408632501625667,13.559815937043211,0.0,256.48,53.4
36047081000,2101,7,87287.22166540656,0.0,3.44,115.0,0.0,12.377105441818678,0.3259115141547579,33.81775204556169,25.50770140292672,0.0,15.173475990749578,12.798053604788572,0.0,1701.73,37.3
36047081400,2692,7,103129.20480721268,0.0,3.7664233576642334,133.0,1.105910059730713,4.091583932654325,0.0,33.042531083792156,20.208615817725924,0.0,25.46174503180447,16.089614074292413,0.0,1667.4,40.3
36047081600,2893,7,84453.66458938427,0.0,3.730434782608695,114.0,0.3031386486268055,10.991428717052123,0.0,27.979991880318018,19.761279891363323,0.0,22.554711586332413,18.40944927630732,0.0,1784.31,39.9
36047081800,4639,13,85252.98673087524,0.0,3.71,96.0,0.4885040679639871,2.1883793876941007,0.0,32.84557748724811,19.769188449224515,0.0,28.806800528387544,15.901550079481757,0.0,1473.21,35.0
36047082000,4651,14,67304.58188022082,0.0,3.7358490566037736,52.0,3.0327206583083597,1.6074466791805646,1.4197656738944509,30.80290288030646,14.306174609995702,0.0,34.9467540147977,13.88423548351676,0.0,1081.73,34.6
36047082200,7104,11,71154.00875252925,0.0,3.6666666666666665,68.0,0.0,2.3767755246207503,0.0,31.131296914910425,19.8222935326333,0.0,34.65921417048487,12.010419857350636,0.0,1647.02,36.6
36047082400,5125,20,87128.74260202333,0.0,3.7039473684210527,147.0,1.4044119983129204,2.127506339700043,0.091179807281501,35.964588244234264,14.542752660114388,0.0,29.44295638246306,16.426604567893826,0.0,1100.08,39.7
36047082600,4122,14,98982.09599495084,0.0,3.7411167512690353,193.0,0.5730320089110454,0.8830551140191837,0.0,28.16982589999818,18.146094587967205,0.0,33.9899674895825,18.238024899521893,0.0,1395.06,40.6
36047082800,3604,19,92406.61111154342,0.0,3.8793103448275863,115.0,1.724997097882869,3.5490857149906576,0.3520402240577284,28.80010628280052,16.279782066939795,0.0,31.906116523553223,17.387872089775197,0.0,1179.1,42.0
36047083000,5673,13,97671.82303125745,0.0,3.4941176470588236,157.0,1.2432127921625125,1.4668550386322392,0.0,30.10389683646499,23.12379946006036,0.0,28.23681068228988,15.825425190390025,0.0,1609.42,43.0
36047083200,2094,7,84672.94060260302,0.0,3.928571428571429,69.0,0.2151142813718308,1.5919437366570672,0.0,35.25260852986377,20.933857388003883,0.0,28.67624201587642,13.330234048227044,0.0,1926.17,47.4
36047083400,1839,4,87193.97018279451,0.0,3.9344262295081966,61.0,0.6241004517066897,0.0,0.0,32.20346564916908,24.357111077062697,0.0,29.07769407721174,13.737628744849802,0.0,2326.92,51.1
36047083600,1984,0,104038.67290931568,0.0,3.736842105263158,148.0,3.216360309914396,4.560866323482082,9.013524121686178,37.28681915461925,10.015735858740234,0.0,16.05545734618491,19.85123688537295,0.0,1847.96,39.5
36047083800,1931,8,86686.57286792845,0.0,3.683673469387755,90.0,1.1384045799935691,2.0166578406272437,0.0,30.18116374011093,23.861426740471575,0.0,28.0673907925728,14.73495630622388,0.0,1210.58,55.6
36047084000,2226,13,89902.82629523452,0.0,3.932584269662921,89.0,1.5340373121155957,4.314479940325112,0.7259283709118443,33.19050557922344,18.719640713905076,0.0,25.201658046856753,16.313750036662196,0.0,1558.81,50.9
36047084600,2038,12,89535.15812512535,0.0,3.808080808080808,97.0,1.7693586510504618,1.575655114553073,1.5703334290435365,31.8459478623228,16.986036594712857,0.0,26.50103418928478,19.751634159032488,0.0,1505.85,44.2
36047084800,1445,4,88276.59607150334,0.0,3.760869565217391,88.0,1.0829152729584242,0.2594941539590675,1.2630687652676529,35.73624800241454,15.881323495659451,0.0,26.935872101580784,18.841078208160063,0.0,1654.08,54.6
36047085000,1383,2,97514.6500430516,0.0,3.6666666666666665,128.0,0.4696188685766424,0.7337794821510037,0.6457259442928832,33.57943521944218,23.043851044563272,0.0,22.657760254575837,18.869829186398174,0.0,2388.83,45.1
36047085200,0,0,39351.077645699355,0.0,2.9285714285714284,58.0,0.0,0.0,0.0,2.082241765698688,92.2156689709156,0.0,0.0,5.7020892633857185,0.0,0.0,0.0
36047085400,2062,1,109774.81176522977,0.0,3.558282208588957,159.0,0.0,0.9266555511967058,0.0,27.26228007426403,26.291534136384133,0.0,27.119992915604776,18.399537322550355,0.0,1515.92,50.3
36047085600,3161,7,88824.86549967033,0.0,3.672727272727273,109.0,1.5085178101936878,3.5904987198209732,0.0,31.453853194816876,18.974539227061108,0.0,27.514014053701786,16.958576994405572,0.0,1521.29,38.9
36047085800,1951,3,89925.0481298058,0.0,3.701149425287357,83.0,1.901046791549348,0.1792858204199623,0.0,33.43383310092754,21.07041915674168,0.0,29.072564550542427,14.34285057981905,0.0,1608.46,40.7
36047086000,2627,12,94590.3240528746,0.0,3.789473684210526,108.0,0.5505212145231445,2.0861900761938292,0.2263854340786136,33.579850427815735,16.585615284073306,0.0,30.68235248870632,16.289085074609037,0.0,1499.13,45.6
36047086200,2626,3,87245.2324678773,0.0,3.8395061728395063,79.0,1.9297787017115295,0.522156545562734,0.2983751688929908,33.91015652407365,12.50791448383657,0.0,33.06157247987618,17.770046096046336,0.0,969.96,45.0
36047086400,2219,20,115234.26145583537,0.0,3.550802139037433,179.0,2.361683509666478,0.2386744325079816,0.0,33.138084578090115,17.957707151237226,0.0,23.626024062316336,22.677826266181853,0.0,1365.69,48.9
36047086600,2984,6,102583.38811245754,0.0,3.789855072463768,137.0,0.3610874164493604,3.005807918352526,0.0,31.399137097615867,17.351064411519793,0.0,29.923887698458856,17.959015457603588,0.0,1529.0,42.2
36047086800,2952,18,97672.49065337756,0.0,3.8449612403100777,128.0,5.57263985333975,0.8570226942706112,0.2529956293049775,34.0876443606573,10.981318753626482,0.0,28.475480314070456,19.772898394730426,0.0,880.08,39.4
36047087000,3006,3,96142.26382187978,0.0,3.888888888888889,108.0,0.4133284823386237,3.4635166392727355,0.0,30.218878779366175,22.4155240301989,0.0,29.42135735820049,14.067394710623086,0.0,1175.69,38.5
36047087200,3127,2,97490.80094392232,0.0,3.828828828828829,109.0,0.1269904495991458,0.5921564664808171,0.0,31.094525047197045,21.948034240307944,0.0,31.40553187617877,14.832761920236283,0.0,1300.96,40.1
36047087401,3127,7,90260.97396160144,0.0,3.4302325581395348,79.0,0.152939683731795,1.919076452121853,0.0,31.157999611285614,20.556715888635495,0.0,28.650034864935655,17.56323349928957,0.0,715.52,30.6
36047087600,1798,7,78535.76289146485,0.0,3.587301587301587,60.0,1.3936171278487446,3.7318264211504713,0.0,44.133452897454006,15.27423376256368,0.0,20.137717808189453,15.329151982793643,0.0,925.48,35.7
36047087800,2592,3,87775.24941481059,0.0,3.5656565656565657,92.0,3.0359535440776386,11.708997300432426,0.8766469271736438,34.58319638427671,15.277651783547087,0.0,18.79684425072547,15.72070980976702,0.0,1089.1,52.2
36047088001,1702,10,111320.55635702224,0.0,3.4479166666666665,92.0,7.556278317349248,0.0,0.0,31.2449090705512,18.246688883703584,0.0,23.608849585583016,19.343274142812948,0.0,814.44,57.3
36047088002,1220,10,102605.27964403242,0.0,3.511111111111111,86.0,1.2963666604945026,4.269508597673905,1.6810406035895296,36.89562895944448,14.266693007351298,0.0,17.912240335994316,23.67852183545196,0.0,1418.27,29.9
36047088200,6535,3,80613.90735692302,0.0,3.6666666666666665,117.0,0.3993285105250311,3.126168202677115,0.0,29.4975920532422,20.26486661353323,0.0,35.367602730021424,11.344441890000995,0.0,976.04,37.1
36047088400,5208,3,81034.5201555183,0.0,3.925,79.0,0.19002546287305,1.0427215399106635,0.0,29.933299654493425,15.480238979521674,0.0,42.853816835362906,10.49989752783827,0.0,742.19,33.7
36047088600,4340,18,100981.87729007,0.0,3.7796610169491527,175.0,0.299389299857233,5.404792228707685,0.0,31.081396630299977,17.5027484304226,0.0,25.891220751289023,19.820452659423488,0.0,1109.12,40.6
36047088800,3783,15,108699.35749774423,0.0,3.7320574162679425,209.0,2.430012442422041,1.7529770348607585,0.0,32.13178902086436,13.21250817126275,0.0,26.05197842666269,24.420734903927404,0.0,1058.71,41.2
36047089000,7674,28,85873.2283739829,0.0,3.7300613496932513,161.0,0.8537229639077465,6.468089748886391,0.0,27.601659241946876,14.020922889570215,0.0,27.36967050160587,23.685934654082903,0.0,1394.9,35.1
36047089200,2876,18,104684.77404324977,0.0,3.676136363636364,173.0,7.514173591081678,5.902392852531662,0.173639979103254,30.3274501892068,8.944892803688884,0.0,21.39437210166125,25.74307848272647,0.0,0.0,55.3
36047089400,3513,20,96907.72470798402,0.0,3.926829268292683,123.0,0.1694452032747301,1.1081102382678003,0.2792734054970082,30.193090922137273,21.88752287664825,0.0,31.309626761984592,15.05293059219034,0.0,1213.94,47.5
36047089600,3956,8,101018.310601344,0.0,3.6666666666666665,120.0,0.0,4.088218756764423,0.2537765384724266,34.886300915626755,19.587308348458087,0.0,26.28533367951945,14.899061761158876,0.0,0.0,45.6
36047089800,2316,6,86194.34062247394,0.0,3.8484848484848486,98.0,0.0,0.4986114466254157,1.7024696699753694,35.78555642489265,28.385142997499116,0.0,21.070938010644507,12.55728145036294,0.0,1288.0,44.3
36047090000,4964,26,96933.23237536386,0.0,3.6614583333333335,184.0,1.0560675983844825,3.621058832744142,0.4734047598043302,29.502061649525025,19.992490879661496,0.0,27.613883612780175,17.741032667100352,0.0,394.23,36.8
36047090200,4017,15,89721.76612789187,0.0,3.816,121.0,1.412542184848447,1.41684650642663,0.1921572133117319,30.47569813600286,26.286045721226166,0.0,25.845913819281197,14.370796418902964,0.0,819.46,35.7
36047090600,4344,16,108185.5378039221,0.0,3.4608294930875574,205.0,4.811021765638396,2.160569034982339,0.2353489638384747,26.9743650764522,30.02806479692837,0.0,20.202383400519594,15.588246961640616,0.0,536.69,29.4
36047090800,6230,16,89424.34261570936,0.0,3.781659388646288,225.0,0.9483164643526664,2.482826583274677,4.82235375563564,40.05131125716953,16.542429336372933,0.0,8.845820651659917,26.306941951534647,0.0,862.98,32.3
36047091000,5837,23,80568.87235366585,0.0,3.456953642384106,139.0,1.078583441188492,0.148847690301405,0.7144689134467439,29.75706080708039,33.417908750693954,0.0,13.409291492079436,21.473838905209565,0.0,429.25,31.8
36047091200,6301,6,84080.38108125335,0.0,3.403225806451613,117.0,0.3127921796542146,0.418359540287512,0.0,25.164007488287755,47.10886156602453,0.0,14.554845703669914,12.441133522076074,0.0,709.6,33.6
36047091600,5619,7,101272.22365647336,0.0,3.79874213836478,155.0,1.4228508785843057,0.7372935510991839,0.6252333096679159,33.48426880560193,20.09263324638205,0.0,27.995224647791694,15.64249556087293,0.0,862.02,34.3
36047091800,2453,8,98989.53485644508,0.0,3.5872093023255816,160.0,0.4758297798564438,3.505689276427265,0.652357800735459,29.619889734586803,36.16213123813303,0.0,15.608704155077035,13.97539801518397,0.0,883.5,40.7
36047092000,3202,21,97718.53549678724,0.0,3.7416267942583734,206.0,0.7929962718665181,0.1212084422352097,0.5672632217567881,34.84864779698153,24.650103504675258,0.0,15.855606663566732,23.164174098917957,0.0,864.96,32.8
36047092200,2842,13,91008.17166318234,0.0,3.4885496183206106,123.0,0.2905618126649326,4.524610889800225,2.633362487168377,27.631514963791744,24.035576922109627,0.0,21.387744794374814,19.496628130090272,0.0,980.65,48.9
36047092400,3420,13,107067.35052825016,0.0,3.693396226415094,205.0,2.2165212973541295,9.987574865132448,0.0,34.69496910556408,19.932612897735748,0.0,17.594798066374008,15.573523767839587,0.0,716.75,33.5
36047092800,2663,0,94507.79551283148,0.0,3.587301587301587,117.0,0.1960139933410985,0.3969903662604527,1.4025614502430928,32.53665731460498,15.592694863674716,0.0,25.804346238153993,24.070735773721676,0.0,1581.73,47.6
36047093000,2986,6,91463.98112494344,0.0,3.540983606557377,111.0,0.9074426453737032,2.2398340417516773,1.1818887137306282,36.34226113522673,19.917553277897433,0.0,22.530074530328097,16.88094565569173,0.0,2035.54,35.6
36047093200,1565,10,78938.48451039512,0.0,3.437869822485207,151.0,5.816823500265427,0.7480088252121856,11.03464536924363,29.06557959494091,13.555624400292768,0.0,10.750497914230332,29.02882039581474,0.0,0.0,55.7
36047093400,2175,13,108932.28698433773,0.0,3.490322580645161,150.0,0.6517077648062832,0.3289238382265898,0.1316353200582812,30.186840480581132,26.04247020353171,0.0,23.999664717132543,18.658757675663452,0.0,1410.02,48.5
36047093600,1529,11,89292.15651049251,0.0,3.5826771653543306,118.0,0.5190310449808837,9.592963368163106,0.0,37.37710794346779,19.53351135319164,0.0,16.49110344348639,16.486282846710182,0.0,1534.1,55.6
36047093800,2227,6,106051.64843152362,0.0,3.7413793103448274,116.0,1.149315862166038,0.4591216092978425,0.0,33.4364900455277,11.850917048836717,0.0,31.56361600835732,21.54053942581439,0.0,1188.98,42.0
36047094401,3158,8,90075.98559940777,0.0,3.3136531365313653,246.0,2.1424321147140684,0.4382218540344042,4.496110126199515,35.46695114765071,19.62357130223064,0.0,13.681403329049049,24.151310126121626,0.0,1586.54,48.1
36047094402,2371,5,110182.9381204906,0.0,2.9497206703910615,153.0,0.0,0.0,0.0,19.962459179894168,54.517577014909946,0.0,15.022233144731889,10.497730660463994,0.0,474.54,33.1
36047094600,1772,18,94749.85151430244,0.0,3.5767441860465117,206.0,1.1377401363527184,3.660486669725392,4.848745125974989,34.1685544588166,22.305517125621385,0.0,13.812593534836545,20.06636294867237,0.0,1801.29,41.9
36047095000,2333,9,85887.01921111076,0.0,3.578034682080925,168.0,1.5714349640317782,6.338775989148997,0.0,31.8150651762164,27.519759337197243,0.0,16.04479430377839,16.71017022962718,0.0,1732.37,55.2
36047095400,3875,4,108297.8848030854,0.0,3.620853080568721,202.0,1.7833663891486993,0.1150315273345683,0.343377693536025,27.76172656163608,28.623497377155577,0.0,25.094076181382057,16.27892426980699,0.0,2082.87,45.9
36047095600,3666,12,102234.54253358408,0.0,3.563451776649746,185.0,1.8353183937228044,2.4271272229327296,0.0,29.00484475274518,26.808541886769017,0.0,22.82449464448836,17.099673099341906,0.0,1646.21,37.1
36047095800,2760,5,105795.70178035992,0.0,3.722513089005236,186.0,0.2887008828610919,0.8950253854214686,0.4326522143000362,32.73401326054977,21.36328765300573,0.0,23.336657528505576,20.949663075356327,0.0,1277.92,35.7
36047096000,0,4,84355.61899629034,0.0,3.1219512195121952,279.0,9.632181908392225,0.2655774720268218,5.478815823364759,33.86708556121375,13.04960117273507,0.0,0.0,37.70673806226738,0.0,0.0,0.0
36047096200,1315,8,95648.0772861246,0.0,3.69811320754717,152.0,1.9242743617243097,1.6069771424449044,5.437407222452777,33.29705063316731,18.9957336350748,0.0,17.605460194434528,21.133096810701353,0.0,1418.27,34.0
36047096400,2086,14,94219.72348709422,0.0,3.697841726618705,134.0,1.47579202176491,2.025462780977239,0.0,34.04098949112307,21.21664000008409,0.0,22.208507737744227,19.03260796830646,0.0,1537.19,41.7
36047096600,1883,14,91574.08952270706,0.0,3.582089552238806,123.0,1.0602248232249012,1.9540093288320783,0.0488224931678656,34.339684628993574,22.319368722988795,0.0,21.53542502193425,18.742464980858543,0.0,1464.88,37.0
36047096800,1224,11,99855.23100605232,0.0,3.86231884057971,136.0,3.490071858135188,1.7151640070579823,0.0554422872498393,33.11777822422393,24.956362239185367,0.0,19.746334082811757,16.918847301335926,0.0,2043.27,46.2
36047097000,1935,0,91771.42522824272,0.0,3.8018018018018016,108.0,0.4452185104289249,3.2484486989251766,2.157776070568911,36.11597044015699,22.15942939689316,0.0,20.80806167993607,15.065095203090753,0.0,2093.54,51.7
36047097400,2415,29,88539.96353390455,0.0,3.4512820512820515,178.0,1.1076487155831216,4.288778255506417,0.2009222678196383,37.456936013069026,16.09810349187375,0.0,9.220520094555171,31.627091161592872,0.0,1705.54,45.6
36047098200,3962,18,88570.25117006252,0.0,3.1036789297658864,262.0,0.0,0.3569742089050531,0.0,17.287797189477374,58.59119777066014,0.0,10.078232076602292,13.685798754355147,0.0,483.17,31.7
36047098400,1924,2,97249.95162989548,0.0,3.5064935064935066,74.0,2.894278799481568,0.6706255754896316,0.0,34.34459642264174,18.943852037396887,0.0,25.489207465375763,17.657439699614404,0.0,1965.38,42.1
36047098600,2341,2,107240.43602936716,0.0,3.76,123.0,0.6922742450029907,2.2363890970860627,0.0,32.18451320987076,25.451927503582947,0.0,22.075486232900406,17.35940971155684,0.0,1836.69,47.0
36047098800,2752,5,89938.05514976535,0.0,3.6019417475728157,95.0,0.6531400490771748,4.4881651694712055,0.0,35.17011906869232,21.941701727549894,0.0,20.99151034558554,16.75536363962385,0.0,1576.63,49.9
36047099000,1479,7,81458.80038552254,0.0,3.74468085106383,89.0,1.2526256160320854,8.142465570776496,0.0,36.04809076996932,23.82055682644439,0.0,16.779529811784137,13.95673140499358,0.0,1833.19,45.7
36047099200,1642,8,90886.44802078226,0.0,3.7472527472527473,88.0,0.3996859764431851,0.3298472839045191,0.0,35.69617725990119,21.13969257748119,0.0,22.30340934335621,20.131187558913712,0.0,1838.4,48.7
36047099400,1525,7,100690.6015208777,0.0,3.5342465753424657,138.0,0.1580594100015805,0.4561142974331324,0.0,33.107958500340054,32.19734840831818,0.0,17.227075735397978,16.85344364850907,0.0,1783.42,49.7
36047099600,3079,6,92709.6576441144,0.0,3.836363636363637,106.0,0.0,2.641094390647854,0.0,31.49389467909371,25.053820918233793,0.0,25.35851715805566,15.45267285396898,0.0,1662.04,41.5
36047099800,3348,9,64441.153898246965,0.0,3.272727272727273,200.0,0.0,7.70901343455525,0.0,25.98357824934994,36.06540931359448,0.0,5.250255951578699,12.543892667104243,12.447850383817382,1887.56,39.7
36047100400,2423,13,101707.46401749855,0.0,3.6391752577319583,93.0,0.0,0.0,0.0,30.385201062374936,20.23921656390872,0.0,29.79674808211933,19.57883429159702,0.0,1289.67,39.4
36047100600,2670,2,86852.17942053611,0.0,3.973684210526316,76.0,0.3181620540994278,0.0978960166459777,0.0,35.16902102624733,23.36595082059721,0.0,26.85309763202916,14.195872450380884,0.0,2317.65,38.7
36047100800,2161,11,88022.44794719522,0.0,3.7093023255813953,81.0,0.0403572769023741,2.086000462683527,0.0,33.87982529997634,21.413007204412946,0.0,23.973693583664,18.607116172360804,0.0,1524.04,46.7
36047101000,2577,6,98018.99872327408,0.0,3.7058823529411766,116.0,2.2371619590723912,0.246411549292033,0.0,36.04399931943085,21.00558156929827,0.0,23.696867636041336,16.76997796686513,0.0,1386.83,37.6
36047101200,2119,1,83539.95318002062,0.0,3.935064935064935,76.0,0.3555905340795233,0.0,0.0,31.511130589683283,31.128081947230985,0.0,23.561512270790224,13.44368465821598,0.0,1860.12,47.0
36047101400,1796,0,97649.05946090443,0.0,3.9239130434782608,91.0,0.0,0.0,0.0,34.316342848861055,27.043127480063298,0.0,22.45638689429112,16.184142776784533,0.0,1306.94,53.2
36047101600,1897,0,96088.14285149178,0.0,3.453125,63.0,0.0,0.0,0.0,29.697413100503713,30.970292600941733,0.0,23.330436580296382,16.00185771825817,0.0,3457.75,42.6
36047101800,1789,4,54438.43789159587,0.0,3.4752475247524752,91.0,0.1059824077092609,0.3952520381627732,0.0,26.935302911662824,40.02397169691954,0.0,8.101638129556145,10.511774702652236,13.926078113337214,1961.46,44.2
36047102000,2151,2,92733.91977876384,0.0,3.741935483870967,89.0,0.0,0.0759442758382931,0.0,33.79842055130537,27.850398421265517,0.0,21.065518162370537,17.20971858922027,0.0,2666.77,40.0
36047102200,2067,6,87640.50349143692,0.0,3.797872340425532,92.0,2.6677319925245464,1.1993723601554078,0.0,31.07059576179573,28.28143828085131,0.0,21.732888336255098,15.047973268417907,0.0,1616.6,40.6
36047102400,1834,12,84636.0954243567,0.0,3.7777777777777777,71.0,0.606602870686192,0.303301435343096,0.0,35.187522586196934,22.104345991130355,0.0,22.937196322941247,18.861030793702184,0.0,1402.98,40.6
36047102600,2935,6,92342.34878122932,0.0,3.53125,89.0,0.0,0.6505826307167566,0.0,29.29675967089848,25.607832629928033,0.0,26.364754619841733,18.080070448615007,0.0,1712.6,42.6
36047102801,1146,6,111538.83093566046,0.0,3.563380281690141,139.0,5.948117680839789,2.78162620484166,0.0,35.12321637336492,21.54766403488132,0.0,14.681574407420944,19.917801298651373,0.0,905.06,47.1
36047102802,0,2,20444.73804316212,0.0,3.0955882352941178,129.0,0.0,0.0,0.0,6.201535337427172,51.28928321672846,0.0,0.0,5.230548393085545,37.27863305275882,0.0,0.0
36047103401,3637,12,73747.53239172608,0.0,3.3157894736842106,107.0,0.7510956975455213,0.6801734863047856,0.0,23.86659270229957,53.29162076835098,0.0,13.245760400139655,8.164756945359484,0.0,343.33,31.4
36047103402,0,4,3280.2167000748095,0.0,3.35,19.0,0.0,0.0,0.0,10.689451015448965,39.23640847481002,0.0,0.0,6.601438269186199,43.47270224055481,0.0,0.0
36047105801,5655,2,83048.93898903803,0.0,3.2847682119205297,284.0,0.0,0.0,0.0,18.81205814144421,53.830273730900295,0.0,8.94875579983977,18.408912327815724,0.0,403.62,56.3
36047105804,6083,8,51830.30077088643,0.0,3.3216374269005846,325.0,0.9442816861893248,0.6046209875233185,0.0,23.76601986365355,45.05183997410185,0.0,3.6141410487275847,9.627955727477069,16.3911407123273,738.08,51.4
36047107001,4672,12,79338.7287117607,0.0,3.263873159682899,810.0,2.405808441192578,1.6559764735010472,0.9979099130836429,38.204619719781824,29.43775140410121,0.0,4.640759645791045,22.49379563297281,0.1633787695758545,1192.85,32.0
36047107002,0,0,15595.376849743863,0.0,2.9615384615384617,68.0,0.0,0.0,0.0,4.239040726253679,58.33293106300818,0.0,0.0,4.811766643205818,32.616261567532305,0.0,0.0
36047107003,0,0,32262.44240638406,0.0,2.836734693877551,42.0,0.0,0.0,0.0,29.49886173704354,31.170966307545044,0.0,0.0,21.3384005035944,17.991771451817016,0.0,0.0
36047107800,3716,15,111616.82886685398,0.0,3.3834745762711864,417.0,0.0095140277791587,2.294580742364023,8.734376597806955,33.949206530719806,17.941300197213938,0.0,12.0077948309779,25.06322707313822,0.0,1652.83,43.9
36047109800,2348,9,71564.24173299775,0.0,3.402222222222222,407.0,0.5260395047856412,1.0959082637534387,21.21496779219696,33.181873995087855,11.531863926831436,0.0,3.0682689292503653,29.38107758809431,0.0,1377.6,38.0
36047110400,5199,29,105281.7049573454,0.0,3.5830212234706615,773.0,3.8966926126575183,3.1451398954175143,5.636043967052448,33.68002559421332,15.549639054425848,0.0,12.66809163772265,25.424367238510705,0.0,1389.02,35.4
36047110600,4117,14,101750.48827085174,0.0,3.2928571428571427,129.0,0.0,0.1204208171564443,0.0,18.116618874640203,57.82361351126255,0.0,12.533342665488895,11.406004131451908,0.0,510.31,34.7
36047111000,2984,6,63343.96541447844,0.0,3.509433962264151,51.0,0.0,0.0,0.0,19.341843352392154,55.18263278993053,0.0,11.616135180264358,13.85938867741296,0.0,676.42,41.1
36047111600,3810,26,101468.03292419147,0.0,3.6822916666666665,376.0,1.2439692953814898,3.2019218434059673,16.315454194416958,28.385994043208093,9.985404857274649,0.0,12.277712224740306,28.58954354157254,0.0,1365.79,41.2
36047111800,3872,12,99507.43832323732,0.0,3.851851851851851,134.0,0.0,3.5175821496773834,0.0,34.09755203549523,21.207828164310996,0.0,23.99994339407969,17.17709425643671,0.0,1285.35,35.5
36047112000,3249,13,93829.63744927186,0.0,3.9047619047619047,125.0,0.0723300841913853,1.829185499793653,0.0506102411930767,33.1861230160124,24.864399716681547,0.0,23.055902477994703,16.941448964133237,0.0,1387.83,49.8
36047112200,3500,13,97357.4632480999,0.0,3.6466165413533833,128.0,0.2828365599661273,3.5012280358867787,0.0,34.831848723822056,20.279505645065367,0.0,25.248573786237056,15.856007249022612,0.0,849.77,43.4
36047112400,3380,16,98140.98525344818,0.0,3.806451612903226,152.0,0.7160073193141353,1.8012281272497035,0.4319885308218778,30.9645692728498,23.12917865476216,0.0,28.155782091888547,14.801246003113784,0.0,1259.08,37.3
36047112600,4406,12,100344.02326932042,0.0,3.8421052631578942,129.0,0.1215956477803444,5.237044896660359,1.24458186059718,29.910034716722013,17.54380963595086,0.0,31.220398202173293,14.722535040115943,0.0,1000.75,40.0
36047112800,3933,22,95186.19145419593,0.0,3.7794117647058822,134.0,1.5867566932689967,2.766309011847616,0.0,28.458875240803337,19.5376812076208,0.0,32.6785139073805,14.971863939078764,0.0,969.73,42.6
36047113000,4490,4,94565.8823802547,0.0,3.896551724137931,145.0,0.0,1.89867231947786,0.0,32.5004922371644,23.67791322890493,0.0,27.21279894396618,14.710123270486624,0.0,998.81,40.0
36047113200,2637,4,77414.19573089854,0.0,3.826446280991735,117.0,0.0293561797151298,0.3261797746125541,1.688926254966344,34.29164339943646,22.67471093378616,0.0,16.78387386448612,24.205309592997228,0.0,900.23,32.0
36047113400,2615,8,95391.30597851126,0.0,3.8372093023255816,126.0,0.5143960270025356,3.3778672439833164,6.691160640043583,34.00534515169337,20.059019447136215,0.0,17.06481385126138,18.287397638879597,0.0,922.96,32.9
36047114201,1548,10,78497.5781778102,0.0,3.274193548387097,170.0,0.9121600095916512,0.4112711670249326,0.7771382403786804,27.358010252383902,26.20330672318115,0.0,10.082431774121376,34.255681833318306,0.0,760.21,50.8
36047114202,2331,2,74497.02157276959,0.0,3.027027027027027,60.0,0.0,2.1025990133648467,0.0,23.74864616858916,37.91355924913232,0.0,23.383113217215808,12.85208235169787,0.0,1112.04,35.8
36047114400,2423,17,98803.42056639692,0.0,3.670157068062827,362.0,1.5908147769064769,4.433235432257101,11.29156966031443,38.28773291981217,11.84956659864117,0.0,6.292409770073366,26.254670841995285,0.0,1585.04,40.4
36047114600,3130,5,92773.7513747568,0.0,3.71900826446281,119.0,0.7910660036188442,1.4367735962396913,0.1139700298735652,34.34600658709103,22.979441369958973,0.0,25.685099140908857,14.647643272309034,0.0,1581.31,35.5
36047115000,2962,1,103372.6092622404,0.0,3.8926174496644297,146.0,0.3286457722175847,2.113875425229309,1.2077597658549335,34.72939552882619,21.941203407926015,0.0,22.467725678981463,17.211394420964513,0.0,1366.23,34.5
36047115200,2558,6,100973.7925204264,0.0,3.891891891891892,144.0,0.8684013578862435,1.1067243952786303,1.110270943908955,33.46684858203526,22.504830401337102,0.0,24.12825190366706,16.814672415886747,0.0,1125.81,45.3
36047115600,4108,18,102015.63137108005,0.0,3.602409638554217,153.0,0.5587997744901784,3.1204840675706977,3.33158319787568,35.11504137893261,15.991023094875278,0.0,24.44290337550578,17.440165110749774,0.0,0.0,37.2
36047115800,2529,6,101168.80751528848,0.0,3.90625,127.0,0.1586778675941127,2.030221874941509,0.0,28.99381029983248,30.823201324510052,0.0,24.19548975596411,13.798598877157731,0.0,1540.21,36.2
36047116000,2420,8,96614.089435723,0.0,3.869918699186992,119.0,0.0,0.585025555151452,0.0,28.384992502688775,35.44098930561186,0.0,22.956127477999377,12.632865158548537,0.0,1227.67,45.0
36047116200,2571,8,99516.5404516726,0.0,3.899159663865546,116.0,0.0,0.8647186445596495,0.0459481493788153,31.547071065988803,29.92242587447608,0.0,24.508640771661476,13.111195493935186,0.0,1396.42,34.0
36047116400,3936,12,98840.5322433779,0.0,3.94,148.0,0.1874832666930073,3.373624520926269,0.0,34.57095055564553,23.9646649748561,0.0,23.2216911633741,14.681585518504995,0.0,1475.25,34.6
36047116600,2998,6,103620.38399206796,0.0,3.945578231292517,146.0,0.5042575484251538,1.5455465751229382,0.9925497519503362,36.80303637434176,16.21163852931645,0.0,26.36328171010634,17.579689510737033,0.0,810.73,37.3
36047116800,2661,3,99771.0357296677,0.0,3.659259259259259,132.0,2.040709738402154,4.86776339732162,0.8094126415167935,35.61948366329263,15.01043592343014,0.0,20.889829293210433,20.762365342826232,0.0,1664.67,27.1
36047117000,1952,5,92197.33244636876,0.0,3.5083333333333333,114.0,1.493286758252757,8.251794320047464,2.5332118379653448,36.918147368209624,15.55683617336313,0.0,15.570865031818249,19.675858510343435,0.0,535.38,43.2
36047117201,1961,5,90764.49626925711,0.0,3.6808510638297873,93.0,0.8050150994468576,0.9464413334873456,0.0,34.09515515054519,19.82532718148381,0.0,29.49432207510929,14.833739159927498,0.0,1407.96,37.8
36047117202,4720,2,85618.37045135733,0.0,3.7954545454545454,87.0,0.0,1.135444230962833,0.1565625421559576,34.51214726147264,18.338866552746996,0.0,31.98479091361187,13.872188499049702,0.0,1503.65,37.3
36047117400,3827,8,95501.62237495658,0.0,3.7282608695652177,183.0,1.5627225524515604,0.7246628933904666,0.2597507001801059,34.61996811733861,19.5836760038757,0.0,27.06338389165321,16.18583584111034,0.0,895.83,35.5
36047117601,3029,2,76165.028606959,0.0,3.8875,80.0,0.497074579742405,4.129723059181898,0.1142955554334195,32.429589191236126,28.06590830323898,0.0,23.11643654453228,11.646972766634892,0.0,1555.42,32.3
36047117602,3393,9,81844.95787996461,0.0,3.4148936170212765,87.0,2.426776159030788,0.7815617455348148,1.1357870146203244,32.89856821454928,18.582297350055335,0.0,29.27912831890506,14.895881197304403,0.0,1670.15,32.6
36047117800,1777,10,88875.55014078414,0.0,3.4952380952380953,99.0,0.960973615650114,1.7294013759603888,2.278622313856936,45.85711029786049,14.704646331448902,0.0,15.525862436203086,18.943383629020076,0.0,1135.27,45.3
36047118000,0,16,77184.19874901211,0.0,2.8354632587859423,509.0,0.0,1.363140713162284,0.0,11.092818194479658,80.80300317864817,0.0,0.0,6.741037913709878,0.0,0.0,0.0
36047118201,3674,9,100463.49278304806,0.0,3.559633027522936,104.0,1.27993129187713,2.748783935563853,3.0632050182555366,33.200865326428335,18.073726278017425,0.0,28.221831012167133,13.41165713769059,0.0,1595.69,27.2
36047118202,3288,0,88417.99587402448,0.0,3.738636363636364,87.0,0.0589456745439685,0.6411530527514323,1.2381364636234793,30.892164497173503,20.91615745704025,0.0,32.321838594247495,13.93160426061987,0.0,1765.42,37.1
36047118400,4826,7,92958.7315425186,0.0,3.827586206896552,145.0,1.644345977477184,1.2893941571034373,1.2602228003316436,28.79955244675312,19.74597647370016,0.0,32.04158107160396,15.218927073030503,0.0,1309.48,42.4
36047118600,3099,5,88005.43089521068,0.0,3.7560975609756095,81.0,0.1265205000629728,2.6302194571307704,0.547802770710312,33.083064255631406,19.465803475515433,0.0,29.636443323586583,14.510146217362523,0.0,1518.67,47.4
36047118800,4778,2,100999.93749066662,0.0,3.6163522012578615,154.0,3.6397911724626177,0.4505429301424876,0.0,31.869742753671854,15.432870152593754,0.0,30.347363380489934,18.259689610639352,0.0,1449.88,30.4
36047119000,1785,8,93241.543170789,0.0,3.496551724137931,139.0,3.385096268587757,0.409156670043617,0.5709963627984933,30.466068054185683,23.49917677024088,0.0,19.24194276084744,22.427563113296134,0.0,764.1,43.1
36047119200,3885,2,99635.46440894436,0.0,3.8313953488372094,171.0,0.1753788912555197,2.009940270266822,1.077942034110771,33.19191135929475,22.072894692522222,0.0,22.160965950391628,19.31096680215827,0.0,1717.04,32.9
36047119400,4816,9,94686.08328610056,0.0,3.970149253731343,134.0,0.8245032231186091,1.296357477312994,0.0447019819763101,34.16479712546944,18.982011258384393,0.0,28.53439264502817,16.153236288710087,0.0,1621.77,35.2
36047119600,5979,30,104185.47426644304,0.0,3.7288135593220337,285.0,1.1069492046337903,3.1941544318187893,0.2446712990648233,34.91595528621496,21.131610233660407,0.0,21.614192174285336,17.792467370321887,0.0,1086.79,40.3
36047119800,3514,35,107084.42769943456,0.0,3.61734693877551,381.0,4.646062295905083,4.554834411456751,3.882638232639239,34.642728373726776,11.519523920713752,0.0,15.97336422833016,24.78084853722825,0.0,1159.4,38.3
36047120000,2922,12,116678.25391363876,0.0,3.685279187817259,194.0,2.3325231372561728,2.612150013725464,0.0,36.9614373863445,22.20657302318844,0.0,17.530663842114347,18.35665259737108,0.0,904.44,36.4
36047120200,1999,12,105571.9200477674,0.0,3.4842767295597485,152.0,0.8362556067572705,1.9873860452117933,0.0,30.660464955439895,32.69189900717614,0.0,12.56169061813864,21.26230376727626,0.0,1933.83,33.5
36047120801,4834,13,107762.41967038489,0.0,3.656410256410256,188.0,0.4319580892830081,2.243896154675072,0.0,35.34225904364776,19.095748466018257,0.0,23.04252050471422,19.843617741661692,0.0,2097.9,35.7
36047120802,5247,7,77135.03466507474,0.0,2.857142857142857,57.0,0.0,0.1317599584086216,0.0,41.08955112770889,20.291802580913647,0.0,2.045430089216595,36.44145624375225,0.0,593.33,27.3
36047120803,1350,10,87176.03610781419,0.0,3.3306451612903225,111.0,0.3273744586491467,2.2213339142720554,0.0,38.54160280879418,26.464808680108614,0.0,10.274811071932795,22.1700690662432,0.0,867.79,51.8
36047121000,3738,11,58088.321573099805,0.0,3.289855072463768,63.0,0.0,0.0,0.0,23.65648822374992,57.350317417248135,0.0,10.924112249218153,8.069082109783796,0.0,444.92,29.3
36047121400,4512,15,79152.32442082724,0.0,3.363636363636364,110.0,0.0,0.0,0.0,17.133263670411385,55.60959206495948,0.0,9.780947324710876,17.476196939918275,0.0,732.58,27.0
36047122000,6991,41,67265.67960495371,0.0,3.310091743119266,503.0,0.6872704387965007,1.610722830478634,0.0,40.60014162992088,31.49069500233021,0.0,5.138837751102494,17.514297418180885,2.9580349291903976,1607.58,35.7
36047123700,9642,8,85765.37947515941,0.0,3.5428571428571427,196.0,4.397449182644647,3.5802025155751984,11.795425269451222,35.79902349354677,6.769135915984472,0.0,18.64014322891922,19.01862039387848,0.0,1074.25,14.2
36047150200,2884,5,90151.66612765758,0.0,3.594142259414226,228.0,0.7668000735528548,2.780634076706799,1.2096054217561203,23.972547342767974,31.15482246872935,0.0,16.513452279675374,23.602138336811525,0.0,2552.44,41.7
36047152200,2913,16,89084.36215182197,0.0,3.7935222672064777,244.0,0.3469534480824212,0.7947900556855586,0.061724335605961,18.67764526117564,44.35947462145188,0.0,22.838578758994032,12.920833519004509,0.0,4146.19,49.2
36047990100,0,0,,,,,0.0,0.0,0.0,1.0048977489525657e-05,0.0,0.0,0.0,0.0,99.99998995102251,0.0,0.0
36061000100,0,0,11193.12308589237,0.0,2.869565217391304,19.0,0.0,25.616819376723143,0.0,34.50433094065527,39.33370378625274,0.0,0.0,0.0,0.5451458963688489,0.0,0.0
36061000201,2666,2,50440.16571084136,0.0,3.29,89.0,0.0,2.700218442392044,0.0,16.153220257729405,14.00055548344506,0.0,3.751568668282382,17.865073986194197,45.52936316195692,718.33,31.1
36061000202,6763,16,37634.77170847957,0.0,3.1788079470198674,271.0,0.1873364984785841,0.6773687593147892,0.0,13.02854640974726,15.381286083339129,0.0,4.943263897732168,7.900764808743702,57.881433542644366,705.54,47.6
36061000500,0,5,16759.041191133783,0.0,2.526865671641791,962.0,0.0,2.4202056388518116,0.0,6.191707345158153,9.00247503215512,0.0,0.0,2.3842037111212666,80.00140827271365,0.0,0.0
36061000600,10302,17,65795.29179396662,0.0,3.3648208469055376,280.0,0.1995542705379344,2.0228183566198084,0.0594116869740392,17.415070981114148,15.56292749185233,0.0,10.654708487115796,13.992333144011283,40.09317558177464,709.48,47.3
36061000700,9134,32,61823.68926973231,0.0,3.203522504892368,461.0,10.85690912828576,0.4444257742572805,0.0,12.211682716147587,1.8187067833063584,0.0,5.736500065203376,14.722090421310694,54.20968511148893,3661.31,31.4
36061000800,8747,7,66722.11897096109,0.0,3.5031847133757963,292.0,1.007581668727925,0.4551940955046418,0.5250335349223351,23.34381732380494,8.7770967271287,0.0,5.112366097781773,19.873994487625783,40.90491606450391,601.19,52.2
36061000900,1966,45,39378.1878930708,0.0,2.9892086330935252,465.0,6.515647606519254,0.5080689733711639,0.0,14.39324238421193,1.1393310736748996,0.0,1.1658035743289914,13.058710043884254,63.219196344009504,0.0,30.8
36061001001,1745,2,20110.776439898214,0.0,2.8536585365853657,66.0,0.0,0.0,0.0,9.11289498296004,7.1687912202348185,0.0,0.8769963820809522,12.69530984649382,70.14600756823037,2692.31,44.9
36061001002,6513,3,38770.709093000936,0.0,2.967136150234742,178.0,0.0,0.0955008462658201,0.0,14.961512150057906,19.71336224934603,0.0,4.034662285244224,8.875273761838837,52.31968870724718,457.62,39.3
36061001200,4173,6,90785.01426777264,0.0,3.596638655462185,118.0,0.7530912497659538,2.1123227665388913,0.0,15.381079021266595,27.360858548218815,0.0,12.439786794782131,41.95286161942762,0.0,2198.42,46.1
36061001300,5062,115,139538.94292241638,0.0,3.098062953995157,713.0,23.269561063990853,3.2851671701069427,0.0,30.626138080258944,12.146155233329909,0.0,5.491583428421088,25.18139502389227,0.0,3306.21,31.5
36061001401,3707,8,104707.00712607216,0.0,3.037037037037037,117.0,0.5648048278063719,0.1827309737020614,0.0,22.514424883342283,45.75718082039238,0.0,15.757903678464135,15.222954816292772,0.0,1995.19,53.7
36061001402,3463,5,110855.18267999442,0.0,3.5804195804195804,139.0,1.955184902230304,4.075489525723101,0.0,31.803040580881863,15.976438964291896,0.0,19.741698655736183,26.44814737113664,0.0,1739.79,37.2
36061001501,7677,26,85396.72028243037,0.0,3.2454212454212454,494.0,5.2460953316807855,2.228330770621231,0.0,18.392040423293157,6.611331621621493,0.0,9.01994558322636,24.542814374939592,33.95944189461738,2417.54,41.7
36061001502,8375,22,71665.00218601216,0.0,3.2577319587628866,348.0,8.894977447684333,0.2290490364958134,0.1024948290616425,16.819695405308828,7.165742045431568,0.0,7.3772968423878655,18.27700142579112,41.13374296783883,3929.04,28.5
36061001600,7221,17,126982.02362354592,0.0,3.472668810289389,289.0,5.080315503758554,11.511874382157032,0.4466221148635358,27.76509978627912,12.798035924209287,0.0,16.952835843644763,25.445216445087713,0.0,689.9,45.3
36061001800,6706,42,130426.06120267235,0.0,3.772222222222222,348.0,5.992483390557236,4.175611238440227,0.656149851630515,20.286949197956893,15.75464879946778,0.0,27.49330264327573,25.64085487867163,0.0,1475.5,35.2
36061002000,5048,2,38403.08822883694,0.0,3.135593220338983,111.0,0.0,0.2564139678388499,0.0,16.283855064570098,18.158176498643403,0.0,4.641880127094949,8.294202889177146,52.36547145267556,592.15,44.2
36061002100,7441,71,112988.46630503848,0.0,3.310077519379845,346.0,15.11093356370921,10.698629792158211,0.0,21.340128394893195,5.5027538077123825,0.0,24.35822798729474,22.989326454232252,0.0,0.0,35.1
36061002201,6795,2,87231.86558250064,0.0,3.420289855072464,131.0,0.1231644753704301,5.435130744701707,0.1269475112043188,28.44344296992056,31.01635628023067,0.0,21.52966316269645,13.32529485587585,0.0,768.48,39.4
36061002202,2502,1,101341.05111330368,0.0,3.73469387755102,48.0,0.2390825847776577,2.3539381657936325,0.0,20.933339466424815,23.621825746297635,0.0,32.55395214004169,20.29786189666458,0.0,2917.52,31.4
36061002400,4523,2,14983.396709796858,0.0,2.831858407079646,92.0,0.0,0.0,0.0,11.944062361373891,9.759031571759754,0.0,1.4597506082166225,4.148315718784241,72.6888397398655,405.62,45.8
36061002500,4476,5,66324.54893752065,0.0,2.807174887892377,174.0,0.0,1.158710372823136,0.0,15.322330994943744,20.647571365727455,0.0,5.7616085032716775,16.865283420106955,40.244495343127014,396.1,47.9
36061002601,4199,4,93858.80299871734,0.0,3.6216216216216215,68.0,1.041338648971658,9.523900185392892,0.0,21.45183841174441,31.232077025456064,0.0,24.008954888121803,12.741890840313175,0.0,583.65,44.2
36061002602,3528,2,85976.37481578864,0.0,3.76271186440678,57.0,0.2524789658462562,7.746184890540938,0.4246565987156228,19.73999012334863,27.27761380323876,0.0,32.290721376186546,12.268354242123245,0.0,1730.19,37.2
36061002700,1101,6,172707.29945793675,0.0,3.2789115646258504,128.0,1.3494764174592064,3.887710310759028,0.0,27.672874785829688,26.403699865068344,0.0,16.745647659349025,23.9405909615347,0.0,2385.83,60.0
36061002800,6509,10,95530.3739796021,0.0,3.4213836477987423,146.0,0.5573261259820539,5.44098110912125,0.512549497057,26.451310281662984,20.37649668761867,0.0,27.17081063989349,19.490525658664556,0.0,1359.44,42.1
36061002901,562,10,110308.66402459893,0.0,3.0694444444444446,186.0,14.30401148282867,19.041614246766436,0.0,26.78025539719126,15.853055330942365,0.0,0.3533776230025903,23.66768591926868,0.0,213.35,38.5
36061002902,3493,5,123945.28662321184,0.0,3.236842105263158,208.0,7.304897217293043,4.697253336577328,0.0,22.374216890807133,13.369931222070376,0.0,31.80320120040907,20.450500132843025,0.0,0.0,50.2
36061003001,4270,3,104166.54970638124,0.0,3.87603305785124,119.0,5.213168141867403,9.02320225624238,0.284369102892551,21.647082082590863,13.649867102383489,0.0,30.142158051660576,20.040153262362757,0.0,1709.4,29.4
36061003002,2833,9,106558.20183788436,0.0,3.7045454545454546,87.0,1.0641463076130535,1.060194638286747,0.0,19.21152374293098,26.1571460293013,0.0,30.960946751997326,21.546042529870597,0.0,1436.37,34.8
36061003100,2910,35,124444.89817035112,0.0,3.2622549019607843,366.0,25.940448701933807,2.9366561014584973,0.2814014732527186,23.640886664185647,19.85372374739188,0.0,5.443458668926109,21.903424642851338,0.0,3639.42,25.1
36061003200,7866,13,104091.46041544732,0.0,3.272340425531915,209.0,0.4510074467507427,2.4116758843867294,0.0,19.268945803381204,39.07574056700667,0.0,25.888639222247686,12.903991076226973,0.0,1947.96,35.5
36061003300,5951,42,119656.18415362589,0.0,3.5424710424710426,497.0,10.36028494705008,2.209758901001084,0.1226499149547148,20.338298813331583,6.111131074136268,0.0,25.89858686954111,34.95928947998515,0.0,0.0,39.1
36061003400,6990,23,94950.8935089816,0.0,3.830357142857143,110.0,0.8264550099394193,4.554704601930368,0.2038037313406131,20.74658092457462,20.255945834314765,0.0,38.247578639631506,15.164931258268709,0.0,2334.87,32.3
36061003601,3050,8,110559.26159180496,0.0,3.4838709677419355,112.0,2.8556252721285587,3.0391949237121527,0.0,18.78668461808952,26.54909460822832,0.0,28.442468327634387,20.326932250207054,0.0,1096.15,40.6
36061003602,3444,10,100636.37699543756,0.0,3.5306122448979593,90.0,1.7469543364863456,5.484866260969373,0.5707561283687276,17.755056986813077,26.021982649336326,0.0,28.193990937319388,20.226392700706757,0.0,2980.77,33.9
36061003700,3460,29,56288.857542138896,0.0,3.5225225225225225,419.0,7.050957020636105,0.3212269425102504,1.3444436072420718,14.268886009648318,5.474273860472436,0.0,3.8429870262568464,19.783091001044983,47.91413453218898,0.0,40.1
36061003800,7282,4,88900.08060928273,0.0,3.7163120567375887,134.0,3.826239814793083,5.7058598002984215,0.1642817200933645,20.81483780140803,17.241204542363754,0.0,36.40106932301322,15.846506998030124,0.0,1504.23,31.5
36061003900,5699,4,52524.959883948184,0.0,3.066775244299674,509.0,2.424692899466596,1.8254342910618369,0.0,11.173664091398305,5.793322960695287,0.0,8.943890304081217,12.569273495926833,57.26972195736994,3895.04,43.2
36061004001,3304,3,76322.73895064314,0.0,3.739130434782609,44.0,0.4297582142459297,10.542857951329,0.0,24.16136812051233,14.787047315487396,0.0,31.09722068244452,18.981747715980816,0.0,2897.33,33.2
36061004002,6268,10,86776.97708001915,0.0,3.723076923076923,64.0,1.0423015383246412,8.592686122692449,0.0,20.59673654179705,19.53350395906696,0.0,33.15620008049884,17.078571757620036,0.0,3785.25,27.3
36061004100,6889,7,120297.34323953291,0.0,3.784615384615385,253.0,11.621705677057548,3.521131702204989,0.0775176463803294,25.06222768281661,3.6985471310493496,0.0,34.05617964525342,21.96269051523775,0.0,1959.48,40.9
36061004200,5141,12,105668.87535067764,0.0,3.7708333333333335,93.0,8.283652315374804,11.14236794851865,0.0,22.41849822979707,8.321803793464694,0.0,24.692607347117033,25.14107036572775,0.0,2520.83,20.5
36061004300,3524,20,103079.74040649588,0.0,3.7341040462427744,166.0,12.660171148824633,3.590265101192087,0.0,20.522829813771615,12.411793577109464,0.0,32.68195688518075,18.132983473921453,0.0,2360.19,36.2
36061004400,16963,17,54328.48699614738,0.0,2.6646026831785345,718.0,0.0,0.0,0.397485107819965,11.26465934976098,18.651233145135205,0.0,7.216309315124618,9.24824171914034,53.2220713630189,2947.69,38.8
36061004500,957,15,107527.29902770974,0.0,3.5681818181818183,122.0,28.65702365347833,0.298717416529193,0.140426958268707,20.633629726659173,2.398661602739559,0.0,22.88752666307797,24.984013979247056,0.0,3282.96,39.7
36061004700,2187,12,112274.49702621948,0.0,3.654028436018957,200.0,12.54743008686896,0.0,0.0710736112045656,19.77674230846532,7.025167298611965,0.0,38.286027648490354,22.29355904635883,0.0,2860.58,36.7
36061004800,6972,11,102057.14500385778,0.0,3.5806451612903225,185.0,1.5748466162728592,12.515171481578754,0.0,19.050733308479597,24.588210351335395,0.0,25.914871681453533,16.356166560879867,0.0,3114.87,33.6
36061004900,4203,17,97191.34766327632,0.0,3.798969072164948,188.0,14.474785318630442,1.891633502119572,0.0,18.60469714241306,8.439763713699723,0.0,40.29719203482392,16.291928288313287,0.0,2826.29,45.1
36061005000,4774,16,114534.68514085816,0.0,3.760869565217391,180.0,11.424300647857503,4.120546478797223,0.0,17.73588208176696,18.23931112871944,0.0,26.886794022233502,21.59316564062537,0.0,3947.12,37.2
36061005200,3543,13,104892.90916772732,0.0,3.453658536585366,192.0,22.06030050410668,3.8309407810399234,0.0,23.893977816913985,10.878696379656622,0.0,19.14339866066386,20.192685857618933,0.0,4591.35,34.6
36061005400,4453,14,79430.9588311063,0.0,3.793103448275862,83.0,29.788630381212833,3.864310049063212,0.0,19.73123667291925,5.350386643207038,0.0,24.21660072367417,17.048835529923497,0.0,2398.69,46.5
36061005501,5346,8,102866.94524846204,0.0,3.5073529411764706,130.0,3.2655494647965573,20.882604495991128,0.0,22.859728023808067,31.687891707274694,0.0,5.678958925185728,15.625267382943823,0.0,4121.27,33.6
36061005502,1899,19,111223.674295232,0.0,3.728476821192053,145.0,15.06347317153726,0.8350198989613135,0.0,20.287073439409536,7.629057904814245,0.0,30.158962080520293,26.026413504757347,0.0,3458.54,39.5
36061005600,3822,42,108360.7846913974,0.0,3.3529411764705883,208.0,25.954054932515003,1.0403723681429955,0.4677882778714793,19.19570586243106,18.065810382518464,0.0,14.79826443117575,20.47800374534526,0.0,3520.54,43.7
36061005700,2600,20,88771.46915620641,0.0,3.607476635514019,102.0,21.32896980182635,6.913870063470257,0.0,20.67898246385948,6.497946636154232,0.0,20.030668833544674,24.549562201145015,0.0,3867.62,35.5
36061005800,3986,20,88493.70645654101,0.0,3.7936507936507935,122.0,33.39121836008184,2.992621136732542,0.0,21.084921500241222,2.492635666328736,0.0,18.15431269494966,21.884290641665995,0.0,3977.44,31.8
36061005900,5120,7,108198.72425313928,0.0,3.6884057971014497,134.0,2.781883344239537,15.463912988588088,0.0,18.402247368660607,13.898446789091189,0.0,32.43145265284604,17.022056856574533,0.0,3487.98,39.5
36061006000,5077,5,40428.38925100267,0.0,2.9295774647887325,238.0,0.7151356555079262,0.0,0.6104276922338748,4.4306890958314815,14.217537883377664,0.0,1.9820960312288416,6.404911852746589,71.63920178907364,3896.15,42.8
36061006100,5319,16,94800.22061400884,0.0,3.7131147540983607,115.0,16.248238417234923,7.418943031704499,0.0,18.96471171942998,9.880584501001044,0.0,29.764464621945276,17.723057708684266,0.0,3445.52,30.2
36061006200,3886,10,21858.97629295809,0.0,3.008298755186722,202.0,0.6605343882830469,5.865260344016741,0.0,8.647687572909922,1.7432715895058646,0.0,0.9167571712981912,7.522269981036707,74.64421895294953,2004.9,31.4
36061006300,5759,25,80710.28633394056,0.0,3.6293103448275863,108.0,5.9184252366452,4.777000680262122,0.0,16.529343075109963,21.39473411794425,0.0,39.22970940362116,12.150787486417318,0.0,3346.06,42.8
36061006400,7729,16,86851.3345387387,0.0,3.765217391304348,111.0,2.4135744379616355,11.92297168074035,0.0,22.096513567069163,14.04229112926335,0.0,29.441988411960978,20.08266077300452,0.0,2507.4,33.6
36061006500,5585,8,115833.09020199651,0.0,3.596296296296296,257.0,1.2830803167244225,7.393981243000446,0.0,18.95041243188138,32.028936134670744,0.0,27.20978951807821,13.133800355644809,0.0,2572.71,31.6
36061006600,11034,7,94291.2251878401,0.0,3.3841463414634148,148.0,0.5181353083411332,5.111993033278489,0.0,22.088466280500008,23.46123814435468,0.0,32.49947751680532,16.320689716720366,0.0,1961.35,35.6
36061006700,4652,11,118886.03368426482,0.0,3.719298245614035,223.0,2.6298447030987844,2.9855213606775517,0.0,22.269960477246844,21.871041660956767,0.0,33.220826426212724,17.022805371807333,0.0,2525.08,34.5
36061006800,6430,28,97874.92878382944,0.0,3.92156862745098,153.0,12.98492093718542,12.461819650541218,0.0,19.049618497763948,8.577513403341454,0.0,27.17642220602867,19.749705305139287,0.0,2479.21,31.2
36061006900,2681,0,47533.65238599308,0.0,3.497907949790795,227.0,1.2258174788385912,0.6098677015114865,0.2892155332322537,11.27775044396457,5.101150848932761,0.0,3.4319508799583036,21.80424475669905,56.260002356863,4587.75,36.2
36061007001,3997,3,74136.64652778395,0.0,3.361111111111111,67.0,2.5637623513257664,2.236524927847801,0.0,21.686541143203495,30.739997389415237,0.0,25.405444892923416,17.367729295284274,0.0,3140.13,33.3
36061007002,3479,8,82224.32040616125,0.0,3.2435897435897436,64.0,2.9227539347469964,3.8082198661071422,0.0,18.455686946311612,20.104614628681073,0.0,36.537029134368424,18.171695489784742,0.0,2980.1,29.9
36061007100,5231,20,106799.77852143852,0.0,3.5971563981042656,203.0,2.574128397264254,5.467002512055831,0.0,19.059290468099864,20.747737237524753,0.0,34.91209964103736,17.239741744017934,0.0,2893.25,36.2
36061007200,7113,15,100713.30953369416,0.0,3.6615384615384614,183.0,10.356600536635217,4.821906435536461,0.0,20.79344053424764,14.390531741114026,0.0,27.92821918003496,21.7093015724317,0.0,2634.21,31.7
36061007300,5393,22,117347.22854797736,0.0,3.810810810810811,219.0,1.612274503151228,3.4700012206173168,0.0,16.829728510382402,23.12701136823996,0.0,40.62757040099327,14.333413996615832,0.0,3376.73,44.8
36061007400,5355,27,97785.81683781998,0.0,3.8282208588957056,160.0,32.6213604587054,1.572717729908481,0.0,21.264304599882795,3.869138099174953,0.0,18.31944428283816,22.353034829490223,0.0,4144.44,35.3
36061007500,3898,8,43678.183723203336,0.0,3.448559670781893,232.0,0.2432249100355534,0.1933193968815382,0.0,9.68394035092896,9.656822879406809,0.0,4.997202258169196,11.266990481524054,63.95849972305387,3608.6,47.8
36061007600,2362,31,89015.48616748927,0.0,3.682170542635659,121.0,37.98803182053012,0.6636767118351506,0.0,25.413531604103053,3.1185309906030825,0.0,10.20465017344264,22.611578699485957,0.0,3723.92,35.3
36061007700,5600,20,119839.74466390234,0.0,3.674897119341564,242.0,2.072961090063054,3.5725635409321255,0.1845388441534891,18.46500489963853,21.964281310637084,0.0,35.3135239166396,18.427126397936114,0.0,4423.92,36.4
36061007800,8015,9,107202.69923145066,0.0,3.595959595959596,187.0,2.985973415078315,2.667497126280388,0.0,25.840147497037055,21.288964545238223,0.0,19.384130400718632,27.833287015647393,0.0,2578.69,37.8
36061007900,4458,8,42675.70340458377,0.0,3.4292929292929295,371.0,1.3862969989774068,0.1364228385290432,0.0,11.58562399761348,4.98873979389571,0.0,3.2120803753726523,12.36078913336402,66.3300468622477,3847.67,42.0
36061008000,5319,18,107847.53793930616,0.0,3.6502242152466366,212.0,20.21505963944208,2.6425915961931365,0.0,18.33828572780307,13.962257861780614,0.0,24.85478068126133,19.987024493519773,0.0,3405.87,33.6
36061008100,6191,30,80482.75157351863,0.0,3.951219512195122,81.0,3.3478042873291325,1.7813702085373562,0.0767540750845343,19.87619244416348,12.349505563204302,0.0,45.88365200422497,16.684721417456227,0.0,2587.27,44.1
36061008200,3450,13,90895.01669069634,0.0,3.7712418300653594,150.0,34.78010556695293,5.4411366764825475,0.0,18.360073125010523,6.698386482911729,0.0,13.258267990682,21.46203015796027,0.0,3118.13,38.5
36061008300,3614,15,92407.0391590632,0.0,3.4195804195804196,129.0,25.87075874486244,4.43892833683035,0.0,18.285424763451307,12.015900658983677,0.0,20.574623853835657,18.81436364203656,0.0,1442.31,41.9
36061008400,1765,25,82013.28450612965,0.0,3.457627118644068,106.0,31.5118284053005,10.297270505755916,0.0,18.13617312565783,15.150827770022188,0.0,7.112485752825287,17.791414440438274,0.0,4452.81,36.9
36061008601,3332,7,18563.545297719364,0.0,3.1702127659574466,124.0,0.0549703499171466,0.1096388952594851,0.0,5.777409048298469,5.30350608482553,0.0,0.7916711252937247,6.6009175042866755,81.36188699211895,2789.5,30.8
36061008602,0,3,25463.828266564487,0.0,3.0,143.0,0.0,4.701627434237476,0.0,9.978817276954713,5.349010667419296,0.0,0.0,4.002790752976191,75.96775386841233,0.0,0.0
36061008603,4970,3,43039.02727806874,0.0,3.407407407407407,98.0,2.0243255835128227,0.1847356746620722,0.0,8.83278112290203,9.94516592884526,0.0,10.360021893659228,11.825435614235046,56.82753418218353,3860.29,52.7
36061008700,5376,8,82709.07131832968,0.0,4.0,77.0,11.734239154206206,2.206371575721905,0.0967686858559998,18.60377712523772,10.415499482734466,0.0,38.303641539495935,18.639702436747772,0.0,2892.0,32.9
36061008800,7567,8,108240.7159003946,0.0,3.4229074889867843,209.0,17.845760517791312,2.674373049136956,0.0,18.95279185951207,13.907417638034508,0.0,23.118270303707856,23.501386631817304,0.0,2168.88,41.2
36061008900,5890,2,86741.83378943507,0.0,3.686274509803922,95.0,2.307053970081318,6.596889648095658,0.0,17.171481085555932,27.962934082038984,0.0,31.92308802988204,14.038553184346068,0.0,1966.54,38.9
36061009000,7239,3,84072.0646397853,0.0,3.702970297029703,96.0,17.447016174871735,3.7916871872728266,0.0,19.680232465474976,16.793460301403954,0.0,25.465463212229448,16.822140658747056,0.0,3007.33,36.8
36061009100,6539,24,79903.69587138636,0.0,3.744444444444445,87.0,15.603292733176303,4.38887505278214,0.0,18.251702897924694,7.132660447030769,0.0,36.66047757254295,17.96299129654314,0.0,3093.58,39.1
36061009200,1387,69,106549.32016102796,0.0,3.3692946058091287,220.0,37.54182752529661,0.7726090649822134,0.0,16.271393668987834,3.177920316749782,0.0,5.300062502880727,36.93618692110284,0.0,3204.58,35.9
36061009300,9559,13,87269.00282629985,0.0,3.239130434782609,117.0,0.0426843291219876,1.5220950329763714,0.0,16.616640387161816,32.85596227359109,0.0,31.787960773435746,17.174657203712993,0.0,2357.42,49.7
36061009400,70,29,109572.70768239252,0.0,3.6519337016574585,170.0,46.137292364049266,1.1059645670830875,0.0,23.48608054472519,1.9316829320928264,0.0,1.6063235133164455,25.73265607873319,0.0,1574.52,40.4
36061009500,3765,13,82184.89506020799,0.0,3.7572815533980584,100.0,26.291221502560443,11.095631267893772,1.1706826371769792,21.761766463323088,3.765432273665046,0.0,17.095094877840296,18.820170977540386,0.0,4275.4,30.2
36061009600,560,23,78315.29676390676,0.0,3.897435897435898,78.0,50.96008559521215,2.3834241155124367,0.0,22.366328628194346,3.0999187209412806,0.0,3.406576352770678,17.78366658736911,0.0,0.0,27.1
36061009700,4875,0,94910.106542169,0.0,3.215568862275449,154.0,0.038127082382976,10.524397514028967,0.0,18.724389046864,35.86449805013958,0.0,20.04978765925175,14.798800647332731,0.0,1375.71,57.7
36061009800,8874,19,81337.42773046817,0.0,3.78494623655914,89.0,6.882373737380703,3.1396471574725635,0.0,18.190478578985335,17.262799788750577,0.0,38.11469600657692,16.410004730833897,0.0,3302.79,39.7
36061009901,1948,9,42011.64166712392,0.0,3.3958333333333335,320.0,3.8336452490547943,0.2701785550480199,0.4328640899951332,12.232616732894938,5.146726063056277,0.0,2.3985821117098114,16.258528637399166,59.42685856084186,0.0,36.3
36061009902,4019,2,45099.100421720825,0.0,3.3422818791946307,134.0,4.5721011278243155,0.0,1.5539165180219572,18.27443535756063,3.525604052575966,0.0,5.415233694931084,15.442985572496257,51.2157236765898,3131.63,33.9
36061009903,1465,14,47062.62689831987,0.0,3.1584362139917697,423.0,2.1171738826094804,3.2807938803385297,0.0586189202967476,20.024665352478088,5.402826484826158,0.0,0.781313105069774,18.78691459050542,49.5476937838758,3607.62,33.8
36061010000,1618,28,97787.19496743933,0.0,3.8392857142857144,163.0,35.59553332099393,3.0341663486431116,0.0,21.268808645871697,5.7522049076556945,0.0,12.37641503109799,21.972871745737574,0.0,1920.67,39.0
36061010100,1862,56,78882.53764310072,0.0,2.9575757575757575,133.0,30.56889144179346,2.665376250014508,0.0,22.01253870922626,1.5722826473475469,0.0,5.483084670437841,37.697826281180376,0.0,2082.77,34.9
36061010200,267,23,92724.88447786772,0.0,3.8095238095238098,142.0,44.38583398133007,5.145912945392664,0.0,20.30628359591872,3.2991452739113214,0.0,3.581369553092332,23.281454650354892,0.0,0.0,59.5
36061010300,3410,14,87437.72031355613,0.0,3.0373831775700935,181.0,28.3719441700096,2.8704693295199752,0.0,30.252876498100683,4.76407562357479,0.0,8.389404440196223,25.35122993859872,0.0,3465.38,32.5
36061010400,1058,23,86061.45131327843,0.0,3.692982456140351,112.0,40.396370597632426,6.193526771245291,0.0,21.150284454692915,6.066527265694395,0.0,10.4144407239558,15.778850186779168,0.0,3712.04,45.7
36061010601,7753,5,45125.18336001882,0.0,3.6853932584269664,82.0,0.2037685833602868,0.1054405579024661,0.0,12.191237915327989,10.269214264534437,0.0,15.69451409235452,10.975378225862505,50.560446360657785,4790.21,52.1
36061010602,5214,6,67409.60089605008,0.0,3.5114503816793894,121.0,1.5579932336139553,1.0998863657868223,0.9313108172617064,17.167063852539737,9.07286015769189,0.0,10.604446003805364,25.301408382145496,34.26503118715503,3994.56,35.2
36061010801,3161,3,80828.27411890317,0.0,3.4727272727272727,48.0,15.243783052315225,4.417168345201036,0.0,18.32287114365456,15.567009465302895,0.0,27.233338310269417,19.21582968325688,0.0,3090.75,40.8
36061010802,4136,2,83911.0438181427,0.0,3.619047619047619,40.0,2.0257679209103685,0.2787040934819681,0.0,19.86822323526822,14.288795662805946,0.0,37.83780044600651,25.700708641526997,0.0,2577.0,63.5
36061010803,1922,10,86124.08063472762,0.0,3.942857142857143,35.0,9.740519857421022,6.031638256771788,0.0,15.484981277207288,7.972849606493182,0.0,39.341981451377016,21.42802955072969,0.0,2291.88,43.7
36061010900,208,26,93944.62401598586,0.0,3.703448275862069,138.0,51.27571435341099,0.6901899843909199,1.2106832574022464,18.50069360299352,1.100177969771544,0.0,2.606217397580495,24.616323434450287,0.0,3145.04,33.0
36061011000,6760,18,92939.7873186517,0.0,3.624203821656051,149.0,3.779547871568598,2.499108930445837,0.2809428960359521,21.10440306683957,16.02685685584499,0.0,25.695883948669103,30.613256430595943,0.0,2887.77,34.3
36061011100,4711,8,99827.86964682824,0.0,3.5053763440860215,174.0,13.637470482076504,2.7872776966973856,0.8886337487419845,23.78622651951946,5.500955585790024,0.0,17.011258562096522,36.388177405078125,0.0,2008.67,33.9
36061011201,862,8,86228.5715841618,0.0,3.4927536231884058,66.0,23.809773296684945,0.0,0.0,29.03706161247403,4.436344062694272,0.0,19.73509324996075,22.98172777818601,0.0,3149.04,47.1
36061011202,518,9,100299.62338050143,0.0,3.4945054945054945,83.0,33.7017901426452,0.0,0.0,23.823071238497985,3.565722637146494,0.0,13.476361689161656,25.433054292548665,0.0,4068.52,68.6
36061011203,986,16,100767.2094600074,0.0,3.881578947368421,74.0,24.781686353982312,1.5518688099574176,0.0,21.433809633530636,2.6528411758510315,0.0,23.44026498448449,26.13952904219411,0.0,3213.13,42.8
36061011300,136,44,93475.47510379416,0.0,3.4615384615384617,183.0,49.57281067292494,0.9889322273070902,1.131583898594525,19.31523887344736,0.9487888108754858,0.0,5.144121851951599,22.89852366489901,0.0,1802.88,36.9
36061011401,1026,12,88235.81179566773,0.0,3.7625,75.0,23.494781876667684,2.77052534618774,0.0,17.566908577761964,8.60104966543651,0.0,27.45506188602152,20.11167264792458,0.0,2996.33,62.7
36061011402,2298,23,91408.51324999306,0.0,3.895348837209302,85.0,13.636559749350504,1.0019052611926618,0.0,17.904598739400534,14.86935957325074,0.0,32.71344734459636,19.874129332209183,0.0,3977.27,44.0
36061011500,3947,11,110733.53745920496,0.0,3.413793103448276,158.0,9.853695845355462,2.2731606305910557,0.0,19.891929386822177,4.1099070818783625,0.0,9.229523097615932,54.641783957737005,0.0,2668.27,32.8
36061011600,2721,10,46473.483710013206,0.0,3.2933333333333334,136.0,0.0,20.475448652273613,0.0,12.33568106861892,12.86116462535438,0.0,5.378724824478449,8.89295865777615,40.05602217149849,1734.85,44.4
36061011700,5363,3,50443.95146920817,0.0,3.4644808743169397,169.0,0.2517446745578799,1.5394534562853246,0.4822741809614898,19.653604609819737,2.6696117500461267,0.0,2.2561793534971275,27.05408253413169,46.09304944070062,2231.69,36.5
36061011800,9264,11,88484.29850044545,0.0,3.625,136.0,1.5278973156350604,7.308145742319063,0.0,21.056085968196943,21.455609574757293,0.0,33.56638600776893,15.085875391322714,0.0,2679.46,43.9
36061011900,1352,20,91121.51773778048,0.0,3.4768211920529803,140.0,51.621731040217135,0.813540213948599,0.0,21.17786349429531,1.8369198456118236,0.0,4.316593232985942,20.2333521729412,0.0,347.12,64.5
36061012000,3489,21,97069.0486044304,0.0,3.9056603773584904,157.0,1.6545152602369226,14.23701675171806,0.0,15.766174949646189,20.873839850917328,0.0,31.050232722084267,16.418220465397223,0.0,3704.69,56.8
36061012101,3217,7,79801.79215841563,0.0,3.685185185185185,51.0,16.10918625607997,3.3943759629327426,0.0,22.56404405881176,10.727379850970191,0.0,27.676511719449273,19.528502151756054,0.0,1224.81,31.1
36061012102,5029,5,74657.95441341218,0.0,3.8181818181818183,42.0,2.6524808426429805,1.9505751983446085,0.0,15.569097925144025,21.492814602855,0.0,42.89890369406939,15.436127736943988,0.0,1206.29,58.5
36061012200,3103,6,93701.16249975856,0.0,3.964788732394366,142.0,5.158165592008417,4.046305271528324,0.0,17.44550836679541,15.055715462018563,0.0,40.46602952585723,17.828275781792062,0.0,4286.71,54.5
36061012400,8984,9,56174.99870212877,0.0,3.392,108.0,3.3023927962188884,9.101129340069727,0.362212285100332,15.210420553743404,7.854020739739577,0.0,19.903071393448883,13.73348884257418,30.53326404910501,2321.33,38.7
36061012500,2704,32,92796.68201341428,0.0,3.6666666666666665,137.0,42.81175849960572,2.1709269106824234,0.0,23.230040154503698,2.7551179782379815,0.0,7.489531885765987,21.542624571204193,0.0,3293.27,39.7
36061012601,7014,6,80085.57454856318,0.0,3.909090909090909,43.0,0.0,1.982892287167654,0.0,21.363966968960643,15.142138922593752,0.0,45.335489427102225,16.175512394175723,0.0,2630.4,43.3
36061012602,4980,11,86641.43716720314,0.0,3.7301587301587302,61.0,0.0,5.263137666051,0.0,21.810844350092022,17.4391839359065,0.0,38.64793434387227,16.83889970407821,0.0,4473.08,38.0
36061012700,6307,16,77184.15564546385,0.0,3.765957446808511,89.0,7.106911746679948,6.9472511796833984,0.3145763920318326,18.445827870831597,19.112300858396623,0.0,33.961518615175194,14.11161333720141,0.0,2311.81,36.9
36061012800,5163,11,90959.59061331669,0.0,3.956204379562043,137.0,0.5968204274819587,7.083639736101112,0.0,19.250109558923626,17.756824998614697,0.0,37.37061805750698,17.94198722137162,0.0,4235.69,60.1
36061012901,6806,13,52708.6789874125,0.0,3.343434343434343,181.0,0.505354925399035,0.8286114252094159,1.920741974793398,17.577770966427785,3.288016164632858,0.0,5.3331414574871605,23.803380283502374,46.742982802547985,2133.02,36.3
36061012902,2594,12,33283.71095372988,0.0,3.6288659793814433,93.0,3.0764233097596434,0.2642189666462098,1.596327221128485,12.319889257269532,2.8851989471697226,0.0,4.291796175204473,25.6142254644661,49.95192065835584,2473.56,37.1
36061013000,3336,2,93150.3237224721,0.0,3.9642857142857144,140.0,2.3478077472914793,4.403503121275139,0.0,17.69026039052334,19.06411521698349,0.0,40.23854002737897,16.255773496547587,0.0,4084.88,53.7
36061013100,3485,25,92764.10289817526,0.0,3.707792207792208,148.0,42.573261197203806,1.0950722690167864,0.0,20.734578843523852,1.5774647361862744,0.0,11.645734730672809,22.373888223396467,0.0,2622.04,40.9
36061013201,2364,3,32052.20135123477,0.0,3.7222222222222223,34.0,0.8399799656256239,3.614592433776687,0.0,10.280453708593882,5.486515492874055,0.0,10.980774724887524,14.901371789672586,53.89631188456964,3116.42,32.5
36061013202,3616,1,87441.01014375324,0.0,3.409090909090909,41.0,0.0,3.2464344962664833,0.0,22.010377862354083,27.348943177369428,0.0,25.410076986378627,20.029741818454152,1.954425659177224,1958.38,37.6
36061013203,4276,4,88749.94970628101,0.0,3.864864864864865,36.0,0.8612284635831512,2.683951275706617,0.0,17.9643304369572,18.178496875213813,0.0,43.06903667621351,17.24295627232571,0.0,2347.75,36.5
36061013300,6146,6,83982.27770781267,0.0,3.7358490566037736,101.0,6.187347349358194,7.727732393562277,0.1467199944962636,22.02327205213103,14.508378095109835,0.0,34.55024616355948,14.856303951782923,0.0,3015.94,38.2
36061013400,10475,6,75326.10800437804,0.0,3.841463414634146,80.0,0.7462243845134754,5.652988412936723,0.0,19.222220264264724,19.757811629366675,0.0,40.076133211207576,14.54462209771082,0.0,2349.29,37.0
36061013501,4872,2,42143.949416506046,0.0,3.4285714285714284,136.0,2.0659272836381337,2.185594970942595,0.449591882435742,12.368737953930337,7.520315175485829,0.0,5.096347468754206,24.065490773049156,46.247994491764,1908.94,37.2
36061013502,5873,6,38865.122036931934,0.0,3.392638036809816,145.0,5.348227799079172,0.0,0.0,11.125909196553255,4.838167405040787,0.0,5.048296733086515,19.81151249301225,53.82788637322801,1840.25,39.1
36061013601,1979,0,19836.7413435599,0.0,3.4615384615384617,24.0,0.0,0.5046899192830757,0.0,6.357965705791793,3.2174006726436395,0.0,7.487693911899398,7.593977803772514,74.8382719866096,0.0,64.1
36061013602,6373,1,88241.87340937363,0.0,3.909090909090909,33.0,0.0,0.0,0.0,23.4968604115984,18.22218752054704,0.0,45.105735091064496,13.175216976790058,0.0,3627.46,40.0
36061013603,4459,4,87090.66856722947,0.0,3.8857142857142857,34.0,0.4543790820330928,9.199477344089876,0.0,21.71347270400438,16.297477828209058,0.0,35.911117722402295,16.4240753192613,0.0,3306.0,38.6
36061013604,4030,3,87951.24745293694,0.0,4.0,43.0,0.2226816137481196,0.7813038139377056,0.0,19.085938826497195,22.570127990556347,0.0,43.78501207395144,13.554935681309171,0.0,3249.42,41.8
36061013700,6600,48,97550.543531477,0.0,3.6435185185185186,203.0,23.50529808239527,1.4305223713871558,0.0,22.15537764802752,2.6878160356743366,0.0,26.624321889037123,23.59666397347861,0.0,3229.4,47.3
36061013800,11607,9,85831.43573640581,0.0,3.756521739130435,109.0,0.849187006764129,2.5033034810649473,0.0826116587379612,21.106316592199875,16.885637123239945,0.0,42.73242877173745,15.840515366255682,0.0,2718.13,42.8
36061013900,9952,11,81124.51602238779,0.0,3.6770833333333335,90.0,6.748097513430021,4.481309748381684,0.73933894675415,18.12729236349065,13.444302978385853,0.0,38.09975219940092,18.35990625015674,0.0,2078.29,37.8
36061014000,8051,15,92038.64376981738,0.0,3.970802919708029,136.0,0.7781550705745705,2.1909626730414353,0.0,17.737078326523154,18.87409776374821,0.0,41.81630498348393,18.603401182628694,0.0,4232.04,45.4
36061014200,3979,10,96897.42600825112,0.0,3.9177215189873418,157.0,2.4396555347062874,7.358243645632282,0.0,18.93956018868303,19.152839758235704,0.0,35.04293050021178,17.06677037253091,0.0,0.0,52.0
36061014300,0,63,65274.84385291496,0.0,3.0952380952380953,1653.0,0.0,0.0,0.0,11.357050738959863,68.96697358344635,0.0,0.0,5.124751523444817,14.55122415414898,0.0,0.0
36061014401,5006,3,79841.96305191328,0.0,3.972972972972973,37.0,0.0,2.461124118294221,0.0,18.75902794286759,24.81192240664444,0.0,39.36872407811388,14.599201454079864,0.0,3903.19,47.0
36061014402,6799,7,96776.5518833288,0.0,3.4335664335664338,139.0,0.0,1.8886454314747816,0.0,17.53876333643489,39.18507439117385,0.0,26.173890888868005,14.588765798641528,0.6248601534069581,3136.27,50.3
36061014500,7329,24,105957.12246003108,0.0,3.092063492063492,261.0,0.9241067287518716,18.11638509457317,0.0,18.77456172306022,19.98351983219621,0.0,21.560921255519876,20.640505365898655,0.0,3584.4,39.0
36061014601,3940,5,77625.59192212822,0.0,4.0,37.0,5.310117581036502,2.204798378411936,0.0,17.967522116457328,16.70353668345752,0.0,40.406214205415566,17.407811035221144,0.0,2673.08,37.0
36061014602,8144,10,92415.68615914452,0.0,3.804878048780488,80.0,1.3172907783251318,3.220233761460215,0.0,18.27518663792105,19.9181655102343,0.0,41.87065822929101,15.39846508276829,0.0,2547.25,40.2
36061014700,2840,1,82140.07749446474,0.0,3.2037037037037037,44.0,0.0,27.677673849347663,0.0,22.64445754403477,13.78096594866654,0.0,18.2564807408634,17.64042191708763,0.0,3889.42,36.6
36061014801,3127,8,90130.89033319842,0.0,3.695652173913043,43.0,1.3653354141913114,5.234862914981271,0.0,20.030077226758383,13.359435347342018,0.0,39.01952326116408,20.990765835562925,0.0,3897.5,45.9
36061014802,7150,12,91670.38648950034,0.0,3.9361702127659575,93.0,2.474654087512104,1.8512522169816656,0.0,17.683608151611622,15.436311760740894,0.0,44.31262456704366,18.241549216110045,0.0,3448.15,39.5
36061014900,6074,23,98314.581186565,0.0,3.3387755102040817,216.0,18.655292799058927,7.151937864175099,0.0,25.695435339936697,12.930572973987529,0.0,17.478003803079435,18.08875721976231,0.0,3555.69,53.1
36061015001,2141,0,87380.3846267939,0.0,4.0,39.0,0.0,7.396593548529047,0.0,19.526533455851492,15.47517458613088,0.0,38.24511625311813,19.356582156370457,0.0,3743.44,49.2
36061015002,4904,5,98813.50540031832,0.0,3.793388429752066,117.0,0.3955178041839097,9.398080702667404,0.0,21.74561104995974,17.305061079316093,0.0,33.66739892922518,17.48833043464766,0.0,4682.31,55.7
36061015101,3476,3,76644.66086408927,0.0,3.5517241379310347,55.0,0.9860510675862072,8.91554506942529,0.0,21.52156486304147,30.18268191372023,0.0,20.2946073834307,18.099549702796097,0.0,848.21,31.7
36061015102,9611,2,42586.73422540107,0.0,3.171232876712329,255.0,0.8734433605873511,0.261446390153895,0.0,14.906727147066604,7.723167038124172,0.0,6.425663853885579,11.19874917833719,58.61080303184519,3139.88,35.8
36061015200,7667,9,19559.424450805855,0.0,3.4,126.0,0.1750663329946737,1.953317414778467,0.2106392691493192,5.8725542950125496,7.409687503876739,0.0,3.1213308178632992,6.7675346712536815,74.48986969507125,2210.38,40.7
36061015301,4799,5,79272.24145390361,0.0,3.5,46.0,9.958557156826446,3.747965225925988,0.0,17.383288886768504,21.363836659413344,0.0,37.95288642137848,9.593465649687229,0.0,3595.17,45.4
36061015302,5448,10,113339.19626491118,0.0,3.816,123.0,2.9948890667613095,1.7324144888407085,0.0,17.807858573097498,19.487212725276137,0.0,37.99383934343485,19.98378580258949,0.0,3643.33,42.5
36061015401,4594,0,88862.72429740586,0.0,3.559322033898305,58.0,0.0,1.3274060880573602,0.2075605130015205,18.632929556150035,27.45611879909722,0.0,39.08417293403759,13.291812109656284,0.0,2362.69,44.3
36061015402,3724,1,77646.48611012717,0.0,3.962962962962963,27.0,2.351509495838829,3.236232369813673,0.588374015382821,21.380764487240885,18.57320861711641,0.0,39.19225340560043,14.67765760900695,0.0,2838.25,37.3
36061015403,5055,6,92077.08585714384,0.0,3.4901960784313726,46.0,1.508030775294654,0.0,0.0,18.25593327245512,30.765509935746135,0.0,32.59210806110658,16.87841795539752,0.0,2497.08,46.6
36061015501,4969,3,108036.2836905162,0.0,3.1616161616161618,92.0,0.1565674066323127,3.627666811670686,0.0,26.590058813688223,37.73621046523187,0.0,20.019616702965973,11.869879799810931,0.0,3587.75,53.7
36061015502,5500,2,38561.63016844772,0.0,3.189189189189189,135.0,0.0,0.0,0.0,8.6728557387023,10.57107213251701,0.0,2.7061906254026136,9.451107517123514,68.59877398625456,3420.02,51.7
36061015601,5172,11,91644.32589762688,0.0,3.462686567164179,59.0,4.304576345361723,4.6821084240233946,0.4122650298985462,20.860483067485784,12.37567699010585,0.0,31.018213244997668,26.346676898127036,0.0,2456.56,35.5
36061015602,2244,14,105708.2608661964,0.0,3.2222222222222223,111.0,0.0782998013333934,14.69895495519146,0.0,28.479291547264346,27.052584368580025,0.0,10.417200240812615,19.273669086818163,0.0,1445.13,38.8
36061015700,10669,13,87567.50825910718,0.0,3.789473684210526,112.0,1.1061163009720838,2.1124259347064047,0.0,20.158500403400524,16.511828375022297,0.0,43.58874252372149,16.522386462177195,0.0,3148.31,43.5
36061015801,5188,7,94155.96247189995,0.0,3.8392857142857144,107.0,0.0717154701544009,5.195387393407714,0.0,18.65120865274904,22.799414467306377,0.0,35.26648086770531,18.015793148677155,0.0,3418.27,42.5
36061015802,4260,10,103061.93553310736,0.0,3.4705882352941178,62.0,0.0,7.774267154668247,0.0,27.137478875109423,13.57681809078246,0.0,27.41689684849333,24.094539030946542,0.0,1834.44,32.4
36061015900,9194,16,54051.2359419135,0.0,3.704,121.0,0.0189394092178739,0.0239967443894819,0.0,35.315954072676206,11.245401614557696,0.0,0.9257794131405758,13.135272985335488,39.334655760682686,3015.96,48.4
36061016001,3118,5,94249.05836712629,0.0,3.888888888888889,107.0,0.5086461593148295,11.060436806310488,0.0,16.795145713725866,23.457286480418983,0.0,33.07063428135936,15.107850558870462,0.0,0.0,57.5
36061016002,3183,9,102589.11918424896,0.0,3.6206896551724137,54.0,0.0,8.011147847665468,0.0,22.944330023309455,14.467143854638428,0.0,36.14568859352019,18.43168968086646,0.0,2331.08,35.6
36061016100,5756,5,83207.5432850207,0.0,3.8372093023255816,85.0,0.2929513937109668,8.843407485421743,0.0,20.406494255185084,23.134450864813253,0.0,36.01122767295049,11.311468327918474,0.0,3445.75,39.5
36061016200,9320,14,24514.05736876953,0.0,3.036101083032491,240.0,0.0,0.5617975769036256,0.0402104567069261,9.033285235599577,7.419096172920159,0.0,2.588133868853559,6.455101917078724,73.90237477193743,421.96,44.5
36061016300,7253,3,37772.97577659216,0.0,3.5428571428571427,201.0,0.9639820509950874,0.6351472479132091,0.0,7.800540523838939,17.237698042597124,0.0,7.69893116983829,8.727546882682494,56.93615408213486,2650.56,47.0
36061016400,8310,5,92579.5479023051,0.0,3.094240837696335,157.0,0.4423814904075473,1.179625527929122,0.2949209936050315,22.09113533083224,36.48674580218005,0.0,22.57182052185624,16.933370333189753,0.0,510.46,38.0
36061016500,7098,19,82182.23967094264,0.0,3.1320754716981134,136.0,0.184602707703831,20.217850493582713,0.0,14.85400293577165,31.776446190049313,0.0,19.97013042539305,12.99696724749945,0.0,4108.87,45.4
36061016600,6888,13,107678.91064969068,0.0,3.37117903930131,202.0,1.7088984595624193,3.1915874276082215,0.0,23.77506423404502,21.32383395468968,0.0,25.96233309110484,24.038282832989815,0.0,965.98,34.0
36061016700,7884,15,49001.294254020664,0.0,3.7872340425531914,140.0,0.8870659016698722,0.7835110341589365,0.0662051625823834,11.161024870262048,18.52783551078513,0.0,15.10937135147847,11.61322887297398,41.851757296089175,0.0,43.8
36061016800,5041,12,102293.38656788478,0.0,3.177121771217712,235.0,0.7360131018670106,14.156731351864156,0.0,21.57327523527002,29.50377748552259,0.0,15.710486142434592,18.319716683041623,0.0,746.79,39.6
36061016900,8103,10,81853.10788374124,0.0,3.9651162790697674,86.0,0.3347871803315395,9.204042587583688,0.2735289933925466,22.24977640501116,18.90508670070192,0.0,35.15814339562754,13.874634737351618,0.0,3543.62,42.3
36061017000,8791,18,94533.77072388367,0.0,3.215909090909091,157.0,2.6437439826308697,4.5249001523311385,0.1148662120611287,23.49810781311846,29.551527935252057,0.0,22.02385473085011,17.642999173756245,0.0,769.75,40.4
36061017100,8464,10,46020.43486605858,0.0,3.691358024691358,160.0,1.6357152194902396,1.335025377254559,0.0,9.81012494373534,16.959632291178178,0.0,14.30111930825072,8.407318916624874,47.55106394346609,2876.67,48.9
36061017200,5630,16,99540.67209339552,0.0,3.794444444444444,173.0,2.404621842234805,5.980041905779668,0.144164173370682,30.09706845236896,18.31251699198924,0.0,20.52696696063568,22.53461967362097,0.0,654.31,36.1
36061017300,9343,10,89010.44391675308,0.0,3.826530612244898,97.0,0.0,3.419377681552793,0.0,17.952756920208238,28.645742124066253,0.0,38.83466725653815,11.14745601763456,0.0,3127.4,44.4
36061017401,5321,3,107503.84586042994,0.0,3.310077519379845,112.0,0.0,7.023872484997074,0.0,23.28361619397656,28.84926309443965,0.0,22.603469476570904,18.23977875001582,0.0,730.29,47.5
36061017402,2887,2,95774.2112812102,0.0,3.672413793103448,56.0,0.749499570802063,1.2626902703496004,0.0,21.47708262792507,29.653466907385095,0.0,25.34832895549382,21.50893166804436,0.0,1564.69,34.6
36061017500,10499,10,47014.067497563614,0.0,3.7806451612903222,152.0,0.3419766649088104,1.184898330991167,0.0,10.155429791095315,16.78683339568916,0.0,15.571172735834478,8.759309030163031,47.20038005131803,2963.81,52.3
36061017700,10030,6,81783.7525877284,0.0,3.7222222222222223,85.0,0.055042446800145,9.552325505903609,0.0,20.233561406036586,27.440833396691783,0.0,31.80050823832437,10.91772900624351,0.0,2085.17,36.9
36061017800,3786,8,35647.256339871135,0.0,3.128205128205128,135.0,2.0087139601716006,2.481754913687083,0.1167531244205558,17.454832660023712,18.11244397651195,0.0,5.546910088517354,10.20750264790817,44.071088628759576,1093.75,35.1
36061017900,9875,10,41216.80953422009,0.0,3.7210884353741496,143.0,0.6314032706769891,0.7439670165955696,0.0,8.880260083368661,20.457478166992964,0.0,13.915390100015609,7.892096391680054,47.47940497067016,3247.29,40.6
36061018000,6980,8,94545.34863729397,0.0,3.295081967213114,162.0,0.4121266136347434,3.3921985240299577,0.0427319050754308,27.585331198156062,29.068215024664617,0.0,20.97269367764944,18.52670305678975,0.0,972.31,36.7
36061018100,8408,17,79264.25784460484,0.0,3.9454545454545458,55.0,0.0,1.102888471860174,0.0,23.797319702269572,22.5564243660627,0.0,37.91505960931088,14.62830785049667,0.0,2210.88,50.7
36061018200,7266,17,94396.81581557238,0.0,3.4235294117647057,153.0,2.289700717756739,5.019104569314776,0.0,21.706996550384765,26.488152503538377,0.0,24.821967700323142,19.674077958682208,0.0,748.88,35.4
36061018300,8440,20,46496.245566608384,0.0,3.755555555555555,177.0,1.0666229851791733,1.110862236746294,0.0,12.163656421050351,15.63352291437547,0.0,9.160023808825478,14.804623521402636,46.0606881124206,2872.44,39.8
36061018400,8225,5,103019.68964311117,0.0,3.469945355191257,165.0,0.6384385675232394,1.4247913765406868,0.0,21.42035505839933,32.03463840540557,0.0,22.811304541845885,21.67047205028528,0.0,997.42,37.2
36061018500,5060,5,101752.21406016212,0.0,3.139705882352941,125.0,0.0,3.844438033352456,0.0,30.470621314661663,35.41958569435085,0.0,17.35211290821603,12.913242049418995,0.0,3119.0,36.9
36061018600,6104,1,99906.8807641218,0.0,3.3138686131386863,125.0,0.0,3.8045284108056423,0.0,21.105414549511657,43.87039914783419,0.0,18.29185283811652,12.927805053731989,0.0,978.12,31.7
36061018700,9907,4,41737.16602915532,0.0,3.724832214765101,147.0,0.6125342039240284,0.9403497937982976,0.0,9.421191268785078,21.22557693774344,0.0,12.795016908495237,8.505412387090166,46.49991850016374,2797.29,36.5
36061018800,4685,10,80249.20501797524,0.0,3.693333333333334,72.0,1.779750495789457,5.908929056415564,0.7878701951783926,23.8490109682669,20.31077249036929,0.0,28.265374122476807,19.09829267150359,0.0,523.79,38.4
36061018900,10267,14,103641.8973607126,0.0,3.435251798561151,260.0,0.3922501963959882,3.37298950576685,0.0,22.01617180814813,34.772010767914296,0.0,24.02874514873039,15.417832573044334,0.0,851.21,43.8
36061019000,3735,9,81803.60704189108,0.0,3.75,54.0,0.6649975803786766,7.987909611047414,0.0,25.04475754074962,18.950950932159795,0.0,29.666830731392267,17.684553604272235,0.0,2335.35,40.8
36061019100,8055,13,43967.09754994819,0.0,3.64,168.0,0.6910065742851972,0.6419486896235279,0.0,11.918313714147256,20.419449678405066,0.0,13.201091258910951,8.310660974116596,44.817529110511394,2740.38,49.3
36061019200,3868,3,38166.42137498315,0.0,2.9491525423728815,97.0,0.0336038450152549,1.1633589653889358,0.0330085656895028,16.18599038524559,16.77382767453321,0.0,4.472300866719767,16.244684160701553,45.093225536706186,375.48,36.7
36061019300,9211,12,105380.87386257816,0.0,3.7579617834394905,151.0,0.442316769282577,5.411835990184839,0.6490983294727721,26.752595925912782,15.761762234692878,0.0,30.298070816625177,20.684319933828963,0.0,1290.19,35.4
36061019400,5879,4,91289.91448378153,0.0,3.2546583850931676,143.0,0.69601620082201,6.725451050684379,1.0736269627579973,26.803488087377747,28.42154221319086,0.0,19.312832036076447,16.96704344909057,0.0,879.81,36.8
36061019500,7632,13,39012.751169259696,0.0,3.5428571428571427,135.0,0.5952526395236619,1.8940349436714392,0.0,11.885132375820836,21.52417080556362,0.0,12.198098360909006,7.798702558895317,44.10460831561613,2348.13,43.3
36061019600,4166,24,104252.90545129094,0.0,3.576530612244898,178.0,6.000589423464216,4.079848025082082,1.2109287894883245,33.711110047563956,14.67211544467458,0.0,15.95748646629959,24.367921803427254,0.0,539.79,39.0
36061019701,962,4,96327.1821767396,0.0,3.0526315789473686,202.0,0.0,9.406322630439217,0.0,16.852805407088535,63.07784054322291,0.0,2.114225762043548,7.909930335696564,0.6388753215092186,1101.77,31.8
36061019702,2531,7,85737.10686638989,0.0,3.6904761904761902,40.0,0.0,0.0,0.0,29.26770925446261,14.583136710855175,0.0,36.41626067929131,19.73289335539091,0.0,2139.42,34.5
36061019800,2511,12,99254.46522717392,0.0,3.3529411764705883,209.0,0.8338858667876676,7.237709603221458,0.0,24.585431729036,39.918450071742406,0.0,11.6428962615163,15.781626467696167,0.0,2081.73,43.3
36061019900,8918,13,36625.37725882484,0.0,3.631205673758865,135.0,0.3404851700924981,0.9195120207864352,0.0,9.985596872320071,20.302236128772076,0.0,4.152358838603691,17.04525316510575,47.25455780431946,1614.02,30.1
36061020000,2763,13,87891.44931539742,0.0,3.752577319587629,94.0,5.4993958331415875,4.949291947752271,0.0,21.180042829158417,19.56028895123271,0.0,32.29003010886438,16.520950329850635,0.0,1096.81,46.6
36061020101,1968,2,82268.3224882348,0.0,3.4166666666666665,34.0,1.3027337482459116,34.44189479830407,0.0,22.747663166234695,9.8047981052165,0.0,13.720399065329936,17.98251111666889,0.0,2927.88,21.9
36061020102,4148,10,108618.37513423518,0.0,3.881578947368421,75.0,0.5479206274446741,0.1354190758479216,0.0,24.337610624650832,19.96905002614413,0.0,37.908538997487945,17.101460648424492,0.0,1603.37,38.2
36061020300,3989,10,109398.81391603622,0.0,3.021897810218978,236.0,0.2521961260394078,32.23704623022814,0.0,31.594106414875448,20.906743656488892,0.0,3.657563810501607,11.352343761866514,0.0,1298.62,20.0
36061020500,5532,10,29631.75595993076,0.0,3.453608247422681,185.0,0.0167589180003934,4.674024357048717,0.0,7.30072566682849,20.368213834471845,0.0,2.462377406651031,6.881325600616385,58.29657421638314,3780.31,21.7
36061020600,3481,5,92812.751359327,0.0,3.9291338582677167,125.0,1.1109590853185318,8.746338321452793,0.0,25.505655154987146,22.406593053511006,0.0,22.69039696265792,19.54005742207261,0.0,978.15,40.1
36061020701,2826,2,93274.8510184917,0.0,3.3043478260869565,38.0,0.0,4.800387269721292,0.0,29.14801526534147,10.328279373597317,0.0,35.4508620004207,20.27245609091924,0.0,1784.38,27.8
36061020800,5391,5,78553.3289416777,0.0,3.756756756756757,71.0,0.1795238957795547,4.018578880976645,0.0,25.222366286424243,26.589087351999193,0.0,30.792260182299188,13.198183402521163,0.0,1407.63,33.6
36061020901,3656,17,97475.1882700406,0.0,3.4695652173913043,109.0,1.93908309514168,4.7105063912908305,0.0,24.796944626650344,32.14765708279137,0.0,16.60243127531954,19.80337752880624,0.0,487.63,40.2
36061021000,6552,3,61713.98266923432,0.0,3.1777777777777776,163.0,0.0,0.0,0.0,15.43872232183812,24.35254721582122,0.0,3.1442650141687194,23.514252689158003,33.55021275901393,839.33,36.5
36061021100,9865,16,49616.5779530134,0.0,3.2535211267605635,265.0,0.2145585610584257,1.127031602848927,0.0,9.830179593094195,23.21558313531643,0.0,8.426809242678049,10.401863987450168,46.783973877553805,1264.48,33.6
36061021200,5225,9,83946.43817953266,0.0,3.27007299270073,118.0,1.873480136148689,14.456986748345413,0.0,31.360398719785177,20.751409990405833,0.0,16.684067577714693,14.873656827600197,0.0,1340.42,40.6
36061021303,5804,3,108576.80392257136,0.0,3.608391608391608,137.0,2.6231869481319556,4.000943778382516,1.3671859032279658,32.97047429087269,10.522988177949388,0.0,22.557863942290513,25.95735695914497,0.0,1098.44,38.7
36061021400,2953,1,119123.94433976336,0.0,3.1256830601092895,164.0,0.9040571696623384,3.356098199943622,3.3057728345441193,27.242570852769266,36.14349838708656,0.0,13.949036185199402,15.09896637079469,0.0,982.08,49.3
36061021500,3863,11,82830.19221335853,0.0,3.6818181818181817,65.0,0.8955882029306669,2.0385591612163085,0.2100240996301872,29.465689245523496,17.858364557330653,0.0,28.14410323712872,21.387671496239967,0.0,1093.92,37.6
36061021600,8912,11,101143.27683587192,0.0,3.856164383561644,143.0,0.9599764410438408,1.9759078588394,0.0,28.604217817626463,15.96008916051854,0.0,35.89817000426173,16.60163871771002,0.0,1419.83,37.3
36061021703,348,13,90202.5586395312,0.0,3.271966527196653,221.0,0.0,18.30177321474003,0.0,24.583582481063168,48.23003252239413,0.0,0.0,8.884611781802676,0.0,0.0,19.9
36061021800,6128,17,95636.13887660085,0.0,3.7777777777777777,139.0,0.7994171572215464,5.71221384595409,0.0,25.262480597382524,18.68885943235068,0.0,28.369156712715217,21.167872254375943,0.0,907.56,39.9
36061021900,5390,7,66834.70660110924,0.0,3.4788732394366195,268.0,1.5080814689215116,2.640699453276334,0.1817839509735089,22.203849511548093,10.790613356811894,0.0,5.032957065961203,17.512451124599348,40.12956406790811,421.88,34.3
36061022000,6087,6,92441.28290717935,0.0,3.991935483870967,124.0,0.4763312934675228,7.282989971520661,0.0,22.801068036564796,20.520979973887343,0.0,32.30953612022476,16.609094604334917,0.0,1425.98,40.1
36061022102,2350,15,119937.7281870241,0.0,3.937007874015748,127.0,0.6259323540163956,7.26738032967875,0.0,25.08854523023437,19.90604603200966,0.0,25.879220785753937,21.232875268306888,0.0,1301.33,41.2
36061022200,3595,15,80775.5384504879,0.0,3.84,96.0,17.045909240673605,5.800054373143607,0.1978708293346132,23.25839354636521,12.164366077035329,0.0,22.03765774677909,19.495748186668543,0.0,1616.75,40.2
36061022301,7226,15,38847.90945691835,0.0,3.52,94.0,0.6796387171241277,2.1327077905132055,0.2802839545211958,19.240092214121837,11.42924974709334,0.0,9.285091741623985,16.360269783793196,40.592666051209115,974.38,34.1
36061022302,2870,2,23502.444695662187,0.0,2.925,30.0,0.2071890368362736,5.362900223235398,1.3376612622881654,15.75724831258779,2.3326189638915364,0.0,1.5815257097985125,11.993813221511294,61.42704326985103,966.12,39.5
36061022400,6682,8,89398.06433384548,0.0,3.4444444444444446,152.0,0.2759423013280025,5.814492759236518,0.0,22.268867871575495,34.409524689169416,0.0,22.492347531312618,14.738824847377938,0.0,371.65,38.9
36061022500,11327,8,39312.57646539134,0.0,3.701388888888889,137.0,0.3051719994645158,0.662792989291685,0.0,21.877856809916807,14.152264672102197,0.0,14.053886287153308,13.434230736193571,35.513796505877906,1027.38,42.3
36061022600,5673,6,82947.94499545734,0.0,3.797872340425532,90.0,0.0459846441278187,6.885316138061484,0.0,25.116761172313645,23.520752052640773,0.0,28.61641353542352,15.81477245743276,0.0,1664.6,36.8
36061022700,5887,9,91073.84012296346,0.0,3.8620689655172415,87.0,0.7117184253550791,5.49152482441871,0.0,22.493258551165283,23.458405112000893,0.0,32.374741180628384,15.470351906431643,0.0,1222.58,41.4
36061022800,5713,19,87549.1683045844,0.0,3.716666666666667,112.0,1.210300007875702,6.382901694251337,0.0,25.08863026340144,21.24337316712002,0.0,29.848248834737003,16.226546032614507,0.0,1219.48,40.9
36061022900,7702,20,38488.14115925249,0.0,3.8440366972477062,108.0,1.4193294312193807,0.6237755198878658,0.0,16.192601806344573,14.94385181624726,0.0,14.948908822089525,12.117693746623074,39.75383885758833,1160.5,36.7
36061023000,8773,4,90537.4472266874,0.0,3.731707317073171,116.0,0.3117433821018555,2.0034004998905575,0.0,26.745558829234557,20.530092824821757,0.0,33.27767006044363,17.131534403507644,0.0,535.77,40.9
36061023100,7132,24,105406.17416929996,0.0,3.861635220125786,159.0,1.301554217944913,3.990097588366927,0.0,22.619613059243004,30.52513916807185,0.0,26.5034632413376,15.06013272503571,0.0,1345.17,37.1
36061023200,9183,16,84787.93245796424,0.0,3.834862385321101,107.0,3.19708132599515,5.947130718941066,1.3977894897150884,28.899783137891657,17.503816817445312,0.0,24.845495344461213,18.208903165550517,0.0,537.83,34.8
36061023300,7367,5,28995.7557029984,0.0,3.705426356589147,129.0,0.5006242422062502,1.2343454346657674,0.0,9.50283945647202,16.582385705960817,0.0,8.812655125722147,7.522668470523283,55.84448156444972,1633.21,35.1
36061023400,5442,2,91747.27853209636,0.0,3.743589743589744,75.0,6.68314235652968,1.546001648841444,0.0,26.942220501883185,19.81026425840809,0.0,29.609685657514852,15.40868557682275,0.0,1198.96,38.0
36061023501,7506,11,101504.52991523192,0.0,3.7083333333333335,164.0,1.158341431299493,2.0259733703373772,0.2476426529520007,23.220839783414807,30.868053899603336,0.0,23.801473294362072,18.67767556803092,0.0,1382.56,37.2
36061023502,1858,2,108528.64955790946,0.0,3.767441860465116,43.0,0.0,2.7826847688639664,0.0,30.576151077057943,13.560382136047696,0.0,30.303588816866423,22.77719320116398,0.0,855.6,39.6
36061023600,11042,12,55578.03779676595,0.0,3.2636363636363637,197.0,0.2624990386214521,2.1650592581699093,0.327828486858366,22.91189400067623,15.687961879795328,0.0,10.532035646139644,17.18097984310697,30.931741846632097,839.98,44.9
36061023700,6677,3,37655.55593143236,0.0,3.5,134.0,0.0997015274897639,1.2738047516664583,0.0,8.294869824537535,20.44085647652424,0.0,6.767348896098432,11.804603065384146,51.318815458299426,1161.62,35.8
36061023802,4704,10,45312.31434718026,0.0,3.0,218.0,0.0,0.813944335800991,0.0,13.218633244898571,17.921516304879727,0.0,7.017087917122231,3.925868005955871,57.1029501913426,1939.81,41.8
36061023803,3270,8,33877.30338389267,0.0,3.0344827586206895,54.0,0.0,0.0,0.0,12.173857782596064,18.490231012052803,0.0,12.596620379227517,5.808382756201773,50.93090806992184,1552.38,43.0
36061023804,3546,27,664.3679411732454,0.0,2.769230769230769,11.0,0.411223447965199,0.4911315457459035,0.0,15.407891415134172,13.96413175101571,0.0,1.9250783792692625,5.996279899330197,61.80426356153956,3529.54,32.8
36061023900,3184,8,116769.84311113866,0.0,3.816901408450704,70.0,0.0,6.502524038889788,0.0,25.767407224767293,24.3918204190305,0.0,20.88990086850199,22.44834744881044,0.0,938.77,36.3
36061024000,2395,18,36238.89506531477,0.0,2.7363387978142075,580.0,0.0,1.1863438460798064,0.0,24.10612681430326,30.79187710927172,0.0,0.0,17.141148845721602,26.774503384623603,0.0,44.7
36061024100,7915,12,35442.074226422745,0.0,3.647058823529412,117.0,0.0273307042282495,1.6659594746554898,0.0,11.151160742421691,6.8405782421208,0.0,8.615840523730308,17.037427431121724,54.66170288172173,1144.23,44.1
36061024200,5847,16,64083.73974314889,0.0,3.4033898305084747,274.0,1.2898784684047695,1.5820294288675174,0.1970703242903326,27.025861040568067,12.455739607281572,0.0,3.950792225225516,27.918231524420005,25.580397380942216,819.56,34.3
36061024301,4681,3,115503.28381247136,0.0,3.559322033898305,113.0,1.161712842297596,9.237592330692976,0.0,27.58468014811179,21.43687334581818,0.0,21.11856130405009,19.46058002902937,0.0,1427.42,36.2
36061024302,7627,5,51449.50877004253,0.0,3.0454545454545454,119.0,0.0,1.095926370029065,0.0,20.25316002931226,28.648773136959427,0.0,4.624634403076445,11.931961435789852,33.44554462483296,453.35,33.7
36061024500,14577,13,95869.16887557508,0.0,3.866279069767442,170.0,0.947811132354073,2.226491174293612,0.0,27.331120432106353,10.457945378412864,0.0,38.8347507998573,20.201881082975813,0.0,988.52,38.9
36061024700,6102,2,28769.41023344918,0.0,3.268965517241379,130.0,0.1639794254042936,0.0844565118094526,0.1032292711175932,7.90396031190977,14.958157605482812,0.0,6.5874490425507295,8.338019097992316,61.86074873373303,1607.79,45.7
36061024900,984,0,128034.6257213594,0.0,3.5977011494252875,86.0,0.0,17.256223039279057,0.0,33.20930641349228,15.765685036331083,0.0,9.035931971110744,24.73285353978684,0.0,1307.69,40.6
36061025100,2502,14,101884.06296509548,0.0,3.672316384180791,171.0,4.041186614538074,26.825083617740116,0.0,24.592845818763628,12.945226990850742,0.0,8.731277523307254,22.864379434800185,0.0,727.67,42.0
36061025300,10189,6,107769.61803959556,0.0,3.9025974025974026,153.0,2.182455516619641,1.2181010680810624,0.0,29.086852314138103,10.75317536596945,0.0,35.2742207485347,21.48519498665705,0.0,1399.29,37.4
36061025500,5562,5,26634.55453389149,0.0,3.2794117647058822,187.0,0.0069771345410112,1.6711932744438345,0.0,9.962325077270624,19.215000010087653,0.0,1.5010172118409673,9.789145269573114,57.85434202224281,1506.06,40.0
36061025700,4443,18,109313.60797849622,0.0,3.797468354430379,154.0,4.723668810689522,8.047837803162196,0.2227207055769737,25.08962995617611,14.5978941178952,0.0,26.59192424295076,20.72632436354924,0.0,2000.63,40.1
36061025900,4790,3,113871.465892916,0.0,3.7666666666666666,89.0,0.4215728722706859,1.2642127293653331,0.0,23.111364733221155,19.1516526774926,0.0,35.48985930838433,20.56133767926588,0.0,1527.48,34.2
36061026100,12041,7,102649.79898044512,0.0,3.906474820143885,138.0,1.0393031269815012,2.67416373556061,0.0,29.59389040608651,8.078370164330527,0.0,31.537687206754377,27.076585360286483,0.0,776.0,38.2
36061026300,8342,13,110514.65393699032,0.0,3.865168539325843,177.0,3.0890568303184702,6.661438274270747,0.0,24.496025508527268,7.79632847098923,0.0,28.744499217300245,29.21265169859404,0.0,1288.92,34.6
36061026500,7702,21,90966.22879670296,0.0,3.3801169590643276,156.0,0.3599660358265789,0.758226330783645,0.0,23.397844779207414,15.083289700777629,0.0,20.33536561309973,40.065307540305,0.0,1777.58,40.2
36061026700,2227,1,80109.78058021284,0.0,3.216216216216216,32.0,0.0,15.63393020600113,0.0,33.39367300538228,15.412594394334626,0.0,18.608618961567775,16.95118343271419,0.0,985.58,23.8
36061026900,7601,20,109968.37919108894,0.0,3.7540983606557377,175.0,5.830433390625542,7.867528328552189,0.0862652722956151,28.459012179258877,9.933567773068749,0.0,25.284042681907263,22.539150374291765,0.0,1007.48,38.4
36061027100,7742,21,111538.05445381111,0.0,3.6919642857142856,215.0,4.602421489396986,8.19892137762541,0.0,29.90832453203026,10.408756005687616,0.0,24.94281528554653,21.9387613097132,0.0,1376.83,42.9
36061027300,7434,11,112031.05908058849,0.0,3.1386138613861387,173.0,0.7876960413822495,8.225784612185642,0.0,25.153094508012288,27.494381480436648,0.0,26.141967881651137,12.197075476332047,0.0,2358.73,36.6
36061027500,3164,0,10013.958750135493,0.0,2.6339285714285716,83.0,0.0,0.0,0.0,5.190911171659302,13.88002063063946,0.0,0.4670594979177906,5.906457936203375,74.55555076358007,3269.23,48.0
36061027700,6441,7,77408.71921023022,0.0,3.6486486486486487,107.0,0.5564004199458237,19.032267822192807,0.0,32.78166051807345,17.176175669760863,0.0,12.715050472511695,17.738445097515363,0.0,1117.04,41.6
36061027900,9587,12,105763.95161771348,0.0,3.568862275449102,161.0,1.1533454025344552,0.6969353886576226,0.2528298453743346,25.71346750554073,22.089633943378303,0.0,31.634889279496413,18.458898635018144,0.0,1319.15,39.3
36061028100,3308,8,72495.32996380795,0.0,2.7222222222222223,54.0,0.0,3.27520369759422,0.0,14.011748040953623,50.21086475837978,0.0,23.030016002355637,9.472167500716743,0.0,2753.73,40.9
36061028300,8040,7,86214.83823685547,0.0,3.411111111111111,86.0,0.889071359501671,3.080290310150404,0.0,25.367752609126725,26.960172761665724,0.0,24.847492794934393,18.855220164621073,0.0,1246.21,46.4
36061028500,7094,2,78512.2717927867,0.0,3.6307692307692303,64.0,4.422396026512314,4.386671936047451,0.0,27.283559634558664,13.707392726981512,0.0,30.66984614589393,19.530133530006133,0.0,981.27,42.1
36061028700,3690,15,28279.77030741847,0.0,3.1666666666666665,382.0,0.0572331771770777,0.3360165702640251,0.0940439720103549,5.600848158960935,21.326060490596905,0.0,0.7666510513388171,6.141022769853738,65.67812380979817,1720.69,42.2
36061029100,10870,3,81149.65799667119,0.0,3.75,92.0,4.455692747022287,5.565547396105438,0.0,28.81758753815855,12.828042212784837,0.0,30.12899886622783,18.20413123970107,0.0,1199.0,37.0
36061029300,8011,6,103056.80783957963,0.0,3.7054794520547945,146.0,8.508266846013333,1.1352358384711,0.0,26.875238171199676,10.581241119352944,0.0,28.7125822589308,24.187435766032156,0.0,692.06,33.7
36061029500,7565,3,97412.9342869018,0.0,3.4757281553398056,97.0,1.0665894377336989,1.5267733528003826,0.0,27.96535738143881,18.352476771020388,0.0,35.20556793068945,15.883235126317254,0.0,1675.15,40.3
36061029700,13,1,22075.24545711796,0.0,3.0086580086580086,209.0,0.0,0.5518746475091595,0.0,7.170880268253639,37.87345749025453,0.0,0.0,3.448591930936605,50.95519566304608,0.0,45.3
36061029900,3532,11,42084.26399490776,0.0,3.193548387096774,264.0,0.5541744064442572,0.9905014212047748,0.3732131014529903,24.275818476706725,11.571447991980127,0.0,2.387021717296422,26.17137901414231,33.676443870772395,667.9,48.9
36061030300,3309,11,103833.74964363695,0.0,3.576,124.0,1.849567662223507,6.49252229462089,2.278756324000594,21.110861005045837,36.571767553246,0.0,15.272665667528962,16.423859493334213,0.0,1811.69,44.7
36061030700,3563,4,94150.68583677424,0.0,3.25974025974026,72.0,2.3631107011317973,0.0,0.0,26.396774877618537,20.33901193253402,0.0,30.887474563735648,20.01362792498,0.0,2078.33,49.6
36061030900,10253,9,66040.94680028626,0.0,3.146067415730337,164.0,3.3213556493659753,0.1610374352127999,2.359569579785204,28.58496772630967,28.287355861903393,0.0,17.90329158155596,18.589309058941613,0.7931131069253896,777.65,34.4
36061031100,0,6,45412.9325696179,0.0,3.0233644859813085,195.0,0.0,0.0,0.0,9.579159248994296,51.00925379022125,0.0,0.0,11.774552309293236,27.63703465149121,0.0,0.0
36061031703,5887,7,42821.58226943641,0.0,3.0714285714285716,424.0,3.431299105857372,0.5017877179600946,0.0,8.67771258142129,10.414875703381556,0.0,1.242366623672183,10.81153215246644,64.92042611524106,0.0,39.3
36061031704,10097,10,39378.38876442304,0.0,3.226158038147139,334.0,0.8222325639251757,0.7721227384647618,0.0,7.5738286337140925,11.043943664465866,0.0,6.283064086387632,5.6478460274703775,67.8569622855721,4209.94,40.9
36061031900,0,7,21394.930427720872,0.0,2.815068493150685,122.0,1.0937817336522888,0.0,0.0,8.839034763391094,13.310619429718244,0.0,0.0,0.7173261586004465,76.03923791463792,0.0,0.0
36081000101,4665,5,93934.6694886651,0.0,3.3746223564954683,303.0,0.5096851817461892,1.0468579306469787,3.601143856173403,43.503655525716304,4.928471215370049,0.0,11.014923663052802,15.59289690789314,19.802365719401138,2582.77,39.4
36081000102,6790,0,97774.49746546634,0.0,3.3839285714285716,106.0,4.352037503366643,2.412945743662479,0.0,33.85593919405191,24.24216784059807,0.0,17.357275848553243,13.720303184206358,4.0593306855612905,4098.75,33.4
36081000103,35,6,51580.50907523532,0.0,3.057142857142857,91.0,1.3101048225695286,0.0,5.205198628893064,45.39276785843324,13.857488850500513,0.0,0.191268298880732,16.995961658419713,17.047209882303207,0.0,53.8
36081000104,281,11,67659.20026122396,0.0,3.1333333333333333,257.0,3.5257125550629387,2.180350319769962,19.32224587594699,34.13762178099316,4.927782775217234,0.0,0.1954983078340504,25.497020800113585,10.213767585062088,0.0,43.9
36081000200,2439,2,97193.56481340832,0.0,3.2589285714285716,105.0,0.8577894027305801,2.5292509836042716,0.0,33.9170656706342,24.13232871552331,0.0,26.811955188027376,11.751610039480251,0.0,1627.75,42.3
36081000400,4102,2,93836.71675403202,0.0,3.562874251497006,163.0,0.8749436394502157,0.4351485441010496,0.4668509633761745,34.92674239900532,18.475980596735823,0.0,31.542240694124427,13.278093163206997,0.0,1425.13,40.0
36081000600,3549,3,116137.39531256548,0.0,3.669527896995709,226.0,0.8025805853333444,0.5305092319942165,0.2049558818990913,34.792370701291745,16.839648530482624,0.0,28.498850340020713,18.331084728978254,0.0,1943.12,38.3
36081000701,3691,25,105698.21053845307,0.0,3.4416058394160585,253.0,2.011761962208581,1.1131679974060544,3.0432203094571655,28.847048340227175,11.45365345772782,0.0,12.534412401455503,40.99673553151771,0.0,2632.21,35.1
36081000702,4643,20,97325.8355915679,0.0,3.604982206405694,261.0,4.149101195789019,3.562225980394039,6.9455505887301525,32.70785037577061,11.899571240457488,0.0,20.26963066734166,20.466069951517035,0.0,2545.54,35.0
36081000800,3768,3,89500.62030158812,0.0,3.511627906976744,128.0,0.2053475048819936,0.0977845261342826,0.0,32.698111853519165,27.862356152379945,0.0,27.43649968418839,11.699900278896212,0.0,2151.08,43.2
36081001000,4636,2,81997.42811691915,0.0,3.674418604651162,86.0,0.8042055336055396,0.2783183788329311,0.0,30.454121921824697,24.382321515298692,0.0,34.30378815968786,9.77724449075029,0.0,1646.63,34.9
36081001200,4603,3,99998.10801677624,0.0,3.282608695652174,158.0,0.8036693758174018,1.605309894558951,0.0,28.810552297416823,27.576190269909763,0.0,29.08831952426713,12.115958638029944,0.0,1663.92,36.7
36081001400,3609,8,94636.63250660613,0.0,3.7797619047619047,167.0,0.3805624555304941,0.1952381825131765,0.0,27.568559605722655,29.83255079461244,0.0,30.603076827447723,11.420012134173508,0.0,1547.23,45.6
36081001600,2650,2,96418.21790473086,0.0,3.831775700934579,107.0,0.7853762895320349,1.6737730617483373,0.0,31.681311872849385,22.24594737793132,0.0,29.26242778924929,14.351163608689632,0.0,1490.38,46.4
36081001800,3025,9,92503.45816224234,0.0,3.656716417910448,132.0,0.5727861309496791,1.5482382608640703,0.0654519825646367,31.914631092964513,21.45569172651916,0.0,27.114953133142333,17.3282476729956,0.0,2282.58,45.9
36081001901,1738,30,63188.65867387015,0.0,3.0268456375838926,121.0,2.138769835981046,0.7117052113428726,0.8024429963102638,36.60256005656149,6.433546853616033,0.0,5.355381104606037,47.95559394158225,0.0,4463.63,35.1
36081001902,6561,35,101442.9358898578,0.0,3.4414893617021276,172.0,6.814625547903891,0.243216181560377,1.3967743162891413,35.35185240166167,3.977130009210073,0.0,21.70552004952587,30.510881493848977,0.0,3297.27,30.9
36081001903,2060,32,111583.85793229316,0.0,3.6099290780141846,402.0,10.220953646617144,1.094109273859167,19.99593824465046,28.625421180962423,4.272537313194674,0.0,4.482896958162814,31.30814338255333,0.0,3326.65,31.2
36081002000,1774,11,95821.3560648235,0.0,3.5233644859813085,106.0,0.3792787983280052,1.364443281525245,0.0,29.453136380205073,27.60395894012262,0.0,22.744761104797373,18.454421495021677,0.0,2668.27,45.1
36081002200,2021,10,103470.43488350324,0.0,3.6357142857142857,138.0,0.6599387846889877,1.112760812194967,0.1601394368387059,30.02945148311658,24.44330822194201,0.0,27.694113858293697,15.900287402925048,0.0,1378.21,37.9
36081002400,2080,5,90352.43142563284,0.0,3.369565217391304,83.0,0.0,2.492595094712578,0.8709593307532086,29.61958630805364,29.43093899798556,0.0,22.02889303102453,15.55702723747049,0.0,1700.4,39.4
36081002500,6530,28,82422.14174160403,0.0,3.2364864864864864,137.0,0.0,0.0,0.0,21.719463550097352,50.651264667225306,0.0,15.576812062115584,12.052459720561751,0.0,500.85,34.7
36081002600,2236,9,103328.58189614296,0.0,3.675438596491228,109.0,0.1057030251416413,0.0838018114608522,0.1346439146483985,29.462227771298664,27.90634480856505,0.0,30.11325176519208,12.194026903693302,0.0,2601.29,41.3
36081002800,2883,8,86637.07219185842,0.0,3.4635761589403975,131.0,1.1705703915995975,0.8588666540105585,2.116718753374487,29.995866247438528,26.68621277511979,0.0,21.816764538697036,17.35500063976001,0.0,1722.02,44.5
36081003000,1410,1,86373.3523894732,0.0,3.211267605633803,65.0,0.4807644969249142,0.0,0.2865294001936446,33.577429237101946,28.214461150444684,0.0,24.693485747888552,12.747329967446262,0.0,2315.71,36.8
36081003100,1715,21,108066.71493121557,0.0,3.6528497409326426,184.0,5.207178250774947,4.112715807857738,5.098370582633955,34.581449613617174,7.568700744855415,0.0,19.95982134236471,23.471763657896055,0.0,2344.38,33.3
36081003200,1902,4,94679.09627516704,0.0,3.6103896103896105,150.0,2.455539738541459,0.1887895835934493,2.8253113971759087,35.42508428990375,20.073191531545547,0.0,14.727802257672122,24.30428120156776,0.0,2503.08,41.2
36081003301,4042,15,101224.09321563996,0.0,3.654377880184332,209.0,5.872516922045021,2.833575096800364,3.76547048006427,41.352450456193594,8.99725056906671,0.0,12.35198562982468,24.826750846005357,0.0,2924.15,31.0
36081003302,1056,7,94574.52697452076,0.0,3.697841726618705,264.0,4.795748559494764,3.9175667452614658,15.351656378979584,33.424058266911025,9.00619964315699,0.0,7.88226241624138,25.622507989954784,0.0,1545.87,33.0
36081003400,2619,8,114864.89565871366,0.0,3.52029520295203,262.0,5.68262048454796,1.0295636689132512,1.229137467249252,37.2862541532365,20.145012939377683,0.0,14.204067302495822,20.423343984179528,0.0,1440.81,39.8
36081003600,3330,0,116042.12269684754,0.0,3.673469387755102,239.0,0.3406461777917832,0.9290223567851212,0.1897125736082061,36.83265123128127,17.426883995293117,0.0,27.07239086381608,17.208692801424423,0.0,1239.6,40.8
36081003700,0,17,66058.41142900464,0.0,3.06930693069307,181.0,2.0780366943379396,0.0,0.5509740882437729,44.05258205368777,30.133552307052245,0.0,0.504790961373536,17.786347013383796,4.893716881920931,0.0,0.0
36081003800,2185,16,93914.23018316546,0.0,3.859060402684564,149.0,0.9467635094054728,3.8358360018728175,1.106642463208508,33.10123300901965,15.91585511370518,0.0,24.576170001579044,20.517499901209337,0.0,1656.65,37.2
36081003900,1480,10,92402.76498810932,0.0,3.878787878787879,97.0,1.2706115102076194,7.219387425168208,18.155332547687035,27.839005298277105,9.755101918445362,0.0,15.15836233145513,20.60219896875954,0.0,1153.62,33.7
36081004001,2063,9,97274.97006747215,0.0,3.772727272727273,152.0,1.5570200193091766,2.493231368036812,0.3198697961568912,34.207203619304785,17.090290764613098,0.0,21.88325209886898,22.449132333710253,0.0,1778.85,42.9
36081004002,1766,4,108841.29979349484,0.0,3.598639455782313,146.0,3.742186564837087,0.9730990136263974,2.879131365446956,33.34689019423772,11.112831796469932,0.0,14.432813244649616,33.513047820732275,0.0,949.6,49.5
36081004200,4651,3,110510.76900615476,0.0,3.645161290322581,180.0,1.5216521945635793,2.6455891898618824,0.3491665470942203,33.69324076458999,18.14946953098468,0.0,26.53746077377387,17.10342099913178,0.0,1293.65,36.1
36081004300,2033,8,90238.9866177728,0.0,3.485074626865672,125.0,0.7466554166472372,2.3212382458072596,1.7058330904661614,25.38158286432047,38.41234072871274,0.0,14.147593668626955,17.284755985419178,0.0,515.65,39.0
36081004401,3493,15,109561.53024283108,0.0,3.6538461538461537,253.0,1.3149713959523042,0.1933698014489068,1.1987464237786352,35.98379113053918,20.87402092580513,0.0,23.121646333724637,17.313453988751185,0.0,1190.77,36.5
36081004500,2758,11,105774.57579950038,0.0,3.220408163265306,218.0,0.6803199163006198,3.3303591013645923,3.674375810407407,29.59727485049461,33.72365263151025,0.0,13.252780769003136,15.741236920919397,0.0,1874.27,50.7
36081004700,3963,5,101568.72318339684,0.0,3.210810810810811,162.0,1.955436526191721,0.0,0.985581583588181,19.978255917034613,43.41478373453161,0.0,21.234429861561043,12.43151237709282,0.0,1083.33,35.6
36081005000,0,5,21004.04029745484,0.0,3.3529411764705883,17.0,0.0,0.0,0.0,5.37774658804951,89.15152510529192,0.0,0.0,5.470728306658571,0.0,0.0,0.0
36081005100,2303,4,100337.63984835077,0.0,3.820754716981132,102.0,2.388474249251512,3.839725958150007,9.580041107031638,30.421664892237892,10.03577377817754,0.0,25.10129663522268,18.633023379928726,0.0,1732.77,33.5
36081005200,2303,5,102701.65529352766,0.0,3.682242990654206,105.0,0.3641448513901662,0.4190916209280023,0.8384119144997413,35.76574260128463,18.424371393300294,0.0,28.37033688021437,15.817900738382797,0.0,1467.31,36.4
36081005300,5188,10,92698.53664019048,0.0,3.7210884353741496,141.0,1.8022053154574695,0.3843961458150611,0.6360196821645394,30.929032355251405,15.745504395568336,0.0,34.803744210850915,15.69909789489227,0.0,2188.77,34.5
36081005400,5341,20,101130.34135002886,0.0,3.7579250720461097,344.0,1.3910961101733037,0.9868607745052836,0.5832452866633523,35.64934047628224,18.846382271058975,0.0,26.22463739100775,16.318437690309093,0.0,1512.17,46.0
36081005500,1350,4,86683.41826838232,0.0,3.768421052631579,91.0,14.257485128587591,0.5813303930755133,16.209320063482224,24.33648725015034,6.845644827623328,0.0,15.779343015720803,21.99038932136019,0.0,1563.65,32.7
36081005700,3800,3,96471.32722133318,0.0,3.858974358974359,151.0,12.219633060298108,5.509610490317723,3.7530313413376706,28.36838746547134,12.587974274371486,0.0,22.25935830034756,15.302005067856117,0.0,1810.42,34.4
36081005800,6242,17,104691.64893418492,0.0,3.4163424124513617,479.0,0.9124750032202156,0.9399760678777092,0.1758162516771088,32.63334163716511,31.3074171521698,0.0,16.952923266189508,17.078050621700545,0.0,1766.83,31.9
36081005900,4208,12,79957.79019981784,0.0,3.6222222222222222,84.0,2.771208997559888,2.119822382478336,0.0,35.151457746056096,15.637527313607237,0.0,29.29138928968528,15.028594270613164,0.0,1477.17,32.4
36081006100,5207,14,83045.18272125928,0.0,3.7142857142857144,93.0,2.2727795110721667,0.898035443534256,0.1429417362785295,30.329859755412844,13.856962626705515,0.0,39.11732573105242,13.382095195944272,0.0,2046.4,35.5
36081006201,5870,2,85171.55983739853,0.0,3.0338028169014084,299.0,0.0,0.0,0.0,26.73825318123112,42.36604126550752,0.0,18.192049426962992,12.703656126298368,0.0,1191.42,47.4
36081006202,7327,5,60223.79179159432,0.0,3.223856209150327,532.0,0.9584311391814606,0.3143405639082282,0.008877701121489,22.6929510038508,45.631679902729786,0.0,8.121895310424765,16.782416140862768,5.48940823792071,1767.35,39.1
36081006300,5613,14,87848.39233941572,0.0,3.6206896551724137,107.0,3.0360455965667277,1.610634336859333,0.2953501646210886,32.017046113729535,14.23545048421222,0.0,34.85794554202517,13.94752776198593,0.0,2648.96,37.1
36081006501,2983,1,87155.65447196137,0.0,3.587301587301587,59.0,1.906264583247808,1.477726037655491,0.0,32.5384463954945,13.200838955701812,0.0,36.24088515445967,14.635838873440711,0.0,1819.77,37.3
36081006502,3975,10,84587.67642970609,0.0,3.820895522388059,65.0,2.2247383493526924,0.5284984740930703,0.0,31.207680172951243,17.10736507422704,0.0,37.033329439176235,11.898388490199707,0.0,1548.83,37.3
36081006900,4767,10,95113.80315327267,0.0,3.3096446700507616,173.0,0.2377915829733237,3.687698569015609,0.0408669198311094,38.02824532851216,14.780626519700338,0.0,27.061045494598503,16.16372558536896,0.0,2337.04,36.7
36081007100,3488,20,108622.5897383476,0.0,3.525581395348837,201.0,3.36190696921509,3.4220476653292984,0.2987408471314167,32.03565601840086,12.22471988665629,0.0,28.39552079259026,20.26140782067679,0.0,1722.35,35.7
36081007300,3813,3,79627.30685682679,0.0,3.6391752577319583,92.0,1.0068632272033222,4.374036662813089,0.0,33.339585608279876,17.228865607676518,0.0,31.400552880940545,12.650096013086657,0.0,1955.6,40.2
36081007500,5002,2,77944.42219977625,0.0,3.3733333333333335,65.0,1.4141862074583311,0.4596141724074361,0.0,31.829698024077576,18.209482208763408,0.0,35.61565755665005,12.471361830643191,0.0,1531.42,43.8
36081007700,1913,7,99666.20231790825,0.0,3.592233009708738,96.0,5.054672120237588,3.847995923826979,1.2708421389080715,36.49087785226899,16.34608605491278,0.0,20.235157739524706,16.754368170320888,0.0,2678.21,35.4
36081007900,2742,7,86834.06927661471,0.0,3.7413793103448274,109.0,0.0,2.169569418735296,1.525061363779911,36.9299920845811,16.021093905955997,0.0,27.285564208263693,16.068719018684,0.0,2151.44,37.4
36081008100,1530,8,104672.8647483225,0.0,3.473684210526316,107.0,0.6000552690418544,0.0,1.913761316749038,37.609893253220335,12.052220494146946,0.0,28.966451178477932,18.857618488363897,0.0,2361.5,36.6
36081008300,2405,22,96710.43173667027,0.0,3.4571428571428573,157.0,0.0653112078381177,4.340986614933394,3.4261547145972866,33.14677422580138,20.37708135341595,0.0,21.97311276881534,16.670579114598528,0.0,1823.13,34.4
36081008500,1821,7,103843.67226051464,0.0,3.712918660287081,202.0,5.547514112390419,2.34698356382025,19.645156164428485,36.37646351113733,5.840929750486368,0.0,7.177875026389431,23.065077871347707,0.0,1590.54,28.9
36081008600,3341,15,101361.68012710824,0.0,3.619047619047619,288.0,0.957599251651346,2.7186619973389528,0.4545467389854235,34.62111998652362,21.264648902455892,0.0,19.309423081037657,20.674000042007112,0.0,1724.37,41.7
36081008700,3480,15,93252.68067805243,0.0,2.748344370860927,230.0,0.0,0.1197784777710991,0.3999049524825293,32.53989452732368,37.39406358661892,0.0,17.50464056402749,10.80140372059142,1.24031417118486,0.0,44.3
36081008800,3679,21,92681.75887239244,0.0,3.472584856396866,360.0,0.7598621852946575,0.3568160598714367,0.1294848849966917,35.10019421781222,29.96533101913535,0.0,14.392888050319083,19.295423582570567,0.0,2448.33,37.6
36081009100,1928,3,55435.989552595696,0.0,3.2708333333333335,86.0,0.0,0.0,5.889065276122057,44.46603966763418,23.957986009857052,0.0,15.551693888501072,9.444121561730892,0.6910935961547581,1905.19,40.7
36081009400,2707,13,94157.93659347435,0.0,3.4885496183206106,125.0,1.27158104928076,0.6429022754752836,0.6361034416771157,38.318347822956696,11.237820402864246,0.0,30.751608868169825,17.141636139576075,0.0,1416.08,34.4
36081009500,1959,10,119760.20617573752,0.0,3.586734693877551,184.0,0.0,0.0,0.0,28.236403069092095,23.54401766079125,0.0,19.161811738333324,29.057767531783337,0.0,2460.5,35.9
36081009600,3072,10,93581.51748733348,0.0,3.732824427480916,131.0,0.7155092871661131,1.605261325463824,0.0,39.06902834595288,14.308322729905578,0.0,29.16384037920948,15.13803793230213,0.0,2392.75,46.4
36081009700,3837,6,119699.68970437748,0.0,3.5416666666666665,206.0,0.0,0.0,0.0,32.22881710484449,19.22531102131576,0.0,33.22303689320439,15.32283498063536,0.0,2328.62,37.2
36081009800,2216,9,89320.65592157666,0.0,3.4183673469387754,84.0,2.2393487072766036,0.4694651377938372,0.0680724449801064,35.69864566201668,9.331499236106024,0.0,35.757672906153566,16.435295905673193,0.0,1624.19,43.8
36081009900,0,0,90212.47579859622,0.0,3.1988950276243093,173.0,0.0,0.0,0.0,18.79291259322369,65.31102707782014,0.0,0.0,12.46781919149614,3.42824113746003,0.0,0.0
36081010000,3082,25,95789.16145907676,0.0,3.84,125.0,0.3779192775185858,0.2536498030928649,0.0,37.94589743521493,15.76950797621751,0.0,30.253682753016022,15.39934275494009,0.0,2198.6,45.4
36081010100,2686,8,109195.5261534946,0.0,3.5680473372781063,161.0,0.1952628101425851,0.1423326920665286,0.0,28.208975385665855,22.39979179748707,0.0,25.246694039644098,23.806943274993877,0.0,2832.85,40.9
36081010200,2731,5,103293.96508628114,0.0,3.78,197.0,0.317304172967347,2.6960166598853568,0.0,35.59408961361976,21.469624131090395,0.0,23.163398955768532,16.759566466668602,0.0,2062.88,37.2
36081010300,3915,6,107090.03734042072,0.0,3.4649122807017543,209.0,0.211634893299234,6.760816355900486,0.0,28.320656038370227,30.281777478345024,0.0,19.7397302288786,14.452971634134444,0.2324133710719866,1631.17,35.6
36081010400,3746,14,89854.86453601265,0.0,3.877551020408163,97.0,0.7814684224955382,0.0,0.0,39.4748653720104,13.002432011124023,0.0,32.694407249125064,14.046826945244977,0.0,1841.94,44.1
36081010500,4668,2,121749.51794068476,0.0,2.864864864864865,226.0,0.2272341727540301,0.0,0.0,24.067731754683656,37.135499351506766,0.0,25.600829938374005,12.968704782681538,0.0,1254.48,42.0
36081010600,2785,20,89572.07782000242,0.0,3.697247706422018,102.0,1.7791542944379326,0.7715941732590873,0.1933676871557847,37.79293621325956,14.82431105944177,0.0,30.325162992661166,14.313473579784691,0.0,2331.73,50.4
36081010701,0,1,16686.745024405976,0.0,2.7198275862068964,177.0,0.1631554282040678,0.0779416678297219,0.1643104170575214,30.32495597093212,10.278781867374605,0.0,0.0,12.263323285388624,46.72753136321334,0.0,0.0
36081010800,3304,7,87648.31660005765,0.0,3.9746835443037978,79.0,0.5503796929493132,0.7350600076162471,0.1832896069031902,39.79623457720511,13.812154614793911,0.0,31.66599005357586,13.256891446956372,0.0,2082.67,35.9
36081011000,2818,9,84219.6316622141,0.0,3.6263736263736264,90.0,0.916053757516909,2.672758727028937,0.0,37.1734993070373,14.781920560892162,0.0,30.592784952401715,13.862982695122977,0.0,1481.37,43.0
36081011100,2939,1,115855.19899483294,0.0,3.661764705882353,134.0,0.0,0.0,1.6296955131572173,28.69555198541733,21.3219414066606,0.0,28.235684058434195,20.11712703633065,0.0,2137.02,36.3
36081011200,2375,5,91634.7142018127,0.0,3.4871794871794872,106.0,1.8618770653268837,3.3214929126050716,2.981473915276503,38.0978694442924,14.338800116900956,0.0,22.972458983279747,16.426027562318428,0.0,1327.5,46.0
36081011300,4445,3,91655.47924931363,0.0,3.5794392523364484,97.0,0.9499086760329676,2.6326139279629457,0.0,30.521724795418653,16.836047772184763,0.0,33.795838999880566,15.263865828520109,0.0,1680.63,35.1
36081011400,1908,2,106382.12400756974,0.0,3.807339449541285,108.0,3.207170638091219,2.8566232405075933,5.004939956803551,38.60666887185833,8.777434044116402,0.0,21.42666162686748,20.120501621755423,0.0,2335.42,29.6
36081011500,2539,9,85695.61834830257,0.0,3.7387387387387383,107.0,6.650525839945757,4.143166746900394,0.0431250902434241,32.8815608885846,14.257494848094916,0.0,20.951628458694476,21.072498127536427,0.0,2180.19,34.3
36081011600,2226,3,95415.1835704634,0.0,3.8867924528301887,106.0,1.0478284340287989,0.0831238547564073,0.5442507098103383,36.60585692215874,20.208751490458948,0.0,26.98911478822043,14.521073800566334,0.0,1376.46,43.2
36081011700,4015,6,96189.33271665858,0.0,3.550632911392405,148.0,0.4803825912383406,0.435779828326633,0.0,31.98349930784869,13.898519810273182,0.0,32.65942510766354,20.542393354649633,0.0,2414.42,33.9
36081011800,2689,16,96346.56587481196,0.0,3.606060606060606,128.0,1.328825168928431,0.5614718289209188,0.0,37.89673194996054,18.580338026987945,0.0,25.398076095450698,16.23455692975146,0.0,1668.35,38.6
36081011900,1602,6,93821.71216919328,0.0,3.4047619047619047,74.0,6.677004277152565,2.3433387998414816,1.2887074691658984,32.42979519948496,17.695947464356163,0.0,24.291245414071213,15.27396137592772,0.0,1632.42,33.7
36081012000,2355,8,93789.2216048361,0.0,3.693069306930693,96.0,1.2477230017926155,3.3077149479147643,0.2798893882784105,36.47429061919014,18.80452871044065,0.0,25.843906475469424,14.041946856913995,0.0,1586.54,40.6
36081012100,2141,7,93594.71878655898,0.0,3.5714285714285716,69.0,0.406000550092884,2.875904896582944,0.0,29.87516016914467,21.35070469376971,0.0,30.072799079171663,15.419430611238122,0.0,2079.33,38.5
36081012200,2939,8,96364.59815175348,0.0,3.695364238410596,147.0,1.080615071318379,1.0471121518554458,0.2338978500484237,35.6344608336503,19.997827326317484,0.0,26.559118383235173,15.44696838357481,0.0,2269.52,39.5
36081012301,3343,21,100197.98722469815,0.0,3.673218673218673,386.0,1.0100868268717071,1.3941257217963434,16.1274193971779,32.15642191530305,12.959150512350028,0.0,13.587128808104012,22.76566681839697,0.0,2044.77,38.1
36081012400,2913,10,83898.31123778093,0.0,3.5531914893617023,90.0,0.9019686574972966,3.711660970481269,0.460581415431101,35.96878766544311,19.867864841738452,0.0,23.40813108759735,15.681005361811412,0.0,1373.75,37.9
36081012500,1360,16,94321.09692167582,0.0,3.4529411764705884,160.0,1.023306789658523,0.0,0.0,25.84539350715894,21.24445853111296,0.0,11.214588859999663,40.67225231206991,0.0,1794.4,37.7
36081012601,2787,12,75677.3642170074,0.0,3.618181818181818,55.0,1.456015577657467,0.1312250435935612,0.0,33.31525895783726,22.54066993110451,0.0,25.701586976809605,16.85524351299759,0.0,1585.58,34.3
36081012602,2215,4,87721.17661373744,0.0,3.3870967741935485,93.0,0.5342030389158774,0.0841432361167467,0.0,33.53547206343482,23.52972597950394,0.0,28.34303665097971,13.973419031048904,0.0,1529.44,42.5
36081012800,2129,7,91051.32136259608,0.0,3.7211538461538463,103.0,0.2146724897724548,1.278876077512526,0.0,28.070251858931027,33.600600801846106,0.0,27.967026361038368,8.868572410899512,0.0,1995.19,32.0
36081013000,1829,28,102771.56944801884,0.0,3.7114093959731544,144.0,0.1584268647355157,2.79495824152358,0.0,25.494500877946493,37.36574080081866,0.0,20.657179654559364,13.529193560416388,0.0,1590.54,48.2
36081013200,1960,14,116723.4065575604,0.0,3.6142131979695433,189.0,1.1830556083022636,1.9920229178300723,0.2847201348724615,21.049339413123345,34.981166307852135,0.0,18.141846346348647,22.367849271671087,0.0,1624.08,39.4
36081013400,5802,6,84627.71115755792,0.0,3.5354330708661417,120.0,0.1967814294980714,1.0612368903525298,0.0,22.39249413335848,40.19200504691476,0.0,27.265882722594657,8.891599777281494,0.0,1482.17,42.8
36081013500,1332,2,100003.3508341323,0.0,3.2037037037037037,88.0,0.0,0.171532924574997,0.0,31.029340062310172,26.295188071353746,0.0,26.508993334112343,15.994945607648754,0.0,1985.58,39.7
36081013600,1981,8,87665.54224062864,0.0,3.3333333333333335,95.0,0.705384370244831,1.5811150790332096,0.0,21.13312469883569,37.90002163397158,0.0,14.849653743722389,23.830700474192295,0.0,1665.4,38.8
36081013700,1874,14,81129.90061301398,0.0,3.466666666666667,157.0,0.6850760554772546,0.0,1.3901758404091211,26.648778706668267,20.468265431245015,0.0,16.653663859751454,34.154040106448896,0.0,2078.0,37.5
36081013800,4018,3,115230.86826336106,0.0,3.3115942028985508,130.0,0.7221359311995867,0.4997826363067249,1.1215122358722909,30.181525552908248,26.67578001509905,0.0,26.206077545611304,14.5931860830028,0.0,1479.58,37.9
36081014000,4409,11,105537.58791186378,0.0,3.6906077348066297,174.0,0.9954160879811952,0.405312459150374,0.0,27.981916686126542,31.08478078725614,0.0,24.8657280196458,14.666845959839945,0.0,2262.13,32.1
36081014100,1613,6,87140.30633710512,0.0,3.5478260869565217,110.0,1.8136685737379303,0.1813532931783421,14.6970770549437,27.51448055052246,9.54823610205514,0.0,14.050641410243117,32.19454301531931,0.0,1934.0,40.4
36081014201,4388,13,86768.58035138893,0.0,3.408333333333333,114.0,0.1305778059626993,0.9746602114602588,1.9473493571918157,32.97482618618919,17.66179165847906,0.0,25.62722435969024,20.68357042102674,0.0,1361.79,36.1
36081014202,2755,32,74910.62558453319,0.0,3.09972299168975,314.0,2.219695130306926,1.2722293570884624,2.909683503382008,38.18518194387198,9.67124346849566,0.0,4.574551411613875,41.1674151852411,0.0,1706.73,54.0
36081014300,3853,5,86487.78675626403,0.0,3.710144927536232,65.0,1.157419898599322,0.337291875894241,0.0,36.61418981200774,12.284888655892372,0.0,36.050999341599336,13.555210416007004,0.0,1835.5,34.5
36081014400,1671,16,79532.00867637989,0.0,3.446043165467626,125.0,2.7879184050851946,1.6182867502406495,5.043815252732546,36.852326341754555,15.129204063621213,0.0,16.24468528282194,22.323763903743902,0.0,1540.4,45.9
36081014500,2429,0,85316.97907533066,0.0,3.639344262295082,57.0,1.1462209038857825,0.3526678206112238,0.3029213958294535,34.67958207654273,16.793611296095555,0.0,28.88759404428279,17.837402462752465,0.0,1701.19,37.5
36081014700,3066,15,96390.05804411577,0.0,3.8285714285714287,104.0,1.808811641392854,1.9800302578737152,0.0810012378221065,31.432994180841018,14.348785318210384,0.0,34.082368830430696,16.266008533429254,0.0,1811.15,34.8
36081014800,2015,10,98693.4276483652,0.0,3.6713286713286712,141.0,0.0,0.0550853863090379,0.4857551776700538,36.31946922847801,25.582224989032596,0.0,20.556225850140628,17.00123936836968,0.0,0.0,48.2
36081014900,2163,2,100850.3140426778,0.0,3.8823529411764706,68.0,1.7520415867415975,3.5238691700319116,0.0373299538284568,26.566266517693684,14.49979120474752,0.0,36.48195852594825,17.138743041008567,0.0,1269.23,34.2
36081015000,2233,6,101091.9522101179,0.0,3.9606299212598426,127.0,0.0,0.0,0.0,38.78704319719131,18.59746048909741,0.0,27.867333930306305,14.74816238340498,0.0,1752.23,43.4
36081015100,2769,2,101564.47837107025,0.0,3.5445544554455446,92.0,0.5573188347102158,5.290692567305367,0.0,36.31003305903534,14.943709935618829,0.0,27.244520772002247,15.653724831328,0.0,1325.62,38.7
36081015200,2599,10,90292.21475326004,0.0,3.631578947368421,148.0,0.4110612830129571,0.3065836542252292,1.6025700236512983,35.744925403818655,18.188441790437786,0.0,24.540991988814195,19.205425856039874,0.0,1578.71,39.5
36081015300,1821,7,97799.93258428504,0.0,3.8125,92.0,2.025630504972342,1.9912219111337828,0.0,34.03610184772733,17.261306925617102,0.0,26.97948631616605,17.706252494383385,0.0,1704.54,37.0
36081015400,2296,15,100503.01763020124,0.0,3.945736434108527,129.0,1.0280475984955295,2.8178750481184807,0.9010302484004143,38.361070120788845,14.010825391294464,0.0,25.8695343778891,17.011617215013157,0.0,1334.88,36.6
36081015500,2119,18,91022.1958220863,0.0,3.782051282051282,77.0,9.834345005305622,0.3596315094921901,0.0983029492379701,30.236817077566496,13.734963240639232,0.0,29.452428657649165,16.28351156010933,0.0,1814.9,34.5
36081015600,3184,13,84776.33597002797,0.0,3.787610619469026,112.0,0.712672926194785,1.862609471681166,0.3203497279326491,39.67722804731614,13.729780511626352,0.0,27.20896646366004,16.488392851588863,0.0,1520.44,43.8
36081015700,1371,22,97978.73691453936,0.0,3.594059405940594,94.0,16.032785254334524,0.7460264735830644,7.3266933108621695,30.887520888852784,7.1598839024569845,0.0,14.681755773930032,23.165334395980448,0.0,1461.19,34.8
36081015801,3841,15,97708.5686185101,0.0,3.6467391304347823,176.0,0.8402973898190692,0.5902010062829152,0.1424328670458606,33.75462476326046,26.729843882003287,0.0,22.37994012588209,15.562659965706324,0.0,1892.06,46.4
36081015802,5464,21,92459.8759601618,0.0,3.7709497206703912,177.0,3.061576582573029,0.702373520049354,0.0567197896735629,38.359001806225784,12.262811749799946,0.0,29.501879437175596,16.05563711450273,0.0,2022.1,42.0
36081015900,3699,4,100032.36499922028,0.0,3.5324675324675323,143.0,3.0493906421580834,0.6961277772671146,0.1975484398431011,28.928025047340327,15.39352336076254,0.0,34.44602758434194,17.289357148286886,0.0,1377.21,37.2
36081016100,2028,9,91610.96245071832,0.0,3.734939759036144,81.0,4.642608138962719,0.5067685607739946,1.072119567173463,29.9629979777728,13.064514808813817,0.0,31.058882229572657,19.692108716930544,0.0,1770.04,37.6
36081016300,3956,7,103563.01171707704,0.0,3.1074380165289255,205.0,1.205581474569532,3.387049491751155,0.1290934009163373,28.05400914505777,39.75036803445363,0.0,15.39636649041035,12.077531962841215,0.0,677.63,42.7
36081016400,3180,5,91984.58365848968,0.0,3.626086956521739,111.0,0.0,0.0,0.0,39.00012186289262,16.24665530873198,0.0,30.053530519013133,14.69969230936228,0.0,1549.38,40.6
36081016600,4015,17,90049.79266460672,0.0,3.884297520661157,119.0,1.3491500126957967,0.3312321651547145,0.0874659936111668,37.02698590034715,19.206247041903794,0.0,27.508603593985494,14.490315292301904,0.0,1502.08,48.0
36081016800,2923,2,103992.74545064078,0.0,3.7413793103448274,168.0,0.1535234168855936,0.4431244078288726,0.0697833713116334,35.47647059393026,23.54121705174669,0.0,24.27418060243736,16.0417005558596,0.0,2080.25,47.0
36081016900,5859,3,105004.414883218,0.0,3.169230769230769,225.0,0.080520455995549,0.5828392686781821,1.762673302198564,16.092161220776955,49.47849528667394,0.0,23.708571896059052,8.294738569617751,0.0,1724.6,38.3
36081017000,2738,2,96325.36329386376,0.0,3.7012987012987018,149.0,0.1594204894661121,3.1494633637456726,0.0,36.88071652783721,23.070231039989892,0.0,20.33460951901785,16.405559059943254,0.0,2081.33,42.0
36081017101,0,0,29026.208187846005,0.0,2.928,102.0,0.0284084963783908,0.0,0.3248399605083878,55.77591628293477,3.3260311679207346,0.0,0.054546058520383,40.49025803373734,0.0,0.0,0.0
36081017102,344,15,76658.01606671169,0.0,3.1307420494699647,253.0,17.450364613335136,1.675677270173014,5.023934408169117,49.706456272859086,4.311773062800629,0.0,0.0,21.831794372663015,0.0,3540.06,30.5
36081017200,2355,2,105133.77466503988,0.0,3.765432098765432,158.0,0.7148266919856019,0.0446766682491001,0.0893738022188823,34.4527357021796,22.66852536255376,0.0,23.11476263578889,18.91509913702416,0.0,1437.69,35.2
36081017400,2805,4,89047.22422561505,0.0,3.814159292035398,110.0,0.0462686870074162,0.6517437591987283,0.0,34.61727808885683,24.697552494797815,0.0,23.68124317665112,16.305913793488088,0.0,2341.52,36.5
36081017600,2302,4,93065.872163048,0.0,3.868217054263566,126.0,0.0,1.2352920998948929,0.0,33.95152033353981,25.800756429337746,0.0,22.38180091835333,16.630630218874217,0.0,1613.58,43.3
36081017800,2086,6,92806.95532649886,0.0,3.819548872180451,130.0,0.2391411869789081,0.5280713858368731,0.0688286818615156,33.365690846073605,26.19648584551052,0.0,21.323495805599993,18.2782862481386,0.0,1732.62,39.2
36081017901,1045,3,106087.31451575104,0.0,3.594059405940594,95.0,8.273002740860203,2.2972735422171526,12.581830257270486,32.846001928242984,5.892982033068935,0.0,11.110288717067869,26.998620781272376,0.0,1563.83,37.1
36081017902,69,30,107156.4368467185,0.0,3.6153846153846154,383.0,10.645518522272765,12.963090645405764,22.25457818550247,21.6527680308987,4.702439003988956,0.0,0.4656174039957926,27.315988207935543,0.0,0.0,39.5
36081018000,1652,10,105002.25364424117,0.0,3.5869565217391304,132.0,1.2379433038288454,1.9110457352610133,1.1284592472754729,36.8616705060271,21.22320146897081,0.0,15.203731438542446,22.43394830009431,0.0,1541.29,35.3
36081018101,3532,8,98275.67660377618,0.0,3.460674157303371,79.0,3.8527186170751944,2.4770198823925584,0.0,27.667012066708267,14.936669957165616,0.0,33.120550414122484,17.946029062535885,0.0,1516.62,43.3
36081018102,3680,3,108912.37952897244,0.0,3.5533980582524274,95.0,2.977196091214659,1.0226752674906854,0.0,26.341511010686393,13.479645963278996,0.0,36.405557490978445,19.773414176350833,0.0,1610.58,41.2
36081018200,2613,21,102199.73705136072,0.0,3.4608294930875574,199.0,0.2112394448146708,1.176521120925924,0.0,30.673025290688585,31.097093259949673,0.0,16.856891319246355,19.985229564374787,0.0,1789.29,42.4
36081018300,5058,11,108118.42233140196,0.0,3.4917355371900825,215.0,3.9017309204755057,2.0933650476966736,0.0,19.673562215122637,34.138382356305684,0.0,25.3014411745572,14.891518285842295,0.0,1382.52,39.2
36081018401,2089,9,86082.20088428754,0.0,3.5984848484848486,123.0,0.5426990655055675,2.61412900567607,0.0,33.26619958634235,29.23140344359185,0.0,18.167573278684326,16.177995620199837,0.0,1109.21,37.0
36081018402,2855,5,99027.39238737128,0.0,3.7134146341463414,162.0,1.0028257840187806,1.7814312384337447,0.2179186811364575,34.16248287783433,27.72297353356011,0.0,20.42077975104591,14.691588133970669,0.0,1726.27,31.6
36081018501,3696,6,134019.05922425512,0.0,2.8864864864864863,133.0,0.5240576203085585,0.0980463274665217,0.0,28.476370159626345,22.25433491984292,0.0,30.961314403196894,17.685876569558758,0.0,1692.83,39.6
36081018502,3071,9,108514.89974741392,0.0,3.770114942528735,85.0,5.189883386990426,0.8643767085144124,0.0,26.879484592176745,15.362527343449765,0.0,33.67329569362486,18.030432275243804,0.0,2158.85,38.5
36081018600,1886,1,86204.29967935858,0.0,3.77,100.0,0.0,0.0,0.0,26.214733018718533,38.53651006759595,0.0,17.688793352366115,17.559963561319407,0.0,1823.85,38.2
36081018700,2760,3,80748.95437274611,0.0,3.296774193548387,143.0,0.4918430103784985,1.8899107132934356,0.7305404575283696,26.81988293592677,20.21623259044425,0.0,17.621168664066797,32.23042162836187,0.0,1720.75,38.0
36081018800,1356,3,82124.29723505373,0.0,3.619565217391304,90.0,0.0,0.1963097209080359,0.0,23.525132699218965,45.59186051955891,0.0,15.334439384149864,15.35225767616422,0.0,1628.62,34.0
36081018900,3106,12,105808.99075125829,0.0,3.377450980392157,180.0,0.1129594616920755,5.413582201592718,15.535117087453184,26.07901893873508,13.480633759463364,0.0,20.189103388897543,19.189585162166047,0.0,1794.87,38.5
36081019000,2736,7,89068.54132922679,0.0,3.584070796460177,109.0,1.223890255920958,0.4919364977359137,0.1568637785609194,32.62021000025839,29.15693239042931,0.0,22.183075476390773,14.167091600703744,0.0,1674.06,39.4
36081019200,2214,4,91620.91026037696,0.0,3.5813953488372094,123.0,0.0,1.5699348563304525,0.0,27.52873578871419,35.84925994409556,0.0,19.835514635141298,15.216554775718496,0.0,1796.21,42.1
36081019400,2977,8,95523.27262832705,0.0,3.4764397905759163,185.0,0.0,0.1138029929495721,0.0517850643950697,26.2998414845703,37.375022087337406,0.0,18.10410930062895,18.055439070118695,0.0,1941.12,37.9
36081019600,3175,7,108564.90925407912,0.0,3.7125,158.0,0.2137127781324846,2.395089860514705,0.0,32.8443392030539,30.49402378993117,0.0,21.140621713001707,12.912212655366034,0.0,1384.62,29.7
36081019800,3189,16,122480.58604251308,0.0,3.768472906403941,202.0,0.2650086241064276,0.5827675317620097,0.1405277332021169,32.0739648692427,28.475457783975063,0.0,23.207208741319235,15.25506471639244,0.0,1323.62,33.6
36081019901,459,20,103966.08803566093,0.0,3.412811387900356,259.0,2.1155883346482436,4.707534897664582,28.45182286186264,27.351265080971473,4.013092833358262,0.0,4.435139255292478,28.92555673620232,0.0,0.0,42.4
36081019902,181,3,53448.74050895399,0.0,3.3074534161490683,284.0,2.6749880857329393,0.0,25.67294404891212,35.98233423806495,3.49452918240293,0.0,0.2019639023173128,19.9440031100647,12.029237432505049,0.0,31.5
36081019903,0,2,48128.12549378998,0.0,2.9927536231884058,124.0,0.0,0.0,0.0,5.023948103283239,83.26155901037951,0.0,0.0,11.714492886337254,0.0,0.0,0.0
36081020200,1688,1,86473.51262629138,0.0,3.3908045977011496,84.0,0.0511437825886104,0.0,0.3433588987868953,29.128487025565324,30.731972999362934,0.0,16.316891939557248,23.428145354138977,0.0,0.0,34.9
36081020400,1986,23,95331.38703073448,0.0,3.63265306122449,189.0,0.4691386617506412,1.5002289759041425,7.430382020965742,41.83506834114568,17.054841230749556,0.0,11.8542073900196,19.856133379464634,0.0,1225.96,40.1
36081020500,1324,5,57790.03140674184,0.0,2.9237288135593222,185.0,0.3518739650255602,0.0,12.807305535597624,48.29046570439603,11.754380469130124,0.0,2.117477980566156,24.678496345284508,0.0,1476.65,42.5
36081020600,1585,13,105057.82520201008,0.0,3.7065868263473054,166.0,1.205656839596438,2.1867397557653425,0.6526064765799202,35.349687215788926,14.553359957718984,0.0,20.80082560119453,25.251124153355853,0.0,1089.75,42.0
36081020800,4190,45,90553.39760624262,0.0,3.296875,396.0,1.4557469829126637,0.2429927826942403,5.058472551256124,36.863418733322746,7.60825443035514,0.0,8.929784224968133,39.84133029449096,0.0,1163.19,35.2
36081021200,2517,27,111207.03602666702,0.0,3.5276752767527677,259.0,7.1819043685804465,2.577521475319341,4.537046436374706,33.25250708869599,12.593171587850373,0.0,15.046711691148756,24.811137352030393,0.0,1361.08,41.4
36081021400,5874,30,101342.85045544812,0.0,3.4036939313984167,362.0,4.824172182160381,0.8425639594050952,0.2226423668023314,34.6438080276743,15.244093243979489,0.0,20.32011456032307,23.902605659655325,0.0,1679.92,36.0
36081021601,2512,20,81370.90196209398,0.0,3.1875,162.0,6.149678626047809,5.513715911533129,0.0,28.497982956001128,25.5814007976087,0.0,4.740708189302003,29.51651351950722,0.0,1780.94,43.0
36081021602,1479,3,106424.56920546142,0.0,3.3596491228070176,106.0,1.0881575773762575,2.826536251733999,0.0525141855124546,33.441643157882645,22.170033782066195,0.0,16.420867541953587,24.000247503474856,0.0,1412.42,40.7
36081021603,0,4,47511.50206712801,0.0,2.9204545454545454,76.0,0.0,0.0,0.0,5.665143828798125,84.29171182259972,0.0,0.0,9.731200624745616,0.3119437238565537,0.0,0.0
36081021900,0,11,30396.649293202965,0.0,2.7192307692307693,195.0,1.5731465980992745,0.0,26.22542730220089,41.62666325002489,3.76461453789658,0.0,0.0,18.954209471534075,7.855938840244295,0.0,0.0
36081022001,6402,12,77980.05424955382,0.0,3.4859437751004014,239.0,0.0,2.4711991227735908,0.0,22.8602513445553,41.495249644768165,0.0,13.59916164589366,19.5741382420093,0.0,1671.44,39.2
36081022002,6098,3,90796.71402164912,0.0,3.5870646766169156,192.0,0.112426146317256,0.0539645502322828,0.0,25.848195716434,32.878003722213464,0.0,23.317542509867117,17.789867354935875,0.0,1723.08,44.2
36081022900,0,6,33362.389661999565,0.0,2.2319884726224783,390.0,0.0594917815302088,0.0,1.458163732011023,6.665449397642716,81.43172002450262,0.0,0.0,10.38517506431343,0.0,0.0,0.0
36081023000,1848,5,101426.3510914576,0.0,3.737226277372262,135.0,0.222004809713758,1.3130772281850327,0.1230625331007528,32.38221851606687,30.238074380366527,0.0,22.57278615484995,13.148776377717104,0.0,2278.73,46.9
36081023200,4896,0,84141.33037664817,0.0,3.355855855855856,205.0,0.0,6.870679430508492,0.0,31.56675147922416,33.650462666771354,0.0,17.94836751334842,9.963738910147583,0.0,1968.96,47.2
36081023501,3614,14,97280.86894774513,0.0,3.4415584415584415,70.0,4.783228785580932,0.0,5.930636585934942,26.038345239841547,14.87500058801906,0.0,27.814108617098423,20.558680183525105,0.0,1154.69,36.3
36081023502,2739,10,96940.83282884976,0.0,3.652631578947368,88.0,5.3388521405469005,4.335557719848048,5.959147634116969,29.36487164849465,11.884268971038802,0.0,24.886791844442904,18.23051004151171,0.0,1589.92,33.0
36081023600,3594,27,87614.25699508726,0.0,3.404580152671756,118.0,2.6115807172885033,1.903794922168208,0.0,38.95039119717517,19.95950643765243,0.0,20.998891120197275,15.575835605518408,0.0,1568.4,31.6
36081023800,4502,21,100447.07496005169,0.0,3.5028571428571427,159.0,4.92873259273242,3.6639320057514384,0.0,35.80339699562876,13.526404008450848,0.0,24.688053650673957,17.38948074676258,0.0,1152.65,37.1
36081024000,6558,39,98657.75201941971,0.0,3.380952380952381,234.0,5.026951755880965,8.0376178361796,0.0091749553832402,25.95383066598524,27.63637969563179,0.0,19.02726182042582,14.30878327051335,0.0,1142.71,36.6
36081024300,5607,11,103555.66614815536,0.0,3.713684210526316,468.0,0.3930894039273137,0.7421142844430472,3.0116979546065332,29.860191719058616,21.389150988596935,0.0,17.690511894121002,26.913243755246548,0.0,1170.77,43.5
36081024500,5102,6,102947.08240359723,0.0,3.2648401826484017,200.0,1.1813378184551335,0.217027113392468,0.4811937511556933,30.704282891522084,27.774793639642805,0.0,16.876609509616586,22.76475527621523,0.0,1204.75,50.4
36081024600,0,25,70632.3490066202,0.0,3.3072625698324023,167.0,0.7658512710162364,6.962064936463945,0.0249057785466881,31.36781956550525,35.56740271944478,0.0,0.0,25.311955729023097,0.0,0.0,0.0
36081024700,1506,8,95878.36139560712,0.0,3.481012658227848,74.0,0.9167111356294269,0.4379256287748052,0.0,25.163972518247164,20.17926586811324,0.0,12.30076744138495,41.00135740785043,0.0,1098.9,40.4
36081024900,5228,13,114155.31955950608,0.0,3.427927927927928,210.0,1.244532788476059,2.347342282059684,0.1007516054387028,30.830458511257735,16.945140399771805,0.0,26.976242356212676,21.555532056783353,0.0,1480.52,40.0
36081025100,5703,11,104568.3065503382,0.0,3.5854700854700856,225.0,1.5149102884976977,4.604023312764646,0.0,30.786799548632377,23.41494266535475,0.0,21.53794986560982,18.14137431914072,0.0,1749.92,43.2
36081025301,3660,19,105433.05252501508,0.0,3.796992481203008,130.0,3.670720146347721,0.1971381905929001,0.0,21.04639204916972,26.958420092680328,0.0,29.727225171293252,18.40010434991609,0.0,1358.92,43.5
36081025302,3026,9,114125.1829069383,0.0,3.5821917808219177,137.0,4.360146967332295,2.9505799685250667,0.0,29.95220498422695,13.286806434390025,0.0,26.521189998618674,22.929071646906987,0.0,1276.79,34.4
36081025401,3750,15,103213.5344340368,0.0,3.543859649122807,164.0,0.1386192974730277,2.727942334107088,1.1180729074288345,37.10065316940955,22.65858025478035,0.0,17.542132150118565,18.713999886682583,0.0,1469.88,32.9
36081025402,6013,13,91557.60393882368,0.0,3.375,212.0,0.1989687807258668,1.984456916713784,0.2949848632275189,28.690486637357715,33.46466346693968,0.0,17.690092062713664,17.67634727232176,0.0,804.27,34.6
36081025500,1390,9,89891.44973707804,0.0,3.4942528735632186,164.0,3.1873619980079644,3.375595441051424,7.350795425837314,30.728662399871897,15.307172801631644,0.0,10.796601418384974,29.253810515214777,0.0,1774.23,44.6
36081025700,1453,12,85479.69115593533,0.0,3.742574257425743,97.0,2.5885891404247,5.813248067409157,4.348678576404495,29.65448301580122,13.80696060029433,0.0,17.29763546376683,26.490405135899262,0.0,1829.6,39.7
36081025800,2693,6,110983.71495497186,0.0,3.4739583333333335,177.0,1.000119806701374,2.074516490387999,0.1620201611740344,30.957509089603658,29.12156655698343,0.0,16.150596075927794,20.533671819221713,0.0,2066.19,37.9
36081025900,3060,18,106730.41683477211,0.0,3.683333333333333,170.0,2.408111784876873,1.645539818786263,5.337615657082241,29.062591811718548,14.651977104213508,0.0,20.87919160086276,26.01497222245981,0.0,1178.63,49.9
36081026000,2894,6,99319.64182921917,0.0,3.4191176470588234,125.0,0.3007732441585807,2.9553052292156683,0.0,29.29252722239566,38.203744113333975,0.0,15.917696449804213,13.329953741091916,0.0,1222.4,31.2
36081026100,7175,18,99738.88128301402,0.0,3.670391061452514,171.0,3.402837536509799,0.928321977642226,1.1003429091671215,30.09419726832137,12.359384781125826,0.0,31.17078384490333,20.944131682330323,0.0,1527.29,39.8
36081026200,1554,5,104267.42464935686,0.0,3.628318584070796,107.0,0.133927727473203,0.7219483073335394,0.0,30.23525121000031,34.02990627297379,0.0,15.787488851443587,19.09147763077555,0.0,1608.98,40.0
36081026300,4559,17,100424.91161964789,0.0,3.436274509803922,192.0,1.754330590884642,0.9187107451508888,0.0639160764747197,29.38613074205815,16.957771215425034,0.0,26.07943995777075,24.839700672235825,0.0,1677.54,39.4
36081026400,2479,10,104450.41883079067,0.0,3.3668341708542715,185.0,0.0103744019942486,2.418957815390976,0.0293803064477121,32.23418781275149,33.027807188997784,0.0,15.386586829729971,16.89270564468782,0.0,1661.75,41.4
36081026501,3031,8,81615.18467408045,0.0,3.477272727272727,84.0,2.272352194289138,1.0755621319935151,0.0,33.45683458536214,20.04283563735509,0.0,26.42558477604994,16.72683067495019,0.0,1416.17,41.4
36081026502,1393,2,52402.508061210065,0.0,3.3548387096774195,28.0,0.0,0.1320736579743605,0.0,25.21054557710108,25.172412305001888,0.0,12.149805403803123,37.33516305611954,0.0,1435.44,33.7
36081026600,1941,6,107571.76383831016,0.0,3.5369127516778525,137.0,0.8820357827410552,2.256576313801667,0.0,26.446880642563187,35.161753792439235,0.0,17.355233874619305,17.897519593835558,0.0,1066.17,47.1
36081026700,5219,28,97280.25873085191,0.0,3.602941176470588,193.0,3.758202653518111,9.042981872908472,0.0,29.394320835434076,12.437809734567114,0.0,26.7541893025584,18.61249560101382,0.0,1120.65,45.5
36081026901,4532,13,101362.85152692915,0.0,3.678571428571429,110.0,7.908099095851332,0.3540177510021892,0.0,30.395391976108066,11.349592399664605,0.0,32.54419438809368,17.448704389280138,0.0,1118.52,38.7
36081026902,4447,2,110816.92939012215,0.0,3.65,78.0,3.1976205898583996,0.3619264957394906,0.0,31.02251988160869,10.556578661194695,0.0,37.73344305161122,17.12791131998752,0.0,1032.58,37.5
36081027000,1937,2,100551.44761420414,0.0,3.5343511450381677,122.0,0.9370759329427628,0.5048984126450368,1.5420575608146414,31.397974661158585,28.754246059325983,0.0,17.382099585720614,19.481647787392372,0.0,2133.42,30.6
36081027101,5409,5,80554.4135001251,0.0,3.772727272727273,43.0,0.3728537091508312,2.481555468557945,0.0,31.159874980044933,11.794290129546113,0.0,39.43874067292428,14.752685039775896,0.0,1049.38,35.2
36081027102,2643,1,102579.71867053187,0.0,3.6666666666666665,43.0,4.275786526540962,0.3193562501573141,0.0,29.932855448306174,12.32012991196456,0.0,38.69836048815462,14.453511374876356,0.0,1265.12,43.4
36081027200,1921,9,96899.52626550196,0.0,3.548076923076923,99.0,1.7298840065874586,0.8168609475218722,0.0,33.31615126995348,27.55917600819433,0.0,23.18877489793345,13.389152869809417,0.0,1872.25,40.2
36081027301,3098,5,80621.76450872755,0.0,3.631578947368421,56.0,9.406526258714106,0.1374840986526295,0.0,28.514836401440604,11.483108815793894,0.0,36.704447673930375,13.75359675146838,0.0,1339.06,33.5
36081027302,3813,3,95037.8997870205,0.0,3.638297872340426,90.0,4.931693161898964,8.783426177270758,0.0,27.910910337107527,22.28729343745611,0.0,23.61939095131566,12.467285934950974,0.0,1567.92,38.2
36081027400,1871,0,95793.95958491549,0.0,3.702702702702702,74.0,0.0,0.0,0.0,29.998461567872997,36.21025602539676,0.0,22.850386854472465,10.94089555225776,0.0,1254.5,42.3
36081027500,6454,2,100606.29033206536,0.0,3.765100671140939,143.0,2.1102318925738976,0.1761141605589577,0.0,28.14295715303564,17.60687069613303,0.0,38.43208040776628,13.53174568993219,0.0,1287.9,42.2
36081027600,1551,8,105909.95924096102,0.0,3.439393939393939,126.0,0.0850802158325816,1.5194175604317623,0.0620268888208371,36.07541979242384,25.87863295653817,0.0,13.714162347978428,22.665260237974376,0.0,2139.42,38.6
36081027701,3553,3,85527.72424555993,0.0,3.804878048780488,41.0,4.815405026120972,0.0,0.0,29.25611897107112,13.54851987788564,0.0,38.0782086594949,14.301747465427372,0.0,1300.04,40.7
36081027702,3397,8,114673.35628520898,0.0,3.623931623931624,110.0,1.0355986000539343,0.0,0.0,22.923208019402256,25.795071516738325,0.0,36.36255940425378,13.883562459551706,0.0,1336.94,47.4
36081027800,2497,6,99904.85837777235,0.0,3.288135593220339,110.0,0.1945503897059629,1.933909714121252,0.0,26.380283717497285,42.65474816640408,0.0,12.763375128431544,16.073132883839875,0.0,999.85,38.5
36081027900,8551,3,102339.58765776789,0.0,3.74468085106383,136.0,3.218356489524914,0.8463464453749012,0.0,24.400712335110764,27.44382594884158,0.0,30.200878937276947,13.889879843870895,0.0,1565.71,39.4
36081028000,1717,1,108854.46020691216,0.0,3.736,122.0,0.8010790177844581,0.4875562799288597,0.0,29.19873694972078,35.921025542062694,0.0,19.89514722284199,13.696454987661204,0.0,1543.96,33.5
36081028100,6090,5,100274.11323651714,0.0,3.751824817518248,134.0,3.2008657382329058,0.0,0.0,21.671922729492575,29.18837186538095,0.0,32.529668475650546,13.409171191243017,0.0,1665.98,44.3
36081028200,2028,10,111497.83418848336,0.0,3.411764705882353,128.0,0.5141256542789707,0.8887851329382354,1.0717601512409527,29.861504800629422,26.581675344880495,0.0,22.05211544236768,19.030033473664236,0.0,1776.31,31.2
36081028300,7578,21,86705.6826455228,0.0,3.9696969696969697,99.0,8.240221964489727,6.059763897097923,0.0,19.786553321394972,22.720782610841212,0.0,31.64894897423721,11.54372923193896,0.0,1525.77,45.1
36081028400,3343,8,102916.82907432973,0.0,3.401215805471125,299.0,0.6061527935415674,0.678334360120716,0.5503596504935131,27.957164548257083,33.80320779566684,0.0,17.529949733077576,18.874831118842696,0.0,1396.79,43.1
36081028500,4811,8,99722.19669389716,0.0,3.736,120.0,1.8436113681360236,3.751376714874244,0.0,19.373968313711,38.36346037511112,0.0,25.83706344591159,10.830519782256015,0.0,2442.13,48.0
36081028700,6422,9,97026.37894615014,0.0,3.636363636363636,169.0,5.828061191382251,3.5808461644853247,0.1300326013249052,26.840826372258427,22.992539536754855,0.0,26.581292326837406,14.046401806956837,0.0,1598.23,49.2
36081028801,2813,8,115965.3615461771,0.0,3.5056818181818183,172.0,0.0245674388979601,0.7326337124902974,0.0,27.98829032998903,34.568952780180254,0.0,22.23322156433916,14.452334174103294,0.0,2312.19,31.6
36081028802,2343,4,115885.96081258882,0.0,3.5822784810126582,157.0,0.5507658495749109,0.0463355245349308,0.0,28.20409773771717,37.3580799743324,0.0,18.534455119690485,15.306265794150116,0.0,1724.1,39.7
36081028803,0,2,72724.38389099081,0.0,3.136150234741784,201.0,0.0,0.0,0.0,8.729147282738193,57.93599827512388,0.0,0.0,4.992181092392967,28.342673349744977,0.0,0.0
36081028900,4859,20,105072.3685974398,0.0,3.658385093167702,152.0,7.348013073885437,1.0276699983334532,0.0,24.26113795810406,22.86095060021681,0.0,29.67280232531547,14.829426044144764,0.0,1612.88,44.1
36081029100,6259,4,110528.6389292526,0.0,3.5850340136054424,282.0,2.202825601584059,1.6928716120308536,0.0,26.343671838593064,20.71354155849527,0.0,21.82600331017628,27.22108607912048,0.0,1026.62,47.2
36081029300,1214,5,92259.54663379666,0.0,3.493333333333333,139.0,2.2883750624129475,1.993727317530732,4.06329247952985,29.074604379592063,18.37625298347648,0.0,11.97001856612139,32.23372921133653,0.0,1356.85,40.6
36081029400,8578,28,105526.47833122856,0.0,3.5291375291375293,816.0,1.161201702793011,1.6315045574855012,1.3498637895305463,28.3827931481761,38.16495698361412,0.0,13.67177051717584,15.637909301224887,0.0,1980.46,39.4
36081029500,3527,17,124381.42557624631,0.0,3.0604026845637584,244.0,3.1804410131305367,0.0,0.0,22.069931200876397,35.815370678714004,0.0,20.534031525708,18.400225581571068,0.0,1558.67,44.7
36081029700,2391,4,70853.35757633315,0.0,3.3740740740740742,244.0,1.9472129574552088,0.8714193279549932,6.415748648896659,28.395228234028114,21.75776081051856,0.0,6.952548101168557,33.66008191997792,0.0,1952.65,36.9
36081029900,0,1,40506.74934144419,0.0,3.0,82.0,0.0254416955027565,0.0,8.100255615217732,13.56120778575456,67.26939830617079,0.0,0.0,11.043696597354158,0.0,0.0,0.0
36081030600,5516,16,77856.94552966845,0.0,3.3028350515463916,717.0,1.7332313490174,0.2423323840288254,1.7640366204914193,27.01651537009791,33.08209651274556,0.0,5.31995702886973,30.841830734749163,0.0,2143.42,34.2
36081030903,5176,17,108455.05196551964,0.0,3.652733118971061,297.0,4.506441947381975,0.1224896560570562,0.0,34.907728840582244,20.655498479675433,0.0,23.656115928601196,16.151725147702088,0.0,1456.31,41.7
36081030904,2721,17,84582.77236475916,0.0,3.5125448028673834,269.0,7.33639853722502,1.2204284841958497,0.0,29.87941838101247,34.80401887111177,0.0,9.312917183413903,17.44681854304097,0.0,1129.35,51.6
36081030905,3780,0,90164.96173671391,0.0,3.5923076923076924,127.0,0.0,5.145258035619756,0.0,29.864138779119703,29.55668393325671,0.0,19.98062565026061,15.45329360174321,0.0,1429.6,34.9
36081030906,4116,10,96601.63123243413,0.0,3.710227272727273,172.0,1.7430182840324249,4.086595646366901,0.0,31.92456431621847,28.36725301697688,0.0,19.393271499869407,14.48529723653591,0.0,1632.83,43.4
36081031700,5965,24,87053.1305161198,0.0,3.297142857142857,469.0,0.3904386654073509,0.2656020833792358,0.7746433260625181,26.797345630613545,39.753342268384635,0.0,11.819993262573773,19.635756164365336,0.5628785992136011,1453.67,38.8
36081032000,5501,16,102447.52829715074,0.0,3.393736017897092,824.0,1.0121996055124804,1.6952601476090097,5.969679938730086,30.75555007657502,27.828742078803568,0.0,9.735363782855506,21.316115562445475,1.6870888074688617,1931.1,38.7
36081032700,3742,10,93691.6577505472,0.0,3.83495145631068,99.0,0.0612677290983808,0.1575635891774297,0.0,32.04802803880575,20.991218218067637,0.0,34.101303014980886,12.640619409869911,0.0,1695.52,31.9
36081032800,2882,6,92669.87864483306,0.0,3.3071161048689137,235.0,0.1062392864395821,0.3375069915160575,0.4631578722012052,28.136121278873876,38.71881467058279,0.0,12.039401578151418,20.198758322235072,0.0,1815.35,37.7
36081032900,3715,24,104120.18687923682,0.0,3.4377880184331797,405.0,2.15261850573478,0.8962680407833572,1.0792854338741875,39.261668961777275,20.796309557945055,0.0,13.479182909208143,22.334666590677195,0.0,1280.25,42.0
36081033000,6943,30,99542.50452015609,0.0,3.387978142076503,508.0,0.0887146238339203,2.3696862009262367,0.0,29.25839532810799,38.06457145012501,0.0,16.13440054535573,14.084231851651117,0.0,2019.48,42.2
36081033100,0,4,19468.806744348225,0.0,2.909783989834816,645.0,0.0,0.0,0.0,23.95913204197896,7.368575310276804,0.0,0.0,24.394900258333028,44.2773923894112,0.0,0.0
36081033401,3928,23,90735.73160180992,0.0,3.19375,291.0,0.5948220700196406,0.371138745546863,0.295456989917412,28.30249778804103,42.87478814374194,0.0,11.258867599256334,16.302428663476785,0.0,1228.69,37.9
36081033403,4328,9,73851.34044711584,0.0,3.040462427745665,155.0,0.0,17.121526436592333,0.0,32.69070279447969,43.773873227384826,0.0,0.0,6.413897541543139,0.0,1019.48,48.1
36081033404,6091,3,63478.566818913765,0.0,2.9391304347826086,100.0,0.0,0.0637915572944026,0.0,23.63714249048982,57.35889448925279,0.0,13.686657280737002,5.253514182225985,0.0,1011.04,40.9
36081033405,3643,6,94474.943646682,0.0,3.287878787878788,183.0,0.500213013706261,1.6659788143099858,0.0,25.09745416460616,45.93107421190267,0.0,15.71548997683693,11.089789818637996,0.0,1655.1,46.5
36081033700,2791,3,110849.08489546546,0.0,3.603053435114504,119.0,0.3396831352385467,0.0,0.0,29.534377967277873,22.447059308526104,0.0,32.02866886603896,15.650210722918512,0.0,2072.12,39.9
36081033900,3166,12,108280.6709310962,0.0,3.766129032258065,121.0,1.8958673039226284,3.815507146952388,0.0,29.152020025114464,23.69206279323088,0.0,26.358774982172857,15.085767748606791,0.0,1341.44,39.1
36081034700,3976,20,87709.75727614244,0.0,3.421602787456446,270.0,1.6722582643332284,2.7619976906295793,0.0240461145655585,30.243606545593728,25.959255807570173,0.0,12.370689768815186,26.96814580849256,0.0,1481.25,34.1
36081035100,3598,7,107063.98756966044,0.0,3.8813559322033897,117.0,0.7101986609516552,0.9195297162671552,0.0,27.537008373257184,22.345540030020175,0.0,33.0552379058025,15.432485313701326,0.0,1640.08,39.3
36081035200,2833,17,100588.158265356,0.0,3.2761341222879685,453.0,3.53741282056712,1.428761445539041,3.855047363273436,35.892855104237704,27.046475902874075,0.0,10.07733416753419,18.16211319597444,0.0,2021.9,42.7
36081035300,2143,21,116128.47738901348,0.0,3.726190476190476,165.0,1.5521543816575207,3.974064807444895,0.0,31.78543841248951,19.80140824719384,0.0,23.833894006680577,19.053040144533647,0.0,2002.06,43.7
36081035700,4448,15,85368.56685805506,0.0,3.4010416666666665,354.0,3.3142142049692316,1.5299745592630247,0.0,27.95503765182099,33.90885813763572,0.0,11.135416791059525,22.156498655251507,0.0,1791.4,45.4
36081035800,4547,6,109532.3106934523,0.0,3.430735930735931,431.0,0.8131562070690155,1.0561381415919384,0.1351754923170783,27.59423829111772,36.97579292100429,0.0,18.260454695528384,15.165044251371569,0.0,1867.85,36.7
36081036100,2608,10,106906.86647662333,0.0,3.7142857142857144,150.0,0.8448746842671211,2.475780231383415,0.0,31.660841038529444,22.90184881926439,0.0,21.994447423529433,20.122207803026207,0.0,1778.85,36.8
36081036300,2033,8,94190.24266055605,0.0,3.898148148148149,106.0,1.1010780646700835,2.630651369833627,0.0,33.34653461165755,24.10186320104827,0.0,23.27592539561333,15.543947357177135,0.0,1473.33,35.7
36081036500,3289,22,91886.80489416896,0.0,3.9159663865546217,119.0,0.7555823119990316,0.416954326598447,0.5736318350928084,36.66788430127225,15.922564754522396,0.0,26.25786939696533,19.405513073549745,0.0,1385.21,31.9
36081036600,3131,19,111465.81457285269,0.0,3.23433242506812,333.0,1.5621997607329623,1.4948052667847953,0.4440837047281428,27.498779641110065,30.67402861265444,0.0,15.201991878861705,23.124111135127897,0.0,1449.9,43.0
36081036700,2935,8,102944.7378590827,0.0,3.757575757575758,162.0,0.3823126162988486,0.2534905168759004,0.0,32.927038132615365,21.832170113810623,0.0,25.5163774529023,19.088611167496953,0.0,1503.85,38.0
36081036800,2918,13,123447.2851053518,0.0,3.3823529411764706,233.0,0.6165608715382758,0.0147633645749241,0.0,29.898605355304472,26.519651919745485,0.0,23.849351345284088,19.101067143552765,0.0,2420.81,34.8
36081037100,1526,10,72314.91632096499,0.0,3.635294117647059,79.0,0.0,0.2192775753704988,0.0,27.042316415827784,29.584180621213957,0.0,20.182545587807365,22.971679799780397,0.0,1569.37,50.0
36081037300,2420,19,84662.1743282375,0.0,3.5085714285714285,169.0,1.2533521424520817,0.8259488288281555,0.9662532713540406,31.87717325691752,24.625865243319502,0.0,14.589186772199982,25.862220484928713,0.0,1150.4,33.7
36081037501,1487,3,106768.8087694384,0.0,3.6875,64.0,1.9823459338317129,5.431896490670795,3.4245638329819967,33.59273375787839,11.407898632556115,0.0,24.86672832551902,19.29383302656197,0.0,1781.67,35.2
36081037502,2669,8,93071.79475005792,0.0,3.692307692307693,74.0,8.4870929342987,2.8567953449954615,0.0,31.549052559359165,14.510711633239309,0.0,25.734633667212588,16.861713860894767,0.0,1358.17,31.6
36081037600,6883,19,101821.8633706152,0.0,3.5,409.0,0.0624855104293053,0.6868260006464126,0.0,28.3978195058843,39.09108663631823,0.0,17.863955475853867,13.89782687086788,0.0,2172.21,37.8
36081037700,3567,6,87437.22197655689,0.0,3.8823529411764706,101.0,0.3510557620634925,3.006868918543827,0.0,35.4164964414015,19.428507757083793,0.0,27.444745786835703,14.352325334071692,0.0,1573.02,29.3
36081037900,5841,14,88631.9326265901,0.0,3.8344827586206898,144.0,0.2485295911023586,2.8788333360701106,0.0,35.61000173001889,17.098429365735832,0.0,28.76289099435623,15.4013149827166,0.0,1556.29,32.6
36081038100,6999,14,85964.22822520613,0.0,3.5971563981042656,207.0,0.1742971214361874,3.485518416913573,0.1065965690781483,31.773654594660044,27.461637190145908,0.0,19.47291198703896,17.525384120727182,0.0,1608.73,30.0
36081038301,0,4,37023.30285267725,0.0,3.0069444444444446,121.0,0.4778556297272274,0.0134351762065713,1.930597874149739,41.53373671641824,10.050038846260348,0.0,0.3479643461620954,23.699902678793983,21.9464687322818,0.0,0.0
36081038302,0,26,46022.767402760015,0.0,3.058955642897249,1590.0,0.0,0.0,0.0,18.50539092754697,38.15534201123576,0.0,0.0,20.632432519060437,22.70683454215684,0.0,0.0
36081038400,2634,17,115486.62922693774,0.0,3.674074074074074,265.0,0.6267499969867352,0.3043430867742224,0.0,28.310333002474017,33.96675262458444,0.0,18.25124813180672,18.54057315737386,0.0,1929.56,45.7
36081039400,3289,19,104724.34869173804,0.0,3.5061224489795917,229.0,0.774315224533515,0.4388797727940229,0.0,27.839261589786165,36.05058016773609,0.0,20.05940348896933,14.837559756180864,0.0,1939.1,40.2
36081039800,1485,5,108960.16423090204,0.0,3.462068965517241,142.0,0.3745270103894717,0.8747036182349345,0.0,25.592943458347737,37.69128857394803,0.0,20.887775209428685,14.578762129651148,0.0,1672.08,47.2
36081039901,2504,5,80498.52964091822,0.0,3.630434782608696,46.0,1.596739276230679,0.0,0.0,32.2124211669021,20.98429735743377,0.0,24.700359048831427,20.506183150602016,0.0,2275.37,28.6
36081039902,1982,1,67210.02175785037,0.0,3.27027027027027,33.0,3.119831897800818,0.507344736199179,0.9604374086074592,29.74785688589394,25.23010219837152,0.0,20.346959176320834,20.08746769680626,0.0,1127.69,29.8
36081040000,1410,3,127054.33587075348,0.0,3.5751295336787563,191.0,0.1922054719917455,0.3226154256365606,0.0,24.65562636858392,38.19047470446222,0.0,18.361862250830256,18.277215778495297,0.0,2164.62,50.1
36081040101,2251,4,84390.363277249,0.0,3.760869565217391,44.0,1.3499376719997676,0.3681648196363002,0.0,34.81251120127211,13.534226429883727,0.0,28.930636970233564,21.00452290697453,0.0,1160.35,39.7
36081040102,3966,10,88023.99768269007,0.0,3.522222222222222,80.0,0.232024684520278,0.880719946738364,0.2368166666789246,36.89758026794851,12.05335074958914,0.0,34.229630944439315,15.46987674008546,0.0,1455.0,33.4
36081040200,1557,2,114847.03182303051,0.0,3.4635761589403975,146.0,0.2571640278637923,0.1498056042962151,0.0,22.33426077464994,44.76724189973157,0.0,20.594203470250942,11.897324223207542,0.0,1984.88,39.3
36081040301,2603,8,80039.17215472386,0.0,3.760869565217391,46.0,0.5640102123185656,5.271123479612764,0.0,35.969317436155684,13.224222303188684,0.0,24.841114221695076,20.13021234702923,0.0,711.88,37.2
36081040302,4409,1,76324.46668571107,0.0,3.491228070175439,56.0,1.9024726262387504,0.6229581390901626,0.0,35.78787875220737,15.519414349927168,0.0,32.180023999352706,13.98725213318384,0.0,1349.6,28.8
36081040400,3671,16,109745.4246005886,0.0,3.4108761329305137,322.0,0.131031187768445,0.04536881530231,0.0,26.11128906946188,35.29746756167202,0.0,18.46805377644715,19.946789589348185,0.0,1690.71,48.6
36081040501,964,7,125427.7037136422,0.0,3.630952380952381,84.0,9.726984305902828,1.01726390351216,2.0985857619296637,29.523318695491454,18.723661539689797,0.0,20.6908176828231,18.21936811065099,0.0,1974.65,35.4
36081040502,1686,6,83416.96447087849,0.0,3.592592592592593,26.0,8.004512942063291,0.4930951963915489,0.0,32.732216011365914,7.0812273711878415,0.0,36.350484782788584,15.338463696202815,0.0,1424.83,43.6
36081040701,3181,0,115049.54612701066,0.0,3.7058823529411766,68.0,0.6088382247909163,5.937440601540928,1.0223780847341843,31.976909179951676,11.314384814858691,0.0,28.392807950662043,20.74724114346157,0.0,1498.92,28.1
36081040702,4430,1,83169.61836457564,0.0,3.4788732394366195,64.0,0.8687306867830071,0.0,0.0,36.15737540235608,12.862318189431642,0.0,36.24687442728492,13.864701294144346,0.0,1917.73,34.8
36081040901,1818,0,97330.04719162338,0.0,3.6769230769230767,64.0,0.7626487486911506,10.501095822601908,0.8067501318049503,40.128488889790304,12.330883589288293,0.0,18.23373779206956,17.236395025753822,0.0,1602.31,38.5
36081040902,2972,0,92842.36461366262,0.0,3.7794117647058822,65.0,0.2271337948441601,1.987363463506652,0.2862068987451615,36.18380925552074,14.87710370641059,0.0,31.84503955439939,14.593343326573311,0.0,1617.13,35.2
36081041100,4250,6,112384.59142625892,0.0,3.4689655172413794,136.0,0.1701908470311405,0.0336198720199079,2.2196607426625605,32.64233939186355,17.054508369103342,0.0,24.894250973716055,22.98542980360344,0.0,1421.13,35.9
36081041300,4596,6,103243.14354267696,0.0,3.636363636363636,130.0,1.1294430323437483,0.0,0.4011795820583256,35.50088843728102,17.556751373931416,0.0,26.037115759474897,19.374621814910583,0.0,1394.6,33.4
36081041400,4561,17,88219.64311700895,0.0,3.431972789115646,268.0,0.0574190385319356,1.189263672271202,3.447736751231495,37.48583775857332,26.863337449150276,0.0,15.77057247726067,15.185832852981116,0.0,1787.29,32.9
36081041500,3999,8,93208.74440433134,0.0,3.559322033898305,110.0,0.613906898284356,2.8714159170285267,0.1946254311078981,37.094032305029295,17.705433924216678,0.0,24.7592692654269,16.761316258906337,0.0,1219.44,35.2
36081042400,2652,16,82021.70687846,0.0,3.5252918287937742,241.0,0.0227823660239887,0.0,0.9024092950724252,23.443334491342338,42.32833939373019,0.0,13.45635428607132,19.846780167759736,0.0,1843.37,43.2
36081042600,445,7,52451.4852366216,0.0,2.9134615384615383,176.0,0.0655559544047994,6.0930457633306805,0.0,22.171852019405435,64.17680302043513,0.0,0.0571561924323391,7.032787617964976,0.4027994320266393,0.0,71.4
36081042700,4260,8,93843.014270608,0.0,3.635593220338983,117.0,0.6018636272828393,0.1957746976892612,0.4229255535948546,35.35028976922434,16.737986512952578,0.0,28.46725944818614,18.223900391069993,0.0,1363.87,35.9
36081043200,1200,8,94839.51573008738,0.0,3.3850574712643677,164.0,0.6511183846423492,1.16604675861037,0.1936244159033265,25.397438610452976,44.12253859050393,0.0,13.00890404160161,15.460329198285434,0.0,1783.65,42.7
36081043400,1962,13,115680.54275902588,0.0,3.3743589743589744,180.0,0.0,0.6509213139544531,0.0,26.37694185632325,40.61369347095592,0.0,18.303481574625785,14.05496178414059,0.0,1828.02,35.4
36081043701,3468,11,95823.99265289688,0.0,3.452702702702702,137.0,0.9745884907276052,6.191273055315887,0.0,30.85761931121003,18.73789173426053,0.0,17.55918107974023,25.67944632874571,0.0,1157.46,40.1
36081043702,5982,6,103743.45228445744,0.0,3.5474452554744524,130.0,0.5354598349335205,0.0831416337042886,0.0,31.70648541855141,15.978194100145288,0.0,31.94049370629868,19.756225306366805,0.0,1283.29,47.3
36081043900,4150,12,100438.6179491028,0.0,3.556291390728477,144.0,0.5409992034216102,2.0804032848703353,0.6620629047802454,36.81632611405594,14.570297064281732,0.0,26.87110075034692,18.45881067824322,0.0,1325.42,32.0
36081044000,3824,16,97646.74733363092,0.0,3.424137931034483,275.0,0.705395938395602,0.3794951008288168,1.5318687465999634,36.03456075526207,24.48750534383456,0.0,19.223862651264454,17.63731146381452,0.0,1297.37,31.9
36081044301,4217,1,128361.97935561444,0.0,3.3220338983050848,163.0,0.3473473286035543,0.1145553768571399,0.0730396434947334,31.688970201099277,26.745825035003964,0.0,25.69949523319772,15.330767181743616,0.0,701.29,39.2
36081044302,4864,9,93162.80138634516,0.0,3.5348837209302326,200.0,0.6587877141740835,4.633306708583306,3.1167664614780977,37.32106573324408,14.267303837931284,0.0,17.334235157843544,22.668534386745613,0.0,1206.37,43.1
36081044400,4178,48,69845.27539614447,0.0,3.402464065708419,453.0,2.4434943674558234,1.2675801987252973,9.543222880852973,32.93276681432781,7.949352215510065,0.0,6.004258844089512,39.8593246790385,0.0,892.96,33.9
36081044601,3779,39,86320.71172247543,0.0,3.4244186046511627,156.0,22.471614284880896,4.498703359405866,0.0,29.404342489492137,9.056914317713405,0.0,12.88892997740889,21.6794955710988,0.0,1107.96,37.4
36081044602,4774,12,95324.1800688833,0.0,3.3733333333333335,136.0,3.5199754735191457,9.91303659696667,0.0,36.06565860991254,17.53322052007965,0.0,16.486804310904297,16.481304488617702,0.0,878.62,42.6
36081044800,2871,11,84511.1091133619,0.0,3.2896551724137932,131.0,0.0,3.70091711218723,0.0,31.685204287382604,35.12515600159381,0.0,19.7397923780589,9.748930220777446,0.0,1391.75,36.0
36081045000,2088,8,107487.52575777228,0.0,3.64804469273743,176.0,0.6480852153820934,0.0,0.0,30.177448442723374,25.643100033729805,0.0,23.281690220908928,20.2496760872558,0.0,2854.31,30.6
36081045200,911,3,68155.42205566108,0.0,3.2338709677419355,113.0,0.0,10.411496935498594,0.0,33.04849105434522,39.23063833521033,0.0,2.829643876144303,12.28528213612116,2.1944476626804086,1462.9,56.0
36081045400,4950,9,96313.34590701012,0.0,3.418269230769231,187.0,0.7244462908793682,0.3769743142584947,0.0,32.068966852761186,28.937333099374065,0.0,23.596461348196833,14.11306671144006,0.1827513830899879,1617.31,47.7
36081045500,12747,9,78244.47038492381,0.0,2.9788732394366195,119.0,5.546339826938563,0.7518783917993649,0.0,48.33063868615994,6.10044121260688,0.0,29.97107479863097,9.299627083864278,0.0,1540.38,35.0
36081045600,1183,10,108512.2625123806,0.0,3.522727272727273,128.0,0.0,1.4671592424740918,0.0,25.062282936540093,34.50969913474594,0.0,17.39880353878526,21.562055147454615,0.0,1449.17,43.0
36081045700,3185,3,85013.6853488979,0.0,3.725274725274726,89.0,0.0,2.377732783239041,0.0,32.81328562071086,24.113489826341137,0.0,27.93321704069667,12.7622747290123,0.0,1580.31,34.5
36081045800,2347,12,80730.98830459836,0.0,3.528,123.0,0.8145920319645517,0.7219497875391511,0.0,22.375053137088756,47.13885014081262,0.0,17.34033120803869,11.609223694556231,0.0,1523.77,40.1
36081045900,3480,2,90010.27794066242,0.0,3.875,88.0,0.0,0.0,0.0,34.59732972141053,21.186883632199898,0.0,32.24217584882226,11.973610797567307,0.0,1389.98,41.4
36081046000,6027,47,101192.33126321594,0.0,3.5142857142857142,228.0,9.531856410567928,4.4625042876497965,0.0,34.7040491732449,11.06942985792856,0.0,20.803806851245227,19.428353419363592,0.0,1099.69,29.9
36081046100,2739,11,107757.40706062155,0.0,3.596638655462185,117.0,0.9197004400653928,4.373941447242766,0.0,32.431490121383554,17.887244228652886,0.0,30.221729828788114,14.1658939338673,0.0,1480.77,34.9
36081046200,6102,16,96982.97457054124,0.0,3.349344978165939,212.0,1.8140011318078972,1.5443015560268762,0.0,36.9171420948842,14.081331798153618,0.0,28.72843451428935,16.914788904838062,0.0,1166.29,41.8
36081046300,4020,0,84744.46111259924,0.0,3.4864864864864864,105.0,0.1304496912070891,3.6720532909528183,1.9319945778833023,34.93550148674454,17.83342047564422,0.0,22.07348421787733,19.423096259690706,0.0,1452.67,32.5
36081046400,1998,0,85019.7384538323,0.0,3.5328467153284673,131.0,0.0,0.5397280391787586,0.0,16.052979202977905,54.61634265266528,0.0,14.250973055014924,14.539977050163118,0.0,2278.31,32.9
36081046500,4147,3,119884.55044431596,0.0,3.522727272727273,130.0,2.0025099302198983,0.4033151838386962,0.3573688627134486,30.49577158250647,20.84233334716117,0.0,32.417274230752426,13.48142686280788,0.0,1810.1,38.1
36081046600,4066,12,78846.13065388738,0.0,3.21,174.0,1.892672384982311,6.764715817294232,0.0,28.016976098930694,40.73039542023041,0.0,11.293837081162682,11.30140319739968,0.0,1478.56,38.3
36081046700,6774,2,97839.9184310689,0.0,3.672268907563025,116.0,0.8652155315190035,2.8436140417296705,0.0,28.32751118405284,21.01475434977171,0.0,34.790815146482124,12.158089746444666,0.0,1485.5,35.6
36081046800,3763,27,89328.38285635189,0.0,3.586206896551724,162.0,1.4621783126137815,2.0061227498232213,0.0392222294042721,37.429212179509015,16.073961827458817,0.0,27.016158472616283,15.9731442285746,0.0,1603.62,34.8
36081046901,4691,6,98651.44608426232,0.0,3.634920634920635,61.0,2.0267815623852687,1.484858525709856,0.0,25.20243445362026,21.38294232664246,0.0,38.12130773994728,11.781675391694884,0.0,1414.19,35.7
36081046902,3177,1,101425.1747783254,0.0,3.8194444444444446,72.0,3.999543590429308,0.0,0.0,28.431750784088877,18.21227577646736,0.0,36.385106641693305,12.971323207321142,0.0,1314.48,37.6
36081047000,3187,9,99837.21025861544,0.0,3.581730769230769,200.0,1.0654347527423822,2.683435631863978,0.0,37.65300608983754,17.081369480636184,0.0,25.78909369932695,15.72766034559297,0.0,1402.98,50.5
36081047100,4244,13,101597.6160965536,0.0,3.298611111111111,127.0,0.9605046563221936,2.866116186916648,0.0,30.729657706633375,23.014152612959407,0.0,20.53827600391233,21.89129283325604,0.0,1165.69,41.4
36081047200,3655,4,76074.09916479491,0.0,3.325174825174825,258.0,0.1749713176703019,0.5680495760292602,0.0,18.94972904745712,53.634572262399914,0.0,14.06413459265474,12.60854320378868,0.0,2466.81,56.4
36081047300,4242,22,115016.04479743366,0.0,3.541501976284585,239.0,6.884990821817962,1.119233027312294,0.0,30.96642233573418,15.063347895853047,0.0,21.56739666821756,24.39860925106496,0.0,1393.1,41.2
36081047500,5006,19,101821.59114207336,0.0,3.4555160142348753,252.0,1.7377190398620357,1.80313838169403,0.0418175286576288,29.959722175151462,23.75733429094119,0.0,23.722682559197732,18.977586024495917,0.0,1659.06,37.9
36081047600,1604,1,30936.926972708996,0.0,3.0088495575221237,100.0,0.0,0.3145952423526176,0.0,14.411687320157988,60.06808968133455,0.0,11.848367109706093,13.357260646448738,0.0,2217.98,44.3
36081047801,4075,11,61044.920529169896,0.0,3.099236641221374,226.0,0.7269682585677445,0.523462222536397,0.0,18.908855722062672,51.02865383100944,0.0,16.335907889488837,12.476152076334907,0.0,1093.23,53.2
36081047802,1422,5,89382.66195221338,0.0,3.635294117647059,81.0,1.2316556076696048,0.0,0.0,32.60580585104126,28.118114345862196,0.0,23.274387523735616,14.770036671691312,0.0,2234.58,41.3
36081047900,6032,12,101556.31094657345,0.0,3.3595166163141994,302.0,1.0416574249545385,2.277569427200664,0.4532547602075394,30.626040776847375,22.808423916578196,0.0,17.260462714590123,25.532590979621578,0.0,1682.98,37.6
36081048000,2370,13,99165.46232515942,0.0,3.751152073732719,213.0,1.59478701047341,0.8009330186676592,0.0,35.97444105521605,23.471642687247027,0.0,22.197662376516607,15.960533851879232,0.0,1658.65,47.7
36081048100,6551,3,91894.62421190093,0.0,3.4128440366972477,98.0,0.2916566545054745,1.980530969501238,0.0,30.966064446640083,18.60443310673675,0.0,32.145740232120765,16.01157459049569,0.0,1422.75,42.5
36081048200,1311,7,83159.581867793,0.0,3.5774647887323945,136.0,0.5357230343570577,2.2116102696779403,0.0,23.885312452862024,39.938750347766906,0.0,18.906693908783947,14.521909986552126,0.0,2129.4,49.3
36081048301,2061,0,81918.76299482647,0.0,3.7413793103448274,57.0,0.0,0.1648323717468355,0.0,32.82460278526996,26.246670669561063,0.0,24.48260588034025,16.28128829308189,0.0,1164.77,40.9
36081048302,1719,4,86612.63384901395,0.0,3.5742574257425743,96.0,0.0,2.904075674305796,0.0,27.757202410019666,29.91774640327486,0.0,17.040188795658075,22.380786716741607,0.0,1648.54,37.2
36081048400,4942,16,95458.56206558924,0.0,3.6678082191780823,275.0,0.4132108964295679,0.0695897913653794,0.172769907346293,35.09620836084795,23.853643608995704,0.0,25.197544537761225,15.197032897253877,0.0,1667.81,34.7
36081048500,5205,7,96050.93725824784,0.0,3.363295880149813,247.0,5.170593756768965,2.3845614211264317,0.5522442722187155,32.89749311055906,19.16155753473094,0.0,17.799873353832226,22.033676550763666,0.0,1492.58,36.3
36081048900,1838,15,92018.42721418028,0.0,3.467680608365019,240.0,1.2865609969582628,2.2289806799144394,4.741193447162633,32.51599364372942,16.41997228166425,0.0,6.852633124583015,35.95466582598797,0.0,1183.69,38.4
36081049201,2545,8,76831.1944206458,0.0,2.8934010152284264,155.0,0.0957565549501634,0.1004494175192086,0.0,13.447347413477322,54.12575759279988,0.0,14.002156566002652,18.228532455250768,0.0,1169.17,43.9
36081049202,2338,4,91638.05943722183,0.0,3.819672131147541,122.0,0.5672788327013284,3.124174301263886,0.0,29.52941387093436,33.91097514589115,0.0,20.22647515581627,12.641682693393006,0.0,2058.9,34.4
36081049301,2306,8,102470.05093975428,0.0,3.6194690265486726,110.0,0.1024344073670563,0.0,0.1613341916031137,37.65028523024618,23.10020598374946,0.0,24.200825294437156,14.784914892597037,0.0,1662.1,49.7
36081049302,3320,11,92813.60139934238,0.0,3.217391304347826,204.0,2.156824366723548,5.124323888263842,0.2625113919373734,35.32364081834706,16.675596158827965,0.0,19.994988130723993,20.462115245176204,0.0,1152.69,39.9
36081049500,1272,0,84834.15168152565,0.0,3.5045871559633026,108.0,0.0,0.0,0.0,30.006008030555652,20.0703917143251,0.0,19.609299482946778,30.314300772172476,0.0,1784.62,45.9
36081049600,3040,8,65950.69028405017,0.0,3.696,117.0,0.4673514708838052,0.39981354757079,0.0,35.31368195556766,24.582976617119403,0.0,24.337252180839503,14.898924228018831,0.0,1769.06,45.5
36081049700,2693,4,105970.65607372877,0.0,3.2464788732394365,127.0,0.7956367797467269,0.7096240355140077,0.044083420978676,39.30999984738031,17.39947508707437,0.0,26.662987036845035,15.078193792460883,0.0,1654.44,44.6
36081049900,5121,21,90849.38214627407,0.0,3.4064516129032256,294.0,1.3945372431317002,0.6348847768206468,1.8154426761944995,29.04301763935142,28.436015412489716,0.0,13.255743657510251,25.420358594501767,0.0,1635.48,37.6
36081050000,4434,20,90575.04546191994,0.0,3.363636363636364,241.0,0.6411171083254626,1.1967324738391616,0.5378079084561652,28.357841384643574,28.44432319536348,0.0,11.722399222469146,29.09977870690301,0.0,1324.04,37.3
36081050201,1358,6,105982.31020041447,0.0,3.4134615384615383,104.0,0.0682675038183141,0.4898193398964042,0.0,25.902383706107337,38.23927972717339,0.0,19.896683455979343,15.403566267025194,0.0,1749.46,44.2
36081050202,1398,0,115125.19026606748,0.0,3.5,108.0,0.0,0.0,0.0,26.26526308462332,41.95731884569465,0.0,19.45672141820003,12.320696651481986,0.0,1637.44,41.2
36081050400,1733,5,108920.20271072203,0.0,3.278947368421053,178.0,0.0214320870592628,1.4440522073466726,0.0,25.515449635480728,39.04658662743347,0.0,18.441121695030795,15.531357747649071,0.0,2522.46,43.6
36081050500,1749,3,83308.8840199043,0.0,3.63855421686747,79.0,0.0,0.1049765405131147,0.0,28.74890355969636,26.74331283828369,0.0,17.509693295560616,26.893113765946214,0.0,2181.5,38.5
36081050600,1504,3,107487.71643926814,0.0,3.4285714285714284,119.0,0.3058507447567234,0.5317087198385275,0.0,23.085192217009688,44.17480941708579,0.0,19.280305479021315,12.62213342228795,0.0,1788.46,41.0
36081050700,3305,9,77434.89751056374,0.0,3.3811475409836067,223.0,0.3163540841742064,0.1138410435084343,0.0,28.762858673156195,30.40146767361685,0.0,17.212352389211137,23.193126136333177,0.0,1624.54,53.7
36081050800,2035,5,107652.65648877784,0.0,3.4177215189873418,150.0,0.7680885319768216,4.097571808325051,0.0,26.477004451671434,33.894730499550214,0.0,22.01948529691184,12.743119411564653,0.0,1481.54,37.6
36081051000,1490,6,105506.20801900302,0.0,3.5036496350364965,135.0,0.6104646347038492,0.9424900659253216,0.0,29.25843475622279,34.04999929113366,0.0,19.43936421936511,15.69924703264926,0.0,1638.06,34.7
36081051100,2494,9,94101.382008783,0.0,3.2544642857142856,211.0,0.2021317049931314,0.2194418360038268,0.0988773667785341,31.898707282911467,28.12322468722727,0.0,17.839744554459013,21.61787256762676,0.0,1781.67,48.6
36081051200,2683,17,63458.01975650058,0.0,3.4107142857142856,151.0,0.8115164833331818,0.7679795508214142,0.0,26.547268876886843,34.87407643443869,0.0,17.023325477642,19.975833176877863,0.0,2361.12,40.1
36081051300,2621,7,103298.1474973084,0.0,3.652941176470588,167.0,0.0,1.7616720512981456,0.0,35.16840959712774,24.9528765903851,0.0,23.39035466636055,14.726687094828463,0.0,1608.04,41.1
36081051500,3062,9,119033.0196222368,0.0,3.391705069124424,206.0,1.0890144986622474,0.0,2.045222729377987,27.429575696916743,31.913235260812417,0.0,21.17436525261511,16.348586561615488,0.0,1977.56,41.7
36081051600,2161,16,107316.90950396206,0.0,3.812080536912751,145.0,0.0,0.0706555681746372,0.0,28.766833228371436,31.80732129559862,0.0,22.5818198747788,16.77337003307651,0.0,2067.31,41.7
36081051700,2068,11,91159.48730915337,0.0,3.5309734513274336,220.0,1.535162389902906,1.4512841234563647,0.142068338509001,27.118325348734977,26.302931492030005,0.0,16.703242695191825,26.74698561217491,0.0,2175.48,45.1
36081051800,2186,4,115822.27964052415,0.0,3.626984126984127,120.0,0.0,0.0,0.0,27.975696650934545,32.25764716956463,0.0,24.00894910285568,15.757707076645133,0.0,2392.75,35.8
36081052000,1753,6,108453.8183922212,0.0,3.6936936936936937,108.0,0.5984825832162454,3.5332920209380396,0.0,27.63840143431661,30.8547955178684,0.0,21.801328074155514,15.5737003695052,0.0,2022.37,38.0
36081052100,1841,22,102709.30774592789,0.0,3.3658536585365852,116.0,1.073410393403332,1.1023877277377017,5.487307904504293,37.180286295216426,13.910222047492203,0.0,23.57246194995454,17.673923681691516,0.0,1615.56,43.3
36081052200,2233,8,110397.04692162343,0.0,3.641025641025641,113.0,0.1715850597734728,0.331394674268374,0.0,26.94618223369468,41.02758254498383,0.0,18.69804451513243,12.825210972147206,0.0,1669.58,41.3
36081052400,2150,8,101762.00718546024,0.0,3.5533980582524274,103.0,0.3077521265022224,0.0537209631400604,0.0,28.840454138411683,35.573801108335125,0.0,22.102447647680293,13.121824015930615,0.0,2169.96,39.0
36081052500,2152,6,106625.3018255761,0.0,3.2439024390243905,185.0,0.0998494183996539,0.0,5.3452174632474225,34.2488864418604,16.672070649187464,0.0,21.75441572692674,21.879560300378312,0.0,1481.48,46.4
36081052600,2352,13,104619.17826283138,0.0,3.723809523809524,105.0,0.0307841307305638,0.3749340722276025,0.0,29.190433261156855,35.30694451999535,0.0,21.701780480666265,13.39512353522337,0.0,1859.52,41.0
36081052800,1577,6,108527.56180982804,0.0,3.5185185185185186,130.0,0.6660822949195562,0.9702257597735388,0.0,25.737966310802243,37.7671600514219,0.0,20.36018233314835,14.498383249934424,0.0,1529.65,40.0
36081053000,2510,4,105533.80538697152,0.0,3.6666666666666665,150.0,0.3824486309126794,0.3867995823451331,0.0,29.004177058722387,35.52937650980279,0.0,20.57567491790546,14.121523300311551,0.0,1968.87,38.1
36081053100,3244,11,102834.3248998499,0.0,3.421828908554572,324.0,1.2871771257041105,0.684960023808484,12.94567598509837,32.368951421789184,13.030512469169636,0.0,19.322955674644085,20.35976729978612,0.0,1421.88,46.1
36081053200,2163,17,124169.92453237418,0.0,3.6391752577319583,190.0,0.9497589849229624,1.2609890506148054,0.0,29.309938495387204,26.902718910070124,0.0,22.26455705560806,19.31203750339684,0.0,1873.44,39.1
36081053401,1968,13,107671.6156531908,0.0,3.5863636363636364,214.0,0.9864523632887168,3.6849518683529094,0.0,31.781667262588744,31.063202546733024,0.0,15.414697494714144,17.069028464322468,0.0,1992.19,42.0
36081053501,1162,5,91538.46286478265,0.0,3.392523364485981,103.0,0.6774888157369631,1.290149236978963,22.48271186370532,29.82512522358819,8.57971774887011,0.0,11.896170856148688,25.248636254971764,0.0,1404.65,39.2
36081053502,0,7,44897.999203344174,0.0,2.878787878787879,79.0,0.9031425566107952,0.0,39.064939462146896,39.65070430467254,5.607305627130631,0.0,0.0,10.65611424167484,4.117793807764293,0.0,0.0
36081053601,1761,3,89903.91453219242,0.0,3.4285714285714284,116.0,0.0,0.3584721326332774,0.0,27.860022907088823,34.113289632620386,0.0,19.950841223399355,17.71737410425814,0.0,0.0,54.0
36081053800,1714,8,93192.19778312286,0.0,3.582608695652174,107.0,0.2859381275438754,0.1979547174994935,0.0,27.54807257728365,36.99818173750574,0.0,20.384053715805027,14.585799124362232,0.0,2327.58,38.4
36081053901,4129,18,87258.09908855165,0.0,3.442622950819672,274.0,0.8255269682900201,1.969360182488469,15.780560365980648,35.07022888251213,14.290759861971884,0.0,16.844751574887965,15.218812163868888,0.0,1750.52,34.5
36081053902,27,11,70905.9388608218,0.0,3.086021505376344,85.0,0.0,0.0,0.0,12.223414640163588,79.81736381063881,0.0,1.2052766175999767,6.753944931597636,0.0,0.0,29.7
36081054000,4325,20,68914.17648516406,0.0,3.3270142180094786,201.0,0.8123450489434278,0.4674768683616568,0.8539635841411727,31.294511936322213,30.97192520415997,0.0,17.658161970959984,17.941615387111575,0.0,1964.88,50.7
36081054200,5520,11,59777.692956048544,0.0,3.5829787234042554,221.0,0.4013439815644856,0.8957736233767664,0.0,33.917471806640556,26.333212995477417,0.0,23.26520093959406,15.186996653346725,0.0,1810.1,43.6
36081054500,3675,6,104625.43432016693,0.0,3.9150943396226414,104.0,0.5114724840147559,2.769899106413745,0.3701573796594007,26.907973477498548,18.73761488744189,0.0,35.55423418530121,15.148648479670436,0.0,1270.69,36.6
36081054700,5210,13,102914.15653698672,0.0,3.930434782608696,114.0,0.7172168651723275,1.0397360414854886,0.0,25.667812430734052,20.561104480495995,0.0,39.82737230123948,12.186757880872658,0.0,2302.54,30.3
36081054800,2382,0,81953.9720241836,0.0,3.5256410256410255,144.0,0.51138864264908,0.0,0.0,35.07758612552459,26.92132117633197,0.0,23.23849146897968,14.251212586514674,0.0,1626.94,47.1
36081054900,5287,23,106390.51399697922,0.0,3.76875,156.0,4.017113524178703,0.1172329849797396,0.2546882217781071,26.73690132303227,16.59073751956125,0.0,34.13470545585118,18.148620970618747,0.0,2015.79,32.2
36081055100,4363,17,112869.2438180261,0.0,3.814814814814815,161.0,2.519708161727348,2.1245502749334513,0.0,22.407731865952115,17.214880863009657,0.0,40.46396446344566,15.269164370931756,0.0,1543.62,34.2
36081055200,2913,17,86669.92162629023,0.0,3.508426966292135,341.0,1.2370334211101697,0.2458925603132382,0.0,22.36793904097033,40.049627441241455,0.0,13.028614837937193,23.07089269842761,0.0,1369.48,40.4
36081055300,2911,7,99074.94523722162,0.0,3.5670103092783507,91.0,7.900550093320681,5.733388226953639,2.0414163665530776,24.544717338449264,13.936285327538773,0.0,30.295660304343716,15.547982342840845,0.0,1732.96,31.2
36081055400,2599,9,72562.02039693278,0.0,3.3300970873786406,91.0,0.1277905006478806,0.0578700099400439,0.0,29.933889841652043,31.799126829087257,0.0,21.995825652216073,16.085497166456708,0.0,1718.75,50.6
36081055500,2295,8,89545.00276653055,0.0,3.622807017543859,109.0,0.5909726057626818,3.9813072358866033,15.404459175134098,29.308037990874094,11.61702162974945,0.0,22.351979599166206,16.746221763426878,0.0,1666.67,40.7
36081055600,2233,0,69578.97693556987,0.0,3.645161290322581,82.0,0.0,0.0277112932908053,0.0,32.96455176676642,32.0973832871794,0.0,23.407272206404,11.503081446359388,0.0,2597.15,45.5
36081055700,3386,21,85473.6005994483,0.0,3.6176470588235294,163.0,1.5183687260847516,1.6298586366616168,3.671645826753017,25.23498738544771,26.013357228103047,0.0,20.549151417135576,21.38263077981428,0.0,1954.54,36.1
36081055800,1649,0,51490.15540619171,0.0,3.6031746031746033,57.0,0.0,0.2178651565947878,0.0,31.13441831902917,33.39526588133799,0.0,22.65401510119258,12.598435541845468,0.0,1512.92,51.6
36081055900,1129,7,77219.1978201596,0.0,3.24,88.0,2.539576429396787,0.0,20.39115211227917,31.320236794840906,12.921918720891751,0.0,11.859537136448337,20.967578806143052,0.0,1355.4,35.5
36081056000,1695,6,50773.57318194451,0.0,3.3896103896103895,72.0,0.2492280533622786,3.302739145533527,0.0,30.556566552438017,33.49083416460181,0.0,17.39358163679299,15.007050447271377,0.0,2684.9,47.1
36081056100,12,16,53942.15072761638,0.0,2.4503464203233256,1428.0,0.0,0.0,0.0,6.35537150341252,85.48128261150936,0.0,0.0016911423341744,7.470538196112112,0.6911165466318434,0.0,48.5
36081056200,1399,0,31722.130694287873,0.0,3.941176470588235,17.0,0.0,0.0,0.0,27.87934477009452,38.48434019018889,0.0,21.488902758634637,12.147412281081955,0.0,1963.94,49.8
36081056400,1580,8,78397.2717391595,0.0,3.3854166666666665,90.0,2.2327977693923113,0.9087892363189002,0.0,30.239387519177946,32.310772909618585,0.0,18.65519353686548,15.653059028626773,0.0,1826.92,45.0
36081056500,1850,0,94996.73828988292,0.0,3.2771084337349397,76.0,0.5250332366893777,0.8473247657839137,1.5795366106598745,39.01699388000469,19.81345763979014,0.0,21.293702729485055,16.923951137586954,0.0,2493.21,31.9
36081056600,1546,5,92159.724805458,0.0,3.5864661654135337,125.0,0.5192881089335915,1.2762503269081915,0.0,25.718454984390345,37.34368750817287,0.0,21.064368363366924,14.077950708228078,0.0,1384.12,53.2
36081056700,4601,9,98185.25062945024,0.0,3.675925925925926,213.0,0.0,0.0535801006863757,0.1059278590569648,32.450555904293736,25.749567725412163,0.0,30.47780793312904,11.162560477421714,0.0,2143.79,40.2
36081056800,4373,47,73265.74432759649,0.0,3.181318681318681,477.0,1.8609226390987328,1.2570312915146251,1.5150343895395133,32.37680986290844,25.25420915218432,0.0,11.341619944864446,26.394372719889933,0.0,1948.48,48.9
36081057700,3926,15,111100.82889233064,0.0,3.5340314136125652,186.0,3.249873655366168,0.4951722382765083,0.6806288054004217,31.379898068687694,15.041400889358425,0.0,33.86532454796868,15.287701794942109,0.0,1456.73,33.5
36081057900,1671,0,103687.01200622816,0.0,3.640625,62.0,1.4632616002265018,0.0,1.645030533074087,25.541262396085894,18.479818242750948,0.0,38.035951758084536,14.834675469778034,0.0,1461.98,35.3
36081058000,4287,1,44431.66062293623,0.0,3.371428571428571,94.0,0.0,0.0,0.0,24.682158318091204,41.51879383597253,0.0,15.474135644005734,18.32389155306525,0.0010206488652851,2679.65,48.9
36081058100,2779,6,112843.21767359562,0.0,3.657142857142857,137.0,0.9900424197341996,1.568293274687734,0.0,27.17896462457981,22.879881619046923,0.0,30.129131521289416,17.253686540661903,0.0,1518.27,38.2
36081058200,5141,15,55851.82182013854,0.0,3.082901554404145,163.0,0.3187369750621494,3.99161456222734,0.0,27.821116277575076,37.63849993272758,0.0,15.644960833839704,14.585071418568136,0.0,2376.6,39.1
36081058300,3495,8,98349.40658092414,0.0,3.803030303030303,131.0,0.4108798027101399,1.1802853687528374,0.0,22.495635133651895,21.855119673294475,0.0,41.00882792192336,13.0492520996673,0.0,2102.44,38.3
36081058500,4010,11,107813.04130606688,0.0,3.608187134502924,164.0,0.0904659045697707,2.5889970685617976,0.0986596741149071,25.172949101563415,17.413795417306677,0.0,37.29429324624004,17.340839587643394,0.0,1945.33,39.5
36081058700,3486,4,89822.4366674045,0.0,3.8666666666666663,89.0,0.8360990934831383,0.8800881044774409,0.0,28.71873359973969,18.947910166881964,0.0,38.12708080217919,12.490088233238591,0.0,1930.48,39.6
36081058900,4618,20,100095.88376897924,0.0,3.771604938271605,161.0,0.3786976963157692,3.2741011701084495,0.1771122584188804,26.59831144480897,21.75547706592918,0.0,32.93184591562688,14.88445444879186,0.0,1158.15,33.6
36081059000,1258,4,69027.92984138278,0.0,3.4558823529411766,66.0,0.0,0.0652837275178506,0.0,26.31527417678768,38.531506935888345,0.0,17.628924195293667,17.459010964512455,0.0,1802.88,40.6
36081059100,4799,1,91507.48596050614,0.0,3.852564102564102,154.0,0.1804441238125332,0.0,0.3285452807387611,27.52680828933375,19.813356079046866,0.0,39.86487313502361,12.285973092044486,0.0,1035.23,39.4
36081059200,1240,7,33869.287597996736,0.0,3.4444444444444446,27.0,0.0,0.0,0.0,21.869146021382186,46.27329157481116,0.0,13.281394364606488,18.57616803920017,0.0,1497.25,53.1
36081059300,4040,9,90124.58503381988,0.0,3.4953271028037385,196.0,1.2013849374545384,2.864211032622312,0.7689830966227241,34.201079336441495,18.607420183465972,0.0,28.67276192063487,13.684159492758084,0.0,1749.52,37.4
36081059400,1667,0,39737.94524947467,0.0,3.5517241379310347,29.0,0.0,0.2439150603093613,0.0,24.615620763568696,42.94053792160563,0.0,19.521290608998164,12.678635645518153,0.0,2582.63,48.7
36081059501,1903,4,107251.65129716048,0.0,3.1587982832618025,194.0,1.0683481495310494,9.28667626738162,0.0872425906804048,33.78500330003577,21.64887531775962,0.0,21.4432561063577,12.680598268253842,0.0,1548.37,46.1
36081059502,2676,2,78746.99930112308,0.0,3.443298969072165,180.0,0.6816360655554056,0.4896634195002762,9.290574596664154,34.634516748486476,14.79088711194411,0.0,19.51259555486559,20.600126502984,0.0,1458.33,40.1
36081059600,1674,1,63858.993742422754,0.0,3.106060606060606,54.0,1.0169416255311874,1.4557202915691605,0.0,27.151533050213068,35.72351123014232,0.0,20.3734115170416,14.278882285502648,0.0,1772.35,39.5
36081059800,1691,6,62531.59743080245,0.0,3.289719626168224,95.0,0.4089520427459192,2.182161094235511,0.0,28.367978341971263,33.09911978293419,0.0,19.245711795059172,16.696076943053953,0.0,1850.96,39.9
36081059900,1493,4,100342.8151414523,0.0,3.4423076923076925,99.0,0.0,3.309962930930251,0.0799824793137922,35.896792838199055,20.826547822044787,0.0,27.00163711445209,12.885076815060012,0.0,2326.52,45.8
36081060000,1132,3,74954.73145128915,0.0,3.608695652173913,44.0,1.236415797159791,0.0,0.0,25.26313994475819,36.3307757088788,0.0,20.86306164690496,16.306606902298242,0.0,2490.75,52.8
36081060100,2084,9,95613.67656141066,0.0,3.2916666666666665,128.0,1.2511077396761197,0.0,1.2011153272372717,32.682793060943816,19.087163482453377,0.0,26.68048951734974,19.09733087233966,0.0,1457.9,40.6
36081060300,1924,17,114599.13968079266,0.0,3.2864864864864867,173.0,4.38055376965376,0.0,1.0068320686855363,39.73340197626833,14.68092980582374,0.0,19.551693332248192,20.64658904732044,0.0,1844.4,47.6
36081060600,1176,0,64265.171263488905,0.0,3.6222222222222222,80.0,0.5866404636844391,0.0797412750532674,0.0,26.377592424884348,38.819505553373475,0.0,19.649662133795037,14.486858149209429,0.0,2524.04,48.8
36081060701,0,8,46769.49442904208,0.0,3.2167832167832167,138.0,0.0,0.0,0.0,3.037287847388555,87.66528480345076,0.0,0.5820803542159805,8.715346994944706,0.0,0.0,0.0
36081060800,1592,5,81566.91471754479,0.0,3.669491525423729,112.0,1.65358817066312,0.2939214445978122,0.0,29.83348864264539,34.40794933573722,0.0,18.83458447403896,14.9764679323175,0.0,2211.54,39.2
36081061000,1318,16,94579.8971032709,0.0,3.5625,142.0,0.2623351786074638,0.1150776983491408,0.0,26.01786861334465,39.484280983771214,0.0,14.71922565315634,19.401211872771192,0.0,1880.54,55.9
36081061200,1839,6,99327.08047089148,0.0,3.8466666666666662,150.0,0.0,0.1998874523351757,0.0,27.841139687876716,36.47245544123437,0.0,18.58719854203881,16.89931887651492,0.0,2561.81,49.3
36081061301,5205,25,71177.27133292104,0.0,3.1171875,330.0,5.743057269787523,0.5517376497969403,4.532180296122552,29.228562017698472,18.306644606876716,0.0,8.988902195283197,32.64891596443459,0.0,1801.33,34.9
36081061302,0,7,47494.98682281737,0.0,3.08955223880597,126.0,0.2395392491197051,0.0,0.0,2.55714744080403,88.32991642373366,0.0,0.0,8.873396886342615,0.0,0.0,0.0
36081061400,1357,6,90046.6493409214,0.0,3.765432098765432,158.0,0.0,2.0680309202165086,0.0,25.280397428158107,41.81811566552078,0.0,13.475000186361216,17.35268299760271,0.0057728021406739,2541.52,40.9
36081061601,2257,4,105877.08830252288,0.0,3.67816091954023,255.0,0.0,0.0257790684202948,0.0,25.878380497680876,40.1825811128064,0.0,18.546628214239163,15.366631106853262,0.0,2073.81,44.8
36081061602,968,4,67895.47735856527,0.0,3.08974358974359,200.0,1.2289230324157143,0.0,0.1962337981775142,20.41641539388904,47.9617980380699,0.0,8.864520286501492,20.4870687003214,0.8450407506249334,2458.79,50.8
36081061800,2037,6,106815.97721627948,0.0,3.4244897959183676,223.0,1.2026026920907398,0.7055179689453537,0.0,26.077154685337277,40.36459786948826,0.0,19.263024220728028,12.38710256341034,0.0,2170.54,42.3
36081061900,3046,3,86060.34050529478,0.0,3.491228070175439,163.0,0.8542692760746061,0.3462624800201497,3.1375328616533293,32.32558904077683,22.90243680987491,0.0,23.77565590343982,16.658253628160345,0.0,1193.9,38.3
36081062000,1545,0,90267.78250994436,0.0,3.474074074074074,122.0,0.0,0.1917033757798694,0.0,28.47816806955942,34.42681213953128,0.0,22.258898051372956,14.644418363756492,0.0,2489.56,52.0
36081062100,2667,5,90077.37771138886,0.0,3.472081218274112,183.0,1.361210858500257,2.272147769567945,5.5934363340134405,36.336589010212776,13.837487493041708,0.0,21.598065424392328,19.001063110271545,0.0,1480.98,43.1
36081062200,2069,5,52980.58583073501,0.0,3.488888888888889,121.0,0.2300975305307133,0.4380235675342346,0.0,20.085573759203527,44.939662653734544,0.0,14.47754573642629,19.829096752570685,0.0,2364.19,51.0
36081062300,2111,1,107000.4937221128,0.0,3.611940298507463,128.0,0.7643623682405704,0.7534775051462024,0.8886335417783169,30.795126231057782,24.584372663959236,0.0,27.478767285420748,14.735260404397144,0.0,1491.6,45.7
36081062400,0,0,71187.9175207942,0.0,2.3496932515337425,305.0,0.0,0.0,0.0,2.116591177072048,90.43788950382816,0.0,0.2695707317922143,7.175948587307596,0.0,0.0,0.0
36081062500,2637,2,87008.98769142554,0.0,3.6515151515151514,123.0,0.3088883173166377,1.4381607941654266,1.345829076770995,33.079271632086375,22.53123512203231,0.0,27.687396261949143,13.609218795679096,0.0,1608.29,40.3
36081062600,3298,13,97521.64422252764,0.0,3.572992700729927,263.0,0.5640328601355244,0.5905597929156279,0.3812612792085246,30.097559515563372,35.85996011172523,0.0,17.00317932931355,15.50344711113819,0.0,2684.65,35.3
36081062700,2831,2,99378.57039884162,0.0,3.733870967741935,124.0,0.3719577138722141,0.0,0.037152839217459,27.500912917486826,24.997905414415236,0.0,37.27321441652357,9.8188566984847,0.0,1469.98,42.0
36081062900,3289,6,107407.6963863396,0.0,3.231527093596059,177.0,2.110346226947735,3.6806158834150615,0.351071386844704,28.463433380847363,22.90147748573012,0.0,29.266783939985224,13.226271696229793,0.0,1944.17,36.8
36081063000,1614,4,99457.31473080796,0.0,3.6589147286821704,122.0,0.8639433072334688,0.2691811491380244,0.0,30.521154436529603,26.14387163221732,0.0,24.503834680676334,17.698014794205246,0.0,2323.48,48.0
36081063200,2499,14,96132.87766808,0.0,3.8262711864406778,231.0,2.927409574972908,0.5792081310131335,0.0,32.83465599929958,25.599924132875667,0.0,21.53153294991365,16.527269211925056,0.0,2070.62,38.9
36081063301,1584,3,93199.77703185278,0.0,3.5894736842105264,90.0,0.1149384953517124,3.363579311392093,1.9522693908809192,30.52282784181927,25.574376584968064,0.0,25.327428170532805,13.144580205055137,0.0,2745.54,35.6
36081063302,1862,4,80207.16156573231,0.0,3.3289473684210527,68.0,0.4971347054040764,0.4494642542009457,2.2357410231482735,29.245907134872663,30.44393843357292,0.0,27.496058915124483,9.63175553367664,0.0,1967.15,41.9
36081063500,2655,8,100361.48068342252,0.0,3.5306122448979593,139.0,0.0887273424675954,1.7401480848076598,0.0,32.32187069911195,21.478512680539,0.0,31.170414821051665,13.200326372022149,0.0,1658.06,37.0
36081063700,3455,12,87387.42627049547,0.0,3.3450413223140494,445.0,7.838012319423061,1.3025331942981373,6.2808567625009895,31.442908926095363,21.31822820724838,0.0,13.511485517292533,18.30597507314155,0.0,1759.38,50.7
36081063800,3893,17,64079.72871344172,0.0,3.236842105263158,302.0,0.6106018169072082,0.8557703065164088,0.0467556880639932,25.88661108475845,39.90911096282544,0.0,13.793423198412334,18.007769826188436,0.8899571163277296,3165.46,40.3
36081063900,3113,11,93729.3057292164,0.0,3.3,184.0,0.2681349066467196,1.0231823572557217,0.0,30.27128451234124,29.037066430801165,0.0,19.409419170688793,19.99091262226635,0.0,1963.13,42.0
36081064101,2328,1,84380.23837394363,0.0,3.1372549019607843,44.0,0.068287026983393,0.0,0.0,20.408066810160943,40.30202904135835,0.0,25.695959307998667,13.525657813498626,0.0,1911.4,46.7
36081064102,0,9,50873.76636344207,0.0,3.1358490566037736,495.0,0.0,0.0,0.0,5.065448065337312,89.65639334545034,0.0,0.0520130460623981,4.874051344999571,0.3520941981503929,0.0,0.0
36081064500,2016,14,90262.45359396812,0.0,3.1392405063291138,202.0,2.9125128430768443,4.88877916696446,0.0,30.67332346457592,27.516648886017933,0.0,16.645067600388337,17.36366803897651,0.0,1562.5,41.2
36081064600,3076,0,50679.155974414134,0.0,3.366906474820144,112.0,0.0,1.058572536670623,0.0,30.51462113741784,35.70965789815581,0.0,19.5467493126201,13.170399115135623,0.0,2420.67,49.7
36081065000,2862,2,65743.99926553176,0.0,3.558951965065502,208.0,0.0547803900641972,0.0,0.0,27.029532339028663,39.62778264640947,0.0,18.9433190910522,14.344585533445464,0.0,2566.96,48.9
36081065401,3098,27,64263.330511207445,0.0,3.3564356435643563,183.0,0.8183169880955705,0.7621545541348804,0.0,28.8466051540822,38.077054420730605,0.0,10.482297383760985,21.013571499195756,0.0,2011.96,39.7
36081065402,0,1,58320.10663916807,0.0,3.3,97.0,0.0,0.0012379271849532,0.0,11.746017742088377,75.68360242112894,0.0,0.0010470113035404,4.037836883495576,8.530258014798612,0.0,0.0
36081065501,0,21,33408.68602242384,0.0,3.0827586206896553,134.0,0.0,0.0,0.0,5.33569142591454,85.01751473798335,0.0,0.0,9.64679383610212,0.0,0.0,0.0
36081065600,5282,11,54179.22950285542,0.0,3.251256281407035,172.0,0.2026831695627109,0.1853946690371266,0.8736600778779063,31.9307560264182,34.992342956646354,0.0,16.360119742403942,15.448061071798405,0.0069822862553537,2265.38,39.0
36081065702,1264,10,84932.39251259754,0.0,3.4819277108433737,77.0,0.2271844493306192,0.8814814626229515,2.0092848010676785,36.342475672687414,20.15429768204176,0.0,26.236222879244615,14.149053053004954,0.0,1438.87,53.4
36081065703,3229,12,94464.7158242736,0.0,3.4711538461538463,194.0,1.49287291567645,1.0345003489687663,0.0,35.42448025316974,22.684498423482033,0.0,25.52897053955285,13.83467751915016,0.0,2354.5,49.8
36081065900,1974,16,114255.50346985908,0.0,3.577114427860697,190.0,0.19369251552544,1.700480437460825,0.0,34.5961004579495,22.346672139472247,0.0,22.380508947267913,18.782545502324076,0.0,2171.48,39.4
36081066000,3564,15,58213.62836409723,0.0,3.4285714285714284,103.0,0.0,0.5080700121840851,0.0,27.119934185906654,42.563421862031085,0.0,18.82348287507674,10.98509106480144,0.0,2650.83,42.1
36081066100,1573,0,109021.13408419125,0.0,3.5806451612903225,118.0,0.0,0.0,0.0545703970791661,33.60576755015027,24.2465146107372,0.0,26.60647405564844,15.486673386384924,0.0,2246.27,51.9
36081066301,2712,26,118586.4452856525,0.0,3.4856230031948883,284.0,0.1354100692018884,1.301375379097408,0.0,30.25349453839505,25.09316573857425,0.0,25.81044631591936,17.40610795881204,0.0,1775.35,48.3
36081066302,0,4,65279.25631043256,0.0,3.12396694214876,114.0,0.0,0.0,0.0,23.297954699692916,71.04026981432354,0.0,0.0,5.661775485983546,0.0,0.0,0.0
36081066401,2241,5,8937.05959832436,0.0,3.142857142857143,87.0,0.216460877968352,0.0,0.2018000529755652,17.583824303999148,54.68372044814089,0.0,2.388590764622656,6.9411303934644355,17.98447315882896,2115.38,32.5
36081066402,3525,15,44853.1678142581,0.0,3.4285714285714284,85.0,0.0342938994262938,1.0937696283022162,0.0,28.4628187618244,41.606568266675666,0.0,18.75607434446772,10.0464750993037,0.0,2144.12,41.5
36081066403,5738,3,36206.67741187661,0.0,3.155555555555555,42.0,0.0,1.045414811297613,0.0,28.88679809314463,33.566683125689494,0.0,19.856382666973037,13.55118485646264,3.0935364464325774,1931.56,34.8
36081066404,0,0,8654.112743757416,0.0,3.1538461538461537,25.0,0.0,0.0,3.365357627499993,11.692158158505473,74.37423808167392,0.0,0.0,2.829680415482025,7.738565716838597,0.0,0.0
36081066501,4003,9,85678.71497679982,0.0,3.3333333333333335,169.0,0.2489982687251618,1.7803761218616887,0.0,33.17103203167673,29.377841388034824,0.0,17.765536424261757,17.656215765439843,0.0,1930.6,43.2
36081066701,2576,16,105266.55231018589,0.0,3.546666666666667,212.0,0.2646849512422282,0.0,0.0,33.87856281471161,24.20537919767046,0.0,26.284992873207603,15.3663801631681,0.0,1992.19,47.3
36081066900,1692,11,89873.62655112529,0.0,3.5217391304347827,108.0,0.7471959586772211,0.0,0.0,34.60191641094098,27.322657930885175,0.0,20.842661731035015,16.485567968461616,0.0,1855.46,38.6
36081067100,2339,16,123789.33053414294,0.0,3.724444444444445,220.0,1.0740228855186094,0.0,0.0,28.665321003154496,25.15381412753556,0.0,25.715293255743084,19.39154872804825,0.0,2332.04,47.5
36081067700,1893,18,133724.70625180434,0.0,3.641975308641975,238.0,0.5118613775891174,0.0,0.0,26.433976682371753,28.07991445009595,0.0,26.68956498766088,18.284682502282287,0.0,1929.1,46.6
36081067900,4303,12,105788.07512972126,0.0,3.526315789473684,258.0,1.472793605769303,2.4247623463859234,0.0,26.856934341424157,29.9595387244439,0.0,21.194640324134134,18.091330657842576,0.0,1510.35,46.3
36081068000,5594,4,92279.74733453208,0.0,3.492842535787321,460.0,0.420683416912082,0.0205773535957778,0.0065333097666594,25.029772950893463,37.954131908390174,0.0,14.029591667776268,22.538709392665577,0.0,2567.5,43.3
36081068200,1091,5,94981.69344004006,0.0,3.3867924528301887,195.0,0.0,0.1893911980410059,2.1798976161685975,28.404509462615557,34.057397290137075,0.0,10.615503923711048,24.55330050932672,0.0,1725.62,40.8
36081068300,4059,18,83062.64486041672,0.0,3.452830188679245,199.0,17.6113622960879,2.452659131405178,0.0,26.092566743919654,16.843945922206792,0.0,14.44601627007614,22.553449636304343,0.0,1649.44,46.3
36081068700,4405,3,79572.9248298816,0.0,3.4545454545454546,193.0,0.4723361061704466,0.9618239171962074,0.0,25.96889878936371,21.54110237333145,0.0,19.66181700753064,31.39402180640755,0.0,1657.56,47.2
36081069000,3756,12,104488.9490760071,0.0,3.7685589519650655,223.0,0.0,0.1418355805466953,2.3770640059864787,29.874502871216052,29.44682040505189,0.0,22.746434634925357,15.41334250227352,0.0,2143.54,36.9
36081069300,2902,15,109666.23314119702,0.0,3.671532846715329,131.0,7.994516481997168,4.14306578879101,0.0,28.72613035592604,14.212747122374878,0.0,22.663518658378923,22.260021592531984,0.0,1098.06,38.8
36081069400,4091,9,62553.08496704488,0.0,3.220183486238532,188.0,0.2088464579751208,0.5401285133389326,0.0639889322945194,21.838951109028184,51.26911432985718,0.0,12.322725400992512,12.04745683851548,1.7087884179980797,2263.31,35.5
36081069500,2363,15,102347.66232217662,0.0,3.233695652173913,158.0,1.9832849057904387,0.130168029299981,0.0,25.465055030250458,27.2776562280982,0.0,21.623223071350967,23.520612735209955,0.0,1761.37,55.1
36081069701,4054,1,72081.04150272653,0.0,3.313953488372093,73.0,0.9763908739736274,0.9380377694292336,0.0,27.62078333389643,23.928517223952255,0.0,23.210646900753645,23.325623897994813,0.0,1971.15,39.3
36081069702,4269,6,102218.37480917384,0.0,3.5323076923076924,304.0,0.6826153572393797,1.35484645338821,0.0,26.24981216427267,37.66906231648239,0.0,21.60923772380932,12.43442598480804,0.0,1778.63,41.9
36081070300,2324,8,98053.2829263371,0.0,3.3789954337899544,208.0,0.93971823959926,0.0,0.0,24.9685044703569,37.63444089365229,0.0,14.20255822575344,22.25477817063813,0.0,2043.27,49.0
36081070700,2504,5,117654.81507212378,0.0,3.5968379446640317,238.0,0.5111603547708586,0.2007699743797559,0.0,19.045797726908283,41.68861917011595,0.0,24.973342111486687,13.580310662338473,0.0,2658.4,47.1
36081070900,2765,10,107909.34099762872,0.0,3.4475806451612905,225.0,0.5417896088607019,0.0,0.0,20.83717599828375,39.21262330834975,0.0,23.967391673828153,15.441019410677642,0.0,2257.21,39.8
36081071100,5759,22,90984.04834867822,0.0,3.2947658402203857,322.0,2.6214609690244495,1.3425283133007988,0.0,21.64631727286973,30.084895925604854,0.0,12.30995218818883,31.99484533101135,0.0,1925.94,45.7
36081071303,5303,14,106506.63458658288,0.0,3.522292993630573,147.0,5.572162984857171,0.0,0.0,22.487674269217543,18.46592787870442,0.0,34.869306551036814,18.604928316184058,0.0,1876.21,43.4
36081071304,6352,2,109058.48589146545,0.0,3.2758620689655173,181.0,0.8103143743125701,1.822444236650178,0.0,23.02884246001192,30.175303698842296,0.0,30.748975231566902,13.41411999861613,0.0,1927.65,49.1
36081071305,6007,9,110263.68900116762,0.0,3.2941176470588234,138.0,0.3382503198413837,4.6045272437730755,0.0,25.028516264151165,22.74977549563656,0.0,24.27288811638115,23.00604256021667,0.0,2277.1,35.4
36081071306,7192,9,115699.18057593433,0.0,3.42,179.0,1.8443493649160552,0.1896425111690155,0.0,27.584108198264577,17.323616227191945,0.0,30.368785414859985,22.689498283598414,0.0,1698.63,41.3
36081071600,0,73,26162.54412116872,0.0,2.8284298544441,2667.0,0.0,0.0,0.0,33.173650549070615,25.36200095825539,0.0,0.0,36.2063269966848,5.258021495989206,0.0,0.0
36081071701,4979,18,88896.42129957934,0.0,3.430167597765363,165.0,13.893401217948297,1.786721453469368,0.0,21.00276692679878,24.540373667837116,0.0,23.56854895190301,15.20818778204344,0.0,1299.35,40.2
36081071702,4448,22,85146.08705818877,0.0,3.202764976958526,197.0,0.4278218128922185,2.902668675258179,0.0,23.978770472024255,19.219715338286225,0.0,14.60896841654826,38.862055284990866,0.0,1691.5,44.0
36081071900,3299,8,102041.18340613676,0.0,3.511111111111111,127.0,0.419882326550819,0.4881062712876098,0.0,30.23383930469021,25.521915793241533,0.0,22.073448554702424,21.262807749527397,0.0,1200.15,39.3
36081072100,5595,5,107979.677005158,0.0,3.531073446327684,161.0,0.2098372405949053,4.73302164676427,0.0,26.4003443738586,26.5607689670302,0.0,26.98381069145709,15.112217080294933,0.0,1941.85,41.1
36081072300,2270,6,92002.81417856403,0.0,3.717868338557994,310.0,0.0,0.5348215742089125,0.0,21.485025540312904,50.32287216363827,0.0,19.382562281046095,8.274718440793826,0.0,3485.58,46.9
36081072900,1406,17,99419.74623336876,0.0,3.7607361963190185,160.0,1.3341587724592103,2.8580249533697035,0.0,29.19615996781707,37.86570632242992,0.0,20.212502816543164,8.533447167380926,0.0,2014.75,47.3
36081073100,1724,12,97392.05719328218,0.0,3.5467625899280577,135.0,0.4829567863976229,0.0593768909048868,0.0,23.38913704830788,40.016129666977,0.0,24.32871617380016,11.723683433612436,0.0,3286.79,44.1
36081073700,2088,12,115736.15917339933,0.0,3.372093023255814,243.0,3.2570035257467715,1.7897323864090129,0.0,17.245703915290335,42.423520908416805,0.0,15.852060103357148,19.431979160779928,0.0,2917.9,47.2
36081073900,5420,35,108174.66681743372,0.0,3.643410852713178,241.0,0.6677381622394892,1.7053678822560023,0.0,26.579411854497017,28.137080175746256,0.0,24.58978157077839,18.320620354482845,0.0,2246.44,43.3
36081074100,3102,11,107896.87798087051,0.0,3.5894736842105264,184.0,0.0,2.2746158174210613,0.0,24.314853035678023,37.51748853400304,0.0,22.34460638409206,13.548436228805809,0.0,1863.35,51.1
36081074300,3953,14,116877.33654870848,0.0,3.3893805309734515,194.0,6.049457047525549,0.0,0.0,22.77630807717785,27.479644510095557,0.0,26.534426928790634,17.160163436410404,0.0,1287.92,42.3
36081074500,4275,12,86735.94014612408,0.0,3.553956834532374,132.0,0.0,2.5017522317603444,0.0,24.38442580245034,27.835225903830725,0.0,17.372501809448156,27.90609425251044,0.0,1216.69,46.2
36081074700,3681,0,91984.72992557607,0.0,3.2614107883817427,217.0,0.0,4.664547641988939,0.0,30.877476577974974,38.18092579416184,0.0,14.232005664819296,12.045044321054938,0.0,1918.63,49.7
36081074900,1620,0,110808.69194174808,0.0,3.3322683706070286,282.0,0.0,0.2370823621401933,0.0,13.126288569839184,66.18189972139157,0.0,14.540725406021084,5.914003940607968,0.0,4313.71,44.6
36081075701,5031,16,95236.45271301328,0.0,3.43956043956044,170.0,3.3743044460382623,0.8965517818813592,0.0,22.390935826234617,28.735529257069263,0.0,27.142713124805265,17.459965563971245,0.0,2256.94,45.7
36081075702,5237,8,88453.99848913569,0.0,3.678571428571429,242.0,0.0,3.085399794261207,0.0,27.85332477622306,35.564658109613696,0.0,21.511642664504667,11.984974655397371,0.0,2409.92,50.2
36081076901,5452,10,81809.00387673365,0.0,3.456,120.0,1.1968107759811513,0.1045775860772875,0.0,19.612853127093462,33.284328730257585,0.0,18.21103976079112,27.590390019799376,0.0,2142.1,47.0
36081076902,1570,7,93722.9752078519,0.0,3.4819277108433737,80.0,2.6350486282317385,1.30158965426963,0.0,24.292337258932132,28.468979812417057,0.0,20.42967192876712,22.872372717382312,0.0,2587.4,32.9
36081077300,2203,17,82148.81212846734,0.0,3.3793103448275863,189.0,0.7369516692061338,0.0,0.0,15.074063686874178,57.79539613621036,0.0,9.7393965053152,16.654192002394126,0.0,2057.0,45.7
36081077500,2144,26,96007.4478626574,0.0,3.560693641618497,163.0,0.6451456398569645,0.9364326355190684,0.0,20.715608554904897,48.46270515725003,0.0,18.56522733965897,10.674880672810074,0.0,1623.6,48.0
36081077902,5643,11,106722.48913162744,0.0,3.2565320665083135,375.0,0.6710355348912256,0.9452443334452452,0.0,23.550345582860707,39.41313097491617,0.0,22.892189961016783,12.528053612869863,0.0,1968.52,32.1
36081077903,3410,9,113001.45415490768,0.0,3.247826086956522,221.0,0.0,0.7915157973305127,0.0,16.565246710652417,52.47337789052204,0.0,16.58799862941779,13.58186097207724,0.0,1864.31,38.7
36081077904,5096,14,116698.65677579172,0.0,3.545673076923077,387.0,1.5402683163029809,0.2236430696042936,0.0,29.02692659202374,30.224953359497224,0.0,22.978023872501662,16.00618479007009,0.0,2063.06,36.1
36081077905,3284,13,101065.8986192311,0.0,3.056603773584906,290.0,0.3208292586756009,1.135995178917428,0.0,18.27310152605829,51.786897515744016,0.0,11.399556095593464,17.083620425011194,0.0,1807.69,40.3
36081077906,3946,13,97985.98760637986,0.0,3.279352226720648,223.0,0.7624517123749294,2.9727082330913883,0.0,25.297572933898262,37.6445158113675,0.0,19.615621540100634,13.70712976916729,0.0,1660.08,34.9
36081077907,3294,5,112382.7879823579,0.0,3.493333333333333,204.0,1.6114823255400286,1.3200259517271542,0.0,23.912637823914675,32.61935879922653,0.0,22.591620117206716,17.94487498238489,0.0,1312.04,29.6
36081077908,3061,3,102217.23811769568,0.0,3.207070707070707,172.0,0.0,2.3294319515653448,0.0,24.65799704011584,41.605422928141856,0.0,17.030992797714273,14.376155282462694,0.0,1524.33,30.3
36081078800,2183,10,96710.77644396567,0.0,3.6666666666666665,154.0,0.1669056873545554,1.5514376028799322,0.0484156319417786,37.02505716270307,25.118810535160836,0.0,19.29529173604336,16.79408164391648,0.0,2029.4,36.4
36081079000,3137,11,93579.4197437512,0.0,3.6830601092896176,178.0,0.2542809940444644,0.825819723284635,0.5732985819092508,30.15383458081143,30.076696869250178,0.0,18.648119358168675,19.467949892531355,0.0,1875.0,38.2
36081079200,2732,4,91221.5482949246,0.0,3.3740458015267176,239.0,2.4231373515120658,0.0,0.0,31.38912096696489,34.56722864314667,0.0,13.332244999184487,18.288268039191895,0.0,1375.19,36.1
36081079300,0,7,52637.4074962818,0.0,2.6947674418604652,264.0,0.0275855222884398,0.0,0.0,6.105780985141325,85.74892448228398,0.0,0.0,8.117709010286262,0.0,0.0,0.0
36081079701,6565,6,120506.3991260758,0.0,3.04375,136.0,1.4918135166899795,2.0728815872719224,0.0,37.51373835586441,22.34061371566609,0.0,24.462030074123657,12.118922750383945,0.0,1195.63,53.0
36081079702,3627,5,99280.50923067862,0.0,3.1142857142857143,248.0,0.3772548352172764,0.0659439085634848,0.0,19.771042583052974,54.00484454247559,0.0,14.792958635606622,10.903920665626712,0.0840348294573416,925.9,44.3
36081079900,3151,9,105168.08489116112,0.0,3.615062761506276,232.0,1.398994343920467,3.2504940402884896,0.0,33.94725346797861,21.017155188567067,0.0,22.89157302609012,17.49452993315525,0.0,941.92,31.7
36081080301,3964,10,97233.22314357218,0.0,3.7560975609756095,242.0,0.7481090972001995,1.0052342651069737,0.0,32.70159339947279,21.095373205582455,0.0,23.479798567060403,20.969891465577177,0.0,1150.33,35.8
36081080302,3616,12,102018.160046997,0.0,3.4908536585365852,310.0,0.0492658710483539,0.1004469302331533,0.0,28.82705470353964,32.74337785962224,0.0,16.478727388931752,21.80112724662487,0.0,1583.81,48.4
36081080900,7864,28,100949.90442137812,0.0,2.80929866036249,1001.0,0.2321430853283832,12.467525719971228,0.0,24.50047648280783,40.778108680589995,0.0,12.371539902786855,9.650206128515697,0.0,1071.46,36.0
36081081400,3997,2,97412.8464469778,0.0,3.672645739910314,218.0,0.1783539572766186,0.2080339953325171,0.0,32.342510148249936,32.95833260315504,0.0,18.152412945737183,16.160356350248705,0.0,2022.67,40.6
36081081800,3739,10,105709.04931003752,0.0,3.62109375,253.0,0.3096597656636189,0.561928237683408,0.0344048930791663,37.80110123953865,27.776533764604068,0.0,18.064007974089986,15.45236412534111,0.0,2508.79,38.7
36081083700,5254,10,84522.58820751555,0.0,3.4008528784648187,446.0,0.2857286439104852,0.2352897816734141,0.0,21.54291505547576,51.8748365322931,0.0,13.342689755408465,12.718540231238764,0.0,1346.69,44.6
36081083800,5291,8,105365.79538609822,0.0,3.7465277777777777,283.0,0.4289418746927427,0.2111185779075789,0.0,35.90662670691684,27.32896734297565,0.0,23.790138857494156,12.33420664001305,0.0,1929.88,44.2
36081084000,6942,10,97779.19916781224,0.0,3.763333333333333,295.0,0.7806762152210867,1.2592536989386078,0.2992629616069521,38.117102165651715,20.451642951246058,0.0,23.93645606949241,15.15560593784318,0.0,1684.88,50.4
36081084500,4460,9,89608.79123007946,0.0,3.2857142857142856,109.0,0.3377712103222743,2.461383442975115,0.0,31.908970211282806,29.3174223545473,0.0,24.301615328876796,11.672837451995706,0.0,568.31,56.2
36081084601,2687,4,104710.87359585289,0.0,3.6346153846153846,206.0,0.0,0.0,0.0,34.57892411002914,30.441122201605378,0.0,21.806731001189277,13.173222687176224,0.0,1974.85,45.1
36081084602,1600,4,58474.23706660359,0.0,3.254180602006689,272.0,0.1787611107647008,0.2713072807252429,0.4122610199077922,28.71329843994796,37.64331813642533,0.0,1.5566112451170906,31.224442767111885,0.0,1768.33,29.7
36081084901,3038,1,89910.61666947216,0.0,3.49685534591195,151.0,14.804428179228896,0.0,7.642559038189621,36.383722817464395,7.163489443981669,0.0,14.863393617134156,19.142406904001284,0.0,1837.52,45.9
36081084902,3774,4,75594.79515301026,0.0,3.6666666666666665,57.0,7.201083063912662,1.0493059561317852,0.0,28.44024005066005,12.992214223707922,0.0,34.85092461466371,15.466232090923883,0.0,786.56,51.1
36081085300,4828,29,88618.65087658125,0.0,3.0308370044052864,184.0,10.97949975216115,4.999835448268725,0.0,27.761007097771536,15.64035042274782,0.0,23.397326686538847,17.221980592511926,0.0,692.02,58.1
36081085500,5807,11,88559.3326309404,0.0,3.526315789473684,88.0,1.3786535288113075,4.862705259424051,0.0,27.307371297174445,21.272188954653696,0.0,27.49694385043181,17.682137109504694,0.0,819.44,46.7
36081085700,5814,7,91618.2387154852,0.0,3.0756302521008405,98.0,1.620508880576169,5.453162927131699,0.0,33.839265318911146,19.783632113328395,0.0,26.340989308144415,12.96244145190818,0.0,1056.04,50.7
36081085900,5586,6,90108.17349809284,0.0,3.474747474747475,96.0,2.6481531715874165,1.5597192450906203,0.1224117710633309,28.67074365403274,24.887420685279185,0.0,29.7066631062814,12.4048883666653,0.0,1162.69,50.9
36081086100,2007,8,95586.02761607486,0.0,3.4504504504504503,106.0,0.0562677439847305,5.385593078993242,0.0,36.97448471549745,23.806562666021495,0.0,20.397661332347617,13.379430463155463,0.0,808.19,52.5
36081086300,7479,4,81125.12193760539,0.0,3.402439024390244,70.0,0.0,5.511161647158284,0.0,30.81755750665374,21.975225422069332,0.0,28.51812369230568,13.17793173181296,0.0,1035.37,49.7
36081086400,2884,20,71207.57104735475,0.0,3.059308072487644,542.0,2.0341704543279944,1.5004894080560482,0.0730387409166839,54.6395346941669,26.761374352365525,0.0,4.4467595716169575,10.115249174429042,0.4293836041208628,2469.19,40.5
36081086500,4679,5,91790.78604058357,0.0,3.147239263803681,134.0,3.2225463803687515,5.809949436609034,0.0,32.47105078753383,24.411576547138612,0.0,21.557482424941515,12.527394423408252,0.0,1258.33,50.9
36081086900,1980,14,91957.99035004004,0.0,3.3015873015873014,459.0,8.67246676973979,1.5430152523235738,12.999165659951242,33.22081129982011,6.203540876916113,0.0,6.7563249451758365,27.6847273965956,2.919947799477722,1835.94,43.2
36081087100,5400,49,82901.43594139593,0.0,3.229468599033817,365.0,9.713133410585597,0.3695839607463507,1.1094522654962995,32.969365729147874,13.599172830574872,0.0,10.637119670961155,25.697137870101788,5.905034262386062,1004.81,37.2
36081088400,8995,37,54259.06869459371,0.0,3.347826086956522,702.0,0.1721501091477316,0.3598071426267383,0.0016212626208099,29.350395498887064,19.974968305562445,0.0,7.531630027129417,13.26174474765186,29.347682906373933,1861.65,51.3
36081088902,6357,10,97018.15164459652,0.0,3.200836820083682,213.0,0.3257015497622476,2.515534572504666,0.0,35.85996296537517,26.37425183864741,0.0,19.726766398521853,15.19778267518864,0.0,1138.46,48.4
36081088903,4707,5,89262.62448486245,0.0,3.089430894308943,216.0,1.345272268856273,0.9965397998785522,0.0,24.224152675548417,37.03972744840394,0.0,13.62676278198831,22.767545025324516,0.0,1026.79,51.5
36081089201,9116,10,95656.63026122614,0.0,3.7383177570093458,1138.0,1.4554965141734575,0.5272209190585058,0.0,36.69799723203933,24.085522043525923,0.0,19.46449916529643,17.699629077394096,0.0696350485122515,2986.37,42.8
36081089202,0,0,7971.210068192568,0.0,2.7586206896551726,25.0,0.0,0.0,0.0,4.394747839536425,60.80201107182995,0.0,0.0,2.4167585614380833,32.386482527195525,0.0,0.0
36081090700,1533,15,53159.22007231153,0.0,3.1172566371681416,809.0,1.011862966242574,1.806053755303346,2.720899421246393,39.830957868664775,27.437673606259853,0.0,0.5882476969422479,10.101975960302166,16.502328725038645,1942.75,45.8
36081091602,16,2,14728.71773785341,0.0,2.7022222222222223,183.0,0.0,0.3805281736966863,0.0,12.189937777243983,37.11312123163628,0.0,0.0,2.6948424001179876,47.62157041730506,0.0,54.3
36081091603,4413,0,29963.87592669554,0.0,3.1294838145231845,1025.0,0.0,0.1247436819878882,0.0,22.768523924561084,6.905326283823241,0.0,6.228355627700005,4.90694285686053,59.06610762506727,2354.67,51.8
36081091604,0,0,2665.5499263273787,0.0,2.92156862745098,41.0,0.0,0.0,0.0,32.6916403880419,26.281187576000764,0.0,0.0,0.5414765383104204,40.48569549764691,0.0,0.0
36081091800,8,6,18061.434572719416,0.0,3.1158536585365852,472.0,0.0,0.0004641714701663,0.0,18.28077364601492,11.96104264645902,0.0,0.0059746149331515,3.2276068354090586,66.52413808571369,0.0,0.0
36081091900,5235,7,54018.00377854427,0.0,3.4363057324840764,290.0,0.3840250233395572,0.4378893716268496,0.6790315896187197,30.468845560917902,12.335374083180932,0.0,4.991800993877575,8.187116232622072,42.5159171448164,2050.23,46.9
36081092200,2338,41,41701.23779817249,0.0,3.672209026128266,398.0,0.0,0.0915476968351183,0.0,17.01785632172371,13.968738259056948,0.0,9.488860150356132,6.938793493218922,52.49420407880916,3378.5,40.5
36081092500,3799,12,110053.98626014798,0.0,3.679442508710802,275.0,1.688797513141252,1.8220800339679677,2.788421156892912,33.26388414630584,21.189769559882443,0.0,24.94534055408629,14.301707035723297,0.0,1232.83,40.6
36081092800,3341,37,34751.228781890764,0.0,3.831746031746032,304.0,0.0,0.2911274981979772,0.0,19.378477905664553,10.08420981878421,0.0,9.369802194998927,6.373394993416315,54.502987588938005,3130.73,49.2
36081092900,7003,11,24262.361074460947,0.0,3.1954765751211633,546.0,0.0840492361592187,0.074809383124646,2.198525474751169,10.897582307060311,7.9116228936661726,0.0,3.3050623293295724,3.3996207671992087,72.12872760870971,2160.08,40.1
36081093401,4231,24,40873.71407795933,0.0,3.786764705882353,265.0,0.1114077199762881,0.3718986026085508,0.0,25.334712220965496,9.186188081489467,0.0,7.316902908609899,6.896202453605218,50.78268801274507,2528.29,41.3
36081093402,4165,22,38873.18480141459,0.0,3.5682819383259914,217.0,0.3960094404236228,0.3163282945497382,0.0,22.244071282059224,6.390087849963054,0.0,10.049441304874891,6.722699569425818,53.88136225870365,2064.83,42.0
36081093800,5001,24,26668.301885290857,0.0,3.2140221402214024,495.0,0.5136340522590201,1.6173271791042598,0.0227236672493551,22.744973800444143,4.4000256764928025,0.0,1.435852462867356,7.655928799939562,61.60953436164351,1568.71,49.6
36081093900,5819,10,37154.042437151315,0.0,3.269320843091335,380.0,0.0,0.0,0.0,17.818100781684503,13.850337539657923,0.0,2.2804347767138347,7.810862438255397,58.24026446368832,1528.29,35.5
36081094201,3533,15,56862.00882122653,0.0,3.382838283828383,274.0,0.6235707854310707,0.9409511761078072,2.0767782558870156,27.86176643906473,7.143251219193734,0.0,11.608539542038011,14.256863130407105,35.48827945187053,1460.88,43.7
36081094202,5623,24,49853.14736557677,0.0,3.3765541740674956,515.0,0.2185516855439368,0.5500895370358478,0.5479699403240976,25.72747456148985,18.48443936278603,0.0,2.9174526993635688,12.764291839341368,38.78973037411531,1092.31,34.2
36081094203,5730,13,30445.359274979357,0.0,3.2407862407862407,374.0,0.4439745071140617,0.2010332294852618,0.0,20.53220468484736,4.2321558851040875,0.0,2.887426145867342,4.577761130925557,67.12544441665632,932.35,53.9
36081094500,3958,16,53245.30640792515,0.0,3.0754060324825985,749.0,2.0434125950525557,0.4933305945801709,0.5619390440319502,20.665240489702427,23.80613157310416,0.0,5.9953242874347445,9.145195036497196,37.2894263795968,1527.04,52.3
36081094700,2773,8,93856.20338907136,0.0,3.5357142857142856,158.0,1.2205792117936154,1.263896064075253,6.313330012449865,33.71722234959283,20.761787632953276,0.0,20.94136251819964,15.781822210935523,0.0,1650.37,36.9
36081095400,7184,17,55333.42134840536,0.0,3.438622754491018,631.0,0.5328043373841225,0.1681922731405022,0.1870419805553401,28.476438805745403,14.220210085159849,0.0,5.652912079077657,9.781898410118025,40.9805020288191,1577.94,32.4
36081096400,6865,19,43532.95773939186,0.0,3.4266365688487586,407.0,0.0664780478738668,0.5260257849125458,0.0252552181114509,25.63977835323224,18.04319957075304,0.0,4.435337820624795,8.453692423318374,42.81023278117369,1719.85,37.4
36081097202,3479,8,14025.771292991594,0.0,3.201219512195122,156.0,0.0,0.0048842089363094,0.0,22.033712732465176,7.823625259564476,0.0,0.4232172069695916,2.7588047837996976,66.95575580826475,432.69,25.0
36081097204,4254,11,99334.23330758704,0.0,3.3736263736263736,255.0,0.4494117441772235,3.0318034582941844,0.4911685117433751,42.385900245522855,23.21881917708837,0.0,9.576710724734248,20.846186138439744,0.0,1407.31,45.6
36081097205,3318,6,81183.47969968128,0.0,3.208,113.0,0.0641344496767452,0.0,0.0,28.798595335070733,45.913976156828646,0.0,11.12247282291409,12.665909008554948,1.4349122269548402,409.52,28.7
36081097206,2635,13,70714.31268386802,0.0,3.370860927152318,138.0,0.0454749564194817,0.936889429889428,0.0,35.666889438048116,40.88625747677064,0.0,8.161844564609467,12.050745994963938,2.251898139298921,666.9,53.4
36081097207,0,0,9095.031119126328,0.0,3.1578947368421053,35.0,0.0,0.0,0.0,4.955944668581231,36.19684260438069,0.0,0.0,2.122259308626925,56.72495341841116,0.0,0.0
36081097300,2116,0,56944.33183394984,0.0,3.26271186440678,218.0,0.1050438615262773,0.0,0.0,20.89508111967952,29.897223153064903,0.0,10.835099430286087,13.582320827462588,24.68523160798061,1654.0,53.3
36081098100,2486,3,26553.015760421153,0.0,3.2639405204460967,233.0,0.3060693700146443,0.2591774227745345,0.3096533939195129,18.09078196476316,14.111639637308636,0.0,4.4319184830680225,5.024488783310646,57.46627094484085,2485.58,45.6
36081098700,2591,9,38617.82195417316,0.0,3.3314917127071824,329.0,0.1787988991155672,0.0798851194700022,0.1866040029000469,24.48239168615372,15.551231896093563,0.0,0.847099039275811,5.852543492695098,52.821445864296194,2025.25,46.5
36081099100,7613,5,65481.33182659316,0.0,3.3203125,586.0,0.0344399250873693,0.0,0.0,19.21430237041513,31.146096306853423,0.0,11.904675475735347,10.525678163230884,27.174807758677822,2120.19,52.7
36081099200,4359,23,47243.14823793273,0.0,3.3587570621468927,321.0,0.1442787846205008,0.3348252632243854,0.0,21.74597981072211,25.860078295584817,0.0,2.6237753037541625,12.77928861333192,36.511773928762096,706.46,33.1
36081099701,2507,11,68913.57567731492,0.0,3.2521008403361344,329.0,0.1680510872341725,0.0,0.0,13.713526215851406,68.48841191791837,0.0,8.92927014027122,8.262512963773057,0.4382276749517664,1795.54,51.9
36081099703,3931,6,69800.4118210078,0.0,3.129277566539924,237.0,0.1808443371843147,0.1869009203858258,0.0,22.60131945829868,45.95332301597944,0.0,14.031426525090469,16.48710950095,0.5590762421112571,2349.77,49.9
36081099704,7118,17,105490.63917927572,0.0,2.9612724757952975,621.0,3.2133155949688708,0.8628192980335557,0.0,31.072705787187772,39.32277514921232,0.0,15.905017488232636,9.534044492782884,0.0893221895819513,1679.29,58.0
36081099705,2813,8,6910.007312184494,0.0,3.0921658986175116,194.0,0.0066532253298861,0.0078540942548971,0.0,3.3790627557507302,3.4181102166482695,0.0,0.1665063937524318,2.273713464210763,90.74809985005304,2255.44,51.2
36081099801,9023,15,110575.66317283886,0.0,3.283367556468173,437.0,0.9961818020736538,3.7998563510607735,0.0,35.518409979029144,23.621132150040925,0.0,17.69089464357124,18.373525074224265,0.0,1351.5,46.3
36081099802,5375,6,28629.32344426436,0.0,3.0179856115107913,236.0,0.063103566196632,0.4831777697146647,0.0,32.38405387097487,8.173635115425817,0.0,4.297071021023929,4.959764536448088,49.639194120216,801.04,50.1
36081099900,0,0,53520.81778219965,0.0,2.8430493273542603,182.0,0.0,6.525346917021803,0.0,20.980226325372257,60.641827899649456,0.0,0.0,7.481942558616635,4.370656299339845,0.0,0.0
36081100801,2911,0,37314.91505367806,0.0,2.964426877470356,209.0,0.0,0.1917996115321823,0.0,16.974739894681008,34.740701811761646,0.0,3.9917864666628167,6.854405336383368,37.24656687897898,2630.77,42.2
36081100803,4732,10,101478.79288959224,0.0,3.45578231292517,281.0,1.6594776159549072,0.0814484351788314,0.0179816772367058,30.489215499593943,29.114923791130895,0.0,18.662146716860036,19.974806264044677,0.0,894.88,34.6
36081100804,5308,0,56943.66584653038,0.0,3.1646706586826348,288.0,0.0,1.3346600223727996,0.0,20.162397600257204,43.08504803351487,0.0,9.74547525593016,7.90493163313056,17.767487454794402,2042.98,32.2
36081101002,6112,5,69034.8802891821,0.0,3.04885993485342,256.0,0.1159165137351055,1.4018511304842058,0.0,22.075770035259744,40.98937099563831,0.0,13.298470004921532,11.545635476970226,10.572985842990878,1484.38,24.6
36081101003,4533,9,91618.0193468563,0.0,3.1837837837837837,159.0,3.1374221456432534,5.311458382824651,0.5293253676157131,34.1375491395871,25.558749730794567,0.0,17.03663354856933,14.288861684965378,0.0,1389.5,38.1
36081101004,6314,10,59710.094965631346,0.0,3.125615763546798,353.0,0.1289609289192327,3.5591089047316444,0.0,37.82824892206832,24.43332876012527,0.0,10.08503845775041,9.682748143655887,14.282565882749244,927.62,43.1
36081101700,6826,18,106846.2900628082,0.0,3.4705882352941178,779.0,0.5895604313159227,0.7969989842633741,0.0147420966642169,24.946068343141153,40.10789598734293,0.0,18.04590011647415,15.498834040798256,0.0,2126.38,49.2
36081102900,3814,10,100797.1514803314,0.0,3.4044117647058822,379.0,0.4864646197499123,1.6966965040158672,0.0,27.44071427654932,37.85661999031176,0.0,15.743928096308393,16.77557651306476,0.0,1980.23,44.5
36081103201,6296,0,80338.91082141243,0.0,3.1616161616161618,267.0,0.62885101931616,0.3274842488103953,0.0,30.03045062242535,33.43284776393007,0.0,17.569513696357664,11.373717487829778,6.6371351613305825,963.9,26.7
36081103202,7864,20,86867.95257466768,0.0,3.280155642023346,464.0,0.8791810555076086,2.99705650583511,1.1995639433780942,28.729238257499706,34.029583373570915,0.0,16.693913011819046,15.471463852389515,0.0,1482.1,27.8
36081103300,4387,5,98026.140256537,0.0,3.672619047619047,326.0,0.1404446841971693,0.0,0.0,28.424144826605485,35.98680253515004,0.0,21.853505240287458,13.59510271375985,0.0,2380.96,49.4
36081103900,6540,19,93830.5953285687,0.0,3.470817120622568,486.0,0.1967454535497589,0.4281812080456429,0.0,26.94075633926278,39.089318032018895,0.0,18.79601330947201,14.548985657650928,0.0,1472.83,40.0
36081104700,6679,11,96728.92082187442,0.0,3.397435897435898,505.0,0.62936088414487,0.9853379326218038,0.0,26.166859145560508,41.24406605825867,0.0,19.52369560903565,11.45068037037852,0.0,1282.37,55.4
36081105900,3641,3,106437.41295337734,0.0,3.69109947643979,378.0,0.1403707493758959,0.5269195129746175,0.0,25.468275786869544,40.07934786298976,0.0,21.410589762493604,12.374496325296576,0.0,2096.15,47.3
36081107201,2294,12,31413.009345913066,0.0,3.111111111111111,318.0,0.0358367895802682,0.1950843729206202,0.0,22.332734980174468,48.52166314633456,0.0,4.2880207153785745,9.291734990993737,15.334925004617766,2141.42,50.6
36081107202,0,2,1631.087262092629,0.0,3.0357142857142856,97.0,7.788034795876598e-06,0.0,0.0,2.2606178359377624,16.546444780662462,0.0,4.219147046676278e-05,0.7614458514800426,80.43144155241446,0.0,0.0
36081108500,2795,10,96123.01517040165,0.0,3.423076923076923,275.0,0.4798254972835554,0.5643355529291323,0.0,27.144866736120683,38.36934548902201,0.0,18.104615382667223,15.337011341977398,0.0,1367.52,53.8
36081109300,2899,5,56833.5593524186,0.0,3.0778523489932885,621.0,0.0161941834481133,0.7878623666087203,0.0,13.39216568974708,38.78137534735375,0.0,9.152248464056422,8.086119735139222,29.784034213646688,2414.15,50.4
36081109700,1900,5,95342.87916615584,0.0,3.148888888888889,376.0,0.1276969664101586,2.5187123732770473,0.0,24.932839151481165,45.04515260792116,0.0,14.050237289378876,13.325361611531592,0.0,2579.71,43.2
36081109900,3398,6,105211.3358538657,0.0,3.6185185185185182,263.0,1.0674549054256466,1.962341137453312,0.0,31.292504494153743,27.490718502574875,0.0,21.930370191754548,16.256610768637888,0.0,1850.96,40.6
36081111300,2714,0,52560.6808005745,0.0,3.084592145015106,270.0,0.0491874173987943,0.372580643846491,0.0434695523510353,15.380855703318254,48.30337972668125,0.0,9.656509606500272,12.608257521717672,13.58575982818625,2767.63,40.2
36081112300,2341,13,108418.67467799818,0.0,3.585657370517928,239.0,3.859135236048157,2.417123046373361,0.0,26.752517941325536,32.453260116241,0.0,18.7188000378437,15.799163622168251,0.0,1792.19,38.1
36081112900,2204,3,104058.62901111132,0.0,3.6536964980544746,252.0,0.3793167953747812,0.0,0.0,20.47891473157416,44.452994366727985,0.0,18.31121567412154,16.377558432201536,0.0,2013.23,48.0
36081113300,1428,1,103622.94390763204,0.0,3.1641791044776117,178.0,0.984928026814482,0.0,0.0,22.239765489904745,42.357600936013505,0.0,19.09686610838165,15.320839438885614,0.0,2136.42,45.4
36081113900,4051,12,102227.84800330104,0.0,3.408805031446541,298.0,0.7637208709162523,2.321739114310689,0.0,22.10673143539683,40.81707707319153,0.0,17.394634649746532,16.596096856438177,0.0,1643.94,41.1
36081114100,2458,3,111423.60373198344,0.0,3.624615384615385,318.0,0.202544160721153,1.6961810102515065,0.0,22.609623310605812,43.98522922442032,0.0,19.210862773302875,12.295559520698328,0.0,2338.06,48.1
36081114700,1854,0,100246.74657652856,0.0,3.6855345911949686,158.0,0.0128641323218424,0.0,0.0,19.9883898552744,49.32157758862996,0.0,19.442608280248557,11.234560143525242,0.0,1964.13,46.3
36081115100,982,0,100947.29334306816,0.0,3.6553672316384183,177.0,0.0,0.1319930251700578,0.0,18.565318918544634,54.6891720691388,0.0,14.97372439583648,9.759235865526986,1.8805557257830283,2087.35,56.0
36081115500,2189,4,102460.75167988767,0.0,3.689922480620155,128.0,0.8736695967478069,0.0,0.0,28.93391319875277,33.12116570601881,0.0,22.772086138760173,14.29916535972046,0.0,2097.37,39.5
36081115700,3136,18,114578.20736152925,0.0,3.682926829268293,279.0,1.5742881177312824,0.3416912424532994,0.0,27.496757145081467,33.384144294670726,0.0,20.565051817493593,16.63806738256963,0.0,1233.71,45.4
36081115900,3888,1,88842.86067140411,0.0,3.5166666666666666,173.0,0.0598044327414427,2.504265972863665,0.0,27.7280342214905,38.04843563056036,0.0,20.16811095030536,11.49134879203868,0.0,1188.0,49.4
36081116100,3624,9,89993.08741233274,0.0,3.2446043165467624,122.0,0.4820490860386031,9.845112517880432,0.0,27.312955318821142,32.090863574813056,0.0,18.884518174021743,11.384501328425026,0.0,834.94,55.0
36081116301,4331,7,87232.44475394089,0.0,3.485148514851485,95.0,5.228550035779006,2.588956550697098,0.0,34.689816450188204,15.81466114570985,0.0,26.041476310125407,15.636539507500428,0.0,1260.12,48.6
36081116302,3687,3,85472.49772519043,0.0,3.554054054054054,68.0,1.1498592076006608,1.6972312927084283,0.0,29.21900922752838,30.45055486907683,0.0,23.415764569237897,14.067580833847805,0.0,1031.37,41.0
36081116700,1892,9,107349.41495398695,0.0,3.364705882352941,154.0,0.996897205179815,4.843058775007682,0.7592445262676245,30.376006592363456,27.22073018101938,0.0,14.697100432905671,21.10696228725636,0.0,1208.79,44.0
36081117100,2525,23,103838.84086373716,0.0,3.5650793650793653,298.0,4.5818568880250625,1.9767797395763755,0.0,26.563109741134063,31.08122759901885,0.0,17.73572415327271,18.06130187897294,0.0,1516.46,45.3
36081117500,4464,17,104002.16509921684,0.0,3.4849246231155777,373.0,0.8416714381930948,0.4192257493665671,0.304828615780142,26.084358881934595,34.690254391333255,0.0,19.65486183445112,18.004799088941216,0.0,1501.88,36.5
36081118100,1952,7,108643.1503481004,0.0,3.4166666666666665,155.0,2.3497585838273376,0.1497772632094797,0.0881593877512576,29.400974779704285,33.03320549112462,0.0,21.332680880820707,13.645443613562334,0.0,1933.38,37.5
36081118500,1999,13,107774.71190911403,0.0,3.8368794326241136,139.0,0.6407797975370434,1.277527241823731,0.1148006112119514,32.683678314290006,24.545248972317864,0.0,23.362361624755653,17.375603438063752,0.0,1293.79,41.7
36081118700,2507,5,97686.65841059588,0.0,3.73109243697479,116.0,0.0,1.964428589390263,0.0,28.34780466652854,37.063734019402276,0.0,21.249094069354207,11.374938655324716,0.0,1378.02,47.2
36081118900,2100,6,102279.07936026232,0.0,3.7,126.0,0.3000783611871184,0.4878318523360185,0.0,29.87156092545092,32.005258138255726,0.0,23.70642426567601,13.6288464570942,0.0,1085.5,44.8
36081119100,3222,8,89526.36097946748,0.0,3.7154471544715446,119.0,0.8954091922501444,0.2240001381537175,0.1433600884183792,34.985293608144225,21.88371793290492,0.0,28.093667246974,13.774551793154629,0.0,1314.52,52.4
36081119300,2534,1,84810.87109515838,0.0,3.7211538461538463,99.0,0.2447336097441338,1.0088921459992537,0.0,30.072479930358423,32.89901445772749,0.0,24.5902371130458,11.184642743124908,0.0,1043.71,45.3
36081119500,1363,4,98875.96539874328,0.0,3.42156862745098,100.0,0.2206165950657145,1.2882720879749752,0.0,24.869650701707865,44.408385650718806,0.0,19.19795948221188,10.015115482320764,0.0,1807.88,42.0
36081119900,1681,5,102383.74436935985,0.0,3.77319587628866,96.0,0.0,0.0638868523961544,0.0,28.55595455362928,36.91418245560337,0.0,23.47596365546839,10.990012482902802,0.0,2375.37,46.4
36081120100,1546,6,106247.41334875317,0.0,3.487603305785124,119.0,0.4565140994536735,2.271822190623003,0.0,33.243977893949804,29.6656356352265,0.0,20.526761606869503,13.835288573877518,0.0,1656.25,50.2
36081120300,1551,2,114123.74315575942,0.0,3.4489795918367347,140.0,0.0,0.2863492248002153,0.0,25.46315045453301,42.55872352803006,0.0,20.197324405477858,11.494452387158866,0.0,1173.08,42.8
36081120500,2669,8,96151.8924232452,0.0,3.4859154929577465,133.0,1.9851012600219584,2.4571560131344827,0.0,38.01082531790899,22.801796514706393,0.0,21.15800546503005,13.587115429198112,0.0,510.83,45.2
36081120701,3132,5,92508.02272361124,0.0,3.3587443946188342,213.0,0.1417074631808913,0.4051163035913478,0.089971891396914,29.50530799255927,38.92942146160246,0.0,17.405662434573106,13.522812453096014,0.0,2225.96,52.4
36081120702,0,5,67548.82699030136,0.0,3.169811320754717,159.0,0.0,0.0,0.0,3.3337057187638837,84.9059194808675,0.0,0.0,11.760374800368623,0.0,0.0,0.0
36081121100,0,3,40734.2082476335,0.0,3.080971659919028,230.0,0.0,0.0,0.0,6.093442191170207,88.41571983006875,0.0,0.0,2.432783968324685,3.0580540104363747,0.0,0.0
36081121500,4420,13,77306.90359710141,0.0,3.2641509433962264,289.0,0.561400139697946,0.4886568970664613,0.0,20.230632608252535,50.45050978100078,0.0,12.897199225145105,15.371601348837173,0.0,1777.15,40.9
36081122300,3166,4,37227.943624419335,0.0,3.26056338028169,118.0,0.5295112310024864,1.0480143004020317,0.1645875642148203,25.82956927559948,38.58471150814917,0.0,20.00128233411391,13.842323786518111,0.0,1852.17,45.7
36081122702,6209,19,91096.76016480246,0.0,3.20873786407767,374.0,2.197613998235713,0.4232365886583527,0.0,28.850076414606924,39.69355505379162,0.0,14.856459034450864,13.979058910256525,0.0,503.1,37.5
36081122703,5896,15,104146.60883184423,0.0,2.992156862745098,424.0,0.9363026974164425,0.1269711666892377,0.0,28.207282099719652,40.0060720575799,0.0,18.259082854329165,12.464289124265589,0.0,1309.4,49.5
36081122704,5015,10,104775.57832649875,0.0,3.2184873949579833,210.0,0.7543342609204944,0.9242489815528032,0.0,29.140653979127222,33.08611741874774,0.0,22.168422857014775,13.926222502636964,0.0,1582.54,44.1
36081124100,3822,16,104908.60881730668,0.0,3.713527851458886,375.0,0.4805129466668988,0.4282393284854137,0.0,24.444278175880772,40.04680065003281,0.0,21.205223069426633,13.394945829507478,0.0,1856.92,46.0
36081124700,3911,18,100983.25050170843,0.0,3.611111111111111,375.0,0.3227596423933151,0.6341090550958632,0.0,25.75987101037436,36.76450295309379,0.0,21.372595880841875,15.146161458200794,0.0,2284.87,40.2
36081125700,3162,11,114043.29735969464,0.0,3.7903225806451615,307.0,0.9829623015039928,3.541961689625041,0.0,27.775858671765057,36.618104573444825,0.0,18.44602517837109,12.635087585289993,0.0,2060.1,49.0
36081126500,2085,11,99140.24583831326,0.0,3.5164835164835164,172.0,2.1683625080425517,0.8857174001893144,0.0,30.17359320236903,29.26402317328287,0.0,20.399793214108424,17.108510502007803,0.0,2812.5,35.5
36081126700,4332,20,92062.1373026432,0.0,3.1446540880503147,557.0,0.1601090729759199,13.652294326531724,0.0,33.38886938773821,36.39056264383224,0.0,5.067017499317932,11.341147069603965,0.0,1884.62,20.2
36081127700,2980,24,82543.67254962862,0.0,3.529527559055118,484.0,0.3934139355633856,0.5434457650806621,0.0,19.81707704563207,53.23240877352321,0.0,15.567386339458697,10.446268140741983,0.0,2299.83,52.8
36081128300,0,20,31557.239081003892,0.0,3.180392156862745,235.0,0.0,0.0,0.0,6.9094151027808515,84.06169558972427,0.0,0.0,9.023681979797027,0.0052073276978501,0.0,0.0
36081129102,3807,13,46335.57104660223,0.0,3.0236220472440944,211.0,0.189110626831111,0.2062066958820969,0.0,13.526203748380572,58.9820146044375,0.0,12.698751707339968,14.397204730313543,0.0005078868151997,2889.67,40.8
36081129103,4179,9,49395.00844639461,0.0,2.8106508875739644,132.0,0.7344927775991477,0.5405682819884794,0.0,20.459495596696215,53.557912518809715,0.0,13.011395536977217,11.696135287929216,0.0,1526.29,47.3
36081129104,4192,19,55874.9791268089,0.0,2.8659420289855073,230.0,0.1363744179441903,0.7042539594166216,0.0,17.741165782744996,53.83509466568727,0.0,17.875586448495437,9.70752472571148,0.0,2448.13,42.1
36081130100,4044,20,79096.82962809238,0.0,3.091666666666667,427.0,0.8896839844341207,1.9386340105384208,0.0,23.34922317025433,45.77658050044297,0.0,14.098414033699544,13.947464300630616,0.0,1824.12,56.8
36081133300,3886,26,84200.57432278187,0.0,3.7291666666666665,335.0,0.6137776675738232,0.1276117410786515,0.0,22.785056928791334,44.91167532401115,0.0,18.891016461745988,12.67086187679905,0.0,2665.42,41.1
36081133900,1429,5,85903.87667258765,0.0,3.5892857142857144,112.0,0.826033457557877,0.1451390086157065,0.0,26.86131394814323,36.28417896115861,0.0,19.984974106694025,15.898360517830564,0.0,2498.73,50.6
36081134100,2857,25,46706.54256912873,0.0,3.388185654008439,221.0,1.0388785049435063,0.7632577786542372,0.0288613300922161,26.08096763667951,38.557598465395856,0.0,16.91068430829245,16.619751975942215,0.0,1135.25,53.9
36081134701,4809,17,93391.69596322456,0.0,3.1861702127659575,353.0,3.296686424472997,0.0524835860887149,0.0,22.737968913291574,49.59861111145766,0.0,12.695023599360765,11.619226365328286,0.0,1771.63,36.8
36081134702,4532,13,84889.78057477894,0.0,3.0927152317880795,418.0,0.3262417821849541,1.5867851925101908,0.0,14.3885606382717,60.917534659464394,0.0,11.57739549161246,11.203482235956304,0.0,1615.98,38.0
36081136700,5903,23,51398.904874886546,0.0,2.9038461538461537,213.0,0.5706727616651704,1.206596845769565,0.0,19.57596400656417,48.998511950172045,0.0,17.47570716881226,12.172547267016778,0.0,1579.6,50.9
36081137700,6759,13,63208.4536643947,0.0,2.9067055393586005,286.0,0.6143604706409946,0.390382196201592,0.0,23.94757479113843,42.698308705399455,0.0,19.17471870237449,13.174655134245045,0.0,1906.54,47.9
36081138501,4189,7,80040.11096198396,0.0,3.0748663101604277,494.0,0.0,4.579973767008192,0.0,20.28179213562168,48.364656615910114,0.0,12.243893739858692,10.901729101508757,3.6279546400925726,1771.77,39.2
36081138502,92,9,32678.31298809412,0.0,3.101092896174863,348.0,0.0,0.0,0.0,3.360263689210775,85.6235684779856,0.0,0.0,8.442327565632851,2.5738402671707687,0.0,22.9
36081139900,1547,5,89987.97400166457,0.0,3.5806451612903225,243.0,0.1472260107823388,1.253105373065291,0.0,23.02287976004305,41.75279629740093,0.0,17.53186358868548,16.292128970022908,0.0,2461.54,48.9
36081140300,2214,0,56505.518449318784,0.0,3.5245901639344264,113.0,0.1698411993406804,0.2527869013442685,0.0,21.306003545166387,42.276364790809176,0.0,18.223257625685644,17.771745937653854,0.0,1381.58,53.4
36081140901,930,3,77904.80622499698,0.0,3.803149606299213,127.0,0.2286871026150208,1.1348062571612736,0.0,22.071520125383177,41.99565046208146,0.0,13.82936373648991,20.739972316269174,0.0,2505.4,46.1
36081140902,2505,14,100259.36976878592,0.0,3.555240793201133,347.0,0.9091157632287042,0.296518960566716,0.0,22.790221462185556,44.252448484196435,0.0,15.408789162328626,16.34290616749396,0.0,2311.69,49.0
36081141700,4300,27,108439.3029282924,0.0,3.5265423242467717,673.0,0.5507694417281985,2.2028845858274546,0.0203348510883588,26.342337133484104,38.76721846726957,0.0,16.46333607020651,15.653119450395796,0.0,1466.83,47.7
36081142900,3678,23,109216.9171930198,0.0,3.675392670157068,375.0,0.2538525276560642,0.0604043543203784,0.0,24.99806790728399,38.4876676002965,0.0,22.36209715414989,13.837910456293187,0.0,1939.69,48.3
36081143500,2343,4,74105.2756723792,0.0,3.5588235294117645,163.0,0.2929560088547752,0.382740197133819,0.0,23.66335924716723,42.03085766932465,0.0,19.464716760667844,14.165370116851689,0.0,2343.75,36.4
36081144100,3002,7,117163.06736338673,0.0,3.510703363914373,313.0,0.1309137104323308,0.1481043996810206,0.0,19.350866625627592,46.063896003745626,0.0,20.78270580654885,13.52351345396458,0.0,2142.5,46.3
36081144700,3470,14,101301.8383377523,0.0,3.3679525222551927,309.0,2.7591580205471167,2.90474273494871,0.0519845097565819,27.143133371624888,35.811869163781786,0.0,15.634713853242316,15.69439834609859,0.0,1822.42,38.8
36081145101,1103,8,104565.8896051644,0.0,3.5247524752475248,189.0,1.7392187346824175,2.011631617533391,0.0,29.396468541288417,33.7208993848771,0.0,18.15820989645124,14.973571825167426,0.0,1368.35,50.6
36081145102,2361,16,106920.41557087256,0.0,3.664451827242525,292.0,0.4991385100621825,0.1734627869502556,0.0587733771293694,25.24808873168754,37.72575511470061,0.0,17.693837280616922,18.60094419885312,0.0,1798.52,51.3
36081145900,2781,17,103001.6323610646,0.0,3.4980392156862745,249.0,1.4432954230343955,0.1810001784592921,0.0,29.378519250390923,31.85462568494502,0.0,22.0745555146722,15.06800394849817,0.0,2422.35,48.4
36081146300,2934,8,104134.2119917963,0.0,3.529780564263323,293.0,2.178796125540999,2.0834246755657144,0.0,25.2986232339561,34.50960056015477,0.0,16.196538168206974,19.733017236575453,0.0,1677.77,40.6
36081146700,2762,13,101257.62333454496,0.0,3.3463541666666665,345.0,4.030518266819799,0.2572916984066316,0.5146929250130493,21.70703497786965,36.0957175378952,0.0,17.015345236298383,20.379399357697295,0.0,2048.81,44.9
36081147100,3810,16,107294.75557320152,0.0,3.501165501165501,397.0,2.8517468781026447,0.4953561281915986,0.1149713666984454,25.00636112006032,37.21565085178265,0.0,17.405410025624843,16.910503629539498,0.0,2050.29,40.5
36081147900,4249,13,45596.95691756458,0.0,3.0573248407643314,266.0,0.7801954575955733,0.684057794040012,0.0,21.718341491711634,55.7607454926104,0.0,10.65694431601588,9.854041120601426,0.5456743274250668,1770.1,52.5
36081148300,2974,4,46129.097785210426,0.0,3.3386666666666667,684.0,0.0207270260864486,0.1240737616165165,0.0,8.663894452247927,37.518457571185245,0.0,4.441210903112107,4.780983640470058,44.45065264528171,3432.87,59.0
36081150701,3123,6,51811.8059674207,0.0,3.281967213114754,278.0,0.8989784683931681,1.0384510230931938,0.0,19.41323388597025,51.190268627315774,0.0,14.199972135450464,13.259095859777142,0.0,3055.29,48.4
36081150702,3134,7,62519.689164814205,0.0,3.2373737373737375,370.0,0.7390226791133059,0.8966568068880784,0.0,20.19344620482056,48.87805926175163,0.0,14.748348912347534,14.544466135078874,0.0,2064.9,50.3
36081152901,5613,2,25586.915209028677,0.0,2.751152073732719,167.0,1.2676556968399553,2.7237967519073427,0.0,14.759347569635732,59.43146798238772,0.0,10.022465177432082,11.112604555439486,0.6826622663576855,1940.56,51.5
36081152902,6530,7,90621.90467255868,0.0,3.088098918083462,560.0,0.293315669096406,0.8830786917794702,0.749504538263927,20.053753994668615,46.60049450867355,0.0,16.058901649315946,15.360950948202088,0.0,2496.77,50.8
36081155101,2174,0,45450.750848024014,0.0,2.7079646017699117,91.0,0.0,0.0,0.0,12.523354139848765,78.08307744724493,0.0,2.21411633328316,7.112424116602471,0.0670279630206923,1729.44,78.8
36081155103,4328,8,85370.79227576136,0.0,2.8204225352112675,461.0,0.0,1.4030574264785756,0.0,20.27430208288325,52.18854885970675,0.0,13.81395396797136,12.320137662960065,0.0,2202.42,44.7
36081155104,3239,12,84089.25766668552,0.0,3.02135231316726,485.0,2.189197022197841,6.7252207906768975,0.0,24.157661406598784,40.04081971594448,0.0,13.041596028336444,13.845505036245536,0.0,1709.27,49.5
36081156700,1751,16,38662.79445910684,0.0,2.898591549295775,302.0,0.0071536112286013,8.149217711196325,0.0,19.285528307352248,58.62159711561023,0.0,0.2565757165894391,13.662726584847096,0.0172009531760517,1148.5,47.2
36081157101,8073,24,64273.40346946549,0.0,3.3231441048034935,414.0,0.4202771997371883,0.8385947673028789,0.0,23.290595118728117,43.33295530766603,0.0,17.062515187195597,15.055062419370191,0.0,1741.83,54.6
36081157102,1840,4,55385.32246990459,0.0,3.35,95.0,0.1786391649371609,0.1728487324017038,0.0,19.67437042045109,47.47472440316265,0.0,15.261981312690144,17.237435966357243,0.0,2274.04,51.1
36081157901,5064,17,53893.35818492423,0.0,3.550185873605948,254.0,0.3771931596406648,0.1471544845799914,0.0,21.461259491627512,47.45278227661014,0.0,18.15786464529322,12.40374594224848,0.0,2568.12,56.5
36081157902,3681,7,44334.351199520344,0.0,3.511764705882353,157.0,0.638874939340552,1.6975626390586382,0.0,23.446024270616658,42.87601906412456,0.0,18.521190050756,12.820329036103594,0.0,2060.63,57.6
36081157903,3671,12,38078.09564115453,0.0,3.3984375,117.0,0.5806355835696706,0.4122111906073792,0.0,25.663427749386184,40.97724587918282,0.0,19.017754241862537,13.34872535539141,0.0,2452.56,43.0
36081161700,4843,8,50960.075678507594,0.0,3.371859296482412,187.0,1.263127423876041,0.7536600005427406,0.5207718670152742,27.635135217710147,37.82552188586251,0.0,17.600296987805958,14.401486617187311,0.0,2301.69,48.7
36081162100,6340,4,45001.7247636888,0.0,3.3233830845771144,193.0,0.4299981509081273,0.7403589864178235,0.0,27.04997060721581,39.916821548853235,0.0,18.444606414696008,13.418244291908982,0.0,2328.87,37.7
36081990100,0,0,,,,,0.0,0.0,0.0,0.0,0.0,0.0,0.0,0.0,100.0,0.0,0.0
36085000300,1889,33,16436.620556938335,0.0,3.0454545454545454,422.0,0.7937802275633825,0.3363757872618569,0.0166797475110934,5.460298870623122,2.6581906226618996,0.0,0.796469284321701,5.633576117332163,84.30462934272478,1499.63,38.7
36085000600,2568,17,20395.927592196254,0.0,2.8552631578947367,427.0,0.5093133628850303,0.510553044124395,0.2543289963635324,8.933689531601539,9.02028577222371,0.0,1.00474580603633,4.382660683787527,75.38442280297794,663.31,52.3
36085000700,5482,20,35424.34632676818,0.0,3.0979827089337175,299.0,0.149378509843729,0.9598548546868052,0.0933545670598011,16.168796926944456,18.051177364145538,0.0,3.6223849870639113,6.692421602218471,54.2626311880373,1015.63,29.5
36085000800,5178,11,89080.1753859174,0.0,3.0993265993265995,520.0,0.6292250853755191,1.0542944456164296,0.4658722516788389,34.20727944662868,34.24381268999679,0.0,13.94335512706443,15.456160953639316,0.0,1758.42,46.2
36085000900,2209,6,94765.94860341768,0.0,3.1144278606965172,181.0,0.0686201321266497,1.7763911179654512,0.0,18.331336540492437,51.074004070019704,0.0,17.313640377708015,11.43600776168774,0.0,1273.23,36.0
36085001100,4852,6,94058.8363873334,0.0,3.3454545454545452,211.0,0.1004843015398224,2.0585085630556614,0.0732955209327635,22.98257783978283,39.565626575693955,0.0,20.595269850307268,14.6242373486877,0.0,1103.23,30.0
36085001700,1638,8,71333.35983416697,0.0,3.0672268907563027,106.0,0.0151529478776171,0.108112440383453,0.0,16.381796049874506,62.67704864110298,0.0,11.93857288884981,8.87931703191164,0.0,1230.88,46.7
36085001800,449,11,23567.931455325797,0.0,2.7946902654867256,440.0,0.0,2.485131192297118,0.0,8.111953526002049,22.840689797654445,0.0,0.0,6.769967778330883,59.79225770571551,1293.71,26.7
36085002001,2904,5,68183.0503709907,0.0,2.8372093023255816,270.0,0.0,0.1279791100012443,0.0,21.593064576470688,44.86940094219334,0.0,8.143909194346499,25.26564617698824,0.0,1338.85,53.4
36085002002,2727,13,86271.28925287383,0.0,3.003338898163606,509.0,1.5510995960139329,2.9868441376886787,0.0,22.517598788627907,44.93914880306211,0.0,9.410636812195593,18.59467186241177,0.0,1281.56,49.0
36085002100,5623,41,30518.622680484987,0.0,3.210583153347732,837.0,0.330160565464811,0.2457776149831195,0.0864039167345823,14.155499574744953,7.965522359294226,0.0,1.4440729086175064,5.6973292691862065,70.0752337909746,897.44,35.4
36085002700,2627,5,86814.11261284359,0.0,3.110526315789474,164.0,0.235266995679879,7.961493686782476,0.3775716376064059,30.43564040743295,39.797210015587254,0.0,6.601781435519106,14.591035821391934,0.0,881.69,42.1
36085002900,5495,12,93470.9622612579,0.0,3.1641791044776117,363.0,0.3376938796235152,2.6341069831704975,0.212569803329007,25.802149778655668,41.619983107885616,0.0,14.963767921187552,14.429728526148144,0.0,965.17,33.4
36085003300,3821,14,61219.377053725584,0.0,2.812169312169312,297.0,0.0140904647414855,0.5738219161482331,0.0,15.88922640817219,67.29887384327361,0.0,8.439243749600703,7.784743618063791,0.0,1833.02,34.9
36085003600,2615,0,73149.62429398585,0.0,2.992063492063492,209.0,0.4711283984834972,0.3403427681210743,0.0934555134982729,27.88797859639617,40.576780871727145,0.0,12.93391193390175,17.54468583600144,0.1517160818706485,1710.17,35.0
36085003900,2215,11,71625.0069818613,0.0,2.730434782608695,267.0,0.0,3.3446649670618105,0.0,15.895033149177154,68.49459970074774,0.0,6.099991982870775,6.165710200142508,0.0,1994.27,38.8
36085004001,2787,2,90697.34654659969,0.0,3.1127450980392157,179.0,0.1914579460449826,0.5990734611486783,0.8728458646906577,22.161083429778003,44.842460584755074,0.0,15.129678188582725,16.203400524999875,0.0,1153.12,56.1
36085004002,2411,0,60902.294155222226,0.0,2.7637362637362637,135.0,0.0,0.0564333963525706,0.6639945133212972,27.10502173588399,38.6556267843007,0.0,10.575412914572029,17.34469057222697,5.5988200833424475,1437.67,46.3
36085004003,3517,2,107683.3941119975,0.0,3.04,154.0,5.41045732894198,0.0,0.0,35.19854515898852,28.694001985427853,0.0,17.742958541389346,12.954036985252296,0.0,478.77,32.2
36085004004,3834,2,90382.38557787638,0.0,3.0952380952380953,310.0,0.4270257981580924,1.358040005358987,0.0,25.80254417641284,36.67208897732043,0.0,10.711968809618453,25.02833223313121,0.0,2317.25,37.2
36085004700,2941,12,61427.34474154028,0.0,2.856,410.0,0.0934634829181813,3.6855604536579794,0.0057624840253672,17.91868031899341,62.27210348421862,0.0,4.689161051555028,11.33321338461442,0.0020553400169984,2091.35,34.9
36085005000,4669,10,76124.45587237271,0.0,2.9774305555555554,476.0,0.8551986138776244,1.1456153805117004,0.1336308975699879,22.717828653402673,39.891086198293735,0.0,12.36060802435809,15.48711471530606,7.40891751668012,1440.19,42.5
36085005901,3062,10,28740.32070360824,0.0,2.892018779342723,172.0,0.1896367951310107,0.0761418719385249,0.0,12.458301942361269,70.61531140541777,0.0,8.651206810344569,7.415718442889601,0.5936827319172551,1843.52,36.1
36085005902,0,6,49791.17340623684,0.0,3.16,173.0,0.0,0.0,0.0,5.458317921195361,49.72480921822985,0.0,0.0,2.7043061629523613,42.112566697622455,0.0,0.0
36085006400,3425,12,89977.89233165911,0.0,2.975346687211094,541.0,1.639457100853462,0.9775058847546588,0.1941172056304591,24.09107465521467,41.5740496130154,0.0,13.707084980767108,16.125062835550057,1.6916477242142005,1306.65,41.4
36085006700,3069,13,82478.47867965748,0.0,3.051242236024845,573.0,0.2528932223128189,3.821792920003836,0.0,16.599909897325162,63.39424225270565,0.0,7.664436857769815,7.859280195358027,0.4074446545246839,1873.69,39.2
36085007001,2739,6,102097.14911181576,0.0,3.1551362683438153,409.0,2.4994745094961055,0.0,0.0153858785331869,29.05816303005889,33.21713600748949,0.0,16.86314487302503,18.3466957013973,0.0,1510.73,49.1
36085007002,5914,18,43562.74894116992,0.0,2.945558739255014,887.0,0.0519425582390001,2.02581120438932,0.0023495835796234,22.2696300553832,37.631871126972726,0.0,2.8533063437093693,6.57858795120103,28.58650117652573,1895.65,44.6
36085007400,4854,14,48416.29188520359,0.0,3.0096385542168673,358.0,0.2038631587746766,0.2087604139305113,0.0310479575239195,20.625606869701837,16.290480008921506,0.0,8.923296476005525,8.290115335955212,45.42682977918681,1513.48,46.8
36085007500,3150,21,78829.81644712214,0.0,3.1302681992337167,230.0,1.5157970542661572,1.216579008496825,0.0,23.67800042399049,46.306532647543136,0.0,14.633490783901095,12.649600081802284,0.0,1561.54,39.5
36085007700,1793,8,77409.92560833904,0.0,2.961038961038961,128.0,0.2180785284015371,0.3025607043936328,0.0367604405028897,17.27578227497506,59.03065195094157,0.0,11.849070763988433,11.287095336796888,0.0,1730.02,31.6
36085008100,4784,13,63730.34212716781,0.0,3.042222222222222,382.0,0.0594808286046644,0.7604671194969093,0.4335768735512978,19.546970417872135,37.567105666850686,0.0,8.849283103609595,8.91845371842739,23.864662271587324,1755.27,49.9
36085009601,4326,10,85862.30678883071,0.0,2.8840070298769773,457.0,1.4668394464988808,2.1066515820321987,0.0053509057201732,24.872338481973745,45.19485388018629,0.0,12.825507826383504,13.528457877205204,0.0,2032.12,43.2
36085009602,3800,9,95582.78996615748,0.0,3.211320754716981,468.0,1.3048440434695825,0.8836906834102004,0.0,27.23493650745285,39.69558556102238,0.0,16.340849968665605,14.540093235979391,0.0,1719.08,39.2
36085009701,4523,3,56400.77033283928,0.0,2.969574036511156,418.0,0.027278542638558,0.0467783349999715,0.7310842417336508,16.22674296269835,28.110200597051445,0.0,7.074529026564096,9.349863228927086,38.43352306538685,1942.23,33.4
36085009702,40,4,55087.2882777334,0.0,2.7250755287009065,265.0,0.0,2.846786817020938,0.0,6.919049481568079,59.92442368050723,0.0,0.0064826916320403,4.131579435014757,26.171677894256945,0.0,64.8
36085010500,5637,25,90769.97636818852,0.0,3.127692307692308,568.0,0.919325730228867,2.2649451605898268,0.081832978687308,25.347520946463018,43.09732496739172,0.0,15.492751386380348,12.796298830258914,0.0,1857.83,36.7
36085011201,5411,14,45690.02279715139,0.0,2.9486486486486485,599.0,0.2583901568461086,0.1204056711502333,0.0,23.950882393942713,36.41250260316915,0.0,3.5229124539282104,9.165867478814244,26.569039242149326,1776.67,38.5
36085011203,7029,20,91615.19075570712,0.0,3.020293122886133,741.0,1.5978456979094957,1.6593496134339547,0.0352190544785644,30.942301016668896,33.32176399017375,0.0,15.237199001811554,17.15218535011019,0.0541362754135906,1402.6,42.1
36085011204,75,2,15014.390616418375,0.0,2.808333333333333,194.0,0.0,0.8929735030366401,0.0,18.114191137355025,37.66215598365424,0.0,0.0123323192801847,2.1366980274198935,41.181649029254025,0.0,30.6
36085011401,2918,5,90069.20434941722,0.0,3.020242914979757,426.0,1.1331812342338885,0.0540821927252266,0.0,24.37503717407867,49.73575874648659,0.0,9.721921162046998,14.6310900176287,0.3489294727999202,978.42,46.6
36085011402,3192,11,93500.364571014,0.0,3.258771929824561,427.0,1.2775222149917125,0.432269131685956,0.0,26.37646447481392,38.13551487908422,0.0,16.785281574010092,16.99294772541412,0.0,2135.73,41.0
36085012100,3134,6,97369.95582694384,0.0,3.0596252129471893,501.0,0.8640152733782867,0.7572279804440443,0.0,21.597932706107365,47.265777019283064,0.0,17.206523935444768,12.30852308534248,0.0,3898.06,44.6
36085012200,4783,16,94666.59484847097,0.0,3.343434343434343,663.0,1.7649593663812164,0.6807704420144448,0.0205534774700729,21.423541702749535,49.17270111090608,0.0,15.884160585743995,11.053313314734654,0.0,2458.15,33.6
36085012500,3229,11,84105.19305203346,0.0,3.098976109215017,259.0,0.4477450655677353,0.8247335048553052,0.3702323938187628,21.774660046346515,49.16099548831046,0.0,17.21225470465677,10.20937879644444,0.0,2653.85,36.6
36085012804,4820,7,64544.418283163024,0.0,2.9762569832402233,617.0,2.693205410851631,0.4500660907055829,0.0,31.617994731490583,20.03890885203627,0.0,7.938037931387066,7.791697140752788,29.470089842776073,1877.38,43.7
36085012805,2384,4,29274.4911689604,0.0,2.7851239669421486,185.0,0.0,0.0303923435484326,0.0,17.280629131770333,43.87504690889878,0.0,1.8824201456096832,7.869696489779113,29.06181498039366,2586.77,43.3
36085012806,6075,6,44464.71636751924,0.0,2.946064139941691,580.0,0.5917659316235715,0.0312908587512057,0.0,19.974636630814132,36.39083763274447,0.0,4.572556280725143,6.014074112876941,32.42483855246453,1304.94,42.3
36085013201,1657,7,77738.89572645219,0.0,3.0151975683890577,277.0,0.1801378503941675,3.516304056380496,0.0,20.50413484818866,50.76116613668108,0.0,11.738427901659325,13.299829206696272,0.0,2251.6,47.0
36085013203,7305,7,78020.8970404212,0.0,3.0803418803418805,511.0,0.1943867329715706,1.062727383835946,0.0,23.04430536156877,46.81713921318904,0.0,15.512228154098189,12.799758678059272,0.5694544762771954,1975.96,41.2
36085013204,4948,10,92424.6301135844,0.0,3.0251046025104604,608.0,0.3306212173957432,0.6778762761161196,0.0,19.97164268045642,49.316670032382845,0.0,13.79614671015842,15.90704308349046,0.0,2085.52,45.9
36085013301,1176,4,129824.9128403582,0.0,3.094736842105263,88.0,0.0,0.0,0.0,15.170566938220007,56.170252196132495,0.0,18.94853657835668,9.710644287290824,0.0,648.17,34.2
36085013302,3216,12,72787.50289498037,0.0,2.9924528301886792,436.0,1.1590984628390544,0.8221858294407703,2.33548709244805,36.8104049854289,30.63074875369529,0.0,9.305496491589944,18.69457709859303,0.2420012859649531,1770.58,31.1
36085013400,3868,18,99730.09305287826,0.0,3.2249388753056234,757.0,1.4967766762816292,1.1348912912672484,0.0165442685998756,24.21111840637519,43.064077548879425,0.0,15.269388511088517,14.807203297508115,0.0,1791.25,37.4
36085013800,6090,9,92700.42852501964,0.0,3.0894988066825775,741.0,0.0760848376971807,0.4813987294857994,0.0,21.221991476731667,47.18726904395824,0.0,17.018146907360215,13.92616520504778,0.0889437997191106,2826.44,49.4
36085014100,2554,3,88492.40255268183,0.0,3.0992063492063493,221.0,0.6301066188851515,2.030609425339502,0.0129024746401206,29.236688137579034,38.42636899469069,0.0,17.080602789664457,12.582721559201056,0.0,1778.85,40.3
36085014604,7039,14,93885.52378100964,0.0,3.0705521472392636,845.0,1.4289779292324722,0.1636605495787589,0.1221125913923646,25.904912456361263,40.196872493218756,0.0,15.303186197608406,16.86946332434972,0.0108144582582577,2441.35,38.8
36085014605,3724,3,82847.68868663356,0.0,3.03125,413.0,0.2182839344493682,0.3945394980009719,0.0605746140627616,21.302384369124685,51.85919644492434,0.0,11.710374306055831,13.500593632013976,0.9540532013680588,2847.4,47.7
36085014606,6450,4,23439.213915840886,0.0,3.0,236.0,0.6217182281058223,0.1452941511037706,0.0,15.684683872119116,65.57035202215212,0.0,6.893566902619819,9.652464298412768,1.4319205254865772,1870.13,42.3
36085014607,4754,5,100060.24201083476,0.0,3.0261136712749614,562.0,2.231117034741801,0.0789626053349099,0.0,30.290880583474625,34.810200338586554,0.0,16.897142832238607,15.688554814768082,0.0031417908554322,2505.65,39.0
36085014608,3592,3,97995.6845038344,0.0,3.1357615894039736,263.0,0.0,0.6051434291536101,0.0,28.556829438182337,35.311319523261815,0.0,19.157113723446717,16.369593885955517,0.0,2031.25,47.2
36085014700,3367,7,73120.45115464948,0.0,3.0956826137689615,778.0,0.3735622141084141,1.5188362694054138,0.0,14.549919740326931,66.57793605692486,0.0,6.50330933071991,6.920612964050852,3.555823424463634,2365.67,57.0
36085015100,5070,13,94271.185233633,0.0,3.098310291858679,572.0,0.9233119464268276,0.5594736674636452,0.0,22.162612246041665,47.89940965328264,0.0,17.554850476948438,10.900342009836772,0.0,2226.33,44.6
36085015400,0,6,9909.204394960234,0.0,2.7804878048780486,162.0,0.0,0.0,0.0,6.825332319397893,35.93223307029648,0.0,0.0,1.2221326152179066,56.02030199508772,0.0,0.0
36085015601,6214,11,91980.94851125198,0.0,3.0645412130637637,1117.0,0.9023899534617282,0.8140184842789459,0.0,21.932394234800633,48.90612249629701,0.0,14.71051279942794,12.73386386784145,0.0006981638922851,2155.31,43.9
36085015602,3650,10,95556.23625069507,0.0,3.1879432624113475,505.0,0.3307228407865855,0.4962632912116611,0.0,20.10114877365005,46.77375660485702,0.0,15.766978629151728,16.531129860342975,0.0,2801.58,41.5
36085015603,5417,16,21540.082303108094,0.0,2.9177679882525696,555.0,0.1311460651819266,0.0083987937509683,0.0,10.194572704591335,10.555855167394606,0.0,2.0209668290551495,3.847997219478516,73.24106322054749,1976.77,40.9
36085016901,3586,5,78436.13795822617,0.0,3.0325342465753424,493.0,1.207702468952242,1.1095748677346216,0.0,20.35384835426495,42.150909103056534,0.0,10.838406329265275,24.33955887672639,0.0,2491.98,32.9
36085017005,4526,8,79739.80063021721,0.0,2.837669094693028,762.0,0.3035501761055568,1.2107253063497694,0.0,21.45472229349808,51.28367829836381,0.0,9.535344384641506,15.994299453338035,0.2176800877032484,1941.63,40.9
36085017007,6346,8,31657.022107399825,0.0,2.681710213776722,312.0,0.0,0.7041566621813262,0.0,10.409211261309968,77.37604904476589,0.0,3.593196286119925,6.178337021321136,1.739049724301741,2057.75,36.7
36085017009,4880,1,73960.88105004319,0.0,3.006315789473684,393.0,0.0,0.0,0.0,21.41121515146786,50.811083356087984,0.0,12.097162415165435,15.575499184936463,0.1050398923422592,2388.38,41.9
36085017011,4745,5,94125.52152039076,0.0,3.1851106639839033,448.0,0.6216552713064243,0.0,0.0,24.887599905675778,40.11952916208156,0.0,16.95940883549974,17.4118068254365,0.0,2479.48,40.8
36085017012,5363,10,81449.89977051069,0.0,3.0672131147540984,522.0,0.0095235139930629,0.4164275537391674,0.0,23.815314358488084,47.00234395041006,0.0,11.960757408896592,16.668875456105376,0.1267577583676614,2427.88,42.6
36085017013,4617,2,87974.70411602694,0.0,3.068376068376069,309.0,1.383670603219251,0.699216893082735,0.0,23.58852646701493,45.41713495317149,0.0,16.094543058683943,12.81597850312242,0.0009295217052279,1921.42,43.6
36085017014,4141,0,94068.02472127097,0.0,3.0486486486486486,323.0,0.0,1.2413456102047058,0.0,25.758405906039645,38.52259972882018,0.0,19.267423733716555,15.21022502121891,0.0,2164.75,48.7
36085017015,3167,0,85170.31218567416,0.0,3.130653266331658,178.0,0.0726774618889323,0.0,0.0,24.439969616165747,42.48208509596534,0.0,16.479522963548586,16.5257448624314,0.0,2248.52,39.7
36085017016,4461,2,89207.65138480489,0.0,3.295918367346939,284.0,0.0,0.0507475273788145,0.0,27.338276406185702,35.8047538108584,0.0,18.028095234848113,18.778127020728977,0.0,2006.02,40.6
36085017300,2791,2,106532.71508682649,0.0,3.101983002832861,317.0,0.2091891824221849,0.0,0.0,21.103856615602076,45.899523794548934,0.0,16.179734908848477,16.607695498578305,0.0,1059.88,39.4
36085017600,5169,20,28503.64357838204,0.0,2.895401262398557,883.0,0.0134152813001309,0.1339353722667962,0.0,9.937251587574018,43.03775082700301,0.0,1.988871391854537,4.37806873710088,40.51070680290062,2149.73,40.0
36085017701,4246,4,34129.77170056057,0.0,2.7149606299212596,492.0,0.0198642252485795,1.2910078188797804,0.0,16.46809574617104,65.85496883460856,0.0,7.505855830933725,8.555954720096409,0.3042528240619142,2533.06,42.6
36085017702,2117,7,79994.3963798853,0.0,2.8231511254019295,243.0,0.1875567439358447,0.0,0.0,21.184366738021275,49.42919142979601,0.0,16.092784155219938,13.106100933026928,0.0,2283.52,49.6
36085018100,3599,16,34901.481746122896,0.0,2.7203237410071943,875.0,0.0526585013308759,2.204703807727251,0.0,8.668214626276592,81.88881815544637,0.0,1.592262607075616,4.045693218336883,1.5476490838064036,1900.13,58.5
36085018701,1915,6,79525.19318478543,0.0,3.1365313653136533,240.0,1.154833726240892,0.0,0.0240614051937555,24.70823141379771,45.26522988550775,0.0,13.25410534249668,15.591386683118044,0.0021515436451777,1940.44,35.2
36085018703,3835,5,95939.92901109532,0.0,3.106707317073171,291.0,0.0416993494173327,0.8680719458756336,0.0,24.850560018109512,39.44084426400167,0.0,16.600969117377602,18.197855305218255,0.0,1858.5,42.3
36085018704,4659,3,96732.91206879995,0.0,3.2032085561497325,347.0,0.7092041700884109,0.5468562275380517,0.0,25.124861208492547,39.47587365699977,0.0,17.001443151400448,17.141761585480786,0.0,2796.77,36.7
36085018901,5814,9,95003.95218238016,0.0,3.2029972752043596,674.0,1.0626966524271837,0.9416599419233012,0.0,23.795253305171222,43.878699492895414,0.0,15.264612397510133,15.057078210072753,0.0,2622.5,38.1
36085018902,5643,5,84910.15163707749,0.0,3.1510416666666665,348.0,0.0843734512737645,0.1123688549111727,0.0,20.363121566971493,41.20795159213909,0.0,17.45832717215509,20.773857362549393,0.0,1955.77,32.0
36085019700,1975,2,118678.85200590572,0.0,3.330275229357798,314.0,0.4586814259642036,0.945872313531674,0.0,24.970207838291483,41.2389555548666,0.0,19.44469923034622,12.941583636999814,0.0,2139.42,44.1
36085019800,7350,25,22743.002349272072,0.0,2.700056274620146,1338.0,0.0237404121175936,0.5980782092597486,0.0,8.043897031048619,40.677853540025005,0.0,1.0331852956401442,4.072946752120706,45.55029875978818,2528.77,43.3
36085020100,3356,6,105867.34439920411,0.0,3.1678571428571427,508.0,2.971720519058235,0.2718961703856066,0.0,26.29541481595072,42.265432749469504,0.0,15.527689964971108,12.667845780164829,0.0,2242.13,39.5
36085020701,3364,9,69645.02694261019,0.0,3.1538461538461537,184.0,0.0187321527993448,0.3897149461292505,0.6096341664241193,30.72677066125084,25.0032871235336,0.0,7.961442175583006,15.243609249740894,20.046809524538943,1124.9,33.0
36085020702,2928,10,58255.61363773204,0.0,3.212121212121212,415.0,0.6778698703177066,0.6394876277834289,2.880621615278805,24.07484928014175,18.111832201684095,0.0,5.378625322507809,11.388178464761234,36.848535617525165,896.88,35.6
36085020803,7627,2,64369.219843256586,0.0,2.993362831858407,767.0,0.0277193747204636,1.1997472806339065,0.0,17.699558303545196,59.61033488185926,0.0,8.706290629268663,12.29813442448336,0.4582151054891575,2078.38,36.7
36085020804,5124,2,84359.41239734697,0.0,3.0718789407314,686.0,0.1252923370531473,0.1142884673543548,0.0,20.747637283202057,48.3972402161408,0.0,14.275312932742844,16.20453274909787,0.1356960144089215,2000.94,43.2
36085020805,6559,8,84833.2954143222,0.0,2.9079601990049753,663.0,0.6449440272969867,0.5496492226727929,0.5019580297374236,23.79798460418044,44.20033074195266,0.0,12.025921947456366,17.625941040636008,0.6532703860673182,2498.83,41.1
36085020806,2533,4,34718.990096574926,0.0,3.0287958115183247,329.0,0.6015188004360663,0.3659438535608905,0.032931074276423,13.74275945893506,69.78594567905479,0.0,5.803001489615288,9.495997518828627,0.1719021252928591,1897.75,43.2
36085021300,5680,6,84871.45837537927,0.0,3.193293885601578,458.0,0.6086692720639617,2.6295677934104944,0.1030082450793473,30.62972865340946,36.234364728430336,0.0,13.730939433378488,16.06372187422792,0.0,1999.85,36.6
36085022300,3263,15,23233.21478381384,0.0,2.9521739130434783,186.0,0.2966411259007579,0.0648122312250588,1.880060563282296,20.293410446462556,16.258232661657658,0.0,2.750387773494499,5.543415358185062,52.913039839792106,1249.31,39.4
36085022601,7483,7,44730.73748945017,0.0,2.7643097643097643,451.0,0.3241309698455082,0.2258530241608686,0.0244097456739203,18.543251163501253,57.06508714946643,0.0,7.572650442269411,15.981583003123555,0.2630345019590482,2007.4,40.4
36085022602,1373,29,24677.343398898494,0.0,2.7297626293365793,1254.0,0.7114056890685597,0.1213819182040409,1.2844296110257445,20.771399753588916,46.75512410186314,0.0,0.315540249032869,5.673935871145405,24.366782806071328,0.0,61.1
36085022801,37,8,18067.658580405612,0.0,2.891891891891892,253.0,0.0037810165351176,0.0022737835918979,0.004650514285915,11.168965074271874,62.562242837828066,0.0,0.0019799422467387,7.373047154573309,18.883059676667067,0.0,56.6
36085022802,0,7,9693.767494287296,0.0,2.875968992248062,113.0,0.0005466027082164,0.0,0.0,4.532616876120253,72.63763997786293,0.0,0.0,5.609194670608321,17.220001872700266,0.0,0.0
36085023100,4759,1,82540.7456268704,0.0,3.178743961352657,361.0,0.7622083081725597,1.2360117901482877,0.0068114148527218,29.94800186737733,38.63304579204727,0.0,14.729527150818097,14.684393676583737,0.0,1665.17,40.4
36085023900,3108,1,84920.46787128472,0.0,3.057356608478803,346.0,0.9943098632516084,0.2604618721285565,2.962176055157415,32.88439108185802,33.96976085488897,0.0,13.519138173823364,15.40976209889207,0.0,1285.25,41.5
36085024401,6270,16,43863.669205395585,0.0,2.7544987146529563,570.0,0.0416396785137184,0.972457102508114,0.0,16.807398423860285,58.04330512604775,0.0,8.604509174259347,7.938784098139351,7.591906396671436,3391.6,38.8
36085024402,5013,6,16300.874681980638,0.0,2.9328358208955225,321.0,0.0,0.0127398460140099,0.0,10.535916713863704,31.43600171084548,0.0,2.376867906031399,3.636935189282028,52.0015386339634,2520.04,43.3
36085024700,2835,14,99764.44046412794,0.0,3.132584269662922,406.0,5.0306310231067055,1.3457508500242554,0.0,34.743600716529755,30.03485846493896,0.0,13.938037231410808,14.907121713989524,0.0,1535.25,35.2
36085024800,4769,17,43380.99189729804,0.0,2.927230046948357,700.0,0.7886772194659776,0.2862481977417815,1.0194636790893166,22.156503524988253,33.852083234838496,0.0,4.198225200310884,7.66179238393974,30.037006559625564,2533.56,38.8
36085025100,6459,6,95519.04496781324,0.0,3.2038216560509554,719.0,0.7891683040429704,1.5505663046127682,0.0,23.53111176426852,44.07739794124277,0.0,15.017939787757214,15.033815898075748,0.0,2105.65,39.5
36085027301,4494,20,54777.53035731482,0.0,2.964539007092198,1215.0,0.1405880512119896,5.653257884056135,0.0,16.163283436320476,68.10718544021695,0.0,1.328464572931539,7.705014527424728,0.9022060878381782,2234.25,42.7
36085027302,4872,8,46823.9438959682,0.0,3.195729537366548,264.0,0.0,5.933960661305176,0.0,12.436501572320523,68.83548189121898,0.0,4.51471862690604,8.279337248249284,0.0,2057.29,25.7
36085027702,6161,23,108216.49102433,0.0,2.9075342465753424,1485.0,9.801325837600013,1.3574457960875992,0.0,37.336687704241236,25.28081074557504,0.0,6.542530317609514,19.681199598886582,0.0,1697.98,47.1
36085027704,5174,0,69419.38439848268,0.0,2.9642857142857144,165.0,0.0281571549574009,2.283277103664673,0.0,27.81391751471934,38.13641924698365,0.0,17.406739786496257,14.33148919317868,0.0,1582.98,40.7
36085027705,6119,1,93423.76453167156,0.0,3.2795698924731185,267.0,0.0287343926425372,0.8347685875368779,0.0,31.222483117534637,28.708949000345033,0.0,22.41525719079661,16.789807711144302,0.0,1919.29,40.2
36085027706,3107,3,94041.01529428724,0.0,3.097297297297297,335.0,4.7627217690929395,3.4551162247539886,0.0,35.19522480219162,23.598402479904536,0.0,14.915934340929423,18.072600383127497,0.0,1168.87,41.5
36085027900,2148,19,20400.773923382774,0.0,2.829145728643216,322.0,0.3033854056385393,0.2258918083446059,0.0616734323045335,5.114721050082899,87.06861799078312,0.0,0.6094584980183135,3.171226938110698,3.4450248767172784,3229.5,48.8
36085029102,3355,16,19174.7470125917,0.0,2.825540823447313,1168.0,0.1192792822372121,0.0241294002647957,0.4198271665313585,20.48470827086584,53.16832926400929,0.0,0.114103390832317,6.206991048703753,19.46263217655543,2372.94,35.2
36085029104,6879,5,65418.5459968892,0.0,3.0215633423180592,647.0,0.8983577003465215,0.5990312147583197,0.0,25.631003208637583,49.17156928199157,0.0,7.007332982928785,15.455748633396276,1.2369569779409342,1873.31,44.9
36085029105,4467,10,54619.03188880188,0.0,2.9402092675635276,576.0,2.1095986042243036,0.774302383949094,0.4680622444430237,25.89655747863326,55.73802945795514,0.0,3.83955834835481,10.951444081807548,0.222447400632809,2280.71,39.9
36085029106,2845,4,91582.41878654818,0.0,3.08298755186722,215.0,0.6870651650761236,0.3938950387682915,0.0,31.29689184665948,32.79062811038889,0.0,18.71294250761332,16.1185773314939,0.0,1448.98,41.2
36085030301,5384,1,89108.5543237461,0.0,3.0516014234875444,502.0,1.9845950361032232,0.3208942263734579,0.0,25.18823936316358,33.74562082000563,0.0,15.85698893461126,22.900499815168057,0.0031618045747956,2286.79,44.7
36085030302,6123,4,82821.30310942937,0.0,3.008992805755396,482.0,2.2540154096124168,1.1028542603979958,0.0,26.10275231014918,43.821294970909776,0.0,12.296153420669915,14.422929628260718,0.0,1729.17,43.2
36085031901,3948,1,104507.7024732951,0.0,2.9925373134328357,346.0,3.741073330978155,0.019265663310212,0.0,30.190903014168835,39.42201665992589,0.0,10.899389775819945,15.727351555796984,0.0,995.06,31.5
36085031902,4657,11,49983.03017908346,0.0,2.8819444444444446,236.0,0.0274949551911091,0.095539746283441,2.4476075474020877,26.40518335549748,20.57984212476601,0.0,6.039286834152096,9.907582995104004,34.497462441603766,1770.83,40.7
36085032300,1030,7,22388.71317287582,0.0,2.823529411764706,427.0,0.5167358072783719,0.012899460499302,0.0965465932272777,27.792929157196554,46.45481733341043,0.0,0.1235617699484056,8.164245391008311,16.838264487431353,1532.46,45.0
36085990100,0,0,,,,,0.0,0.0,0.0,0.03417555979025,0.0818047052564134,0.0,0.0,0.0,99.88401973495334,0.0,0.0
