ORIGSA1_2021,DESTSA1_2021,Predicted_Prob,Predicted_Flow
11701163404,11701163404,0.0,0.0
11701163404,11701163410,0.0,0.0
11701163404,11701163420,0.0,0.0
11701163404,11703164303,0.3395799,115.056564
11701163404,11703164307,0.0,0.0
11701163404,11703164316,0.28147855,95.37064
11701163404,11703164318,0.0,0.0
11701163404,11703164319,0.0,0.0
11701163404,11703164320,0.31732315,107.51552
11701163404,11802156402,0.061618358,20.87755
11701163404,11802156427,0.0,0.0
11701163407,11701163407,0.0,0.0
11701163407,11701163410,0.0,0.0
11701163407,11701163415,0.0,0.0
11701163407,11701163424,0.0,0.0
11701163407,11703133035,0.17170674,62.616753
11701163407,11703164303,0.47034368,171.52148
11701163407,11703164305,0.0,0.0
11701163407,11703164316,0.20404965,74.41133
11701163407,11703164320,0.15389991,56.12309
11701163410,11701163404,0.0,0.0
11701163410,11701163407,0.0,0.0
11701163410,11701163410,0.0,0.0
11701163410,11701163415,0.0,0.0
11701163410,11701163420,0.0,0.0
11701163410,11701163424,0.0,0.0
11701163410,11703133035,0.053635657,19.251833
11701163410,11703164303,0.5487066,196.9512
11701163410,11703164305,0.0,0.0
11701163410,11703164307,0.12070733,43.32635
11701163410,11703164316,0.18283907,65.62774
11701163410,11703164320,0.036423266,13.073665
11701163410,11802156427,0.057687998,20.706367
11701163415,11701163407,0.0,0.0
11701163415,11701163410,0.0,0.0
11701163415,11701163415,0.0,0.0
11701163415,11701163424,0.0,0.0
11701163415,11703133035,0.050451875,19.430676
11701163415,11703164303,0.56689274,218.32903
11701163415,11703164305,0.0,0.0
11701163415,11703164316,0.087843925,33.831585
11701163415,11703164320,0.2948116,113.54164
11701163420,11701163404,0.0,0.0
11701163420,11701163410,0.0,0.0
11701163420,11701163420,0.0,0.0
11701163420,11703164303,0.11341688,62.2837
11701163420,11703164307,0.28629354,157.22017
11701163420,11703164316,0.17297539,94.990685
11701163420,11703164318,0.27467826,150.84155
11701163420,11703164319,0.13042173,71.62203
11701163420,11703164320,0.0,0.0
11701163420,11802156402,0.022214174,12.199075
11701163420,11802156427,0.0,0.0
11701163424,11701163407,0.0,0.0
11701163424,11701163410,0.0,0.0
11701163424,11701163415,0.0,0.0
11701163424,11701163424,0.1329354,51.66237
11701163424,11703133035,0.087992996,34.19651
11701163424,11703164303,0.4836091,187.94386
11701163424,11703164305,0.0,0.0
11701163424,11703164316,0.14711419,57.172638
11701163424,11703164320,0.14834839,57.652283
11701163503,11701163503,0.0,0.0
11701163503,11701163512,0.54977655,296.44315
11701163503,11702132805,0.16866684,90.94627
11701163503,11702132815,0.0,0.0
11701163503,11702132819,0.0,0.0
11701163503,11702132820,0.0,0.0
11701163503,11703133018,0.2815566,151.81718
11701163503,11703133022,0.0,0.0
11701163512,11701163503,0.0,0.0
11701163512,11701163512,0.0,0.0
11701163512,11702132805,0.10729474,40.16006
11701163512,11702132815,0.0,0.0
11701163512,11702132819,0.038977325,14.589082
11701163512,11702132820,0.0,0.0
11701163512,11703133015,0.0,0.0
11701163512,11703133016,0.22914284,85.767395
11701163512,11703133018,0.22449008,84.02588
11701163512,11703133020,0.26731342,100.05451
11701163512,11703133022,0.0,0.0
11701163512,11703133031,0.0,0.0
11701163512,11703133032,0.13278162,49.699715
11701163512,11703133049,0.0,0.0
11701163527,11701163527,0.0,0.0
11701163527,11701163542,0.0,0.0
11701163527,11703133013,0.35565668,141.20232
11701163527,11703133018,0.0,0.0
11701163527,11703133020,0.21654731,85.973305
11701163527,11703133035,0.0,0.0
11701163527,11703133038,0.0,0.0
11701163527,11703133043,0.0,0.0
11701163527,11703164302,0.0,0.0
11701163527,11703164304,0.0,0.0
11701163527,11703164818,0.427796,169.84297
11701163542,11701163527,0.0,0.0
11701163542,11701163542,0.0,0.0
11701163542,11703133013,0.31691194,138.83757
11701163542,11703133018,0.0,0.0
11701163542,11703133020,0.17499304,76.66359
11701163542,11703133035,0.0,0.0
11701163542,11703133038,0.0,0.0
11701163542,11703133043,0.0,0.0
11701163542,11703164302,0.0,0.0
11701163542,11703164303,0.0,0.0
11701163542,11703164304,0.0,0.0
11701163542,11703164305,0.0,0.0
11701163542,11703164818,0.508095,222.59393
11702132805,11701163503,0.0,0.0
11702132805,11701163512,0.0,0.0
11702132805,11702132805,0.08787781,50.359665
11702132805,11702132815,0.07072359,40.52919
11702132805,11702132819,0.0,0.0
11702132805,11702132820,0.0,0.0
11702132805,11703133015,0.0,0.0
11702132805,11703133018,0.079675496,45.65921
11702132805,11703133020,0.7617231,436.51657
11702132805,11703133022,0.0,0.0
11702132805,11703133031,0.0,0.0
11702132805,11703133032,0.0,0.0
11702132805,11703133049,0.0,0.0
11702132815,11701163503,0.0,0.0
11702132815,11701163512,0.0,0.0
11702132815,11702132805,0.24876764,89.548874
11702132815,11702132815,0.0,0.0
11702132815,11702132819,0.0,0.0
11702132815,11702132820,0.04174927,15.0284815
11702132815,11703133013,0.45970896,165.4814
11702132815,11703133014,0.0,0.0
11702132815,11703133015,0.0,0.0
11702132815,11703133016,0.08485511,30.545288
11702132815,11703133018,0.0,0.0
11702132815,11703133020,0.0,0.0
11702132815,11703133022,0.010555536,3.7996755
11702132815,11703133031,0.05276373,18.993357
11702132815,11703133032,0.0,0.0
11702132815,11703133039,0.009056479,3.26006
11702132815,11703133049,0.092543274,33.312798
11702132819,11701163503,0.0,0.0
11702132819,11701163512,0.0,0.0
11702132819,11702132805,0.0,0.0
11702132819,11702132815,0.0,0.0
11702132819,11702132819,0.0,0.0
11702132819,11702132820,0.0,0.0
11702132819,11703133014,0.0,0.0
11702132819,11703133015,0.30593124,142.7334
11702132819,11703133016,0.0,0.0
11702132819,11703133018,0.0,0.0
11702132819,11703133020,0.0,0.0
11702132819,11703133022,0.24421218,113.938126
11702132819,11703133028,0.0,0.0
11702132819,11703133029,0.0,0.0
11702132819,11703133030,0.029482275,13.755069
11702132819,11703133031,0.0,0.0
11702132819,11703133032,0.0,0.0
11702132819,11703133036,0.12284151,57.312176
11702132819,11703133039,0.26604715,124.12532
11702132819,11703133049,0.0,0.0
11702132819,11703164001,0.031485707,14.689777
11702132819,11703164010,0.0,0.0
11702132819,11703164020,0.0,0.0
11702132819,11703164021,0.0,0.0
11702132820,11701163503,0.0,0.0
11702132820,11701163512,0.22117433,77.03694
11702132820,11702132805,0.0,0.0
11702132820,11702132815,0.05492565,19.13108
11702132820,11702132819,0.0,0.0
11702132820,11702132820,0.061688513,21.486645
11702132820,11703133015,0.14401838,50.162853
11702132820,11703133016,0.2705355,94.229866
11702132820,11703133018,0.0,0.0
11702132820,11703133020,0.054444462,18.963478
11702132820,11703133022,0.0111581385,3.8864765
11702132820,11703133029,0.0,0.0
11702132820,11703133031,0.0,0.0
11702132820,11703133032,0.0,0.0
11702132820,11703133039,0.18205497,63.411327
11702132820,11703133049,0.0,0.0
11702132820,11703164020,0.0,0.0
11703132901,11703132901,0.0,0.0
11703132901,11703132906,0.0,0.0
11703132901,11703132911,0.0,0.0
11703132901,11703132913,0.023702353,10.108015
11703132901,11703132914,0.0,0.0
11703132901,11703132921,0.0,0.0
11703132901,11703132922,0.0,0.0
11703132901,11703132923,0.4391857,187.29346
11703132901,11703132926,0.23823002,101.594666
11703132901,11703132927,0.0,0.0
11703132901,11703132928,0.0,0.0
11703132901,11703133333,0.2049034,87.38232
11703132901,11703133334,0.0,0.0
11703132901,11703133336,0.0,0.0
11703132901,11703133337,0.0,0.0
11703132901,11703133351,0.093978584,40.077747
11703132901,11703133352,0.0,0.0
11703132902,11703132902,0.0,0.0
11703132902,11703132903,0.0,0.0
11703132902,11703132904,0.0,0.0
11703132902,11703132905,0.0,0.0
11703132902,11703132906,0.072829366,53.263138
11703132902,11703132907,0.0,0.0
11703132902,11703132908,0.0,0.0
11703132902,11703132909,0.0,0.0
11703132902,11703132910,0.0,0.0
11703132902,11703132911,0.0,0.0
11703132902,11703132912,0.10298547,75.31755
11703132902,11703132913,0.36619166,267.81116
11703132902,11703132919,0.0,0.0
11703132902,11703132922,0.0,0.0
11703132902,11703132923,0.0,0.0
11703132902,11703132925,0.0,0.0
11703132902,11703132926,0.24376822,178.27782
11703132902,11703133611,0.0,0.0
11703132902,11703133612,0.0,0.0
11703132902,11703133614,0.0,0.0
11703132902,11703133625,0.0,0.0
11703132902,11801134501,0.0,0.0
11703132902,11801134504,0.21422529,156.67184
11703132902,11801134535,0.0,0.0
11703132902,11801134536,0.0,0.0
11703132903,11703132902,0.13488686,68.767265
11703132903,11703132903,0.0,0.0
11703132903,11703132904,0.0,0.0
11703132903,11703132905,0.0,0.0
11703132903,11703132906,0.0,0.0
11703132903,11703132907,0.0,0.0
11703132903,11703132908,0.0,0.0
11703132903,11703132909,0.0,0.0
11703132903,11703132910,0.0,0.0
11703132903,11703132911,0.0,0.0
11703132903,11703132912,0.12844974,65.48553
11703132903,11703132913,0.0,0.0
11703132903,11703132923,0.0,0.0
11703132903,11703132926,0.0,0.0
11703132903,11703133605,0.0,0.0
11703132903,11703133611,0.28694844,146.29045
11703132903,11703133612,0.0,0.0
11703132903,11703133613,0.0,0.0
11703132903,11703133614,0.0,0.0
11703132903,11703133624,0.0,0.0
11703132903,11703133625,0.0,0.0
11703132903,11703133634,0.0,0.0
11703132903,11801134501,0.022796988,11.622233
11703132903,11801134502,0.0,0.0
11703132903,11801134504,0.105578005,53.82519
11703132903,11801134514,0.0,0.0
11703132903,11801134515,0.0,0.0
11703132903,11801134522,0.0,0.0
11703132903,11801134535,0.0,0.0
11703132903,11801134536,0.32133994,163.82373
11703132904,11703132902,0.0,0.0
11703132904,11703132903,0.13977158,71.65049
11703132904,11703132904,0.0,0.0
11703132904,11703132905,0.15027577,77.03521
11703132904,11703132906,0.029938638,15.347313
11703132904,11703132907,0.0,0.0
11703132904,11703132908,0.3036217,155.64426
11703132904,11703132909,0.07107571,36.435226
11703132904,11703132910,0.0,0.0
11703132904,11703132911,0.0,0.0
11703132904,11703132915,0.0,0.0
11703132904,11703132917,0.0,0.0
11703132904,11703132919,0.0,0.0
11703132904,11703133603,0.0,0.0
11703132904,11703133611,0.10476288,53.704136
11703132904,11703133612,0.20055377,102.809
11703132904,11703133613,0.0,0.0
11703132904,11703133614,0.0,0.0
11703132904,11703133615,0.0,0.0
11703132904,11703133618,0.0,0.0
11703132904,11703133619,0.0,0.0
11703132904,11703133622,0.0,0.0
11703132904,11703133624,0.0,0.0
11703132904,11703133625,0.0,0.0
11703132904,11703133640,0.0,0.0
11703132904,11703133642,0.0,0.0
11703132904,11801134501,0.0,0.0
11703132904,11801134535,0.0,0.0
11703132904,11801134536,0.0,0.0
11703132905,11703132902,0.0,0.0
11703132905,11703132903,0.0,0.0
11703132905,11703132904,0.0,0.0
11703132905,11703132905,0.0,0.0
11703132905,11703132908,0.0707272,25.586893
11703132905,11703132909,0.0,0.0
11703132905,11703132910,0.0,0.0
11703132905,11703132915,0.0,0.0
11703132905,11703132917,0.0,0.0
11703132905,11703132919,0.0,0.0
11703132905,11703133603,0.0,0.0
11703132905,11703133611,0.0,0.0
11703132905,11703133612,0.0,0.0
11703132905,11703133613,0.0,0.0
11703132905,11703133614,0.0,0.0
11703132905,11703133615,0.0,0.0
11703132905,11703133617,0.0,0.0
11703132905,11703133618,0.0,0.0
11703132905,11703133619,0.0,0.0
11703132905,11703133620,0.0,0.0
11703132905,11703133622,0.36454925,131.88254
11703132905,11703133624,0.0,0.0
11703132905,11703133640,0.13582608,49.137638
11703132905,11703133642,0.42889747,155.16173
11703132905,11703164402,0.0,0.0
11703132905,11703164521,0.0,0.0
11703132905,11703164528,0.0,0.0
11703132905,11703164534,0.0,0.0
11703132906,11703132901,0.0,0.0
11703132906,11703132902,0.0,0.0
11703132906,11703132903,0.064952284,28.721838
11703132906,11703132904,0.0,0.0
11703132906,11703132906,0.06444451,28.497301
11703132906,11703132907,0.0,0.0
11703132906,11703132908,0.0,0.0
11703132906,11703132910,0.0,0.0
11703132906,11703132911,0.0049797,2.2020185
11703132906,11703132912,0.0,0.0
11703132906,11703132913,0.14548075,64.33145
11703132906,11703132914,0.0,0.0
11703132906,11703132921,0.0,0.0
11703132906,11703132922,0.0,0.0
11703132906,11703132923,0.259352,114.6852
11703132906,11703132926,0.13870412,61.334827
11703132906,11703132927,0.0,0.0
11703132906,11703132928,0.0,0.0
11703132906,11703133611,0.0,0.0
11703132906,11703133625,0.0,0.0
11703132906,11801134501,0.15773505,69.75029
11703132906,11801134502,0.0,0.0
11703132906,11801134504,0.0,0.0
11703132906,11801134519,0.0,0.0
11703132906,11801134522,0.16435164,72.67614
11703132906,11801134535,0.0,0.0
11703132906,11801134536,0.0,0.0
11703132907,11703132902,0.60942054,227.62201
11703132907,11703132903,0.0,0.0
11703132907,11703132904,0.0,0.0
11703132907,11703132906,0.0,0.0
11703132907,11703132907,0.0,0.0
11703132907,11703132908,0.0,0.0
11703132907,11703132909,0.0,0.0
11703132907,11703132910,0.10503739,39.23206
11703132907,11703132911,0.107652605,40.208855
11703132907,11703132919,0.0,0.0
11703132907,11703132920,0.0,0.0
11703132907,11703132921,0.0,0.0
11703132907,11703132922,0.16236478,60.64416
11703132907,11703132923,0.0,0.0
11703132907,11703132924,0.0,0.0
11703132907,11703132925,0.015524745,5.7985797
11703132907,11703132926,0.0,0.0
11703132907,11703132928,0.0,0.0
11703132907,11703133321,0.0,0.0
11703132908,11703132902,0.23815808,102.660805
11703132908,11703132903,0.09360382,40.349014
11703132908,11703132904,0.074385345,32.064667
11703132908,11703132905,0.0006854236,0.2954598
11703132908,11703132906,0.0,0.0
11703132908,11703132907,0.0,0.0
11703132908,11703132908,0.0,0.0
11703132908,11703132909,0.054740936,23.596716
11703132908,11703132910,0.016889334,7.2803435
11703132908,11703132911,0.0,0.0
11703132908,11703132915,0.0,0.0
11703132908,11703132917,0.0,0.0
11703132908,11703132919,0.0,0.0
11703132908,11703132922,0.0,0.0
11703132908,11703132925,0.0,0.0
11703132908,11703133611,0.0,0.0
11703132908,11703133612,0.026725024,11.520132
11703132908,11703133614,0.0,0.0
11703132908,11703133619,0.1831074,78.93057
11703132908,11703133622,0.0,0.0
11703132908,11703133625,0.039657578,17.09486
11703132908,11703133640,0.0,0.0
11703132908,11703133642,0.1614407,69.59089
11703132908,11801134501,0.11060645,47.678192
11703132908,11801134535,0.0,0.0
11703132908,11801134536,0.0,0.0
11703132909,11703132902,0.0,0.0
11703132909,11703132903,0.0,0.0
11703132909,11703132904,0.0,0.0
11703132909,11703132905,0.0,0.0
11703132909,11703132907,0.0,0.0
11703132909,11703132908,0.008800685,3.3759227
11703132909,11703132909,0.0,0.0
11703132909,11703132910,0.0,0.0
11703132909,11703132915,0.0,0.0
11703132909,11703132916,0.0,0.0
11703132909,11703132917,0.28958976,111.08596
11703132909,11703132918,0.0,0.0
11703132909,11703132919,0.11709654,44.917965
11703132909,11703132920,0.0,0.0
11703132909,11703132922,0.046870023,17.979233
11703132909,11703132925,0.0,0.0
11703132909,11703133611,0.13361692,51.255142
11703132909,11703133612,0.0,0.0
11703132909,11703133614,0.0,0.0
11703132909,11703133617,0.0,0.0
11703132909,11703133618,0.0,0.0
11703132909,11703133619,0.31501675,120.8397
11703132909,11703133620,0.0,0.0
11703132909,11703133622,0.0,0.0
11703132909,11703133640,0.0,0.0
11703132909,11703133642,0.089009225,34.143734
11703132909,11703164402,0.0,0.0
11703132909,11703164521,0.0,0.0
11703132909,11703164528,0.0,0.0
11703132909,11703164534,0.0,0.0
11703132910,11703132902,0.0,0.0
11703132910,11703132903,0.0,0.0
11703132910,11703132904,0.0,0.0
11703132910,11703132905,0.0,0.0
11703132910,11703132906,0.13940579,53.41586
11703132910,11703132907,0.121980995,46.73923
11703132910,11703132908,0.13463077,51.586224
11703132910,11703132909,0.0,0.0
11703132910,11703132910,0.0,0.0
11703132910,11703132911,0.0,0.0
11703132910,11703132915,0.0,0.0
11703132910,11703132917,0.0,0.0
11703132910,11703132918,0.0,0.0
11703132910,11703132919,0.0,0.0
11703132910,11703132920,0.0,0.0
11703132910,11703132921,0.0,0.0
11703132910,11703132922,0.17314795,66.34478
11703132910,11703132923,0.03822097,14.64506
11703132910,11703132924,0.0,0.0
11703132910,11703132925,0.1297386,49.7117
11703132910,11703132928,0.09690568,37.13117
11703132910,11703133321,0.16596931,63.594154
11703132910,11703133619,0.0,0.0
11703132910,11703133622,0.0,0.0
11703132910,11703133642,0.0,0.0
11703132911,11703132901,0.0,0.0
11703132911,11703132902,0.5505165,186.58867
11703132911,11703132903,0.0,0.0
11703132911,11703132904,0.0,0.0
11703132911,11703132906,0.041074872,13.921664
11703132911,11703132907,0.12388331,41.988243
11703132911,11703132908,0.0,0.0
11703132911,11703132910,0.0,0.0
11703132911,11703132911,0.0,0.0
11703132911,11703132912,0.0,0.0
11703132911,11703132913,0.0,0.0
11703132911,11703132914,0.0,0.0
11703132911,11703132921,0.0,0.0
11703132911,11703132922,0.18718344,63.442802
11703132911,11703132923,0.09734166,32.992382
11703132911,11703132924,0.0,0.0
11703132911,11703132925,0.0,0.0
11703132911,11703132926,0.0,0.0
11703132911,11703132927,0.0,0.0
11703132911,11703132928,0.0,0.0
11703132911,11801134501,0.0,0.0
11703132911,11801134504,0.0,0.0
11703132911,11801134536,0.0,0.0
11703132912,11703132902,0.0,0.0
11703132912,11703132903,0.20084745,70.36649
11703132912,11703132906,0.12711245,44.53359
11703132912,11703132911,0.0,0.0
11703132912,11703132912,0.0,0.0
11703132912,11703132913,0.5160532,180.79819
11703132912,11703132914,0.0,0.0
11703132912,11703132923,0.0,0.0
11703132912,11703132926,0.0,0.0
11703132912,11703132927,0.0,0.0
11703132912,11703133333,0.0,0.0
11703132912,11801134501,0.0,0.0
11703132912,11801134504,0.12861055,45.058445
11703132912,11801134519,0.0,0.0
11703132912,11801134536,0.027376413,9.59127
11703132913,11703132901,0.0,0.0
11703132913,11703132902,0.0,0.0
11703132913,11703132903,0.15499762,56.862526
11703132913,11703132906,0.0,0.0
11703132913,11703132911,0.0,0.0
11703132913,11703132912,0.25800863,94.65321
11703132913,11703132913,0.0,0.0
11703132913,11703132914,0.2094383,76.83467
11703132913,11703132923,0.0,0.0
11703132913,11703132926,0.23689124,86.906075
11703132913,11703132927,0.0,0.0
11703132913,11703133333,0.0,0.0
11703132913,11801134501,0.011863381,4.3522077
11703132913,11801134504,0.0,0.0
11703132913,11801134519,0.0,0.0
11703132913,11801134536,0.12880078,47.251938
11703132914,11703132901,0.0,0.0
11703132914,11703132906,0.0,0.0
11703132914,11703132911,0.0,0.0
11703132914,11703132912,0.0,0.0
11703132914,11703132913,0.22773758,80.78754
11703132914,11703132914,0.024828643,8.807703
11703132914,11703132923,0.012778193,4.532931
11703132914,11703132926,0.10807654,38.339027
11703132914,11703132927,0.0,0.0
11703132914,11703132928,0.0,0.0
11703132914,11703133333,0.35615245,126.34138
11703132914,11703133334,0.0,0.0
11703132914,11703133335,0.0,0.0
11703132914,11703133336,0.0,0.0
11703132914,11703133337,0.0,0.0
11703132914,11703133346,0.0,0.0
11703132914,11703133351,0.0,0.0
11703132914,11703133352,0.2331666,82.713425
11703132914,11801134504,0.0,0.0
11703132914,11801134519,0.037260026,13.217607
11703132914,11801165008,0.0,0.0
11703132914,11801165019,0.0,0.0
11703132915,11703132904,0.0,0.0
11703132915,11703132905,0.0,0.0
11703132915,11703132908,0.0,0.0
11703132915,11703132909,0.20671982,101.69303
11703132915,11703132910,0.0,0.0
11703132915,11703132915,0.0,0.0
11703132915,11703132916,0.32703114,160.87857
11703132915,11703132917,0.19940367,98.093956
11703132915,11703132918,0.0,0.0
11703132915,11703132919,0.0,0.0
11703132915,11703133318,0.0,0.0
11703132915,11703133614,0.0,0.0
11703132915,11703133617,0.030323535,14.917255
11703132915,11703133618,0.0,0.0
11703132915,11703133619,0.0,0.0
11703132915,11703133620,0.0,0.0
11703132915,11703133622,0.0,0.0
11703132915,11703133640,0.0,0.0
11703132915,11703133642,0.0,0.0
11703132915,11703164402,0.0,0.0
11703132915,11703164414,0.0,0.0
11703132915,11703164418,0.0,0.0
11703132915,11703164428,0.0,0.0
11703132915,11703164502,0.0,0.0
11703132915,11703164507,0.0,0.0
11703132915,11703164509,0.0,0.0
11703132915,11703164521,0.0,0.0
11703132915,11703164528,0.23652181,116.35372
11703132915,11703164534,0.0,0.0
11703132916,11703132909,0.0,0.0
11703132916,11703132915,0.108896285,38.13616
11703132916,11703132916,0.0,0.0
11703132916,11703132917,0.0,0.0
11703132916,11703132918,0.43820244,153.46124
11703132916,11703132919,0.0,0.0
11703132916,11703132920,0.0,0.0
11703132916,11703133318,0.0,0.0
11703132916,11703133319,0.0,0.0
11703132916,11703133622,0.0,0.0
11703132916,11703164402,0.31962562,111.93489
11703132916,11703164414,0.0,0.0
11703132916,11703164418,0.0,0.0
11703132916,11703164428,0.13327563,46.67396
11703132916,11703164502,0.0,0.0
11703132916,11703164507,0.0,0.0
11703132916,11703164509,0.0,0.0
11703132916,11703164528,0.0,0.0
11703132917,11703132904,0.0,0.0
11703132917,11703132905,0.0,0.0
11703132917,11703132908,0.0,0.0
11703132917,11703132909,0.29897988,109.354004
11703132917,11703132910,0.0,0.0
11703132917,11703132915,0.23057866,84.33578
11703132917,11703132916,0.14926142,54.59342
11703132917,11703132917,0.0,0.0
11703132917,11703132918,0.20859706,76.29585
11703132917,11703132919,0.11258298,41.178024
11703132917,11703132920,0.0,0.0
11703132917,11703132925,0.0,0.0
11703132917,11703133318,0.0,0.0
11703132917,11703133319,0.0,0.0
11703132917,11703133619,0.0,0.0
11703132917,11703133622,0.0,0.0
11703132917,11703133642,0.0,0.0
11703132917,11703164402,0.0,0.0
11703132917,11703164528,0.0,0.0
11703132918,11703132909,0.0,0.0
11703132918,11703132910,0.0,0.0
11703132918,11703132915,0.0,0.0
11703132918,11703132916,0.0,0.0
11703132918,11703132917,0.0,0.0
11703132918,11703132918,0.0,0.0
11703132918,11703132919,0.0,0.0
11703132918,11703132920,0.0,0.0
11703132918,11703132925,0.0,0.0
11703132918,11703133318,0.0,0.0
11703132918,11703133319,0.0,0.0
11703132918,11703133320,0.0,0.0
11703132918,11703133321,0.0,0.0
11703132918,11703133622,0.0,0.0
11703132918,11703164402,0.68173784,372.6634
11703132918,11703164414,0.0,0.0
11703132918,11703164418,0.021101773,11.535018
11703132918,11703164428,0.22090799,120.75656
11703132918,11703164502,0.0,0.0
11703132918,11703164507,0.07625234,41.68238
11703132918,11703164509,0.0,0.0
11703132918,11703164528,0.0,0.0
11703132919,11703132902,0.0,0.0
11703132919,11703132904,0.0,0.0
11703132919,11703132905,0.0,0.0
11703132919,11703132907,0.0,0.0
11703132919,11703132908,0.0,0.0
11703132919,11703132909,0.028499901,12.020594
11703132919,11703132910,0.022603214,9.533508
11703132919,11703132915,0.0,0.0
11703132919,11703132916,0.0,0.0
11703132919,11703132917,0.37229487,157.0253
11703132919,11703132918,0.067065924,28.286842
11703132919,11703132919,0.0,0.0
11703132919,11703132920,0.26489815,111.72786
11703132919,11703132922,0.0,0.0
11703132919,11703132924,0.0,0.0
11703132919,11703132925,0.24463794,103.18257
11703132919,11703132928,0.0,0.0
11703132919,11703133318,0.0,0.0
11703132919,11703133319,0.0,0.0
11703132919,11703133320,0.0,0.0
11703132919,11703133321,0.0,0.0
11703132919,11703133619,0.0,0.0
11703132919,11703133622,0.0,0.0
11703132919,11703133642,0.0,0.0
11703132919,11703164402,0.0,0.0
11703132920,11703132907,0.0,0.0
11703132920,11703132909,0.0,0.0
11703132920,11703132910,0.0,0.0
11703132920,11703132916,0.0,0.0
11703132920,11703132917,0.0,0.0
11703132920,11703132918,0.2561161,119.62851
11703132920,11703132919,0.0,0.0
11703132920,11703132920,0.0,0.0
11703132920,11703132922,0.0,0.0
11703132920,11703132924,0.0,0.0
11703132920,11703132925,0.23118764,107.98475
11703132920,11703132928,0.0,0.0
11703132920,11703133318,0.11530465,53.857307
11703132920,11703133319,0.18821949,87.91488
11703132920,11703133320,0.12876529,60.144596
11703132920,11703133321,0.080406845,37.556995
11703132920,11703133322,0.0,0.0
11703132920,11703133323,0.0,0.0
11703132920,11703133328,0.0,0.0
11703132920,11703164402,0.0,0.0
11703132920,11703164418,0.0,0.0
11703132921,11703132901,0.0,0.0
11703132921,11703132906,0.0,0.0
11703132921,11703132907,0.0,0.0
11703132921,11703132910,0.0,0.0
11703132921,11703132911,0.0,0.0
11703132921,11703132921,0.0,0.0
11703132921,11703132922,0.40693593,153.63568
11703132921,11703132923,0.447335,168.88806
11703132921,11703132924,0.0,0.0
11703132921,11703132925,0.0,0.0
11703132921,11703132926,0.0,0.0
11703132921,11703132927,0.0,0.0
11703132921,11703132928,0.1457291,55.018955
11703132921,11703133321,0.0,0.0
11703132921,11703133322,0.0,0.0
11703132921,11703133352,0.0,0.0
11703132922,11703132901,0.0,0.0
11703132922,11703132902,0.0,0.0
11703132922,11703132906,0.0,0.0
11703132922,11703132907,0.1196118,42.686924
11703132922,11703132908,0.0,0.0
11703132922,11703132909,0.048592985,17.34181
11703132922,11703132910,0.08921617,31.839367
11703132922,11703132911,0.123368084,44.027462
11703132922,11703132919,0.0,0.0
11703132922,11703132920,0.0,0.0
11703132922,11703132921,0.120207965,42.899685
11703132922,11703132922,0.0,0.0
11703132922,11703132923,0.45705527,163.11337
11703132922,11703132924,0.0,0.0
11703132922,11703132925,0.041947782,14.970277
11703132922,11703132926,0.0,0.0
11703132922,11703132927,0.0,0.0
11703132922,11703132928,0.0,0.0
11703132922,11703133321,0.0,0.0
11703132923,11703132901,0.256088,92.36428
11703132923,11703132902,0.0,0.0
11703132923,11703132903,0.0,0.0
11703132923,11703132906,0.0,0.0
11703132923,11703132907,0.0,0.0
11703132923,11703132910,0.0,0.0
11703132923,11703132911,0.0,0.0
11703132923,11703132912,0.0,0.0
11703132923,11703132913,0.0,0.0
11703132923,11703132914,0.0,0.0
11703132923,11703132921,0.35435268,127.8058
11703132923,11703132922,0.0,0.0
11703132923,11703132923,0.0,0.0
11703132923,11703132924,0.0,0.0
11703132923,11703132925,0.0,0.0
11703132923,11703132926,0.043502927,15.690375
11703132923,11703132927,0.08542058,30.808983
11703132923,11703132928,0.18597382,67.07593
11703132923,11703133321,0.0,0.0
11703132923,11703133322,0.0,0.0
11703132923,11703133333,0.07466212,26.928686
11703132923,11703133334,0.0,0.0
11703132923,11703133336,0.0,0.0
11703132923,11703133337,0.0,0.0
11703132923,11703133351,0.0,0.0
11703132923,11703133352,0.0,0.0
11703132923,11801134501,0.0,0.0
11703132923,11801134504,0.0,0.0
11703132923,11801134536,0.0,0.0
11703132924,11703132907,0.0,0.0
11703132924,11703132910,0.0,0.0
11703132924,11703132911,0.0,0.0
11703132924,11703132919,0.0,0.0
11703132924,11703132920,0.0,0.0
11703132924,11703132921,0.0,0.0
11703132924,11703132922,0.28296012,0.0
11703132924,11703132923,0.0,0.0
11703132924,11703132924,0.0,0.0
11703132924,11703132925,0.58935755,0.0
11703132924,11703132927,0.0,0.0
11703132924,11703132928,0.12768239,0.0
11703132924,11703133321,0.0,0.0
11703132924,11703133322,0.0,0.0
11703132924,11703133352,0.0,0.0
11703132925,11703132902,0.0,0.0
11703132925,11703132907,0.062042266,28.073631
11703132925,11703132908,0.0,0.0
11703132925,11703132909,0.0,0.0
11703132925,11703132910,0.11902639,53.858494
11703132925,11703132911,0.0,0.0
11703132925,11703132917,0.0,0.0
11703132925,11703132918,0.061772972,27.951778
11703132925,11703132919,0.14699575,66.514404
11703132925,11703132920,0.1128529,51.06504
11703132925,11703132921,0.0,0.0
11703132925,11703132922,0.12410304,56.155636
11703132925,11703132923,0.0,0.0
11703132925,11703132924,0.0,0.0
11703132925,11703132925,0.060759813,27.493332
11703132925,11703132927,0.0,0.0
11703132925,11703132928,0.06268892,28.366236
11703132925,11703133318,0.0,0.0
11703132925,11703133319,0.0,0.0
11703132925,11703133320,0.0,0.0
11703132925,11703133321,0.2048774,92.70539
11703132925,11703133322,0.0,0.0
11703132925,11703133323,0.0,0.0
11703132925,11703133328,0.04488054,20.308086
11703132925,11703133352,0.0,0.0
11703132926,11703132901,0.42826065,181.49765
11703132926,11703132902,0.0,0.0
11703132926,11703132903,0.0,0.0
11703132926,11703132906,0.0,0.0
11703132926,11703132907,0.0,0.0
11703132926,11703132911,3.4302473e-05,0.014537452
11703132926,11703132912,0.0,0.0
11703132926,11703132913,0.44230238,187.44856
11703132926,11703132914,0.088175505,37.368942
11703132926,11703132921,0.0,0.0
11703132926,11703132922,0.0,0.0
11703132926,11703132923,0.03165114,13.413812
11703132926,11703132926,0.0,0.0
11703132926,11703132927,0.0,0.0
11703132926,11703132928,0.0,0.0
11703132926,11703133333,0.0,0.0
11703132926,11703133334,0.0,0.0
11703132926,11703133336,0.0,0.0
11703132926,11703133337,0.0,0.0
11703132926,11703133351,0.009575963,4.058311
11703132926,11703133352,0.0,0.0
11703132926,11801134501,0.0,0.0
11703132926,11801134504,0.0,0.0
11703132926,11801134519,0.0,0.0
11703132926,11801134536,0.0,0.0
11703132927,11703132901,0.12451987,32.499294
11703132927,11703132906,0.0,0.0
11703132927,11703132911,0.0,0.0
11703132927,11703132912,0.0,0.0
11703132927,11703132913,0.0,0.0
11703132927,11703132914,0.0,0.0
11703132927,11703132921,0.0,0.0
11703132927,11703132922,0.0,0.0
11703132927,11703132923,0.0,0.0
11703132927,11703132924,0.0,0.0
11703132927,11703132925,0.0,0.0
11703132927,11703132926,0.008089229,2.1112635
11703132927,11703132927,0.23893754,62.361946
11703132927,11703132928,0.0,0.0
11703132927,11703133307,0.0,0.0
11703132927,11703133309,0.0,0.0
11703132927,11703133321,0.0,0.0
11703132927,11703133322,0.0,0.0
11703132927,11703133333,0.0,0.0
11703132927,11703133334,0.16780774,43.797295
11703132927,11703133335,0.0,0.0
11703132927,11703133336,0.24860959,64.88632
11703132927,11703133337,0.21203606,55.340744
11703132927,11703133346,0.0,0.0
11703132927,11703133350,0.0,0.0
11703132927,11703133351,0.0,0.0
11703132927,11703133352,0.0,0.0
11703132927,11703133353,0.0,0.0
11703132927,11801134504,0.0,0.0
11703132927,11801134519,0.0,0.0
11703132927,11801165008,0.0,0.0
11703132927,11801165019,0.0,0.0
11703132928,11703132901,0.0,0.0
11703132928,11703132906,0.0,0.0
11703132928,11703132907,0.0,0.0
11703132928,11703132910,0.0,0.0
11703132928,11703132911,0.0,0.0
11703132928,11703132914,0.0,0.0
11703132928,11703132919,0.0,0.0
11703132928,11703132920,0.0,0.0
11703132928,11703132921,0.0004982352,0.22434711
11703132928,11703132922,0.0,0.0
11703132928,11703132923,0.10537779,47.449886
11703132928,11703132924,0.0,0.0
11703132928,11703132925,0.17003769,76.56517
11703132928,11703132926,0.0,0.0
11703132928,11703132927,0.06668568,30.027462
11703132928,11703132928,0.0,0.0
11703132928,11703133307,0.0,0.0
11703132928,11703133309,0.0,0.0
11703132928,11703133320,0.0,0.0
11703132928,11703133321,0.3217154,144.86316
11703132928,11703133322,0.20345485,91.61237
11703132928,11703133323,0.0,0.0
11703132928,11703133328,0.0,0.0
11703132928,11703133333,0.0,0.0
11703132928,11703133334,0.0,0.0
11703132928,11703133336,0.0,0.0
11703132928,11703133337,0.0,0.0
11703132928,11703133351,0.0,0.0
11703132928,11703133352,0.13223028,59.54112
11703133003,11703133003,0.0,0.0
11703133003,11703133004,0.0,0.0
11703133003,11703133005,0.06665152,29.276516
11703133003,11703133006,0.14524457,63.798317
11703133003,11703133007,0.0,0.0
11703133003,11703133008,0.106291294,46.688187
11703133003,11703133009,0.0,0.0
11703133003,11703133010,0.00842154,3.6991408
11703133003,11703133014,0.0,0.0
11703133003,11703133015,0.0,0.0
11703133003,11703133016,0.0,0.0
11703133003,11703133017,0.056995153,25.03498
11703133003,11703133018,0.0,0.0
11703133003,11703133022,0.011551142,5.0738106
11703133003,11703133023,0.0,0.0
11703133003,11703133026,0.0,0.0
11703133003,11703133027,0.0,0.0
11703133003,11703133028,0.0,0.0
11703133003,11703133030,0.0,0.0
11703133003,11703133033,0.0,0.0
11703133003,11703133036,0.0,0.0
11703133003,11703133037,0.0,0.0
11703133003,11703133039,0.03187543,14.0012045
11703133003,11703133040,0.07787603,34.206856
11703133003,11703133042,0.0,0.0
11703133003,11703133045,0.0,0.0
11703133003,11703133046,0.0,0.0
11703133003,11703133047,0.052066922,22.870266
11703133003,11703133048,0.0,0.0
11703133003,11703133049,0.0,0.0
11703133003,11703164003,0.0,0.0
11703133003,11703164034,0.0,0.0
11703133003,11703164203,0.39557126,173.7537
11703133003,11703164207,0.0,0.0
11703133003,11703164209,0.04745516,20.844563
11703133004,11703133003,0.20825797,71.91662
11703133004,11703133004,0.0,0.0
11703133004,11703133005,0.037225366,12.854837
11703133004,11703133006,0.2372424,81.92565
11703133004,11703133007,0.20404583,70.46206
11703133004,11703133008,0.0,0.0
11703133004,11703133009,0.05292207,18.275297
11703133004,11703133010,0.0,0.0
11703133004,11703133016,0.025737822,8.887905
11703133004,11703133023,0.0,0.0
11703133004,11703133027,0.0,0.0
11703133004,11703133033,0.0,0.0
11703133004,11703133040,0.057269096,19.776432
11703133004,11703133042,0.0,0.0
11703133004,11703133045,0.0,0.0
11703133004,11703133047,0.13286954,45.883133
11703133004,11703133048,0.0,0.0
11703133004,11703164003,0.0,0.0
11703133004,11703164034,0.0444299,15.34274
11703133004,11703164203,0.0,0.0
11703133004,11703164207,0.0,0.0
11703133004,11703164209,0.0,0.0
11703133005,11703133003,0.30345577,121.02007
11703133005,11703133004,0.033516884,13.366745
11703133005,11703133005,0.0,0.0
11703133005,11703133006,0.0,0.0
11703133005,11703133007,0.0,0.0
11703133005,11703133008,0.0,0.0
11703133005,11703133009,0.10365254,41.337284
11703133005,11703133010,0.0,0.0
11703133005,11703133016,0.0,0.0
11703133005,11703133023,0.0,0.0
11703133005,11703133026,0.0,0.0
11703133005,11703133027,0.18762368,74.82551
11703133005,11703133028,0.04383284,17.480812
11703133005,11703133033,0.0,0.0
11703133005,11703133040,0.060198784,24.007654
11703133005,11703133042,0.0,0.0
11703133005,11703133045,0.0,0.0
11703133005,11703133048,0.0,0.0
11703133005,11703164003,0.0,0.0
11703133005,11703164034,0.0,0.0
11703133005,11703164203,0.19726712,78.67137
11703133005,11703164207,0.0,0.0
11703133005,11703164209,0.07045251,28.096907
11703133006,11703133003,0.20726693,94.030525
11703133006,11703133004,0.07576144,34.370594
11703133006,11703133005,0.0,0.0
11703133006,11703133006,0.07419741,33.661045
11703133006,11703133007,0.16236043,73.65785
11703133006,11703133008,0.26928365,122.16557
11703133006,11703133009,0.0,0.0
11703133006,11703133010,0.0,0.0
11703133006,11703133014,0.0,0.0
11703133006,11703133016,0.0,0.0
11703133006,11703133023,0.0,0.0
11703133006,11703133027,0.0,0.0
11703133006,11703133033,0.0,0.0
11703133006,11703133039,0.0,0.0
11703133006,11703133042,0.09107125,41.316177
11703133006,11703133047,0.120058894,54.466965
11703133006,11703133048,0.0,0.0
11703133006,11703133051,0.0,0.0
11703133006,11703164203,0.0,0.0
11703133007,11703133003,0.0,0.0
11703133007,11703133004,0.0,0.0
11703133007,11703133005,0.0,0.0
11703133007,11703133006,0.15733464,56.292027
11703133007,11703133007,0.0,0.0
11703133007,11703133008,0.0,0.0
11703133007,11703133009,0.2482403,88.81674
11703133007,11703133010,0.0,0.0
11703133007,11703133023,0.11199625,40.070614
11703133007,11703133027,0.033149138,11.860275
11703133007,11703133040,0.0,0.0
11703133007,11703133042,0.0,0.0
11703133007,11703133045,0.0,0.0
11703133007,11703133047,0.0,0.0
11703133007,11703164003,0.10002644,35.787994
11703133007,11703164034,0.0,0.0
11703133007,11703164203,0.17969306,64.29154
11703133007,11703164207,0.16956027,60.66618
11703133007,11703164209,0.0,0.0
11703133008,11703133003,0.12392214,45.899673
11703133008,11703133004,0.0,0.0
11703133008,11703133005,0.0,0.0
11703133008,11703133006,0.085742146,31.758139
11703133008,11703133007,0.03179899,11.778067
11703133008,11703133008,0.0,0.0
11703133008,11703133009,0.29308644,108.55665
11703133008,11703133010,0.06306341,23.358135
11703133008,11703133023,0.0,0.0
11703133008,11703133027,0.11557606,42.808357
11703133008,11703133040,0.020867258,7.7290497
11703133008,11703133042,0.0,0.0
11703133008,11703133045,0.0,0.0
11703133008,11703133047,0.10116616,37.471058
11703133008,11703133051,0.0,0.0
11703133008,11703164003,0.13948837,51.665268
11703133008,11703164034,0.0,0.0
11703133008,11703164203,0.025289088,9.366857
11703133008,11703164207,0.0,0.0
11703133008,11703164209,0.0,0.0
11703133009,11703133003,0.0,0.0
11703133009,11703133004,0.059499413,21.206003
11703133009,11703133005,0.05081162,18.109613
11703133009,11703133006,0.022770017,8.115392
11703133009,11703133007,0.078690976,28.04601
11703133009,11703133008,0.0,0.0
11703133009,11703133009,0.0,0.0
11703133009,11703133010,0.0,0.0
11703133009,11703133023,0.09418085,33.566708
11703133009,11703133027,0.21038571,74.982925
11703133009,11703133040,0.07656136,27.286999
11703133009,11703133045,0.04414186,15.732464
11703133009,11703133047,0.0382047,13.61642
11703133009,11703133050,0.055162042,19.660133
11703133009,11703133051,0.0,0.0
11703133009,11703164003,0.0,0.0
11703133009,11703164034,0.0,0.0
11703133009,11703164201,0.0,0.0
11703133009,11703164203,0.014052838,5.0085287
11703133009,11703164207,0.0,0.0
11703133009,11703164209,0.0,0.0
11703133009,11703164210,0.0,0.0
11703133009,11703164211,0.0,0.0
11703133009,11703164214,0.0,0.0
11703133009,11703164230,0.0,0.0
11703133009,11703164233,0.0,0.0
11703133009,11703164702,0.0,0.0
11703133009,11703164703,0.0,0.0
11703133009,11703164707,0.0,0.0
11703133009,11703164709,0.0550597,19.62366
11703133009,11703164718,0.0,0.0
11703133009,11703164724,0.0,0.0
11703133009,11703164732,0.20047894,71.45208
11703133010,11703133003,0.07845467,30.96376
11703133010,11703133004,0.114319265,45.11846
11703133010,11703133005,0.19289845,76.13136
11703133010,11703133006,0.0,0.0
11703133010,11703133007,0.009847939,3.8866928
11703133010,11703133008,0.16196388,63.922394
11703133010,11703133009,0.0,0.0
11703133010,11703133010,0.0,0.0
11703133010,11703133014,0.0,0.0
11703133010,11703133023,0.0,0.0
11703133010,11703133027,0.04436302,17.508783
11703133010,11703133034,0.059318602,23.411314
11703133010,11703133039,0.035032928,13.826469
11703133010,11703133040,0.25917035,102.28694
11703133010,11703133042,0.0,0.0
11703133010,11703133045,0.044631124,17.614595
11703133010,11703133047,0.0,0.0
11703133010,11703133050,0.0,0.0
11703133010,11703133051,0.0,0.0
11703133010,11703164003,0.0,0.0
11703133010,11703164034,0.0,0.0
11703133010,11703164203,0.0,0.0
11703133010,11703164207,0.0,0.0
11703133010,11703164209,0.0,0.0
11703133010,11703164211,0.0,0.0
11703133010,11703164230,0.0,0.0
11703133010,11703164709,0.0,0.0
11703133010,11703164718,0.0,0.0
11703133010,11703164732,0.0,0.0
11703133013,11701163527,0.0,0.0
11703133013,11701163542,0.0,0.0
11703133013,11702132815,0.07240543,41.640602
11703133013,11703133013,0.1786659,102.75136
11703133013,11703133014,0.0,0.0
11703133013,11703133015,0.106941074,61.502167
11703133013,11703133016,0.0,0.0
11703133013,11703133018,0.0,0.0
11703133013,11703133020,0.37813434,217.46632
11703133013,11703133022,0.07632008,43.891933
11703133013,11703133031,0.0,0.0
11703133013,11703133032,0.0,0.0
11703133013,11703133034,0.0,0.0
11703133013,11703133035,0.0,0.0
11703133013,11703133038,0.0,0.0
11703133013,11703133039,0.0,0.0
11703133013,11703133043,0.0,0.0
11703133013,11703133044,0.090593964,52.10089
11703133013,11703133047,0.0,0.0
11703133013,11703133049,0.0,0.0
11703133013,11703133050,0.0,0.0
11703133013,11703133051,0.0,0.0
11703133013,11703164302,0.039433807,22.678514
11703133013,11703164304,0.0,0.0
11703133013,11703164702,0.0,0.0
11703133013,11703164705,0.0,0.0
11703133013,11703164709,0.0,0.0
11703133013,11703164721,0.0,0.0
11703133013,11703164730,0.0,0.0
11703133013,11703164805,0.0,0.0
11703133013,11703164808,0.0,0.0
11703133013,11703164809,0.0,0.0
11703133013,11703164813,0.05750534,33.071514
11703133013,11703164818,0.0,0.0
11703133014,11702132815,0.0,0.0
11703133014,11702132819,0.0,0.0
11703133014,11703133003,0.0,0.0
11703133014,11703133006,0.0,0.0
11703133014,11703133010,0.0,0.0
11703133014,11703133013,0.0,0.0
11703133014,11703133014,0.0,0.0
11703133014,11703133015,0.0,0.0
11703133014,11703133016,0.0,0.0
11703133014,11703133017,0.0,0.0
11703133014,11703133018,0.9568778,349.51797
11703133014,11703133020,0.043122172,15.7512
11703133014,11703133022,0.0,0.0
11703133014,11703133023,0.0,0.0
11703133014,11703133031,0.0,0.0
11703133014,11703133032,0.0,0.0
11703133014,11703133034,0.0,0.0
11703133014,11703133039,0.0,0.0
11703133014,11703133042,0.0,0.0
11703133014,11703133044,0.0,0.0
11703133014,11703133047,0.0,0.0
11703133014,11703133048,0.0,0.0
11703133014,11703133049,0.0,0.0
11703133014,11703133050,0.0,0.0
11703133014,11703133051,0.0,0.0
11703133014,11703164705,0.0,0.0
11703133014,11703164709,0.0,0.0
11703133014,11703164718,0.0,0.0
11703133014,11703164813,0.0,0.0
11703133015,11701163512,0.0,0.0
11703133015,11702132805,0.0,0.0
11703133015,11702132815,0.008172125,2.763805
11703133015,11702132819,0.02154097,7.2851357
11703133015,11702132820,0.0,0.0
11703133015,11703133003,0.08341351,28.210371
11703133015,11703133013,0.33316085,112.67469
11703133015,11703133014,0.0,0.0
11703133015,11703133015,0.0,0.0
11703133015,11703133016,0.0,0.0
11703133015,11703133017,0.19666705,66.51261
11703133015,11703133018,0.05381462,18.200054
11703133015,11703133020,0.0,0.0
11703133015,11703133022,0.083393425,28.203579
11703133015,11703133031,0.13809773,46.704525
11703133015,11703133032,0.0,0.0
11703133015,11703133039,0.081739634,27.644268
11703133015,11703133042,0.0,0.0
11703133015,11703133048,0.0,0.0
11703133015,11703133049,0.0,0.0
11703133016,11701163512,0.0,0.0
11703133016,11702132815,0.0,0.0
11703133016,11702132819,0.0,0.0
11703133016,11702132820,0.0,0.0
11703133016,11703133003,0.014651716,5.6706643
11703133016,11703133004,0.0,0.0
11703133016,11703133005,0.0,0.0
11703133016,11703133006,0.0,0.0
11703133016,11703133013,0.35698602,138.16457
11703133016,11703133014,0.0,0.0
11703133016,11703133015,0.12503627,48.39288
11703133016,11703133016,0.008312315,3.2171214
11703133016,11703133017,0.0,0.0
11703133016,11703133018,0.0,0.0
11703133016,11703133020,0.17812705,68.94064
11703133016,11703133022,0.0,0.0
11703133016,11703133027,0.0,0.0
11703133016,11703133031,0.0,0.0
11703133016,11703133032,0.0,0.0
11703133016,11703133033,0.0,0.0
11703133016,11703133034,0.0,0.0
11703133016,11703133036,0.20714298,80.1707
11703133016,11703133037,0.0,0.0
11703133016,11703133039,0.0,0.0
11703133016,11703133042,0.0,0.0
11703133016,11703133044,0.0,0.0
11703133016,11703133046,0.0,0.0
11703133016,11703133047,0.0,0.0
11703133016,11703133048,0.109743685,42.47418
11703133016,11703133049,0.0,0.0
11703133016,11703133050,0.0,0.0
11703133016,11703133051,0.0,0.0
11703133016,11703164203,0.0,0.0
11703133017,11703133003,0.16032779,54.412056
11703133017,11703133014,0.0,0.0
11703133017,11703133015,0.25806344,87.58159
11703133017,11703133016,0.090358734,30.665953
11703133017,11703133017,0.022370577,7.592128
11703133017,11703133018,0.0,0.0
11703133017,11703133022,0.27091777,91.94409
11703133017,11703133032,0.0,0.0
11703133017,11703133033,0.0,0.0
11703133017,11703133036,0.0,0.0
11703133017,11703133037,0.0,0.0
11703133017,11703133039,0.10969615,37.228687
11703133017,11703133042,0.0,0.0
11703133017,11703133046,0.0,0.0
11703133017,11703133048,0.0,0.0
11703133017,11703133049,0.08826554,29.955564
11703133018,11701163503,0.11274201,68.15469
11703133018,11701163512,0.0,0.0
11703133018,11701163527,0.0,0.0
11703133018,11701163542,0.0,0.0
11703133018,11702132805,0.0,0.0
11703133018,11702132815,0.23854232,144.20338
11703133018,11702132819,0.0,0.0
11703133018,11702132820,0.0,0.0
11703133018,11703133003,0.0,0.0
11703133018,11703133013,0.0,0.0
11703133018,11703133014,0.19424158,117.422745
11703133018,11703133015,0.034827054,21.05362
11703133018,11703133016,0.0,0.0
11703133018,11703133017,0.08102512,48.981236
11703133018,11703133018,0.18335474,110.84144
11703133018,11703133020,0.0,0.0
11703133018,11703133022,0.0,0.0
11703133018,11703133029,0.0,0.0
11703133018,11703133030,0.0,0.0
11703133018,11703133031,0.0,0.0
11703133018,11703133032,0.0,0.0
11703133018,11703133034,0.0,0.0
11703133018,11703133035,0.0,0.0
11703133018,11703133036,0.0,0.0
11703133018,11703133038,0.0,0.0
11703133018,11703133039,0.086446464,52.258537
11703133018,11703133042,0.0,0.0
11703133018,11703133043,0.0,0.0
11703133018,11703133044,0.0,0.0
11703133018,11703133047,0.0,0.0
11703133018,11703133048,0.0,0.0
11703133018,11703133049,0.0,0.0
11703133018,11703133050,0.0,0.0
11703133018,11703133051,0.0,0.0
11703133018,11703164020,0.0,0.0
11703133018,11703164302,0.0,0.0
11703133018,11703164304,0.0,0.0
11703133018,11703164705,0.0,0.0
11703133018,11703164813,0.0,0.0
11703133018,11703164818,0.068820655,41.6034
11703133020,11701163512,0.0,0.0
11703133020,11701163527,0.0,0.0
11703133020,11701163542,0.019706875,17.923927
11703133020,11702132805,0.0,0.0
11703133020,11702132815,0.14838132,134.95676
11703133020,11702132819,0.07433626,67.61081
11703133020,11702132820,0.0,0.0
11703133020,11703133013,0.0,0.0
11703133020,11703133014,0.0,0.0
11703133020,11703133015,0.0,0.0
11703133020,11703133016,0.0,0.0
11703133020,11703133018,0.0,0.0
11703133020,11703133020,0.0,0.0
11703133020,11703133022,0.0,0.0
11703133020,11703133031,0.0,0.0
11703133020,11703133032,0.0,0.0
11703133020,11703133034,0.07695952,69.996735
11703133020,11703133035,0.0,0.0
11703133020,11703133038,0.0,0.0
11703133020,11703133039,0.025548488,23.23703
11703133020,11703133043,0.0,0.0
11703133020,11703133044,0.14972898,136.1825
11703133020,11703133049,0.0,0.0
11703133020,11703133050,0.0,0.0
11703133020,11703164302,0.0,0.0
11703133020,11703164303,0.0,0.0
11703133020,11703164304,0.0,0.0
11703133020,11703164305,0.0,0.0
11703133020,11703164313,0.0,0.0
11703133020,11703164317,0.0,0.0
11703133020,11703164702,0.0,0.0
11703133020,11703164705,0.0,0.0
11703133020,11703164709,0.0,0.0
11703133020,11703164721,0.0,0.0
11703133020,11703164730,0.0,0.0
11703133020,11703164801,0.0,0.0
11703133020,11703164805,0.17346427,157.77037
11703133020,11703164808,0.32076046,291.74017
11703133020,11703164809,0.0,0.0
11703133020,11703164813,0.0,0.0
11703133020,11703164818,0.011113793,10.10829
11703133022,11701163503,0.0,0.0
11703133022,11701163512,0.0,0.0
11703133022,11702132805,0.0,0.0
11703133022,11702132815,0.0,0.0
11703133022,11702132819,0.0,0.0
11703133022,11702132820,0.0,0.0
11703133022,11703133003,0.0,0.0
11703133022,11703133013,0.31235126,116.39166
11703133022,11703133014,0.0,0.0
11703133022,11703133015,0.2202219,82.06144
11703133022,11703133016,0.0,0.0
11703133022,11703133017,0.11820015,44.045002
11703133022,11703133018,0.0,0.0
11703133022,11703133020,0.0,0.0
11703133022,11703133022,0.0,0.0
11703133022,11703133031,0.0,0.0
11703133022,11703133032,0.0,0.0
11703133022,11703133033,0.121894985,45.42181
11703133022,11703133036,0.0,0.0
11703133022,11703133037,0.0,0.0
11703133022,11703133039,0.100646764,37.50407
11703133022,11703133046,0.0,0.0
11703133022,11703133048,0.0,0.0
11703133022,11703133049,0.126685,47.206715
11703133023,11703133003,0.0,0.0
11703133023,11703133004,0.0,0.0
11703133023,11703133005,0.0,0.0
11703133023,11703133006,0.0,0.0
11703133023,11703133007,0.036628127,15.0922165
11703133023,11703133008,0.0,0.0
11703133023,11703133009,0.0,0.0
11703133023,11703133010,0.0,0.0
11703133023,11703133014,0.026744306,11.019697
11703133023,11703133023,0.09522271,39.23547
11703133023,11703133027,0.0,0.0
11703133023,11703133034,0.0,0.0
11703133023,11703133040,0.0,0.0
11703133023,11703133045,0.0,0.0
11703133023,11703133047,0.0,0.0
11703133023,11703133050,0.055010617,22.66652
11703133023,11703133051,0.0,0.0
11703133023,11703164003,0.0,0.0
11703133023,11703164034,0.0,0.0
11703133023,11703164203,0.42981052,177.0987
11703133023,11703164207,0.0,0.0
11703133023,11703164209,0.21817829,89.897964
11703133023,11703164211,0.0,0.0
11703133023,11703164214,0.0,0.0
11703133023,11703164230,0.0,0.0
11703133023,11703164702,0.0,0.0
11703133023,11703164703,0.0,0.0
11703133023,11703164705,0.0,0.0
11703133023,11703164707,0.0,0.0
11703133023,11703164709,0.0,0.0
11703133023,11703164718,0.11347628,46.756653
11703133023,11703164721,0.0,0.0
11703133023,11703164724,0.0,0.0
11703133023,11703164732,0.024929106,10.271764
11703133026,11703133003,0.038415194,12.960598
11703133026,11703133005,0.0,0.0
11703133026,11703133026,0.0,0.0
11703133026,11703133027,0.10996747,37.101055
11703133026,11703133028,0.16746742,56.500504
11703133026,11703133029,0.0,0.0
11703133026,11703133030,0.0,0.0
11703133026,11703133033,0.0,0.0
11703133026,11703133036,0.06717193,22.662605
11703133026,11703133040,0.0,0.0
11703133026,11703133045,0.2726363,91.9826
11703133026,11703164001,0.0,0.0
11703133026,11703164003,0.1467284,49.503532
11703133026,11703164004,0.0,0.0
11703133026,11703164005,0.0,0.0
11703133026,11703164008,0.15993571,53.959442
11703133026,11703164013,0.0,0.0
11703133026,11703164018,0.0,0.0
11703133026,11703164034,0.0,0.0
11703133026,11703164203,0.037677526,12.711722
11703133027,11703133003,0.34204134,193.53053
11703133027,11703133004,0.0,0.0
11703133027,11703133005,0.0,0.0
11703133027,11703133006,0.0,0.0
11703133027,11703133007,0.0,0.0
11703133027,11703133008,0.0,0.0
11703133027,11703133009,0.0,0.0
11703133027,11703133010,0.0,0.0
11703133027,11703133016,0.0,0.0
11703133027,11703133023,0.0,0.0
11703133027,11703133026,0.35907122,203.16621
11703133027,11703133027,0.0,0.0
11703133027,11703133028,0.050486714,28.565907
11703133027,11703133029,0.0,0.0
11703133027,11703133030,0.0,0.0
11703133027,11703133033,0.00087064505,0.49262
11703133027,11703133036,0.0,0.0
11703133027,11703133040,0.08814064,49.870884
11703133027,11703133042,0.0,0.0
11703133027,11703133045,0.0,0.0
11703133027,11703133046,0.0,0.0
11703133027,11703133048,0.0,0.0
11703133027,11703164001,0.0,0.0
11703133027,11703164003,0.0,0.0
11703133027,11703164004,0.0,0.0
11703133027,11703164008,0.0,0.0
11703133027,11703164018,0.0,0.0
11703133027,11703164034,0.0,0.0
11703133027,11703164203,0.15938953,90.18424
11703133027,11703164207,0.0,0.0
11703133027,11703164209,0.0,0.0
11703133028,11702132819,0.0,0.0
11703133028,11703133003,0.0,0.0
11703133028,11703133005,0.096346304,36.000763
11703133028,11703133026,0.17331843,64.76217
11703133028,11703133027,0.0,0.0
11703133028,11703133028,0.0,0.0
11703133028,11703133029,0.0,0.0
11703133028,11703133030,0.24555622,91.75455
11703133028,11703133031,0.0,0.0
11703133028,11703133032,0.0,0.0
11703133028,11703133033,0.13642396,50.97618
11703133028,11703133036,0.20288835,75.81127
11703133028,11703133037,0.0,0.0
11703133028,11703133040,0.02632989,9.838428
11703133028,11703133045,0.0,0.0
11703133028,11703133046,0.0,0.0
11703133028,11703133048,0.0,0.0
11703133028,11703133049,0.0,0.0
11703133028,11703164001,0.119136915,44.516705
11703133028,11703164008,0.0,0.0
11703133028,11703164010,0.0,0.0
11703133028,11703164018,0.0,0.0
11703133028,11703164020,0.0,0.0
11703133028,11703164021,0.0,0.0
11703133028,11703164203,0.0,0.0
11703133029,11702132819,0.01794374,7.0781937
11703133029,11702132820,0.0,0.0
11703133029,11703133018,0.0,0.0
11703133029,11703133026,0.09148508,36.087746
11703133029,11703133027,0.08004707,31.57584
11703133029,11703133028,0.025595307,10.096477
11703133029,11703133029,0.0,0.0
11703133029,11703133030,0.32849824,129.58136
11703133029,11703133031,0.13715094,54.10137
11703133029,11703133032,0.0,0.0
11703133029,11703133033,0.0,0.0
11703133029,11703133036,0.0,0.0
11703133029,11703164001,0.09633511,38.00092
11703133029,11703164008,0.104139805,41.0796
11703133029,11703164010,0.0,0.0
11703133029,11703164018,0.11880487,46.86447
11703133029,11703164020,0.0,0.0
11703133029,11703164021,0.0,0.0
11703133030,11702132819,0.0,0.0
11703133030,11703133003,0.019815475,6.9122486
11703133030,11703133018,0.0,0.0
11703133030,11703133026,0.0,0.0
11703133030,11703133027,0.0,0.0
11703133030,11703133028,0.12457004,43.453873
11703133030,11703133029,0.052068383,18.163057
11703133030,11703133030,0.0,0.0
11703133030,11703133031,0.28652284,99.948
11703133030,11703133032,0.0,0.0
11703133030,11703133033,0.17937294,62.570812
11703133030,11703133036,0.3376502,117.78281
11703133030,11703133037,0.0,0.0
11703133030,11703133046,0.0,0.0
11703133030,11703133048,0.0,0.0
11703133030,11703133049,0.0,0.0
11703133030,11703164001,0.0,0.0
11703133030,11703164008,0.0,0.0
11703133030,11703164010,0.0,0.0
11703133030,11703164020,0.0,0.0
11703133030,11703164021,0.0,0.0
11703133031,11701163512,0.0,0.0
11703133031,11702132805,0.0,0.0
11703133031,11702132815,0.0,0.0
11703133031,11702132819,0.0,0.0
11703133031,11702132820,0.0,0.0
11703133031,11703133013,0.24717355,90.53775
11703133031,11703133014,0.0,0.0
11703133031,11703133015,0.0,0.0
11703133031,11703133016,0.0,0.0
11703133031,11703133018,0.0,0.0
11703133031,11703133020,0.0,0.0
11703133031,11703133022,0.0,0.0
11703133031,11703133028,0.0,0.0
11703133031,11703133029,0.0,0.0
11703133031,11703133030,0.1563738,57.278507
11703133031,11703133031,0.16768372,61.421246
11703133031,11703133032,0.13916689,50.975754
11703133031,11703133033,0.0,0.0
11703133031,11703133036,0.28960204,106.07898
11703133031,11703133037,0.0,0.0
11703133031,11703133039,0.0,0.0
11703133031,11703133046,0.0,0.0
11703133031,11703133048,0.0,0.0
11703133031,11703133049,0.0,0.0
11703133031,11703164001,0.0,0.0
11703133031,11703164010,0.0,0.0
11703133031,11703164020,0.0,0.0
11703133031,11703164021,0.0,0.0
11703133032,11701163512,0.0,0.0
11703133032,11702132805,0.0,0.0
11703133032,11702132815,0.0,0.0
11703133032,11702132819,0.0,0.0
11703133032,11702132820,0.009236246,3.2921755
11703133032,11703133013,0.25570568,91.14395
11703133032,11703133014,0.0,0.0
11703133032,11703133015,0.0,0.0
11703133032,11703133016,0.0,0.0
11703133032,11703133017,0.0,0.0
11703133032,11703133018,0.24492487,87.30123
11703133032,11703133020,0.11898515,42.411167
11703133032,11703133022,0.0,0.0
11703133032,11703133028,0.0,0.0
11703133032,11703133029,0.0,0.0
11703133032,11703133030,0.0,0.0
11703133032,11703133031,0.0,0.0
11703133032,11703133032,0.0,0.0
11703133032,11703133033,0.0,0.0
11703133032,11703133036,0.2922344,104.164276
11703133032,11703133037,0.026026636,9.276957
11703133032,11703133039,0.052887112,18.851128
11703133032,11703133046,0.0,0.0
11703133032,11703133048,0.0,0.0
11703133032,11703133049,0.0,0.0
11703133032,11703164020,0.0,0.0
11703133033,11703133003,0.0,0.0
11703133033,11703133004,0.09161231,30.629759
11703133033,11703133005,0.0,0.0
11703133033,11703133006,0.0,0.0
11703133033,11703133016,0.0,0.0
11703133033,11703133017,0.0,0.0
11703133033,11703133022,0.075237185,25.154882
11703133033,11703133026,0.0,0.0
11703133033,11703133027,0.0,0.0
11703133033,11703133028,0.0,0.0
11703133033,11703133029,0.0,0.0
11703133033,11703133030,0.10831258,36.213345
11703133033,11703133031,0.0,0.0
11703133033,11703133032,0.0,0.0
11703133033,11703133033,0.028710097,9.598966
11703133033,11703133036,0.4475402,149.63107
11703133033,11703133037,0.0,0.0
11703133033,11703133040,0.0,0.0
11703133033,11703133042,0.0,0.0
11703133033,11703133045,0.0,0.0
11703133033,11703133046,0.24858764,83.11306
11703133033,11703133048,0.0,0.0
11703133033,11703133049,0.0,0.0
11703133033,11703164001,0.0,0.0
11703133033,11703164008,0.0,0.0
11703133033,11703164203,0.0,0.0
11703133034,11703133010,0.0,0.0
11703133034,11703133013,0.0,0.0
11703133034,11703133014,0.0,0.0
11703133034,11703133016,0.0,0.0
11703133034,11703133018,0.0,0.0
11703133034,11703133020,0.17904854,75.34828
11703133034,11703133023,0.0,0.0
11703133034,11703133034,0.0,0.0
11703133034,11703133039,0.05702281,23.996681
11703133034,11703133044,0.2782926,117.112755
11703133034,11703133047,0.24118501,101.49692
11703133034,11703133050,0.0,0.0
11703133034,11703133051,0.054342687,22.868814
11703133034,11703164702,0.0,0.0
11703133034,11703164705,0.032836854,13.818602
11703133034,11703164709,0.09555191,40.210728
11703133034,11703164718,0.0,0.0
11703133034,11703164721,0.0,0.0
11703133034,11703164724,0.0,0.0
11703133034,11703164730,0.0,0.0
11703133034,11703164805,0.0,0.0
11703133034,11703164809,0.061719477,25.97316
11703133034,11703164813,0.0,0.0
11703133035,11701163407,0.0,0.0
11703133035,11701163410,0.0,0.0
11703133035,11701163415,0.0,0.0
11703133035,11701163424,0.0,0.0
11703133035,11701163527,0.03129044,11.948833
11703133035,11701163542,0.026827008,10.244389
11703133035,11703133013,0.26173776,99.9494
11703133035,11703133018,0.0,0.0
11703133035,11703133020,0.20382077,77.832726
11703133035,11703133035,0.0,0.0
11703133035,11703133038,0.0,0.0
11703133035,11703133043,0.0,0.0
11703133035,11703164302,0.09666702,36.91409
11703133035,11703164303,0.0,0.0
11703133035,11703164304,0.19475609,74.37121
11703133035,11703164305,0.0,0.0
11703133035,11703164310,0.0047626495,1.8187057
11703133035,11703164316,0.0,0.0
11703133035,11703164317,0.0,0.0
11703133035,11703164320,0.0,0.0
11703133035,11703164813,0.007416606,2.8321679
11703133035,11703164818,0.17272171,65.95698
11703133036,11702132819,0.0,0.0
11703133036,11703133003,0.0,0.0
11703133036,11703133016,0.0,0.0
11703133036,11703133017,0.0,0.0
11703133036,11703133018,0.0,0.0
11703133036,11703133022,0.0,0.0
11703133036,11703133026,0.052362382,19.651787
11703133036,11703133027,0.0,0.0
11703133036,11703133028,0.0,0.0
11703133036,11703133029,0.0,0.0
11703133036,11703133030,0.12282121,46.095234
11703133036,11703133031,0.29982048,112.52368
11703133036,11703133032,0.006669104,2.5029383
11703133036,11703133033,0.19761908,74.16714
11703133036,11703133036,0.0,0.0
11703133036,11703133037,0.1046589,39.278854
11703133036,11703133046,0.09284127,34.843655
11703133036,11703133048,0.0,0.0
11703133036,11703133049,0.114139974,42.837135
11703133036,11703164001,0.009067535,3.403078
11703133036,11703164008,0.0,0.0
11703133036,11703164020,0.0,0.0
11703133037,11703133003,0.46267352,179.57047
11703133037,11703133016,0.0,0.0
11703133037,11703133017,0.0,0.0
11703133037,11703133022,0.0,0.0
11703133037,11703133028,0.0,0.0
11703133037,11703133030,0.0,0.0
11703133037,11703133031,0.0,0.0
11703133037,11703133032,0.0,0.0
11703133037,11703133033,0.0,0.0
11703133037,11703133036,0.20170328,78.28404
11703133037,11703133037,0.0,0.0
11703133037,11703133046,0.33562317,130.26035
11703133037,11703133048,0.0,0.0
11703133037,11703133049,0.0,0.0
11703133038,11701163527,0.0,0.0
11703133038,11701163542,0.0,0.0
11703133038,11703133013,0.03333497,12.021631
11703133038,11703133018,0.07096934,25.593761
11703133038,11703133020,0.78994346,284.87827
11703133038,11703133035,0.0,0.0
11703133038,11703133038,0.0,0.0
11703133038,11703133043,0.0,0.0
11703133038,11703164302,0.0,0.0
11703133038,11703164303,0.0,0.0
11703133038,11703164304,0.0,0.0
11703133038,11703164305,0.0,0.0
11703133038,11703164317,0.0,0.0
11703133038,11703164705,0.10575223,38.137558
11703133038,11703164813,0.0,0.0
11703133038,11703164818,0.0,0.0
11703133039,11702132815,0.11340204,48.15188
11703133039,11702132819,0.04527083,19.222542
11703133039,11702132820,0.0,0.0
11703133039,11703133003,0.0,0.0
11703133039,11703133006,0.0,0.0
11703133039,11703133010,0.0,0.0
11703133039,11703133013,0.0,0.0
11703133039,11703133014,0.0,0.0
11703133039,11703133015,0.0,0.0
11703133039,11703133016,0.0,0.0
11703133039,11703133017,0.002266556,0.9624071
11703133039,11703133018,0.25463262,108.12009
11703133039,11703133020,0.043564588,18.49805
11703133039,11703133022,0.0,0.0
11703133039,11703133031,0.099196345,42.11997
11703133039,11703133032,0.0,0.0
11703133039,11703133034,0.106805354,45.350845
11703133039,11703133039,0.0,0.0
11703133039,11703133042,0.0,0.0
11703133039,11703133044,0.19294587,81.92715
11703133039,11703133047,0.14191583,60.25918
11703133039,11703133048,0.0,0.0
11703133039,11703133049,0.0,0.0
11703133039,11703133050,0.0,0.0
11703133039,11703133051,0.0,0.0
11703133040,11703133003,0.2046063,82.91231
11703133040,11703133004,0.0,0.0
11703133040,11703133005,0.08100891,32.82712
11703133040,11703133007,0.16421694,66.54539
11703133040,11703133008,0.10519302,42.627213
11703133040,11703133009,0.06452781,26.14851
11703133040,11703133010,0.0,0.0
11703133040,11703133023,0.0045825243,1.8569697
11703133040,11703133026,0.0,0.0
11703133040,11703133027,0.0050685406,2.0539174
11703133040,11703133028,0.0,0.0
11703133040,11703133033,0.0,0.0
11703133040,11703133040,0.0,0.0
11703133040,11703133045,0.20612478,83.52765
11703133040,11703164003,0.0,0.0
11703133040,11703164004,0.0,0.0
11703133040,11703164018,0.053949118,21.861723
11703133040,11703164034,0.0,0.0
11703133040,11703164203,0.110722125,44.867767
11703133040,11703164207,0.0,0.0
11703133040,11703164209,0.0,0.0
11703133042,11703133003,0.07142134,27.531599
11703133042,11703133004,0.0026387721,1.0171976
11703133042,11703133005,0.0,0.0
11703133042,11703133006,0.21373959,82.39264
11703133042,11703133007,0.0,0.0
11703133042,11703133008,0.0,0.0
11703133042,11703133010,0.05879791,22.665503
11703133042,11703133014,0.0,0.0
11703133042,11703133015,0.0,0.0
11703133042,11703133016,0.07293184,28.113869
11703133042,11703133017,0.113870814,43.895084
11703133042,11703133018,0.0,0.0
11703133042,11703133027,0.16932066,65.269966
11703133042,11703133033,0.07254441,27.964521
11703133042,11703133039,0.22473462,86.63102
11703133042,11703133042,0.0,0.0
11703133042,11703133047,0.0,0.0
11703133042,11703133048,0.0,0.0
11703133042,11703133051,0.0,0.0
11703133042,11703164203,0.0,0.0
11703133043,11701163527,0.0,0.0
11703133043,11701163542,0.0,0.0
11703133043,11703133013,0.14736718,61.576622
11703133043,11703133018,0.0,0.0
11703133043,11703133020,0.16394132,68.502045
11703133043,11703133035,0.0,0.0
11703133043,11703133038,0.0,0.0
11703133043,11703133043,0.0,0.0
11703133043,11703164301,0.0,0.0
11703133043,11703164302,0.0,0.0
11703133043,11703164303,0.0,0.0
11703133043,11703164304,0.0,0.0
11703133043,11703164305,0.0,0.0
11703133043,11703164310,0.0,0.0
11703133043,11703164313,0.0,0.0
11703133043,11703164316,0.0,0.0
11703133043,11703164317,0.0,0.0
11703133043,11703164705,0.53579897,223.88086
11703133043,11703164813,0.0,0.0
11703133043,11703164818,0.15289253,63.88536
11703133044,11703133013,0.31703058,108.502785
11703133044,11703133014,0.0021336973,0.7302516
11703133044,11703133016,0.12065944,41.29534
11703133044,11703133018,0.0,0.0
11703133044,11703133020,0.0,0.0
11703133044,11703133034,0.27751264,94.97789
11703133044,11703133039,0.04953,16.951498
11703133044,11703133044,0.0,0.0
11703133044,11703133047,0.0,0.0
11703133044,11703133050,0.0,0.0
11703133044,11703133051,0.0,0.0
11703133044,11703164702,0.0,0.0
11703133044,11703164705,0.17095086,58.50743
11703133044,11703164709,0.0,0.0
11703133044,11703164721,0.0,0.0
11703133044,11703164730,0.0,0.0
11703133044,11703164805,0.0,0.0
11703133044,11703164809,0.062182873,21.281906
11703133044,11703164813,0.0,0.0
11703133045,11703133003,0.0,0.0
11703133045,11703133004,0.0,0.0
11703133045,11703133005,0.0,0.0
11703133045,11703133007,0.0,0.0
11703133045,11703133008,0.05660078,20.93297
11703133045,11703133009,0.015384942,5.6898956
11703133045,11703133010,0.12675115,46.87706
11703133045,11703133023,0.0,0.0
11703133045,11703133026,0.11411396,42.203377
11703133045,11703133027,0.0,0.0
11703133045,11703133028,0.0,0.0
11703133045,11703133033,0.0,0.0
11703133045,11703133040,0.2059044,76.15073
11703133045,11703133045,0.0,0.0
11703133045,11703164001,0.0,0.0
11703133045,11703164003,0.0,0.0
11703133045,11703164004,0.0021029413,0.777742
11703133045,11703164005,0.0,0.0
11703133045,11703164008,0.0,0.0
11703133045,11703164009,0.0,0.0
11703133045,11703164013,0.0,0.0
11703133045,11703164016,0.0,0.0
11703133045,11703164018,0.0,0.0
11703133045,11703164024,0.0,0.0
11703133045,11703164027,0.0,0.0
11703133045,11703164034,0.0,0.0
11703133045,11703164203,0.47914186,177.2036
11703133045,11703164207,0.0,0.0
11703133045,11703164209,0.0,0.0
11703133046,11703133003,0.10623863,33.823196
11703133046,11703133016,0.0,0.0
11703133046,11703133017,0.0,0.0
11703133046,11703133022,0.0,0.0
11703133046,11703133027,0.0,0.0
11703133046,11703133028,0.0,0.0
11703133046,11703133030,0.0,0.0
11703133046,11703133031,0.0,0.0
11703133046,11703133032,0.0,0.0
11703133046,11703133033,0.13699976,43.616615
11703133046,11703133036,0.31927404,101.647285
11703133046,11703133037,0.3081397,98.10245
11703133046,11703133046,0.057208866,18.213589
11703133046,11703133048,0.072139114,22.966932
11703133046,11703133049,0.0,0.0
11703133047,11703133003,0.0990513,53.157276
11703133047,11703133004,0.0,0.0
11703133047,11703133006,0.19047785,102.222626
11703133047,11703133007,0.0,0.0
11703133047,11703133008,0.024087489,12.926891
11703133047,11703133009,0.0,0.0
11703133047,11703133010,0.0,0.0
11703133047,11703133013,0.010580242,5.678036
11703133047,11703133014,0.0,0.0
11703133047,11703133016,0.0,0.0
11703133047,11703133018,0.38765115,208.03847
11703133047,11703133023,0.031864703,17.100643
11703133047,11703133034,0.0,0.0
11703133047,11703133039,0.0,0.0
11703133047,11703133042,0.046460807,24.93385
11703133047,11703133044,0.07316929,39.267334
11703133047,11703133047,0.07744712,41.563087
11703133047,11703133050,0.0,0.0
11703133047,11703133051,0.059210002,31.775885
11703133047,11703164203,0.0,0.0
11703133048,11703133003,0.0,0.0
11703133048,11703133004,0.0,0.0
11703133048,11703133005,0.0,0.0
11703133048,11703133006,0.0,0.0
11703133048,11703133014,0.0,0.0
11703133048,11703133015,0.0,0.0
11703133048,11703133016,0.06725711,23.827187
11703133048,11703133017,0.0,0.0
11703133048,11703133018,0.0,0.0
11703133048,11703133022,0.0,0.0
11703133048,11703133027,0.0,0.0
11703133048,11703133028,0.0,0.0
11703133048,11703133030,0.0,0.0
11703133048,11703133031,0.0,0.0
11703133048,11703133032,0.0,0.0
11703133048,11703133033,0.1576922,55.865643
11703133048,11703133036,0.16234761,57.51492
11703133048,11703133037,0.0,0.0
11703133048,11703133039,0.0,0.0
11703133048,11703133042,0.0,0.0
11703133048,11703133046,0.043258935,15.325351
11703133048,11703133048,0.4428234,156.87912
11703133048,11703133049,0.12662071,44.85794
11703133048,11703164203,0.0,0.0
11703133049,11701163512,0.0,0.0
11703133049,11702132805,0.0,0.0
11703133049,11702132815,0.0,0.0
11703133049,11702132819,0.0,0.0
11703133049,11702132820,0.0,0.0
11703133049,11703133003,0.0,0.0
11703133049,11703133013,0.26661882,106.48277
11703133049,11703133014,0.0,0.0
11703133049,11703133015,0.0,0.0
11703133049,11703133016,0.0,0.0
11703133049,11703133017,0.0,0.0
11703133049,11703133018,0.0,0.0
11703133049,11703133020,0.0,0.0
11703133049,11703133022,0.13730064,54.83541
11703133049,11703133028,0.0,0.0
11703133049,11703133030,0.0,0.0
11703133049,11703133031,0.0,0.0
11703133049,11703133032,0.106523484,42.543568
11703133049,11703133033,0.0,0.0
11703133049,11703133036,0.3396804,135.66226
11703133049,11703133037,0.0,0.0
11703133049,11703133039,0.0,0.0
11703133049,11703133046,0.0,0.0
11703133049,11703133048,0.027859837,11.1267185
11703133049,11703133049,0.12201688,48.73135
11703133050,11703133009,0.0,0.0
11703133050,11703133010,0.0,0.0
11703133050,11703133013,0.0,0.0
11703133050,11703133014,0.42027912,165.4964
11703133050,11703133016,0.0,0.0
11703133050,11703133018,0.18403032,72.46697
11703133050,11703133020,0.3956906,155.814
11703133050,11703133023,0.0,0.0
11703133050,11703133034,0.0,0.0
11703133050,11703133039,0.0,0.0
11703133050,11703133044,0.0,0.0
11703133050,11703133047,0.0,0.0
11703133050,11703133050,0.0,0.0
11703133050,11703133051,0.0,0.0
11703133050,11703164203,0.0,0.0
11703133050,11703164702,0.0,0.0
11703133050,11703164703,0.0,0.0
11703133050,11703164705,0.0,0.0
11703133050,11703164707,0.0,0.0
11703133050,11703164709,0.0,0.0
11703133050,11703164718,0.0,0.0
11703133050,11703164721,0.0,0.0
11703133050,11703164724,0.0,0.0
11703133050,11703164730,0.0,0.0
11703133050,11703164732,0.0,0.0
11703133050,11703164805,0.0,0.0
11703133050,11703164809,0.0,0.0
11703133050,11703164813,0.0,0.0
11703133051,11703133006,0.0,0.0
11703133051,11703133008,0.21253559,85.29171
11703133051,11703133009,0.0,0.0
11703133051,11703133010,0.0,0.0
11703133051,11703133013,0.2559615,102.71877
11703133051,11703133014,0.035237998,14.141204
11703133051,11703133016,0.02006051,8.050394
11703133051,11703133018,0.0,0.0
11703133051,11703133023,0.14201877,56.992916
11703133051,11703133034,0.07016346,28.156984
11703133051,11703133039,0.0,0.0
11703133051,11703133042,0.0,0.0
11703133051,11703133044,0.06427786,25.795061
11703133051,11703133047,0.012885183,5.1708956
11703133051,11703133050,0.1627526,65.31352
11703133051,11703133051,0.0,0.0
11703133051,11703164203,0.0,0.0
11703133051,11703164705,0.0,0.0
11703133051,11703164709,0.0,0.0
11703133051,11703164718,0.0,0.0
11703133051,11703164732,0.024106473,9.674061
11703133101,11703133101,0.0,0.0
11703133101,11703133102,0.0,0.0
11703133101,11703133105,0.0,0.0
11703133101,11703133114,0.0,0.0
11703133101,11703133135,0.0,0.0
11703133101,11703133136,0.0,0.0
11703133101,11703133137,0.20706996,104.92162
11703133101,11703133138,0.31570658,159.96742
11703133101,11703133145,0.0,0.0
11703133101,11703133146,0.0,0.0
11703133101,11703133147,0.21089515,106.85983
11703133101,11703133149,0.0,0.0
11703133101,11703133151,0.0,0.0
11703133101,12002167401,0.0,0.0
11703133101,12002167414,0.2663283,134.94762
11703133101,12002167421,0.0,0.0
11703133102,11703133101,0.0,0.0
11703133102,11703133102,0.025273785,11.365173
11703133102,11703133105,0.14232497,64.001015
11703133102,11703133114,0.19803439,89.05256
11703133102,11703133115,0.0,0.0
11703133102,11703133117,0.0,0.0
11703133102,11703133118,0.07636134,34.338345
11703133102,11703133135,0.12380998,55.67515
11703133102,11703133136,0.049498603,22.258644
11703133102,11703133137,0.0,0.0
11703133102,11703133138,0.037392065,16.814548
11703133102,11703133149,0.1421669,63.929935
11703133102,12002167401,0.20513801,92.24693
11703133103,11703133103,0.0,0.0
11703133103,11703133106,0.17442772,60.047295
11703133103,11703133107,5.814433e-05,0.02001637
11703133103,11703133109,0.15318707,52.735134
11703133103,11703133110,0.0,0.0
11703133103,11703133111,0.01958415,6.7419057
11703133103,11703133112,0.0,0.0
11703133103,11703133113,0.0,0.0
11703133103,11703133121,0.0,0.0
11703133103,11703133124,0.0142991245,4.922519
11703133103,11703133125,0.0,0.0
11703133103,11703133143,0.0,0.0
11703133103,11703133144,0.26795068,92.242874
11703133103,11703133147,0.0,0.0
11703133103,11703133148,0.0,0.0
11703133103,11703133150,0.22041062,75.87705
11703133103,11703133152,0.15008256,51.666397
11703133103,11703163814,0.0,0.0
11703133103,11703163819,0.0,0.0
11703133103,12002167413,0.0,0.0
11703133103,12002167414,0.0,0.0
11703133105,11703133101,0.0,0.0
11703133105,11703133102,0.18734467,66.339516
11703133105,11703133105,0.1831716,64.86182
11703133105,11703133114,0.24187642,85.64943
11703133105,11703133115,0.118698105,42.031487
11703133105,11703133116,0.0,0.0
11703133105,11703133117,0.013376862,4.7368016
11703133105,11703133118,0.11149281,39.48006
11703133105,11703133135,0.0,0.0
11703133105,11703133136,0.06490436,22.9829
11703133105,11703133137,0.07913512,28.02207
11703133106,11703133103,0.0,0.0
11703133106,11703133106,0.0,0.0
11703133106,11703133107,0.30506107,117.86797
11703133106,11703133113,0.002371341,0.91622686
11703133106,11703133124,0.0,0.0
11703133106,11703133143,0.0,0.0
11703133106,11703133144,0.0,0.0
11703133106,11703133150,0.4409859,170.38593
11703133106,11703133152,0.0018953383,0.7323113
11703133106,11703163814,0.075932115,29.33827
11703133106,11703163819,0.0,0.0
11703133106,11703163820,0.0,0.0
11703133106,12002167413,0.1737543,67.13432
11703133106,12002167414,0.0,0.0
11703133107,11703133103,0.0,0.0
11703133107,11703133106,0.29257646,130.92262
11703133107,11703133107,0.0,0.0
11703133107,11703133108,0.034526616,15.45003
11703133107,11703133109,0.0,0.0
11703133107,11703133112,0.0,0.0
11703133107,11703133133,0.3080627,137.85243
11703133107,11703133143,0.0,0.0
11703133107,11703133144,0.0,0.0
11703133107,11703133150,0.17309645,77.457504
11703133107,11703133152,0.0,0.0
11703133107,11703163805,0.005767137,2.5806885
11703133107,11703163808,0.0,0.0
11703133107,11703163809,0.01932171,8.646112
11703133107,11703163811,0.0,0.0
11703133107,11703163814,0.118558854,53.052925
11703133107,11703163815,0.0,0.0
11703133107,11703163819,0.0,0.0
11703133107,11703163820,0.0,0.0
11703133107,11703163824,0.0,0.0
11703133107,11703164011,0.0,0.0
11703133107,11703164015,0.0,0.0
11703133107,11703164017,0.04809001,21.519402
11703133107,12002167413,0.0,0.0
11703133107,12002167414,0.0,0.0
11703133108,11703133107,0.074929565,34.324097
11703133108,11703133108,0.0,0.0
11703133108,11703133109,0.0,0.0
11703133108,11703133110,0.14214215,65.11316
11703133108,11703133111,0.0,0.0
11703133108,11703133112,0.0,0.0
11703133108,11703133113,0.0,0.0
11703133108,11703133119,0.0,0.0
11703133108,11703133122,0.0,0.0
11703133108,11703133131,0.0,0.0
11703133108,11703133132,0.0,0.0
11703133108,11703133133,0.0,0.0
11703133108,11703133134,0.06564751,30.07213
11703133108,11703133141,0.0,0.0
11703133108,11703133142,0.089271694,40.89401
11703133108,11703133150,0.0,0.0
11703133108,11703133152,0.0,0.0
11703133108,11703163805,0.0,0.0
11703133108,11703163808,0.26864663,123.06295
11703133108,11703163809,0.2154617,98.69974
11703133108,11703163814,0.0,0.0
11703133108,11703163815,0.0,0.0
11703133108,11703163819,0.0,0.0
11703133108,11703163824,0.14390084,65.91879
11703133108,11703164011,0.0,0.0
11703133108,11703164015,0.0,0.0
11703133108,11703164017,0.0,0.0
11703133109,11703133103,0.0,0.0
11703133109,11703133107,0.04897532,24.495895
11703133109,11703133108,0.13519964,67.62256
11703133109,11703133109,0.0,0.0
11703133109,11703133110,0.09756324,48.798027
11703133109,11703133111,0.0,0.0
11703133109,11703133112,0.0,0.0
11703133109,11703133113,0.07880303,39.41477
11703133109,11703133121,0.0,0.0
11703133109,11703133124,0.0,0.0
11703133109,11703133133,0.11142036,55.72892
11703133109,11703133134,0.0,0.0
11703133109,11703133142,0.0,0.0
11703133109,11703133150,0.00938651,4.6948333
11703133109,11703133152,0.0,0.0
11703133109,11703163805,0.0,0.0
11703133109,11703163808,0.25803658,129.06169
11703133109,11703163809,0.0,0.0
11703133109,11703163814,0.0024757087,1.2382708
11703133109,11703163815,0.0,0.0
11703133109,11703163819,0.0,0.0
11703133109,11703163824,0.050420135,25.218548
11703133109,11703164011,0.011574596,5.7892447
11703133109,11703164015,0.013034672,6.519528
11703133109,11703164017,0.18311045,91.58602
11703133110,11703133103,0.0,0.0
11703133110,11703133108,0.13855226,60.380043
11703133110,11703133109,0.20244218,88.22279
11703133110,11703133110,0.0,0.0
11703133110,11703133111,0.13212128,57.57747
11703133110,11703133112,0.045611337,19.87708
11703133110,11703133113,0.1311201,57.141163
11703133110,11703133119,0.02297242,10.0112095
11703133110,11703133121,0.0,0.0
11703133110,11703133122,0.0,0.0
11703133110,11703133124,0.0,0.0
11703133110,11703133125,0.0,0.0
11703133110,11703133133,0.22466536,97.907486
11703133110,11703133134,0.0,0.0
11703133110,11703133139,0.0,0.0
11703133110,11703133140,0.0,0.0
11703133110,11703133141,0.0,0.0
11703133110,11703133142,0.10251506,44.675297
11703133110,11703133152,0.0,0.0
11703133110,11703163819,0.0,0.0
11703133111,11703133103,0.13686913,46.915894
11703133111,11703133108,0.0,0.0
11703133111,11703133109,0.0,0.0
11703133111,11703133110,0.06217152,21.311104
11703133111,11703133111,0.0,0.0
11703133111,11703133112,0.0,0.0
11703133111,11703133113,0.0,0.0
11703133111,11703133118,0.00458163,1.5704876
11703133111,11703133119,0.0,0.0
11703133111,11703133121,0.105765045,36.25406
11703133111,11703133122,0.0,0.0
11703133111,11703133124,0.0,0.0
11703133111,11703133125,0.04840511,16.592266
11703133111,11703133134,0.0,0.0
11703133111,11703133137,0.0,0.0
11703133111,11703133138,0.0,0.0
11703133111,11703133139,0.17343932,59.451393
11703133111,11703133140,0.17467374,59.874523
11703133111,11703133141,0.17502421,59.99466
11703133111,11703133142,0.11907023,40.8148
11703133111,11703133147,0.0,0.0
11703133111,11703133152,0.0,0.0
11703133112,11703133103,0.0,0.0
11703133112,11703133107,0.0,0.0
11703133112,11703133108,0.0,0.0
11703133112,11703133109,0.07564309,36.041138
11703133112,11703133110,0.0,0.0
11703133112,11703133111,0.0,0.0
11703133112,11703133112,0.0,0.0
11703133112,11703133113,0.242421,115.50465
11703133112,11703133121,0.0,0.0
11703133112,11703133124,0.0,0.0
11703133112,11703133133,0.11170611,53.22383
11703133112,11703133150,0.0,0.0
11703133112,11703133152,0.20604047,98.17067
11703133112,11703163805,0.0,0.0
11703133112,11703163808,0.08838245,42.110973
11703133112,11703163809,0.003470987,1.653797
11703133112,11703163814,0.06810507,32.44955
11703133112,11703163815,0.0,0.0
11703133112,11703163819,0.0,0.0
11703133112,11703163824,0.0,0.0
11703133112,11703164011,0.0,0.0
11703133112,11703164015,0.0,0.0
11703133112,11703164017,0.20423076,97.30841
11703133113,11703133103,0.0,0.0
11703133113,11703133106,0.07722193,41.865707
11703133113,11703133108,0.1606943,87.12008
11703133113,11703133109,0.0,0.0
11703133113,11703133110,0.14476031,78.4815
11703133113,11703133111,0.025555193,13.854694
11703133113,11703133112,0.06215304,33.69614
11703133113,11703133113,0.0,0.0
11703133113,11703133121,0.30792576,166.9413
11703133113,11703133124,0.0,0.0
11703133113,11703133125,0.0,0.0
11703133113,11703133139,0.06934899,37.59741
11703133113,11703133140,0.0,0.0
11703133113,11703133141,0.0,0.0
11703133113,11703133142,0.0,0.0
11703133113,11703133144,0.0,0.0
11703133113,11703133147,0.0,0.0
11703133113,11703133148,0.0,0.0
11703133113,11703133150,0.0,0.0
11703133113,11703133152,0.15234035,82.591
11703133113,11703163819,0.0,0.0
11703133113,12002167414,0.0,0.0
11703133114,11703133101,0.1341145,46.185745
11703133114,11703133102,0.20976004,72.236206
11703133114,11703133105,0.13859409,47.728405
11703133114,11703133114,0.16286889,56.088047
11703133114,11703133115,0.0,0.0
11703133114,11703133117,0.0,0.0
11703133114,11703133135,0.0,0.0
11703133114,11703133136,0.0,0.0
11703133114,11703133149,0.09000239,30.994614
11703133114,12002167401,0.26466015,91.14246
11703133115,11703133102,0.0,0.0
11703133115,11703133105,0.19428873,87.54789
11703133115,11703133114,0.0,0.0
11703133115,11703133115,0.0,0.0
11703133115,11703133116,0.0,0.0
11703133115,11703133117,0.15566474,70.14365
11703133115,11703133118,0.4621371,208.24228
11703133115,11703133119,0.0,0.0
11703133115,11703133135,0.0,0.0
11703133115,11703133136,0.1879094,84.67332
11703133115,11703133137,0.0,0.0
11703133115,11703133139,0.0,0.0
11703133116,11703133105,0.0,0.0
11703133116,11703133115,0.0,0.0
11703133116,11703133116,0.156728,72.22884
11703133116,11703133117,0.0,0.0
11703133116,11703133118,0.0,0.0
11703133116,11703133119,0.0,0.0
11703133116,11703133122,0.0,0.0
11703133116,11703133123,0.0,0.0
11703133116,11703133127,0.0,0.0
11703133116,11703133128,0.051505357,23.736488
11703133116,11703133129,0.0,0.0
11703133116,11703133130,0.0,0.0
11703133116,11703133136,0.0,0.0
11703133116,11703133137,0.0,0.0
11703133116,11703133139,0.0,0.0
11703133116,11703133141,0.0,0.0
11703133116,11703133142,0.0,0.0
11703133116,11703164103,0.0,0.0
11703133116,11703164109,0.046639115,21.493856
11703133116,11703164118,0.14398803,66.35757
11703133116,11703164607,0.3372136,155.4065
11703133116,11703164609,0.21950462,101.159744
11703133116,11703164620,0.044421166,20.471704
11703133117,11703133102,0.0,0.0
11703133117,11703133105,0.02457726,8.854491
11703133117,11703133114,0.0,0.0
11703133117,11703133115,0.0,0.0
11703133117,11703133116,0.14186564,51.110176
11703133117,11703133117,0.0,0.0
11703133117,11703133118,0.25036168,90.19823
11703133117,11703133119,0.034214795,12.326622
11703133117,11703133127,0.062030554,22.347853
11703133117,11703133128,0.3277235,118.0695
11703133117,11703133136,0.0,0.0
11703133117,11703133137,0.0,0.0
11703133117,11703133139,0.15922657,57.364826
11703133118,11703133102,0.0,0.0
11703133118,11703133105,0.0,0.0
11703133118,11703133111,0.0,0.0
11703133118,11703133115,0.0,0.0
11703133118,11703133116,0.15920871,84.13364
11703133118,11703133117,0.0,0.0
11703133118,11703133118,0.0,0.0
11703133118,11703133119,0.16327822,86.28416
11703133118,11703133122,0.0,0.0
11703133118,11703133123,0.0,0.0
11703133118,11703133127,0.0694035,36.676186
11703133118,11703133128,0.0,0.0
11703133118,11703133135,0.0,0.0
11703133118,11703133136,0.0,0.0
11703133118,11703133137,0.3436852,181.62
11703133118,11703133138,0.0,0.0
11703133118,11703133139,0.26442438,139.73471
11703133118,11703133140,0.0,0.0
11703133118,11703133141,0.0,0.0
11703133118,11703133142,0.0,0.0
11703133119,11703133108,0.29782405,123.61515
11703133119,11703133110,0.19529173,81.05798
11703133119,11703133111,0.0,0.0
11703133119,11703133115,0.0,0.0
11703133119,11703133116,0.0,0.0
11703133119,11703133117,0.0,0.0
11703133119,11703133118,0.13402763,55.629642
11703133119,11703133119,0.0,0.0
11703133119,11703133122,0.0,0.0
11703133119,11703133123,0.0057023466,2.3668218
11703133119,11703133127,0.0011452734,0.47535834
11703133119,11703133128,0.0,0.0
11703133119,11703133130,0.0,0.0
11703133119,11703133131,0.0,0.0
11703133119,11703133134,0.0,0.0
11703133119,11703133136,0.0,0.0
11703133119,11703133137,0.0,0.0
11703133119,11703133138,0.0068217814,2.8314555
11703133119,11703133139,0.14840773,61.59826
11703133119,11703133140,0.07284227,30.233986
11703133119,11703133141,0.13793722,57.25236
11703133119,11703133142,0.0,0.0
11703133121,11703133103,0.0,0.0
11703133121,11703133109,0.07271248,31.43749
11703133121,11703133110,0.0,0.0
11703133121,11703133111,0.24589032,106.31152
11703133121,11703133112,0.0,0.0
11703133121,11703133113,0.31157368,134.70995
11703133121,11703133121,0.13657683,59.04946
11703133121,11703133124,0.07827324,33.8417
11703133121,11703133125,0.11818236,51.09655
11703133121,11703133138,0.0,0.0
11703133121,11703133139,0.0,0.0
11703133121,11703133140,0.0,0.0
11703133121,11703133141,0.02268058,9.806026
11703133121,11703133142,0.0,0.0
11703133121,11703133144,0.0,0.0
11703133121,11703133147,0.0,0.0
11703133121,11703133148,0.0,0.0
11703133121,11703133152,0.0,0.0
11703133121,12002167414,0.014110625,6.100777
11703133122,11703133108,0.0,0.0
11703133122,11703133110,0.0,0.0
11703133122,11703133111,0.0,0.0
11703133122,11703133116,0.0,0.0
11703133122,11703133118,0.0,0.0
11703133122,11703133119,0.17837495,78.66499
11703133122,11703133122,0.0,0.0
11703133122,11703133123,0.12435073,54.839813
11703133122,11703133127,0.0,0.0
11703133122,11703133129,0.0,0.0
11703133122,11703133130,0.0,0.0
11703133122,11703133131,0.0052277446,2.3054833
11703133122,11703133132,0.19868249,87.620804
11703133122,11703133133,0.03652674,16.108627
11703133122,11703133134,0.07637793,33.68337
11703133122,11703133139,0.0,0.0
11703133122,11703133141,0.17327017,76.413734
11703133122,11703133142,0.20718926,91.37237
11703133123,11703133116,0.0,0.0
11703133123,11703133118,0.0,0.0
11703133123,11703133119,0.1818096,60.99073
11703133123,11703133122,0.16061634,53.881134
11703133123,11703133123,0.0,0.0
11703133123,11703133127,0.31287342,104.95803
11703133123,11703133128,0.25069064,84.09789
11703133123,11703133129,0.0,0.0
11703133123,11703133130,0.0,0.0
11703133123,11703133131,0.0,0.0
11703133123,11703133132,0.094009995,31.537048
11703133123,11703133133,0.0,0.0
11703133123,11703133134,0.0,0.0
11703133123,11703133139,0.0,0.0
11703133123,11703133141,0.0,0.0
11703133123,11703133142,0.0,0.0
11703133124,11703133103,0.048410237,16.739548
11703133124,11703133106,0.0,0.0
11703133124,11703133109,0.16842556,58.23908
11703133124,11703133110,0.010624081,3.6736507
11703133124,11703133111,0.0,0.0
11703133124,11703133112,0.059247643,20.486963
11703133124,11703133113,0.0,0.0
11703133124,11703133121,0.034166604,11.814309
11703133124,11703133124,0.0,0.0
11703133124,11703133125,0.31489104,108.88469
11703133124,11703133138,0.0,0.0
11703133124,11703133140,0.0,0.0
11703133124,11703133143,0.0,0.0
11703133124,11703133144,0.16302866,56.37291
11703133124,11703133145,0.0,0.0
11703133124,11703133146,0.0,0.0
11703133124,11703133147,0.10177383,35.19189
11703133124,11703133148,0.0,0.0
11703133124,11703133149,0.0,0.0
11703133124,11703133150,0.0,0.0
11703133124,11703133151,0.0520958,18.013962
11703133124,11703133152,0.0,0.0
11703133124,11703163819,0.0,0.0
11703133124,12002167401,0.0,0.0
11703133124,12002167413,0.0,0.0
11703133124,12002167414,0.04733637,16.36822
11703133125,11703133103,0.0,0.0
11703133125,11703133110,0.10157108,39.1622
11703133125,11703133111,0.051332474,19.791977
11703133125,11703133113,0.0,0.0
11703133125,11703133121,0.197573,76.17713
11703133125,11703133124,0.0,0.0
11703133125,11703133125,0.040780663,15.723575
11703133125,11703133135,0.0,0.0
11703133125,11703133137,0.0,0.0
11703133125,11703133138,0.19275707,74.320274
11703133125,11703133139,0.0,0.0
11703133125,11703133140,0.31028312,119.63414
11703133125,11703133141,0.0,0.0
11703133125,11703133142,0.0,0.0
11703133125,11703133144,0.0,0.0
11703133125,11703133145,0.0,0.0
11703133125,11703133146,0.0,0.0
11703133125,11703133147,0.10570276,40.755226
11703133125,11703133148,0.0,0.0
11703133125,11703133149,0.0,0.0
11703133125,11703133152,0.0,0.0
11703133125,12002167414,0.0,0.0
11703133127,11703133116,0.084753275,34.59817
11703133127,11703133117,0.0,0.0
11703133127,11703133118,0.17166084,70.07577
11703133127,11703133119,0.0460968,18.81774
11703133127,11703133122,0.0,0.0
11703133127,11703133123,0.11020404,44.98774
11703133127,11703133127,0.0,0.0
11703133127,11703133128,0.0,0.0
11703133127,11703133129,0.0,0.0
11703133127,11703133130,0.0,0.0
11703133127,11703133131,0.0,0.0
11703133127,11703133139,0.017152607,7.0020757
11703133127,11703133141,0.0,0.0
11703133127,11703133142,0.0,0.0
11703133127,11703164103,0.0,0.0
11703133127,11703164109,0.11954504,48.800945
11703133127,11703164118,0.0,0.0
11703133127,11703164607,0.0,0.0
11703133127,11703164609,0.0,0.0
11703133127,11703164620,0.45058745,183.93982
11703133128,11703133116,0.0,0.0
11703133128,11703133117,0.0,0.0
11703133128,11703133118,0.0,0.0
11703133128,11703133119,0.0,0.0
11703133128,11703133123,0.0,0.0
11703133128,11703133127,0.06683619,32.96154
11703133128,11703133128,0.0,0.0
11703133128,11703133129,0.0,0.0
11703133128,11703133130,0.0,0.0
11703133128,11703133131,0.0,0.0
11703133128,11703133132,0.0,0.0
11703133128,11703164103,0.22017021,108.58113
11703133128,11703164104,0.0,0.0
11703133128,11703164107,0.0,0.0
11703133128,11703164109,0.0,0.0
11703133128,11703164118,0.045195833,22.289185
11703133128,11703164119,0.0,0.0
11703133128,11703164124,0.1713636,84.51122
11703133128,11703164126,0.0,0.0
11703133128,11703164130,0.0,0.0
11703133128,11703164602,0.0,0.0
11703133128,11703164605,0.0,0.0
11703133128,11703164607,0.094906285,46.80484
11703133128,11703164609,0.0,0.0
11703133128,11703164613,0.14372505,70.880745
11703133128,11703164615,0.0,0.0
11703133128,11703164616,0.0,0.0
11703133128,11703164618,0.0,0.0
11703133128,11703164619,0.12207438,60.203304
11703133128,11703164620,0.025175676,12.415864
11703133128,11703164621,0.11055268,54.52116
11703133129,11703133116,0.0,0.0
11703133129,11703133122,0.13469675,46.673004
11703133129,11703133123,0.0,0.0
11703133129,11703133127,0.0,0.0
11703133129,11703133128,0.19249752,66.70122
11703133129,11703133129,0.21168438,73.34955
11703133129,11703133130,0.15252075,52.849094
11703133129,11703133131,0.10806659,37.445538
11703133129,11703133132,0.0023965538,0.8304162
11703133129,11703133133,0.019838482,6.8741193
11703133129,11703133134,0.040512353,14.037704
11703133129,11703163809,0.0,0.0
11703133129,11703163912,0.0,0.0
11703133129,11703164103,0.0,0.0
11703133129,11703164109,0.0,0.0
11703133129,11703164118,0.0,0.0
11703133129,11703164602,0.0,0.0
11703133129,11703164605,0.0,0.0
11703133129,11703164607,0.006253183,2.1667547
11703133129,11703164609,0.0,0.0
11703133129,11703164612,0.0,0.0
11703133129,11703164614,0.0,0.0
11703133129,11703164615,0.045636505,15.813246
11703133129,11703164616,0.0,0.0
11703133129,11703164618,0.0,0.0
11703133129,11703164619,0.0,0.0
11703133129,11703164620,0.08589688,29.763638
11703133129,11703164621,0.0,0.0
11703133130,11703133116,0.0,0.0
11703133130,11703133119,0.0,0.0
11703133130,11703133122,0.0,0.0
11703133130,11703133123,0.089267164,24.281908
11703133130,11703133127,0.16133144,43.88439
11703133130,11703133128,0.40087065,109.04238
11703133130,11703133129,0.013726205,3.7337182
11703133130,11703133130,0.0,0.0
11703133130,11703133131,0.19006348,51.699905
11703133130,11703133132,0.0,0.0
11703133130,11703133133,0.0,0.0
11703133130,11703133134,0.0,0.0
11703133130,11703164103,0.0,0.0
11703133130,11703164109,0.0,0.0
11703133130,11703164118,0.0,0.0
11703133130,11703164607,0.049323678,13.416725
11703133130,11703164609,0.09541741,25.95486
11703133130,11703164615,0.0,0.0
11703133130,11703164620,0.0,0.0
11703133131,11703133108,0.0,0.0
11703133131,11703133119,0.0,0.0
11703133131,11703133122,0.16645572,43.10148
11703133131,11703133123,0.021815628,5.6488647
11703133131,11703133127,0.0,0.0
11703133131,11703133128,0.018584847,4.8122973
11703133131,11703133129,0.0,0.0
11703133131,11703133130,0.11658344,30.187721
11703133131,11703133131,0.0,0.0
11703133131,11703133132,0.13692784,35.45563
11703133131,11703133133,0.1397124,36.176655
11703133131,11703133134,0.15359247,39.770714
11703133131,11703133141,0.0,0.0
11703133131,11703133142,0.0,0.0
11703133131,11703163809,0.11976093,31.01049
11703133131,11703163819,0.0,0.0
11703133131,11703163912,0.051374197,13.302661
11703133131,11703164612,0.07519257,19.47011
11703133131,11703164615,0.0,0.0
11703133131,11703164620,0.0,0.0
11703133132,11703133108,0.05683565,31.761007
11703133132,11703133122,0.16810223,93.93921
11703133132,11703133123,0.0,0.0
11703133132,11703133128,0.21415368,119.67377
11703133132,11703133129,0.0,0.0
11703133132,11703133130,0.0,0.0
11703133132,11703133131,0.086455405,48.313175
11703133132,11703133132,0.0,0.0
11703133132,11703133133,0.1738672,97.1608
11703133132,11703133134,0.037253797,20.818237
11703133132,11703163805,0.0,0.0
11703133132,11703163809,0.04374045,24.443123
11703133132,11703163819,0.0,0.0
11703133132,11703163909,0.0,0.0
11703133132,11703163910,0.0,0.0
11703133132,11703163912,0.0,0.0
11703133132,11703163914,0.0,0.0
11703133132,11703163918,0.0,0.0
11703133132,11703164602,0.0,0.0
11703133132,11703164612,0.21728268,121.422325
11703133132,11703164614,0.0,0.0
11703133132,11703164615,0.0010843873,0.6059794
11703133132,11703164617,0.0,0.0
11703133132,11703164620,0.0012245178,0.68428737
11703133133,11703133107,0.13034548,87.93264
11703133133,11703133108,0.011096343,7.485728
11703133133,11703133109,0.0,0.0
11703133133,11703133110,0.0,0.0
11703133133,11703133112,0.0,0.0
11703133133,11703133122,0.0,0.0
11703133133,11703133123,0.0,0.0
11703133133,11703133129,0.0,0.0
11703133133,11703133130,0.0,0.0
11703133133,11703133131,0.11488901,77.505516
11703133133,11703133132,0.0,0.0
11703133133,11703133133,0.021355256,14.406515
11703133133,11703133134,0.21759255,146.79057
11703133133,11703133142,0.0,0.0
11703133133,11703133150,0.06403123,43.196243
11703133133,11703133152,0.014045075,9.4749775
11703133133,11703163805,0.0,0.0
11703133133,11703163808,0.08874448,59.8681
11703133133,11703163809,0.1250244,84.34297
11703133133,11703163814,0.0982063,66.25116
11703133133,11703163815,0.0,0.0
11703133133,11703163819,0.0,0.0
11703133133,11703163824,0.07998027,53.955658
11703133133,11703163912,0.0,0.0
11703133133,11703163914,0.0,0.0
11703133133,11703163918,0.0,0.0
11703133133,11703164011,0.0,0.0
11703133133,11703164015,0.028953537,19.532408
11703133133,11703164017,0.005736068,3.869621
11703133133,11703164612,0.0,0.0
11703133133,11703164615,0.0,0.0
11703133134,11703133108,0.2737381,122.96526
11703133134,11703133109,0.0,0.0
11703133134,11703133110,0.0,0.0
11703133134,11703133111,0.0,0.0
11703133134,11703133119,0.0,0.0
11703133134,11703133122,0.13873392,62.32035
11703133134,11703133123,0.0,0.0
11703133134,11703133129,0.0,0.0
11703133134,11703133130,0.0,0.0
11703133134,11703133131,0.0,0.0
11703133134,11703133132,0.19368476,87.00469
11703133134,11703133133,0.3349175,150.44753
11703133134,11703133134,0.0,0.0
11703133134,11703133141,0.0,0.0
11703133134,11703133142,0.0,0.0
11703133134,11703163809,0.058925807,26.469929
11703133134,11703163819,0.0,0.0
11703133135,11703133101,0.0,0.0
11703133135,11703133102,0.081104636,34.4368
11703133135,11703133105,0.0,0.0
11703133135,11703133114,0.0,0.0
11703133135,11703133115,0.0,0.0
11703133135,11703133118,0.0,0.0
11703133135,11703133125,0.0,0.0
11703133135,11703133135,0.5954156,252.81175
11703133135,11703133136,0.0,0.0
11703133135,11703133137,0.14084977,59.80441
11703133135,11703133138,0.098790765,41.946278
11703133135,11703133139,0.0,0.0
11703133135,11703133140,0.0,0.0
11703133135,11703133145,0.0,0.0
11703133135,11703133146,0.0,0.0
11703133135,11703133147,0.01825571,7.7513223
11703133135,11703133149,0.024322629,10.327318
11703133135,11703133151,0.0,0.0
11703133135,12002167401,0.041261017,17.51931
11703133136,11703133101,0.0,0.0
11703133136,11703133102,0.101570964,37.412113
11703133136,11703133105,0.07644415,28.157034
11703133136,11703133114,0.0,0.0
11703133136,11703133115,0.040296108,14.842455
11703133136,11703133116,0.0,0.0
11703133136,11703133117,0.0,0.0
11703133136,11703133118,0.15635878,57.592365
11703133136,11703133119,0.0,0.0
11703133136,11703133135,0.31007037,114.20968
11703133136,11703133136,0.0,0.0
11703133136,11703133137,0.31525967,116.12108
11703133136,11703133138,0.0,0.0
11703133136,11703133139,0.0,0.0
11703133136,11703133149,0.0,0.0
11703133137,11703133101,0.0,0.0
11703133137,11703133102,0.0,0.0
11703133137,11703133105,0.0,0.0
11703133137,11703133111,0.0,0.0
11703133137,11703133115,0.0,0.0
11703133137,11703133116,0.0,0.0
11703133137,11703133117,0.0,0.0
11703133137,11703133118,0.24578315,87.70782
11703133137,11703133119,0.0,0.0
11703133137,11703133125,0.0,0.0
11703133137,11703133135,0.23826545,85.02512
11703133137,11703133136,0.0,0.0
11703133137,11703133137,0.0,0.0
11703133137,11703133138,0.23619413,84.28597
11703133137,11703133139,0.27975732,99.83151
11703133137,11703133140,0.0,0.0
11703133137,11703133141,0.0,0.0
11703133137,11703133147,0.0,0.0
11703133137,11703133149,0.0,0.0
11703133138,11703133101,0.0,0.0
11703133138,11703133102,0.0,0.0
11703133138,11703133111,0.0,0.0
11703133138,11703133118,0.0,0.0
11703133138,11703133119,0.0,0.0
11703133138,11703133121,0.0,0.0
11703133138,11703133124,0.0,0.0
11703133138,11703133125,0.21253416,75.71641
11703133138,11703133135,0.13428667,47.840332
11703133138,11703133136,0.0,0.0
11703133138,11703133137,0.099613935,35.487988
11703133138,11703133138,0.039177507,13.957192
11703133138,11703133139,0.18068275,64.36918
11703133138,11703133140,0.28197762,100.45601
11703133138,11703133141,0.0,0.0
11703133138,11703133145,0.0,0.0
11703133138,11703133146,0.0,0.0
11703133138,11703133147,0.051727384,18.428152
11703133138,11703133148,0.0,0.0
11703133138,11703133149,0.0,0.0
11703133138,11703133151,0.0,0.0
11703133138,12002167401,0.0,0.0
11703133139,11703133110,0.14425103,65.63425
11703133139,11703133111,0.062471077,28.42435
11703133139,11703133113,0.21161763,96.286064
11703133139,11703133115,0.0,0.0
11703133139,11703133116,0.0,0.0
11703133139,11703133117,0.0,0.0
11703133139,11703133118,0.05457501,24.83164
11703133139,11703133119,0.0,0.0
11703133139,11703133121,0.0,0.0
11703133139,11703133122,0.0,0.0
11703133139,11703133123,0.0,0.0
11703133139,11703133125,0.008456752,3.8478236
11703133139,11703133127,0.018510148,8.422121
11703133139,11703133135,0.0,0.0
11703133139,11703133136,0.0,0.0
11703133139,11703133137,0.08052431,36.638577
11703133139,11703133138,0.1459208,66.39399
11703133139,11703133139,0.0,0.0
11703133139,11703133140,0.12546508,57.086636
11703133139,11703133141,0.14820819,67.43475
11703133139,11703133142,0.0,0.0
11703133139,11703133147,0.0,0.0
11703133139,11703133149,0.0,0.0
11703133140,11703133110,0.0,0.0
11703133140,11703133111,0.21393856,77.35606
11703133140,11703133113,0.0,0.0
11703133140,11703133118,0.0,0.0
11703133140,11703133119,0.0,0.0
11703133140,11703133121,0.0,0.0
11703133140,11703133124,0.0,0.0
11703133140,11703133125,0.2627451,95.003555
11703133140,11703133135,0.0,0.0
11703133140,11703133137,0.0,0.0
11703133140,11703133138,0.32623062,117.95869
11703133140,11703133139,0.11830154,42.77555
11703133140,11703133140,0.0,0.0
11703133140,11703133141,0.0,0.0
11703133140,11703133142,0.0,0.0
11703133140,11703133145,0.0,0.0
11703133140,11703133146,0.0,0.0
11703133140,11703133147,0.0787842,28.486845
11703133140,11703133148,0.0,0.0
11703133140,11703133149,0.0,0.0
11703133141,11703133108,0.0,0.0
11703133141,11703133110,0.0,0.0
11703133141,11703133111,0.07054007,27.628557
11703133141,11703133113,0.09395993,36.801456
11703133141,11703133116,0.0,0.0
11703133141,11703133118,0.0,0.0
11703133141,11703133119,0.10663509,41.76596
11703133141,11703133121,0.0,0.0
11703133141,11703133122,0.12025285,47.09965
11703133141,11703133123,0.0,0.0
11703133141,11703133125,0.20589638,80.64381
11703133141,11703133127,0.05777383,22.62838
11703133141,11703133131,0.0,0.0
11703133141,11703133134,0.0,0.0
11703133141,11703133137,0.0,0.0
11703133141,11703133138,0.0,0.0
11703133141,11703133139,0.12547147,49.14364
11703133141,11703133140,0.0,0.0
11703133141,11703133141,0.0,0.0
11703133141,11703133142,0.21947038,85.960365
11703133142,11703133108,0.16499032,66.46939
11703133142,11703133109,0.051676884,20.818985
11703133142,11703133110,0.2011229,81.02607
11703133142,11703133111,0.05731298,23.08959
11703133142,11703133113,0.0,0.0
11703133142,11703133116,0.0,0.0
11703133142,11703133118,0.009206042,3.7088237
11703133142,11703133119,0.0,0.0
11703133142,11703133121,0.07618733,30.69347
11703133142,11703133122,0.014080539,5.672605
11703133142,11703133123,0.0,0.0
11703133142,11703133125,0.13868274,55.8709
11703133142,11703133127,0.08572854,34.537323
11703133142,11703133131,0.0,0.0
11703133142,11703133133,0.0,0.0
11703133142,11703133134,0.03368105,13.569032
11703133142,11703133139,0.0,0.0
11703133142,11703133140,0.010335103,4.1636868
11703133142,11703133141,0.15699555,63.24855
11703133142,11703133142,0.0,0.0
11703133142,11703163819,0.0,0.0
11703133143,11703133103,0.0,0.0
11703133143,11703133106,0.23012605,81.76516
11703133143,11703133107,0.0,0.0
11703133143,11703133124,0.0,0.0
11703133143,11703133143,0.0,0.0
11703133143,11703133144,0.4892765,173.84286
11703133143,11703133150,0.0,0.0
11703133143,11703163814,0.0,0.0
11703133143,11703163820,0.0,0.0
11703133143,12002167413,0.28059745,99.697945
11703133143,12002167414,0.0,0.0
11703133144,11703133103,0.20687656,74.124985
11703133144,11703133106,0.15959786,57.184772
11703133144,11703133107,0.025441095,9.115682
11703133144,11703133113,0.061531946,22.047228
11703133144,11703133121,0.0,0.0
11703133144,11703133124,0.056235775,20.149582
11703133144,11703133125,0.02503489,8.970136
11703133144,11703133143,0.083482966,29.912397
11703133144,11703133144,0.0,0.0
11703133144,11703133147,0.0,0.0
11703133144,11703133148,0.0,0.0
11703133144,11703133150,0.0,0.0
11703133144,11703133151,0.17229007,61.73246
11703133144,11703133152,0.0,0.0
11703133144,11703163814,0.0,0.0
11703133144,11703163820,0.0,0.0
11703133144,12002167401,0.16234694,58.169785
11703133144,12002167413,0.0,0.0
11703133144,12002167414,0.04716192,16.89837
11703133145,11703133101,0.0,0.0
11703133145,11703133124,0.0,0.0
11703133145,11703133125,0.0,0.0
11703133145,11703133135,0.0,0.0
11703133145,11703133138,0.0,0.0
11703133145,11703133140,0.0,0.0
11703133145,11703133145,0.0,0.0
11703133145,11703133146,0.39771476,147.47687
11703133145,11703133147,0.2209709,81.93836
11703133145,11703133148,0.09111145,33.785095
11703133145,11703133149,0.07280013,26.995062
11703133145,11703133151,0.21740273,80.61524
11703133145,12002167401,0.0,0.0
11703133145,12002167414,0.0,0.0
11703133146,11703133101,0.0,0.0
11703133146,11703133124,0.0,0.0
11703133146,11703133125,0.0,0.0
11703133146,11703133135,0.0,0.0
11703133146,11703133138,0.0,0.0
11703133146,11703133140,0.0,0.0
11703133146,11703133145,0.48835164,158.5141
11703133146,11703133146,0.016839027,5.465781
11703133146,11703133147,0.2639581,85.678185
11703133146,11703133148,0.12071222,39.18199
11703133146,11703133149,0.11013919,35.75009
11703133146,11703133151,0.0,0.0
11703133146,12002167401,0.0,0.0
11703133146,12002167414,0.0,0.0
11703133147,11703133101,0.0,0.0
11703133147,11703133103,0.0,0.0
11703133147,11703133111,0.0,0.0
11703133147,11703133113,0.076815665,33.62164
11703133147,11703133121,0.0,0.0
11703133147,11703133124,0.0,0.0
11703133147,11703133125,0.21706969,95.00977
11703133147,11703133135,0.0,0.0
11703133147,11703133137,0.09413177,41.200768
11703133147,11703133138,0.026169002,11.453976
11703133147,11703133139,0.07466996,32.68248
11703133147,11703133140,0.09401959,41.151672
11703133147,11703133144,0.0,0.0
11703133147,11703133145,0.16194528,70.88224
11703133147,11703133146,0.255179,111.68993
11703133147,11703133147,0.0,0.0
11703133147,11703133148,0.0,0.0
11703133147,11703133149,0.0,0.0
11703133147,11703133151,0.0,0.0
11703133147,11703133152,0.0,0.0
11703133147,12002167401,0.0,0.0
11703133147,12002167414,0.0,0.0
11703133148,11703133103,0.0,0.0
11703133148,11703133113,0.21535784,92.33917
11703133148,11703133121,0.0,0.0
11703133148,11703133124,0.0,0.0
11703133148,11703133125,0.0,0.0
11703133148,11703133138,0.0,0.0
11703133148,11703133140,0.0,0.0
11703133148,11703133144,0.0,0.0
11703133148,11703133145,0.20609969,88.369545
11703133148,11703133146,0.24969435,107.06166
11703133148,11703133147,0.12944126,55.50064
11703133148,11703133148,0.0,0.0
11703133148,11703133149,0.0,0.0
11703133148,11703133151,0.10775572,46.202515
11703133148,11703133152,0.024128973,10.345801
11703133148,12002167401,0.0,0.0
11703133148,12002167413,0.06752211,28.951513
11703133148,12002167414,0.0,0.0
11703133149,11703133101,0.0,0.0
11703133149,11703133102,0.0,0.0
11703133149,11703133114,0.0,0.0
11703133149,11703133124,0.0,0.0
11703133149,11703133125,0.0,0.0
11703133149,11703133135,0.0,0.0
11703133149,11703133136,0.0,0.0
11703133149,11703133137,0.0,0.0
11703133149,11703133138,0.037238926,11.035625
11703133149,11703133139,0.0,0.0
11703133149,11703133140,0.0,0.0
11703133149,11703133145,0.40672633,120.53192
11703133149,11703133146,0.3509631,104.00668
11703133149,11703133147,0.0,0.0
11703133149,11703133148,0.0,0.0
11703133149,11703133149,0.0,0.0
11703133149,11703133151,0.20507166,60.772266
11703133149,12002167401,0.0,0.0
11703133149,12002167414,0.0,0.0
11703133149,12002167421,0.0,0.0
11703133150,11703133103,0.27986115,107.27598
11703133150,11703133106,0.0,0.0
11703133150,11703133107,0.052758634,20.223364
11703133150,11703133108,0.0,0.0
11703133150,11703133109,0.0,0.0
11703133150,11703133112,0.0,0.0
11703133150,11703133113,0.0,0.0
11703133150,11703133124,0.0,0.0
11703133150,11703133133,0.1736384,66.55882
11703133150,11703133143,0.0,0.0
11703133150,11703133144,0.0,0.0
11703133150,11703133150,0.0,0.0
11703133150,11703133152,0.15792769,60.536617
11703133150,11703163805,0.03350693,12.843828
11703133150,11703163808,0.0,0.0
11703133150,11703163809,0.10870832,41.669918
11703133150,11703163811,0.0,0.0
11703133150,11703163814,0.031161726,11.944868
11703133150,11703163815,0.0,0.0
11703133150,11703163819,0.0,0.0
11703133150,11703163820,0.0,0.0
11703133150,11703163824,0.0,0.0
11703133150,11703164011,0.0565719,21.68506
11703133150,11703164015,0.04506451,17.274063
11703133150,11703164017,0.060800493,23.305958
11703133150,12002167413,0.0,0.0
11703133151,11703133101,0.0,0.0
11703133151,11703133124,0.0,0.0
11703133151,11703133135,0.0,0.0
11703133151,11703133138,0.0,0.0
11703133151,11703133144,0.0,0.0
11703133151,11703133145,0.39532915,139.98615
11703133151,11703133146,0.0,0.0
11703133151,11703133147,0.0,0.0
11703133151,11703133148,0.21525338,76.221275
11703133151,11703133149,0.09664813,34.223125
11703133151,11703133151,0.0027906,0.9881522
11703133151,12002167401,0.17758307,62.88221
11703133151,12002167413,0.0,0.0
11703133151,12002167414,0.112395674,39.799335
11703133151,12002167421,0.0,0.0
11703133152,11703133103,0.08636615,34.176537
11703133152,11703133106,0.0,0.0
11703133152,11703133107,0.0,0.0
11703133152,11703133108,0.0,0.0
11703133152,11703133109,0.0,0.0
11703133152,11703133110,0.0,0.0
11703133152,11703133111,0.0,0.0
11703133152,11703133112,0.16983458,67.2064
11703133152,11703133113,0.2765889,109.45087
11703133152,11703133121,0.0,0.0
11703133152,11703133124,0.2228845,88.19914
11703133152,11703133125,0.0,0.0
11703133152,11703133133,0.0,0.0
11703133152,11703133144,0.0,0.0
11703133152,11703133147,0.0,0.0
11703133152,11703133148,0.0,0.0
11703133152,11703133150,0.23317453,92.27108
11703133152,11703133152,0.0,0.0
11703133152,11703163805,0.0,0.0
11703133152,11703163808,0.0,0.0
11703133152,11703163809,0.0,0.0
11703133152,11703163814,0.0,0.0
11703133152,11703163815,0.0,0.0
11703133152,11703163819,0.0,0.0
11703133152,11703163824,0.011151284,4.4127502
11703133152,11703164011,0.0,0.0
11703133152,11703164015,0.0,0.0
11703133152,11703164017,0.0,0.0
11703133152,12002167414,0.0,0.0
11703133301,11703133301,0.0,0.0
11703133301,11703133302,0.5383442,0.0
11703133301,11703133303,0.0,0.0
11703133301,11703133314,0.0,0.0
11703133301,11703133317,0.3437553,0.0
11703133301,11703133324,0.0,0.0
11703133301,11703133325,0.04218608,0.0
11703133301,11703133326,0.052864373,0.0
11703133301,11703133332,0.022849977,0.0
11703133301,11703133338,0.0,0.0
11703133301,11703133339,0.0,0.0
11703133301,11703133341,0.0,0.0
11703133301,11703133342,0.0,0.0
11703133302,11703133301,0.0,0.0
11703133302,11703133302,0.070000455,40.220882
11703133302,11703133303,0.058652446,33.700542
11703133302,11703133313,0.0,0.0
11703133302,11703133314,0.0,0.0
11703133302,11703133316,0.0,0.0
11703133302,11703133317,0.108262464,62.205482
11703133302,11703133323,0.056751058,32.60804
11703133302,11703133324,0.0,0.0
11703133302,11703133325,0.0025084466,1.4413041
11703133302,11703133326,0.016683385,9.585944
11703133302,11703133327,0.0,0.0
11703133302,11703133332,0.0,0.0
11703133302,11703133338,0.24554412,141.08482
11703133302,11703133339,0.20519476,117.90087
11703133302,11703133340,0.0,0.0
11703133302,11703133341,0.2364028,135.8324
11703133302,11703133342,0.0,0.0
11703133302,11703133344,0.0,0.0
11703133303,11703133301,0.0,0.0
11703133303,11703133302,0.2238748,101.48894
11703133303,11703133303,0.0,0.0
11703133303,11703133314,0.0,0.0
11703133303,11703133317,0.0,0.0
11703133303,11703133324,0.0,0.0
11703133303,11703133325,0.0,0.0
11703133303,11703133326,0.0,0.0
11703133303,11703133331,0.0,0.0
11703133303,11703133332,0.38272327,173.49956
11703133303,11703133338,0.0,0.0
11703133303,11703133339,0.06295329,28.538551
11703133303,11703133341,0.0,0.0
11703133303,11703133342,0.3304487,149.80197
11703133303,11703133344,0.0,0.0
11703133303,11703133345,0.0,0.0
11703133304,11703133304,0.0,0.0
11703133304,11703133305,0.22977206,92.15879
11703133304,11703133307,0.0,0.0
11703133304,11703133308,0.0,0.0
11703133304,11703133309,0.0,0.0
11703133304,11703133310,0.0,0.0
11703133304,11703133311,0.26730266,107.21186
11703133304,11703133312,0.0,0.0
11703133304,11703133313,0.0,0.0
11703133304,11703133315,0.027460665,11.01414
11703133304,11703133316,0.0,0.0
11703133304,11703133331,0.0,0.0
11703133304,11703133336,0.0,0.0
11703133304,11703133340,0.0,0.0
11703133304,11703133343,0.28088555,112.65979
11703133304,11703133344,0.0,0.0
11703133304,11703133345,0.0,0.0
11703133304,11703133346,0.0,0.0
11703133304,11703133348,0.0,0.0
11703133304,11703133349,0.0,0.0
11703133304,11703133350,0.1945791,78.04332
11703133304,11703133351,0.0,0.0
11703133304,11703133352,0.0,0.0
11703133304,11703133353,0.0,0.0
11703133305,11703133304,0.2966001,102.17405
11703133305,11703133305,0.0,0.0
11703133305,11703133307,0.0,0.0
11703133305,11703133308,0.0,0.0
11703133305,11703133311,0.0,0.0
11703133305,11703133315,0.0,0.0
11703133305,11703133331,0.0,0.0
11703133305,11703133332,0.0,0.0
11703133305,11703133343,0.506935,174.63109
11703133305,11703133344,0.0,0.0
11703133305,11703133345,0.084074795,28.962439
11703133305,11703133346,0.0,0.0
11703133305,11703133348,0.1123901,38.716614
11703133305,11703133349,0.0,0.0
11703133305,11703133350,0.0,0.0
11703133305,11703133353,0.0,0.0
11703133307,11703132927,0.0,0.0
11703133307,11703132928,0.0,0.0
11703133307,11703133304,0.27058187,127.381165
11703133307,11703133305,0.0,0.0
11703133307,11703133307,0.0,0.0
11703133307,11703133308,0.0,0.0
11703133307,11703133309,0.17554697,82.641815
11703133307,11703133310,0.2152923,101.35263
11703133307,11703133311,0.15367207,72.34383
11703133307,11703133312,0.0,0.0
11703133307,11703133313,0.0,0.0
11703133307,11703133315,0.0,0.0
11703133307,11703133322,0.0,0.0
11703133307,11703133323,0.0,0.0
11703133307,11703133336,0.0,0.0
11703133307,11703133337,0.0,0.0
11703133307,11703133343,0.0,0.0
11703133307,11703133348,0.0,0.0
11703133307,11703133350,0.07590744,35.73476
11703133307,11703133351,0.1089994,51.31338
11703133307,11703133352,0.0,0.0
11703133307,11703133353,0.0,0.0
11703133308,11703133304,0.14913052,56.518726
11703133308,11703133305,0.0,0.0
11703133308,11703133307,0.0,0.0
11703133308,11703133308,0.0,0.0
11703133308,11703133309,0.0,0.0
11703133308,11703133310,0.12775972,48.41944
11703133308,11703133311,0.2674073,101.34424
11703133308,11703133312,0.0,0.0
11703133308,11703133313,0.020596117,7.8056874
11703133308,11703133314,0.0,0.0
11703133308,11703133315,0.28684878,108.71233
11703133308,11703133316,0.1482575,56.18786
11703133308,11703133323,0.0,0.0
11703133308,11703133324,0.0,0.0
11703133308,11703133340,0.0,0.0
11703133308,11703133341,0.0,0.0
11703133308,11703133343,0.0,0.0
11703133308,11703133344,0.0,0.0
11703133308,11703133348,0.0,0.0
11703133308,11703133350,0.0,0.0
11703133309,11703132927,0.0,0.0
11703133309,11703132928,0.0,0.0
11703133309,11703133304,0.0,0.0
11703133309,11703133307,0.22537157,141.60878
11703133309,11703133308,0.0,0.0
11703133309,11703133309,0.0,0.0
11703133309,11703133310,0.28458974,178.81761
11703133309,11703133311,0.004551679,2.859978
11703133309,11703133312,0.0,0.0
11703133309,11703133313,0.07721946,48.519665
11703133309,11703133314,0.0,0.0
11703133309,11703133316,0.0,0.0
11703133309,11703133321,0.0,0.0
11703133309,11703133322,0.0,0.0
11703133309,11703133323,0.0,0.0
11703133309,11703133324,0.0,0.0
11703133309,11703133327,0.0,0.0
11703133309,11703133328,0.0,0.0
11703133309,11703133336,0.0,0.0
11703133309,11703133350,0.0,0.0
11703133309,11703133351,0.34731182,218.22807
11703133309,11703133352,0.060955793,38.30064
11703133310,11703133304,0.0,0.0
11703133310,11703133307,0.41173896,169.22244
11703133310,11703133308,0.035894245,14.7523365
11703133310,11703133309,0.23133448,95.077194
11703133310,11703133310,0.0,0.0
11703133310,11703133311,0.25704667,105.64476
11703133310,11703133312,0.0,0.0
11703133310,11703133313,0.063985616,26.297735
11703133310,11703133314,0.0,0.0
11703133310,11703133315,0.0,0.0
11703133310,11703133316,0.0,0.0
11703133310,11703133322,0.0,0.0
11703133310,11703133323,0.0,0.0
11703133310,11703133324,0.0,0.0
11703133310,11703133336,0.0,0.0
11703133310,11703133350,0.0,0.0
11703133310,11703133351,0.0,0.0
11703133310,11703133352,0.0,0.0
11703133311,11703133304,0.30162498,124.6714
11703133311,11703133305,0.0,0.0
11703133311,11703133307,0.27904388,115.337906
11703133311,11703133308,0.06889412,28.476177
11703133311,11703133309,0.0,0.0
11703133311,11703133310,0.24377295,100.759285
11703133311,11703133311,0.0,0.0
11703133311,11703133312,0.0,0.0
11703133311,11703133313,0.0,0.0
11703133311,11703133315,0.0,0.0
11703133311,11703133316,0.0,0.0
11703133311,11703133336,0.0,0.0
11703133311,11703133343,0.0,0.0
11703133311,11703133348,0.0,0.0
11703133311,11703133350,0.0,0.0
11703133311,11703133351,0.10666403,44.08771
11703133311,11703133352,0.0,0.0
11703133312,11703133304,0.0,0.0
11703133312,11703133307,0.0,0.0
11703133312,11703133308,0.0,0.0
11703133312,11703133309,0.0,0.0
11703133312,11703133310,0.50507396,0.0
11703133312,11703133311,0.44098514,0.0
11703133312,11703133312,0.053940833,0.0
11703133312,11703133313,0.0,0.0
11703133312,11703133315,0.0,0.0
11703133312,11703133316,0.0,0.0
11703133313,11703133302,0.0,0.0
11703133313,11703133304,0.0,0.0
11703133313,11703133307,0.0,0.0
11703133313,11703133308,0.0,0.0
11703133313,11703133309,0.0571374,19.930918
11703133313,11703133310,0.27809548,97.006485
11703133313,11703133311,0.0,0.0
11703133313,11703133312,0.0,0.0
11703133313,11703133313,0.0,0.0
11703133313,11703133314,0.09518564,33.20307
11703133313,11703133315,0.0,0.0
11703133313,11703133316,0.28609055,99.79536
11703133313,11703133317,0.0,0.0
11703133313,11703133321,0.0,0.0
11703133313,11703133322,0.0,0.0
11703133313,11703133323,0.0,0.0
11703133313,11703133324,0.28349102,98.88857
11703133313,11703133326,0.0,0.0
11703133313,11703133327,0.0,0.0
11703133313,11703133328,0.0,0.0
11703133313,11703133340,0.0,0.0
11703133313,11703133341,0.0,0.0
11703133313,11703133352,0.0,0.0
11703133314,11703133301,0.0,0.0
11703133314,11703133302,0.103544146,39.27398
11703133314,11703133303,0.0,0.0
11703133314,11703133308,0.0,0.0
11703133314,11703133309,0.0,0.0
11703133314,11703133310,0.0,0.0
11703133314,11703133313,0.0,0.0
11703133314,11703133314,0.09739873,36.943043
11703133314,11703133315,0.0,0.0
11703133314,11703133316,0.404008,153.23901
11703133314,11703133317,0.0,0.0
11703133314,11703133323,0.0,0.0
11703133314,11703133324,0.15044776,57.064377
11703133314,11703133326,0.0,0.0
11703133314,11703133327,0.0,0.0
11703133314,11703133338,0.0,0.0
11703133314,11703133339,0.0,0.0
11703133314,11703133340,0.0,0.0
11703133314,11703133341,0.24460134,92.77654
11703133314,11703133342,0.0,0.0
11703133314,11703133344,0.0,0.0
11703133315,11703133304,0.2566308,92.34217
11703133315,11703133305,0.0,0.0
11703133315,11703133307,0.0,0.0
11703133315,11703133308,0.012232035,4.4013915
11703133315,11703133310,0.0,0.0
11703133315,11703133311,0.0,0.0
11703133315,11703133312,0.0,0.0
11703133315,11703133313,0.0,0.0
11703133315,11703133314,0.0,0.0
11703133315,11703133315,0.05644217,20.309301
11703133315,11703133316,0.13296989,47.845882
11703133315,11703133332,0.0,0.0
11703133315,11703133340,0.105829924,38.080246
11703133315,11703133341,0.0,0.0
11703133315,11703133342,0.0,0.0
11703133315,11703133343,0.3455856,124.35033
11703133315,11703133344,0.09030941,32.49558
11703133315,11703133345,0.0,0.0
11703133315,11703133348,0.0,0.0
11703133315,11703133350,0.0,0.0
11703133316,11703133302,0.0,0.0
11703133316,11703133304,0.0,0.0
11703133316,11703133308,0.0,0.0
11703133316,11703133309,0.0,0.0
11703133316,11703133310,0.0,0.0
11703133316,11703133311,0.02344799,9.446734
11703133316,11703133312,0.0,0.0
11703133316,11703133313,0.089467764,36.044804
11703133316,11703133314,0.11048186,44.510967
11703133316,11703133315,0.5361642,216.01003
11703133316,11703133316,0.0,0.0
11703133316,11703133323,0.0,0.0
11703133316,11703133324,0.0,0.0
11703133316,11703133339,0.0,0.0
11703133316,11703133340,0.042404592,17.083977
11703133316,11703133341,0.19803369,79.78388
11703133316,11703133342,0.0,0.0
11703133316,11703133343,0.0,0.0
11703133316,11703133344,0.0,0.0
11703133317,11703133301,0.0,0.0
11703133317,11703133302,0.0,0.0
11703133317,11703133303,0.0,0.0
11703133317,11703133313,0.0,0.0
11703133317,11703133314,0.0053842366,2.3245642
11703133317,11703133317,0.0,0.0
11703133317,11703133323,0.0,0.0
11703133317,11703133324,0.24987295,107.87894
11703133317,11703133325,0.0,0.0
11703133317,11703133326,0.0,0.0
11703133317,11703133327,0.0,0.0
11703133317,11703133328,0.0,0.0
11703133317,11703133331,0.19127527,82.58025
11703133317,11703133332,0.3127009,135.00397
11703133317,11703133338,0.0,0.0
11703133317,11703133339,0.0,0.0
11703133317,11703133341,0.02465275,10.643458
11703133317,11703133342,0.18649235,80.515305
11703133317,11703133344,0.0,0.0
11703133317,11703133345,0.02962175,12.788751
11703133317,11703164410,0.0,0.0
11703133318,11703132915,0.0,0.0
11703133318,11703132916,0.0,0.0
11703133318,11703132917,0.0,0.0
11703133318,11703132918,0.34549484,145.72392
11703133318,11703132919,0.0,0.0
11703133318,11703132920,0.16759291,70.68788
11703133318,11703132925,0.0,0.0
11703133318,11703133318,0.0,0.0
11703133318,11703133319,0.08327213,35.122787
11703133318,11703133320,0.0,0.0
11703133318,11703133321,0.0,0.0
11703133318,11703133328,0.0,0.0
11703133318,11703133622,0.0,0.0
11703133318,11703164402,0.0,0.0
11703133318,11703164403,0.0,0.0
11703133318,11703164410,0.0,0.0
11703133318,11703164412,0.0,0.0
11703133318,11703164414,0.0,0.0
11703133318,11703164418,0.0,0.0
11703133318,11703164428,0.0,0.0
11703133318,11703164502,0.40364012,170.24864
11703133318,11703164507,0.0,0.0
11703133318,11703164509,0.0,0.0
11703133318,11703164528,0.0,0.0
11703133319,11703132916,0.0,0.0
11703133319,11703132917,0.0,0.0
11703133319,11703132918,0.0,0.0
11703133319,11703132919,0.0,0.0
11703133319,11703132920,0.08974284,33.81276
11703133319,11703132925,0.0,0.0
11703133319,11703133318,0.083058536,31.294289
11703133319,11703133319,0.0,0.0
11703133319,11703133320,0.28918785,108.958435
11703133319,11703133321,0.0,0.0
11703133319,11703133328,0.0,0.0
11703133319,11703164402,0.0,0.0
11703133319,11703164403,0.25711322,96.87355
11703133319,11703164410,0.0,0.0
11703133319,11703164412,0.085559785,32.236694
11703133319,11703164418,0.13153195,49.557808
11703133319,11703164428,0.06380576,24.040344
11703133320,11703132918,0.0,0.0
11703133320,11703132919,0.0,0.0
11703133320,11703132920,0.10355732,44.981052
11703133320,11703132925,0.0,0.0
11703133320,11703132928,0.0,0.0
11703133320,11703133318,0.0,0.0
11703133320,11703133319,0.37213406,161.63979
11703133320,11703133320,0.0,0.0
11703133320,11703133321,0.22686818,98.54224
11703133320,11703133322,0.02111581,9.171843
11703133320,11703133323,0.0,0.0
11703133320,11703133325,0.13298199,57.761925
11703133320,11703133326,0.0,0.0
11703133320,11703133327,0.0,0.0
11703133320,11703133328,0.14334282,62.262245
11703133320,11703164402,0.0,0.0
11703133320,11703164403,0.0,0.0
11703133320,11703164410,0.0,0.0
11703133320,11703164412,0.0,0.0
11703133320,11703164418,0.0,0.0
11703133320,11703164428,0.0,0.0
11703133321,11703132907,0.0,0.0
11703133321,11703132910,0.0,0.0
11703133321,11703132918,0.0,0.0
11703133321,11703132919,0.0,0.0
11703133321,11703132920,0.24571812,93.412895
11703133321,11703132921,0.0,0.0
11703133321,11703132922,0.0,0.0
11703133321,11703132923,0.14471665,55.01589
11703133321,11703132924,0.0,0.0
11703133321,11703132925,0.0,0.0
11703133321,11703132927,0.0,0.0
11703133321,11703132928,0.21834892,83.00814
11703133321,11703133309,0.0,0.0
11703133321,11703133313,0.0,0.0
11703133321,11703133318,0.0,0.0
11703133321,11703133319,0.0,0.0
11703133321,11703133320,0.09104031,34.61014
11703133321,11703133321,0.0,0.0
11703133321,11703133322,0.2582286,98.16891
11703133321,11703133323,0.038233638,14.535007
11703133321,11703133324,0.0,0.0
11703133321,11703133325,0.0,0.0
11703133321,11703133326,0.0,0.0
11703133321,11703133327,0.0,0.0
11703133321,11703133328,0.0037138164,1.4118549
11703133321,11703133352,0.0,0.0
11703133321,11703164410,0.0,0.0
11703133321,11703164418,0.0,0.0
11703133322,11703132920,0.0,0.0
11703133322,11703132921,0.0,0.0
11703133322,11703132923,0.0,0.0
11703133322,11703132924,0.0,0.0
11703133322,11703132925,0.0,0.0
11703133322,11703132927,0.0,0.0
11703133322,11703132928,0.0,0.0
11703133322,11703133307,0.0,0.0
11703133322,11703133309,0.37445524,167.78665
11703133322,11703133310,0.0,0.0
11703133322,11703133313,0.0,0.0
11703133322,11703133320,0.0,0.0
11703133322,11703133321,0.18158355,81.36432
11703133322,11703133322,0.0,0.0
11703133322,11703133323,0.16184029,72.51772
11703133322,11703133324,0.0,0.0
11703133322,11703133325,0.0,0.0
11703133322,11703133326,0.0,0.0
11703133322,11703133327,0.0,0.0
11703133322,11703133328,0.0,0.0
11703133322,11703133351,0.0,0.0
11703133322,11703133352,0.2821209,126.4133
11703133322,11703164410,0.0,0.0
11703133322,11703164418,0.0,0.0
11703133323,11703132920,0.0,0.0
11703133323,11703132925,0.0,0.0
11703133323,11703132928,0.0,0.0
11703133323,11703133302,0.06929755,20.86022
11703133323,11703133307,0.0,0.0
11703133323,11703133308,0.0,0.0
11703133323,11703133309,0.013929069,4.1929827
11703133323,11703133310,0.0,0.0
11703133323,11703133313,0.36789113,110.74402
11703133323,11703133314,0.0,0.0
11703133323,11703133316,0.0,0.0
11703133323,11703133317,0.0,0.0
11703133323,11703133320,0.0,0.0
11703133323,11703133321,0.1793819,53.99824
11703133323,11703133322,0.07574457,22.800926
11703133323,11703133323,0.0,0.0
11703133323,11703133324,0.15909171,47.890408
11703133323,11703133325,0.0,0.0
11703133323,11703133326,0.0,0.0
11703133323,11703133327,0.134664,40.537083
11703133323,11703133328,0.0,0.0
11703133323,11703133352,0.0,0.0
11703133323,11703164410,0.0,0.0
11703133323,11703164418,0.0,0.0
11703133324,11703133301,0.0,0.0
11703133324,11703133302,0.0,0.0
11703133324,11703133303,0.0,0.0
11703133324,11703133308,0.0,0.0
11703133324,11703133309,0.0,0.0
11703133324,11703133310,0.0,0.0
11703133324,11703133313,0.22748023,69.625595
11703133324,11703133314,0.20619115,63.109577
11703133324,11703133316,0.012969196,3.9695227
11703133324,11703133317,0.31015286,94.92947
11703133324,11703133321,0.0,0.0
11703133324,11703133322,0.0,0.0
11703133324,11703133323,0.14606848,44.70764
11703133324,11703133324,0.0,0.0
11703133324,11703133325,0.0,0.0
11703133324,11703133326,0.058901995,18.028318
11703133324,11703133327,0.0,0.0
11703133324,11703133328,0.0,0.0
11703133324,11703133332,0.03823611,11.703047
11703133324,11703133338,0.0,0.0
11703133324,11703133339,0.0,0.0
11703133324,11703133341,0.0,0.0
11703133324,11703133342,0.0,0.0
11703133324,11703164410,0.0,0.0
11703133325,11703133301,0.0,0.0
11703133325,11703133302,0.07628557,23.477793
11703133325,11703133303,0.043983012,13.536296
11703133325,11703133317,0.35254887,108.50111
11703133325,11703133320,0.0,0.0
11703133325,11703133321,0.0,0.0
11703133325,11703133322,0.06171775,18.994371
11703133325,11703133323,0.0,0.0
11703133325,11703133324,0.0,0.0
11703133325,11703133325,0.0,0.0
11703133325,11703133326,0.27010828,83.129036
11703133325,11703133327,0.0,0.0
11703133325,11703133328,0.0,0.0
11703133325,11703133332,0.08471924,26.073355
11703133325,11703133342,0.11063719,34.04991
11703133325,11703164403,0.0,0.0
11703133325,11703164410,0.0,0.0
11703133325,11703164413,0.0,0.0
11703133325,11703164416,0.0,0.0
11703133325,11703164418,0.0,0.0
11703133326,11703133301,0.0,0.0
11703133326,11703133302,0.01701206,6.402221
11703133326,11703133303,0.0,0.0
11703133326,11703133313,0.0,0.0
11703133326,11703133314,0.0,0.0
11703133326,11703133317,0.11688295,43.98706
11703133326,11703133320,0.0,0.0
11703133326,11703133321,0.0,0.0
11703133326,11703133322,0.0,0.0
11703133326,11703133323,0.0,0.0
11703133326,11703133324,0.22842276,85.96332
11703133326,11703133325,0.010483071,3.9451392
11703133326,11703133326,0.0,0.0
11703133326,11703133327,0.21842566,82.201065
11703133326,11703133328,0.0,0.0
11703133326,11703133332,0.0,0.0
11703133326,11703133342,0.0,0.0
11703133326,11703164403,0.14634913,55.076195
11703133326,11703164410,0.0,0.0
11703133326,11703164413,0.13431191,50.54618
11703133326,11703164416,0.1281125,48.213123
11703133326,11703164418,0.0,0.0
11703133327,11703133302,0.0,0.0
11703133327,11703133309,0.0,0.0
11703133327,11703133313,0.0,0.0
11703133327,11703133314,0.0,0.0
11703133327,11703133317,0.0,0.0
11703133327,11703133320,0.0,0.0
11703133327,11703133321,0.0,0.0
11703133327,11703133322,0.0,0.0
11703133327,11703133323,0.17779464,68.96068
11703133327,11703133324,0.022937596,8.896737
11703133327,11703133325,0.0,0.0
11703133327,11703133326,0.11867422,46.029816
11703133327,11703133327,0.0,0.0
11703133327,11703133328,0.33945101,131.66187
11703133327,11703164410,0.0,0.0
11703133327,11703164418,0.34114248,132.31792
11703133328,11703132920,0.0,0.0
11703133328,11703132925,0.0,0.0
11703133328,11703132928,0.0,0.0
11703133328,11703133309,0.0,0.0
11703133328,11703133313,0.0,0.0
11703133328,11703133317,0.042815387,18.191216
11703133328,11703133318,0.0,0.0
11703133328,11703133319,0.0,0.0
11703133328,11703133320,0.0032123923,1.3648672
11703133328,11703133321,0.061662793,26.199018
11703133328,11703133322,0.0,0.0
11703133328,11703133323,0.016367137,6.953998
11703133328,11703133324,0.0,0.0
11703133328,11703133325,0.0,0.0
11703133328,11703133326,0.017567813,7.464136
11703133328,11703133327,0.5161275,219.29001
11703133328,11703133328,0.0,0.0
11703133328,11703133352,0.0,0.0
11703133328,11703164402,0.0,0.0
11703133328,11703164403,0.09041235,38.414005
11703133328,11703164410,0.0,0.0
11703133328,11703164412,0.1948635,82.792755
11703133328,11703164413,0.004372537,1.8577845
11703133328,11703164416,0.052598596,22.347862
11703133328,11703164418,0.0,0.0
11703133328,11703164428,0.0,0.0
11703133329,11703133329,0.15036815,49.362656
11703133329,11703133330,0.0,0.0
11703133329,11703133331,0.31821513,104.463234
11703133329,11703133332,0.0,0.0
11703133329,11703133333,0.0,0.0
11703133329,11703133334,0.0,0.0
11703133329,11703133335,0.0,0.0
11703133329,11703133337,0.039623678,13.007607
11703133329,11703133345,0.0,0.0
11703133329,11703133346,0.0,0.0
11703133329,11703133348,0.0,0.0
11703133329,11703133349,0.3470828,113.93987
11703133329,11703133353,0.0,0.0
11703133329,11801165019,0.14471012,47.505245
11703133330,11703133329,0.37054795,131.87758
11703133330,11703133330,0.0,0.0
11703133330,11703133331,0.43528816,154.91855
11703133330,11703133332,0.0,0.0
11703133330,11703133345,0.0,0.0
11703133330,11703133346,0.0,0.0
11703133330,11703133348,0.0,0.0
11703133330,11703133349,0.19416392,69.102715
11703133331,11703133303,0.0,0.0
11703133331,11703133304,0.0,0.0
11703133331,11703133305,0.0,0.0
11703133331,11703133317,0.025817767,8.604055
11703133331,11703133329,0.20878018,69.57829
11703133331,11703133330,0.0,0.0
11703133331,11703133331,0.1238624,41.27851
11703133331,11703133332,0.19571032,65.22262
11703133331,11703133342,0.0,0.0
11703133331,11703133343,0.0,0.0
11703133331,11703133344,0.0,0.0
11703133331,11703133345,0.090998664,30.326307
11703133331,11703133346,0.0,0.0
11703133331,11703133348,0.10486026,34.94584
11703133331,11703133349,0.24997033,83.30537
11703133331,11703133350,0.0,0.0
11703133331,11703133353,0.0,0.0
11703133332,11703133301,0.0,0.0
11703133332,11703133302,0.0,0.0
11703133332,11703133303,0.13075435,45.222153
11703133332,11703133305,0.0,0.0
11703133332,11703133315,0.0,0.0
11703133332,11703133317,0.0,0.0
11703133332,11703133324,0.0,0.0
11703133332,11703133325,0.0,0.0
11703133332,11703133326,0.0,0.0
11703133332,11703133329,0.0,0.0
11703133332,11703133330,0.0,0.0
11703133332,11703133331,0.0,0.0
11703133332,11703133332,0.17869967,61.804317
11703133332,11703133338,0.0,0.0
11703133332,11703133339,0.0,0.0
11703133332,11703133340,0.0,0.0
11703133332,11703133341,0.0,0.0
11703133332,11703133342,0.16589212,57.374756
11703133332,11703133343,0.0,0.0
11703133332,11703133344,0.26957726,93.23486
11703133332,11703133345,0.2550766,88.21972
11703133332,11703133348,0.0,0.0
11703133332,11703133349,0.0,0.0
11703133333,11703132901,0.16895518,66.02755
11703133333,11703132912,0.0,0.0
11703133333,11703132913,0.0,0.0
11703133333,11703132914,0.11865273,46.369396
11703133333,11703132923,0.0,0.0
11703133333,11703132926,0.0,0.0
11703133333,11703132927,0.0,0.0
11703133333,11703132928,0.0,0.0
11703133333,11703133329,0.0,0.0
11703133333,11703133333,0.009854168,3.851001
11703133333,11703133334,0.43197396,168.8151
11703133333,11703133335,0.087923914,34.360596
11703133333,11703133336,0.0,0.0
11703133333,11703133337,0.0,0.0
11703133333,11703133346,0.14845476,58.016003
11703133333,11703133348,0.0,0.0
11703133333,11703133349,0.0,0.0
11703133333,11703133351,0.028107971,10.984573
11703133333,11703133352,0.0,0.0
11703133333,11703133353,0.0060773194,2.3750117
11703133333,11801134504,0.0,0.0
11703133333,11801134519,0.0,0.0
11703133333,11801165008,0.0,0.0
11703133333,11801165019,0.0,0.0
11703133334,11703132901,0.0,0.0
11703133334,11703132914,0.0,0.0
11703133334,11703132923,0.0,0.0
11703133334,11703132926,0.0,0.0
11703133334,11703132927,0.0,0.0
11703133334,11703132928,0.0,0.0
11703133334,11703133329,0.0,0.0
11703133334,11703133333,0.3084097,115.2973
11703133334,11703133334,0.0,0.0
11703133334,11703133335,0.122090876,45.643017
11703133334,11703133336,0.0,0.0
11703133334,11703133337,0.12599367,47.102055
11703133334,11703133346,0.4435057,165.80222
11703133334,11703133348,0.0,0.0
11703133334,11703133349,0.0,0.0
11703133334,11703133351,0.0,0.0
11703133334,11703133352,0.0,0.0
11703133334,11703133353,0.0,0.0
11703133334,11801134519,0.0,0.0
11703133334,11801165008,0.0,0.0
11703133334,11801165019,0.0,0.0
11703133335,11703132914,0.0,0.0
11703133335,11703132927,0.0,0.0
11703133335,11703133329,0.0,0.0
11703133335,11703133333,0.21600312,85.04894
11703133335,11703133334,0.26183826,103.09604
11703133335,11703133335,0.13589895,53.50877
11703133335,11703133337,0.0,0.0
11703133335,11703133346,0.38625973,152.08568
11703133335,11703133348,0.0,0.0
11703133335,11703133349,0.0,0.0
11703133335,11703133353,0.0,0.0
11703133335,11801134519,0.0,0.0
11703133335,11801165008,0.0,0.0
11703133335,11801165019,0.0,0.0
11703133336,11703132901,0.0,0.0
11703133336,11703132914,0.0,0.0
11703133336,11703132923,0.0,0.0
11703133336,11703132926,0.0,0.0
11703133336,11703132927,0.0,0.0
11703133336,11703132928,0.0,0.0
11703133336,11703133304,0.0,0.0
11703133336,11703133307,0.0,0.0
11703133336,11703133309,0.0,0.0
11703133336,11703133310,0.0,0.0
11703133336,11703133311,0.0,0.0
11703133336,11703133333,0.0,0.0
11703133336,11703133334,0.0,0.0
11703133336,11703133336,0.0,0.0
11703133336,11703133337,0.0,0.0
11703133336,11703133346,0.0,0.0
11703133336,11703133348,0.0,0.0
11703133336,11703133350,0.3247863,109.8617
11703133336,11703133351,0.37314475,126.21935
11703133336,11703133352,0.0,0.0
11703133336,11703133353,0.30206895,102.17737
11703133337,11703132901,0.0,0.0
11703133337,11703132914,0.0,0.0
11703133337,11703132923,0.0,0.0
11703133337,11703132926,0.0,0.0
11703133337,11703132927,0.0,0.0
11703133337,11703132928,0.0,0.0
11703133337,11703133307,0.0,0.0
11703133337,11703133329,0.0,0.0
11703133337,11703133333,0.0,0.0
11703133337,11703133334,0.21590522,74.424034
11703133337,11703133335,0.0,0.0
11703133337,11703133336,0.18307284,63.106483
11703133337,11703133337,0.37668678,129.84656
11703133337,11703133346,0.0,0.0
11703133337,11703133348,0.0,0.0
11703133337,11703133349,0.0,0.0
11703133337,11703133350,0.0,0.0
11703133337,11703133351,0.0,0.0
11703133337,11703133352,0.0,0.0
11703133337,11703133353,0.22433516,77.329895
11703133337,11801165019,0.0,0.0
11703133338,11703133301,0.0,0.0
11703133338,11703133302,0.5673957,193.12862
11703133338,11703133303,0.015146136,5.155401
11703133338,11703133314,0.0,0.0
11703133338,11703133317,0.0,0.0
11703133338,11703133324,0.0,0.0
11703133338,11703133332,0.0,0.0
11703133338,11703133338,0.14007676,47.67895
11703133338,11703133339,0.27738142,94.414345
11703133338,11703133341,0.0,0.0
11703133338,11703133342,0.0,0.0
11703133339,11703133301,0.0,0.0
11703133339,11703133302,0.22296438,81.23517
11703133339,11703133303,0.0,0.0
11703133339,11703133314,0.0,0.0
11703133339,11703133316,0.0,0.0
11703133339,11703133317,0.0,0.0
11703133339,11703133324,0.0,0.0
11703133339,11703133332,0.0,0.0
11703133339,11703133338,0.15485981,56.42185
11703133339,11703133339,0.017887324,6.5170937
11703133339,11703133340,0.0,0.0
11703133339,11703133341,0.48499146,176.7025
11703133339,11703133342,0.11929712,43.464886
11703133339,11703133344,0.0,0.0
11703133340,11703133302,0.0,0.0
11703133340,11703133304,0.0,0.0
11703133340,11703133308,0.0,0.0
11703133340,11703133313,0.0,0.0
11703133340,11703133314,0.0,0.0
11703133340,11703133315,0.2508491,86.815506
11703133340,11703133316,0.31057084,107.4844
11703133340,11703133332,0.0,0.0
11703133340,11703133339,0.0,0.0
11703133340,11703133340,0.0,0.0
11703133340,11703133341,0.43858013,151.7867
11703133340,11703133342,0.0,0.0
11703133340,11703133343,0.0,0.0
11703133340,11703133344,0.0,0.0
11703133340,11703133345,0.0,0.0
11703133341,11703133301,0.0,0.0
11703133341,11703133302,0.1705532,67.63285
11703133341,11703133303,0.0,0.0
11703133341,11703133308,0.0,0.0
11703133341,11703133313,0.0,0.0
11703133341,11703133314,0.0,0.0
11703133341,11703133315,0.0,0.0
11703133341,11703133316,0.0,0.0
11703133341,11703133317,0.08493161,33.67962
11703133341,11703133324,0.0,0.0
11703133341,11703133332,0.0,0.0
11703133341,11703133338,0.0,0.0
11703133341,11703133339,0.21752822,86.26079
11703133341,11703133340,0.0,0.0
11703133341,11703133341,0.52698684,208.97656
11703133341,11703133342,0.0,0.0
11703133341,11703133343,0.0,0.0
11703133341,11703133344,0.0,0.0
11703133341,11703133345,0.0,0.0
11703133342,11703133301,0.0,0.0
11703133342,11703133302,0.0,0.0
11703133342,11703133303,0.1218546,38.70702
11703133342,11703133314,0.0,0.0
11703133342,11703133315,0.0,0.0
11703133342,11703133316,0.0,0.0
11703133342,11703133317,0.0,0.0
11703133342,11703133324,0.0,0.0
11703133342,11703133325,0.0,0.0
11703133342,11703133326,0.0,0.0
11703133342,11703133331,0.0,0.0
11703133342,11703133332,0.3371678,107.10109
11703133342,11703133338,0.0,0.0
11703133342,11703133339,0.0,0.0
11703133342,11703133340,0.0,0.0
11703133342,11703133341,0.30333072,96.35277
11703133342,11703133342,0.0013415217,0.42613333
11703133342,11703133343,0.0,0.0
11703133342,11703133344,0.2363053,75.062195
11703133342,11703133345,0.0,0.0
11703133343,11703133304,0.22102287,91.70663
11703133343,11703133305,0.3020219,125.31467
11703133343,11703133307,0.0,0.0
11703133343,11703133308,0.0,0.0
11703133343,11703133311,0.0,0.0
11703133343,11703133315,0.25012854,103.78312
11703133343,11703133316,0.0,0.0
11703133343,11703133331,0.0,0.0
11703133343,11703133332,0.0,0.0
11703133343,11703133340,0.0,0.0
11703133343,11703133341,0.0,0.0
11703133343,11703133342,0.0,0.0
11703133343,11703133343,0.0,0.0
11703133343,11703133344,0.19333044,80.2165
11703133343,11703133345,0.03349629,13.8982525
11703133343,11703133346,0.0,0.0
11703133343,11703133348,0.0,0.0
11703133343,11703133349,0.0,0.0
11703133343,11703133350,0.0,0.0
11703133343,11703133353,0.0,0.0
11703133344,11703133302,0.0,0.0
11703133344,11703133303,0.0,0.0
11703133344,11703133304,0.0,0.0
11703133344,11703133305,0.0,0.0
11703133344,11703133308,0.0,0.0
11703133344,11703133314,0.0,0.0
11703133344,11703133315,0.21782091,91.369255
11703133344,11703133316,0.0,0.0
11703133344,11703133317,0.0,0.0
11703133344,11703133331,0.0,0.0
11703133344,11703133332,0.13863268,58.152203
11703133344,11703133339,0.0,0.0
11703133344,11703133340,0.0,0.0
11703133344,11703133341,0.0,0.0
11703133344,11703133342,0.104777664,43.95105
11703133344,11703133343,0.31980643,134.14908
11703133344,11703133344,0.0,0.0
11703133344,11703133345,0.21896222,91.84801
11703133344,11703133348,0.0,0.0
11703133344,11703133349,0.0,0.0
11703133345,11703133303,0.0,0.0
11703133345,11703133304,0.011192292,4.1147394
11703133345,11703133305,0.1771782,65.13788
11703133345,11703133315,0.0,0.0
11703133345,11703133317,0.0,0.0
11703133345,11703133329,0.0,0.0
11703133345,11703133330,0.0,0.0
11703133345,11703133331,0.15494418,56.963753
11703133345,11703133332,0.22807592,83.84994
11703133345,11703133340,0.0,0.0
11703133345,11703133341,0.0,0.0
11703133345,11703133342,0.0,0.0
11703133345,11703133343,0.34763235,127.80372
11703133345,11703133344,0.0,0.0
11703133345,11703133345,0.0,0.0
11703133345,11703133346,0.0,0.0
11703133345,11703133348,0.029953122,11.01198
11703133345,11703133349,0.05102402,18.758495
11703133345,11703133350,0.0,0.0
11703133345,11703133353,0.0,0.0
11703133346,11703132914,0.0,0.0
11703133346,11703132927,0.0,0.0
11703133346,11703133304,0.0,0.0
11703133346,11703133305,0.0,0.0
11703133346,11703133329,0.20974287,62.12171
11703133346,11703133330,0.0,0.0
11703133346,11703133331,0.0,0.0
11703133346,11703133333,0.12147108,35.977345
11703133346,11703133334,0.0,0.0
11703133346,11703133335,0.12158069,36.009808
11703133346,11703133336,0.0,0.0
11703133346,11703133337,0.0,0.0
11703133346,11703133343,0.0,0.0
11703133346,11703133345,0.0,0.0
11703133346,11703133346,0.0,0.0
11703133346,11703133348,0.027911514,8.266841
11703133346,11703133349,0.3754665,111.20579
11703133346,11703133350,0.0,0.0
11703133346,11703133353,0.14382735,42.59883
11703133346,11801134519,0.0,0.0
11703133346,11801165008,0.0,0.0
11703133346,11801165019,0.0,0.0
11703133348,11703133304,0.09601888,30.633757
11703133348,11703133305,0.19082686,60.881187
11703133348,11703133307,0.0,0.0
11703133348,11703133308,0.0,0.0
11703133348,11703133311,0.0,0.0
11703133348,11703133315,0.0,0.0
11703133348,11703133329,0.0,0.0
11703133348,11703133330,0.0,0.0
11703133348,11703133331,0.03321621,10.597261
11703133348,11703133332,0.0,0.0
11703133348,11703133333,0.0,0.0
11703133348,11703133334,0.0,0.0
11703133348,11703133335,0.0,0.0
11703133348,11703133336,0.0,0.0
11703133348,11703133337,0.0,0.0
11703133348,11703133343,0.33397898,106.55228
11703133348,11703133344,0.0,0.0
11703133348,11703133345,0.04974863,15.871747
11703133348,11703133346,0.069931716,22.310936
11703133348,11703133348,0.0,0.0
11703133348,11703133349,0.14606413,46.600136
11703133348,11703133350,0.042422026,13.534276
11703133348,11703133353,0.037792534,12.057287
11703133348,11801165019,0.0,0.0
11703133349,11703133304,0.0,0.0
11703133349,11703133305,0.0,0.0
11703133349,11703133329,0.13650635,57.603893
11703133349,11703133330,0.0,0.0
11703133349,11703133331,0.36019757,151.99866
11703133349,11703133332,0.0,0.0
11703133349,11703133333,0.0,0.0
11703133349,11703133334,0.0,0.0
11703133349,11703133335,0.0,0.0
11703133349,11703133337,0.0,0.0
11703133349,11703133343,0.0,0.0
11703133349,11703133344,0.0,0.0
11703133349,11703133345,0.035154253,14.834635
11703133349,11703133346,0.3720695,157.00847
11703133349,11703133348,0.096072346,40.54127
11703133349,11703133349,0.0,0.0
11703133349,11703133350,0.0,0.0
11703133349,11703133353,0.0,0.0
11703133349,11801165019,0.0,0.0
11703133350,11703132927,0.0,0.0
11703133350,11703133304,0.30361786,117.16232
11703133350,11703133305,0.0,0.0
11703133350,11703133307,0.06970909,26.899864
11703133350,11703133308,0.0,0.0
11703133350,11703133309,0.0,0.0
11703133350,11703133310,0.0,0.0
11703133350,11703133311,0.0,0.0
11703133350,11703133315,0.0,0.0
11703133350,11703133331,0.0,0.0
11703133350,11703133336,0.2605891,100.55806
11703133350,11703133337,0.0,0.0
11703133350,11703133343,0.0,0.0
11703133350,11703133345,0.0,0.0
11703133350,11703133346,0.0,0.0
11703133350,11703133348,0.099956185,38.57184
11703133350,11703133349,0.0,0.0
11703133350,11703133350,0.0,0.0
11703133350,11703133351,0.0,0.0
11703133350,11703133352,0.0,0.0
11703133350,11703133353,0.26612785,102.6954
11703133351,11703132901,0.0,0.0
11703133351,11703132914,0.0,0.0
11703133351,11703132923,0.0,0.0
11703133351,11703132926,0.0,0.0
11703133351,11703132927,0.0,0.0
11703133351,11703132928,0.0,0.0
11703133351,11703133304,0.0,0.0
11703133351,11703133307,0.3448922,166.48558
11703133351,11703133309,0.2370426,114.42467
11703133351,11703133310,0.0,0.0
11703133351,11703133311,0.029794633,14.382398
11703133351,11703133322,0.0,0.0
11703133351,11703133333,0.0,0.0
11703133351,11703133334,0.0,0.0
11703133351,11703133336,0.21295232,102.79585
11703133351,11703133337,0.0,0.0
11703133351,11703133350,0.0,0.0
11703133351,11703133351,0.0,0.0
11703133351,11703133352,0.1753183,84.62925
11703133351,11703133353,0.0,0.0
11703133352,11703132901,0.0,0.0
11703133352,11703132914,0.0,0.0
11703133352,11703132921,0.0,0.0
11703133352,11703132923,0.0,0.0
11703133352,11703132924,0.0,0.0
11703133352,11703132925,0.0,0.0
11703133352,11703132926,0.0,0.0
11703133352,11703132927,0.0,0.0
11703133352,11703132928,0.041755944,14.981792
11703133352,11703133304,0.0,0.0
11703133352,11703133307,0.0032722056,1.1740485
11703133352,11703133309,0.28497157,102.24616
11703133352,11703133310,0.0,0.0
11703133352,11703133311,0.0,0.0
11703133352,11703133313,0.0,0.0
11703133352,11703133321,0.0,0.0
11703133352,11703133322,0.12869808,46.176132
11703133352,11703133323,0.0,0.0
11703133352,11703133328,0.0,0.0
11703133352,11703133333,0.051149696,18.352217
11703133352,11703133334,0.0,0.0
11703133352,11703133336,0.0,0.0
11703133352,11703133337,0.0,0.0
11703133352,11703133350,0.042615265,15.290112
11703133352,11703133351,0.44753727,160.5738
11703133352,11703133352,0.0,0.0
11703133353,11703132927,0.0,0.0
11703133353,11703133304,0.0,0.0
11703133353,11703133305,0.0,0.0
11703133353,11703133307,0.0,0.0
11703133353,11703133329,0.0,0.0
11703133353,11703133331,0.0,0.0
11703133353,11703133333,0.0,0.0
11703133353,11703133334,0.0,0.0
11703133353,11703133335,0.0,0.0
11703133353,11703133336,0.042672932,12.795975
11703133353,11703133337,0.34427473,103.23478
11703133353,11703133343,0.0,0.0
11703133353,11703133345,0.0,0.0
11703133353,11703133346,0.0,0.0
11703133353,11703133348,0.0143221915,4.294676
11703133353,11703133349,0.0,0.0
11703133353,11703133350,0.3269402,98.03683
11703133353,11703133351,0.0,0.0
11703133353,11703133353,0.27178994,81.499374
11703133353,11801165019,0.0,0.0
11703133601,11703133601,0.0,0.0
11703133601,11703133607,0.0,0.0
11703133601,11703133608,0.0,0.0
11703133601,11703133610,0.0,0.0
11703133601,11703133616,0.0,0.0
11703133601,11703133617,0.11018661,47.915623
11703133601,11703133622,0.0,0.0
11703133601,11703133623,0.0,0.0
11703133601,11703133633,0.0,0.0
11703133601,11703133635,0.0,0.0
11703133601,11703133637,0.0,0.0
11703133601,11703133638,0.0,0.0
11703133601,11703163901,0.0,0.0
11703133601,11703163902,0.0,0.0
11703133601,11703163907,0.0,0.0
11703133601,11703163908,0.0,0.0
11703133601,11703163915,0.0,0.0
11703133601,11703164201,0.0,0.0
11703133601,11703164205,0.0,0.0
11703133601,11703164208,0.0,0.0
11703133601,11703164210,0.0,0.0
11703133601,11703164218,0.0,0.0
11703133601,11703164224,0.0,0.0
11703133601,11703164226,0.0,0.0
11703133601,11703164227,0.0,0.0
11703133601,11703164228,0.0,0.0
11703133601,11703164505,0.0,0.0
11703133601,11703164507,0.25426868,110.570984
11703133601,11703164512,0.0,0.0
11703133601,11703164516,0.11526337,50.1233
11703133601,11703164517,0.0,0.0
11703133601,11703164518,0.0,0.0
11703133601,11703164519,0.0,0.0
11703133601,11703164521,0.0,0.0
11703133601,11703164525,0.10550746,45.880856
11703133601,11703164531,0.13125369,57.076828
11703133601,11703164534,0.28352013,123.29124
11703133601,11703164536,0.0,0.0
11703133602,11703133602,0.0,0.0
11703133602,11703133603,0.0,0.0
11703133602,11703133605,0.01631847,6.660518
11703133602,11703133606,0.0,0.0
11703133602,11703133607,0.0,0.0
11703133602,11703133609,0.0,0.0
11703133602,11703133610,0.0,0.0
11703133602,11703133611,0.043892354,17.915026
11703133602,11703133613,0.0,0.0
11703133602,11703133614,0.0,0.0
11703133602,11703133615,0.0,0.0
11703133602,11703133624,0.0,0.0
11703133602,11703133625,0.0,0.0
11703133602,11703133626,0.11311963,46.170708
11703133602,11703133628,0.0,0.0
11703133602,11703133629,0.0,0.0
11703133602,11703133630,0.0,0.0
11703133602,11703133631,0.088332266,36.053543
11703133602,11703133632,0.0,0.0
11703133602,11703133634,0.0,0.0
11703133602,11703133635,0.0,0.0
11703133602,11703133636,0.0,0.0
11703133602,11703133637,0.0,0.0
11703133602,11703133638,0.0,0.0
11703133602,11703133639,0.26843312,109.56319
11703133602,11703133641,0.20767918,84.76597
11703133602,11703164216,0.008825958,3.6023874
11703133602,11703164221,0.17438522,71.176765
11703133602,11703164223,0.079013884,32.250168
11703133602,11703164229,0.0,0.0
11703133603,11703132904,0.0,0.0
11703133603,11703132905,0.0,0.0
11703133603,11703133602,0.0,0.0
11703133603,11703133603,0.0,0.0
11703133603,11703133605,0.0,0.0
11703133603,11703133609,0.0,0.0
11703133603,11703133610,0.050328135,15.574855
11703133603,11703133611,0.0,0.0
11703133603,11703133612,0.021087468,6.5258574
11703133603,11703133613,0.0,0.0
11703133603,11703133614,0.0,0.0
11703133603,11703133615,0.26631016,82.41398
11703133603,11703133616,0.0,0.0
11703133603,11703133618,0.0,0.0
11703133603,11703133622,0.0,0.0
11703133603,11703133623,0.0,0.0
11703133603,11703133624,0.04327011,13.390635
11703133603,11703133625,0.0,0.0
11703133603,11703133628,0.0,0.0
11703133603,11703133630,0.0960291,29.717758
11703133603,11703133631,0.115716845,35.810448
11703133603,11703133632,0.0028887093,0.8939578
11703133603,11703133634,0.0,0.0
11703133603,11703133636,0.009427547,2.917507
11703133603,11703133637,0.0,0.0
11703133603,11703133638,0.0,0.0
11703133603,11703133639,0.34864086,107.89255
11703133603,11703133640,0.0,0.0
11703133603,11703133641,0.046301067,14.328613
11703133603,11703164521,0.0,0.0
11703133605,11703132903,0.0,0.0
11703133605,11703133602,0.0,0.0
11703133605,11703133603,0.044111237,19.682432
11703133605,11703133605,0.0,0.0
11703133605,11703133609,0.0,0.0
11703133605,11703133610,0.0,0.0
11703133605,11703133611,0.0,0.0
11703133605,11703133613,0.0058611482,2.6152442
11703133605,11703133614,0.0303175,13.527668
11703133605,11703133615,0.0,0.0
11703133605,11703133624,0.219916,98.12652
11703133605,11703133625,0.15239511,67.998695
11703133605,11703133628,0.0,0.0
11703133605,11703133629,0.0,0.0
11703133605,11703133630,0.11067386,49.382675
11703133605,11703133631,0.10442479,46.594337
11703133605,11703133632,0.17736061,79.1383
11703133605,11703133634,0.15493973,69.1341
11703133605,11703133636,0.0,0.0
11703133605,11703133637,0.0,0.0
11703133605,11703133639,0.0,0.0
11703133605,11703133641,0.0,0.0
11703133605,11801134514,0.0,0.0
11703133605,11801134535,0.0,0.0
11703133606,11703133602,0.0,0.0
11703133606,11703133606,0.0,0.0
11703133606,11703133607,0.1627016,56.831486
11703133606,11703133608,0.0,0.0
11703133606,11703133609,0.14689487,51.31021
11703133606,11703133628,0.0,0.0
11703133606,11703133631,0.0,0.0
11703133606,11703133633,0.0,0.0
11703133606,11703133635,0.0,0.0
11703133606,11703133636,0.16274911,56.84808
11703133606,11703133638,0.0,0.0
11703133606,11703133641,0.0,0.0
11703133606,11703164205,0.3017438,105.398766
11703133606,11703164216,0.22504914,78.609406
11703133606,11703164217,0.0,0.0
11703133606,11703164218,0.0,0.0
11703133606,11703164223,0.0,0.0
11703133606,11703164228,0.00086149573,0.30091947
11703133606,11703164229,0.0,0.0
11703133607,11703133601,0.0,0.0
11703133607,11703133602,0.10217965,42.04122
11703133607,11703133606,0.07052189,29.015821
11703133607,11703133607,0.0,0.0
11703133607,11703133608,0.14614886,60.1321
11703133607,11703133609,0.0,0.0
11703133607,11703133623,0.018891245,7.772693
11703133607,11703133633,0.16608042,68.33282
11703133607,11703133635,0.066569805,27.38976
11703133607,11703133636,0.0,0.0
11703133607,11703133638,0.0,0.0
11703133607,11703133641,0.0,0.0
11703133607,11703164205,0.33764726,138.923
11703133607,11703164216,0.0,0.0
11703133607,11703164217,0.0,0.0
11703133607,11703164218,0.08418542,34.637604
11703133607,11703164227,0.0,0.0
11703133607,11703164228,0.0077756047,3.1992273
11703133608,11703133601,0.0,0.0
11703133608,11703133606,0.0,0.0
11703133608,11703133607,0.24068955,75.66335
11703133608,11703133608,0.0,0.0
11703133608,11703133609,0.0,0.0
11703133608,11703133623,0.0,0.0
11703133608,11703133633,0.32627526,102.568146
11703133608,11703133635,0.0,0.0
11703133608,11703133638,0.0,0.0
11703133608,11703163901,0.0,0.0
11703133608,11703164201,0.002760619,0.86783034
11703133608,11703164205,0.015401095,4.8415003
11703133608,11703164216,0.0,0.0
11703133608,11703164217,0.0,0.0
11703133608,11703164218,0.32648078,102.63275
11703133608,11703164224,0.0,0.0
11703133608,11703164226,0.0,0.0
11703133608,11703164227,0.0,0.0
11703133608,11703164228,0.088392586,27.787163
11703133608,11703164521,0.0,0.0
11703133609,11703133602,0.0,0.0
11703133609,11703133603,0.0,0.0
11703133609,11703133605,0.0,0.0
11703133609,11703133606,0.27535218,65.06905
11703133609,11703133607,0.12809646,30.270746
11703133609,11703133608,0.0,0.0
11703133609,11703133609,0.15828174,37.403893
11703133609,11703133623,0.0,0.0
11703133609,11703133624,0.0,0.0
11703133609,11703133628,0.0,0.0
11703133609,11703133631,0.0,0.0
11703133609,11703133633,0.0,0.0
11703133609,11703133635,0.0,0.0
11703133609,11703133636,0.1141935,26.985308
11703133609,11703133637,0.0,0.0
11703133609,11703133638,0.057550907,13.599977
11703133609,11703133639,0.0,0.0
11703133609,11703133641,0.02419436,5.7174206
11703133609,11703164216,0.0,0.0
11703133609,11703164223,0.16587895,39.199207
11703133609,11703164228,0.0,0.0
11703133609,11703164229,0.0764519,18.06651
11703133610,11703133601,0.0,0.0
11703133610,11703133602,0.0,0.0
11703133610,11703133603,0.0,0.0
11703133610,11703133605,0.0,0.0
11703133610,11703133610,0.0,0.0
11703133610,11703133613,0.0,0.0
11703133610,11703133614,0.0,0.0
11703133610,11703133615,0.024550319,10.987711
11703133610,11703133616,0.0,0.0
11703133610,11703133617,0.0,0.0
11703133610,11703133618,0.0,0.0
11703133610,11703133622,0.0,0.0
11703133610,11703133623,0.0,0.0
11703133610,11703133624,0.0,0.0
11703133610,11703133633,0.0,0.0
11703133610,11703133635,0.0,0.0
11703133610,11703133637,0.0028277934,1.2656038
11703133610,11703133638,0.0,0.0
11703133610,11703133639,0.0,0.0
11703133610,11703133641,0.0,0.0
11703133610,11703163901,0.22520545,100.79269
11703133610,11703163915,0.0,0.0
11703133610,11703164505,0.0,0.0
11703133610,11703164507,0.0,0.0
11703133610,11703164512,0.0,0.0
11703133610,11703164516,0.0,0.0
11703133610,11703164517,0.0,0.0
11703133610,11703164518,0.0,0.0
11703133610,11703164519,0.07149854,31.999804
11703133610,11703164521,0.47642788,213.22949
11703133610,11703164525,0.0,0.0
11703133610,11703164531,0.0,0.0
11703133610,11703164534,0.0,0.0
11703133610,11703164536,0.1994901,89.283554
11703133611,11703132902,0.0,0.0
11703133611,11703132903,0.4199957,151.22202
11703133611,11703132904,0.028291851,10.186653
11703133611,11703132905,0.0,0.0
11703133611,11703132906,0.0,0.0
11703133611,11703132908,0.0,0.0
11703133611,11703132909,0.0,0.0
11703133611,11703133602,0.0,0.0
11703133611,11703133603,0.0,0.0
11703133611,11703133605,0.0,0.0
11703133611,11703133611,0.0,0.0
11703133611,11703133612,0.14068118,50.653114
11703133611,11703133613,0.12544134,45.16592
11703133611,11703133614,0.0,0.0
11703133611,11703133624,0.096859604,34.87489
11703133611,11703133625,0.18873021,67.95346
11703133611,11703133634,0.0,0.0
11703133611,11801134501,0.0,0.0
11703133611,11801134514,0.0,0.0
11703133611,11801134535,0.0,0.0
11703133611,11801134536,0.0,0.0
11703133612,11703132902,0.0,0.0
11703133612,11703132903,0.00084862113,0.32306746
11703133612,11703132904,0.25415418,96.755714
11703133612,11703132905,0.0,0.0
11703133612,11703132908,0.0,0.0
11703133612,11703132909,0.0,0.0
11703133612,11703133603,0.0,0.0
11703133612,11703133611,0.08300015,31.597904
11703133612,11703133612,0.0,0.0
11703133612,11703133613,0.22827742,86.90451
11703133612,11703133614,0.43371972,165.11577
11703133612,11703133615,0.0,0.0
11703133612,11703133618,0.0,0.0
11703133612,11703133622,0.0,0.0
11703133612,11703133624,0.0,0.0
11703133612,11703133625,0.0,0.0
11703133612,11703133640,0.0,0.0
11703133613,11703132903,0.0,0.0
11703133613,11703132904,0.0,0.0
11703133613,11703132905,0.0,0.0
11703133613,11703133602,0.0,0.0
11703133613,11703133603,0.05750656,20.086695
11703133613,11703133605,0.0,0.0
11703133613,11703133610,0.0,0.0
11703133613,11703133611,0.17578568,61.40088
11703133613,11703133612,0.23173851,80.94486
11703133613,11703133613,0.35596824,124.33756
11703133613,11703133614,0.0,0.0
11703133613,11703133615,0.0,0.0
11703133613,11703133618,0.0,0.0
11703133613,11703133622,0.0,0.0
11703133613,11703133624,0.17900097,62.52396
11703133613,11703133625,0.0,0.0
11703133613,11703133634,0.0,0.0
11703133613,11703133637,0.0,0.0
11703133613,11703133639,0.0,0.0
11703133613,11703133640,0.0,0.0
11703133613,11801134514,0.0,0.0
11703133613,11801134535,0.0,0.0
11703133614,11703132902,0.0,0.0
11703133614,11703132903,0.0,0.0
11703133614,11703132904,0.051662862,21.574755
11703133614,11703132905,0.0,0.0
11703133614,11703132908,0.0,0.0
11703133614,11703132909,0.0,0.0
11703133614,11703132915,0.0,0.0
11703133614,11703133602,0.0,0.0
11703133614,11703133603,0.0052188635,2.1794322
11703133614,11703133605,0.0,0.0
11703133614,11703133610,0.0,0.0
11703133614,11703133611,0.0,0.0
11703133614,11703133612,0.24225485,101.16724
11703133614,11703133613,0.10453051,43.652637
11703133614,11703133614,0.0,0.0
11703133614,11703133615,0.2441988,101.97904
11703133614,11703133616,0.014208198,5.933438
11703133614,11703133617,0.0,0.0
11703133614,11703133618,0.018521726,7.734796
11703133614,11703133619,0.0,0.0
11703133614,11703133620,0.0,0.0
11703133614,11703133622,0.0,0.0
11703133614,11703133624,0.026542008,11.084119
11703133614,11703133625,0.0,0.0
11703133614,11703133634,0.22602558,94.389786
11703133614,11703133637,0.0052626133,2.1977024
11703133614,11703133639,0.0,0.0
11703133614,11703133640,0.0615741,25.713755
11703133614,11703133642,0.0,0.0
11703133614,11703164402,0.0,0.0
11703133614,11703164521,0.0,0.0
11703133614,11703164528,0.0,0.0
11703133614,11703164534,0.0,0.0
11703133615,11703132904,0.0,0.0
11703133615,11703132905,0.0,0.0
11703133615,11703133602,0.0,0.0
11703133615,11703133603,0.08337887,32.747753
11703133615,11703133605,0.12573357,49.382923
11703133615,11703133610,0.15268876,59.9698
11703133615,11703133612,0.0,0.0
11703133615,11703133613,0.11509521,45.204617
11703133615,11703133614,0.21098317,82.865425
11703133615,11703133615,0.0,0.0
11703133615,11703133616,0.19507147,76.61597
11703133615,11703133617,0.0,0.0
11703133615,11703133618,0.117048874,45.971935
11703133615,11703133622,0.0,0.0
11703133615,11703133623,0.0,0.0
11703133615,11703133624,0.0,0.0
11703133615,11703133637,0.0,0.0
11703133615,11703133639,0.0,0.0
11703133615,11703133640,0.0,0.0
11703133615,11703164521,0.0,0.0
11703133616,11703133601,0.0,0.0
11703133616,11703133603,0.0,0.0
11703133616,11703133610,0.0,0.0
11703133616,11703133614,0.0,0.0
11703133616,11703133615,0.0,0.0
11703133616,11703133616,0.0,0.0
11703133616,11703133617,0.0,0.0
11703133616,11703133618,0.0,0.0
11703133616,11703133622,0.043105543,16.391802
11703133616,11703133623,0.0,0.0
11703133616,11703133637,0.0,0.0
11703133616,11703133639,0.0,0.0
11703133616,11703163901,0.17232567,65.53051
11703133616,11703163915,0.0,0.0
11703133616,11703164505,0.0,0.0
11703133616,11703164507,0.0,0.0
11703133616,11703164512,0.0,0.0
11703133616,11703164516,0.0,0.0
11703133616,11703164517,0.04345107,16.523197
11703133616,11703164518,0.0,0.0
11703133616,11703164519,0.0,0.0
11703133616,11703164521,0.7411176,281.82578
11703133616,11703164525,0.0,0.0
11703133616,11703164531,0.0,0.0
11703133616,11703164534,0.0,0.0
11703133616,11703164536,0.0,0.0
11703133617,11703132905,0.0,0.0
11703133617,11703132909,0.0,0.0
11703133617,11703132915,0.0,0.0
11703133617,11703133601,0.0,0.0
11703133617,11703133610,0.0,0.0
11703133617,11703133614,0.0,0.0
11703133617,11703133615,0.0,0.0
11703133617,11703133616,0.0,0.0
11703133617,11703133617,0.0,0.0
11703133617,11703133618,0.0,0.0
11703133617,11703133619,0.0,0.0
11703133617,11703133620,0.0,0.0
11703133617,11703133622,0.611493,325.11707
11703133617,11703133623,0.0,0.0
11703133617,11703133637,0.0,0.0
11703133617,11703133640,0.0,0.0
11703133617,11703163901,0.0,0.0
11703133617,11703163915,0.0,0.0
11703133617,11703164402,0.0,0.0
11703133617,11703164505,0.0,0.0
11703133617,11703164507,0.0,0.0
11703133617,11703164512,0.0,0.0
11703133617,11703164516,0.0,0.0
11703133617,11703164517,0.0,0.0
11703133617,11703164518,0.0,0.0
11703133617,11703164519,0.0,0.0
11703133617,11703164521,0.38850695,206.5604
11703133617,11703164525,0.0,0.0
11703133617,11703164528,0.0,0.0
11703133617,11703164531,0.0,0.0
11703133617,11703164534,0.0,0.0
11703133617,11703164536,0.0,0.0
11703133618,11703132904,0.0,0.0
11703133618,11703132905,0.0,0.0
11703133618,11703132909,0.0,0.0
11703133618,11703132915,0.0,0.0
11703133618,11703133603,0.0,0.0
11703133618,11703133610,0.0,0.0
11703133618,11703133612,0.0,0.0
11703133618,11703133613,0.0,0.0
11703133618,11703133614,0.37367153,158.16417
11703133618,11703133615,0.06136936,25.975843
11703133618,11703133616,0.2164433,91.61408
11703133618,11703133617,0.2648738,112.11329
11703133618,11703133618,0.0,0.0
11703133618,11703133619,0.0,0.0
11703133618,11703133620,0.0,0.0
11703133618,11703133622,0.083642006,35.4032
11703133618,11703133624,0.0,0.0
11703133618,11703133640,0.0,0.0
11703133618,11703164402,0.0,0.0
11703133618,11703164521,0.0,0.0
11703133618,11703164528,0.0,0.0
11703133618,11703164534,0.0,0.0
11703133619,11703132904,0.1509504,73.83403
11703133619,11703132905,0.0,0.0
11703133619,11703132908,0.0153413415,7.5038757
11703133619,11703132909,0.52866524,258.58484
11703133619,11703132910,0.0,0.0
11703133619,11703132915,0.0,0.0
11703133619,11703132917,0.0,0.0
11703133619,11703132919,0.0,0.0
11703133619,11703133614,0.0,0.0
11703133619,11703133617,0.0,0.0
11703133619,11703133618,0.0,0.0
11703133619,11703133619,0.019942403,9.754382
11703133619,11703133620,0.0,0.0
11703133619,11703133622,0.015368819,7.517316
11703133619,11703133640,0.0,0.0
11703133619,11703133642,0.25953108,126.943855
11703133619,11703164402,0.0102007985,4.9894934
11703133619,11703164521,0.0,0.0
11703133619,11703164528,0.0,0.0
11703133619,11703164534,0.0,0.0
11703133620,11703132905,0.0,0.0
11703133620,11703132909,0.0,0.0
11703133620,11703132915,0.0,0.0
11703133620,11703133614,0.0,0.0
11703133620,11703133617,0.0,0.0
11703133620,11703133618,0.0,0.0
11703133620,11703133619,0.19419658,72.10262
11703133620,11703133620,0.0,0.0
11703133620,11703133622,0.3834538,142.37132
11703133620,11703133640,0.019106507,7.0939937
11703133620,11703133642,0.22056347,81.8923
11703133620,11703164402,0.18267971,67.82656
11703133620,11703164521,0.0,0.0
11703133620,11703164528,0.0,0.0
11703133620,11703164534,0.0,0.0
11703133622,11703132904,0.0,0.0
11703133622,11703132905,0.0,0.0
11703133622,11703132908,0.0,0.0
11703133622,11703132909,0.0,0.0
11703133622,11703132910,0.0,0.0
11703133622,11703132915,0.0,0.0
11703133622,11703132916,0.0,0.0
11703133622,11703132917,0.0,0.0
11703133622,11703132918,0.0,0.0
11703133622,11703132919,0.0,0.0
11703133622,11703133318,0.0,0.0
11703133622,11703133601,0.0,0.0
11703133622,11703133603,0.0,0.0
11703133622,11703133610,0.0,0.0
11703133622,11703133612,0.0,0.0
11703133622,11703133613,0.0,0.0
11703133622,11703133614,0.0,0.0
11703133622,11703133615,0.0,0.0
11703133622,11703133616,0.0,0.0
11703133622,11703133617,0.0,0.0
11703133622,11703133618,0.0,0.0
11703133622,11703133619,0.0,0.0
11703133622,11703133620,0.0,0.0
11703133622,11703133622,0.4006785,233.40373
11703133622,11703133623,0.0,0.0
11703133622,11703133624,0.0,0.0
11703133622,11703133637,0.0,0.0
11703133622,11703133640,0.0,0.0
11703133622,11703133642,0.0,0.0
11703133622,11703163901,0.0,0.0
11703133622,11703163915,0.0,0.0
11703133622,11703164402,0.0,0.0
11703133622,11703164414,0.0,0.0
11703133622,11703164418,0.0,0.0
11703133622,11703164428,0.0,0.0
11703133622,11703164502,0.0,0.0
11703133622,11703164505,0.0,0.0
11703133622,11703164507,0.0,0.0
11703133622,11703164509,0.0,0.0
11703133622,11703164512,0.0,0.0
11703133622,11703164516,0.13689551,79.74454
11703133622,11703164517,0.0,0.0
11703133622,11703164518,0.0,0.0
11703133622,11703164519,0.0,0.0
11703133622,11703164521,0.46242604,269.373
11703133622,11703164525,0.0,0.0
11703133622,11703164528,0.0,0.0
11703133622,11703164531,0.0,0.0
11703133622,11703164534,0.0,0.0
11703133622,11703164536,0.0,0.0
11703133623,11703133601,0.0,0.0
11703133623,11703133603,0.0,0.0
11703133623,11703133607,0.0,0.0
11703133623,11703133608,0.0,0.0
11703133623,11703133609,0.0,0.0
11703133623,11703133610,0.0,0.0
11703133623,11703133615,0.0,0.0
11703133623,11703133616,0.023195863,12.751467
11703133623,11703133617,0.0,0.0
11703133623,11703133622,0.0,0.0
11703133623,11703133623,0.0,0.0
11703133623,11703133633,0.0,0.0
11703133623,11703133635,0.0,0.0
11703133623,11703133637,0.0,0.0
11703133623,11703133638,0.0,0.0
11703133623,11703133639,0.0,0.0
11703133623,11703133641,0.0,0.0
11703133623,11703163901,0.0,0.0
11703133623,11703163915,0.0,0.0
11703133623,11703164218,0.0,0.0
11703133623,11703164224,0.0,0.0
11703133623,11703164226,0.0,0.0
11703133623,11703164227,0.0,0.0
11703133623,11703164505,0.0,0.0
11703133623,11703164507,0.0,0.0
11703133623,11703164512,0.0,0.0
11703133623,11703164516,0.0011580586,0.63661987
11703133623,11703164517,0.0,0.0
11703133623,11703164518,0.0,0.0
11703133623,11703164519,0.19823328,108.97482
11703133623,11703164521,0.5654074,310.82153
11703133623,11703164525,0.0,0.0
11703133623,11703164531,0.0,0.0
11703133623,11703164534,0.0,0.0
11703133623,11703164536,0.21200556,116.54586
11703133624,11703132903,0.0,0.0
11703133624,11703132904,0.0,0.0
11703133624,11703132905,0.0,0.0
11703133624,11703133602,0.0,0.0
11703133624,11703133603,0.14685002,49.737766
11703133624,11703133605,0.0,0.0
11703133624,11703133609,0.0,0.0
11703133624,11703133610,0.0,0.0
11703133624,11703133611,0.0,0.0
11703133624,11703133612,0.0,0.0
11703133624,11703133613,0.12259981,41.524277
11703133624,11703133614,0.0,0.0
11703133624,11703133615,0.0,0.0
11703133624,11703133618,0.0,0.0
11703133624,11703133622,0.0,0.0
11703133624,11703133624,0.0,0.0
11703133624,11703133625,0.25202504,85.360306
11703133624,11703133628,0.0,0.0
11703133624,11703133630,0.15278593,51.748245
11703133624,11703133631,0.0,0.0
11703133624,11703133632,0.18993226,64.32962
11703133624,11703133634,0.13580689,45.997482
11703133624,11703133636,0.0,0.0
11703133624,11703133637,0.0,0.0
11703133624,11703133639,0.0,0.0
11703133624,11703133640,0.0,0.0
11703133624,11703133641,0.0,0.0
11703133624,11801134514,0.0,0.0
11703133624,11801134535,0.0,0.0
11703133625,11703132902,0.0,0.0
11703133625,11703132903,0.0,0.0
11703133625,11703132904,0.0,0.0
11703133625,11703132906,0.0,0.0
11703133625,11703132908,0.0,0.0
11703133625,11703133602,0.0,0.0
11703133625,11703133603,0.0,0.0
11703133625,11703133605,0.0,0.0
11703133625,11703133611,0.05777131,22.070946
11703133625,11703133612,0.0,0.0
11703133625,11703133613,0.0,0.0
11703133625,11703133614,0.0,0.0
11703133625,11703133624,0.14601569,55.783817
11703133625,11703133625,0.0,0.0
11703133625,11703133626,0.0,0.0
11703133625,11703133629,0.004322514,1.6513728
11703133625,11703133630,0.0,0.0
11703133625,11703133631,0.0,0.0
11703133625,11703133632,0.0,0.0
11703133625,11703133634,0.0,0.0
11703133625,11703164219,0.11186461,42.736744
11703133625,11703164220,0.0038969368,1.4887853
11703133625,11703164221,0.0,0.0
11703133625,11703164222,0.23170726,88.521416
11703133625,11703164725,0.17089431,65.288445
11703133625,11703164726,0.0,0.0
11703133625,11703164731,0.05838208,22.304283
11703133625,11801134501,0.0,0.0
11703133625,11801134514,0.0,0.0
11703133625,11801134515,0.0,0.0
11703133625,11801134522,0.0,0.0
11703133625,11801134532,0.21514527,82.19408
11703133625,11801134535,0.0,0.0
11703133625,11801134536,0.0,0.0
11703133626,11703133602,0.0,0.0
11703133626,11703133625,0.0,0.0
11703133626,11703133626,0.0,0.0
11703133626,11703133628,0.0,0.0
11703133626,11703133629,0.08098191,29.161255
11703133626,11703133630,0.0,0.0
11703133626,11703133631,0.0,0.0
11703133626,11703133632,0.0,0.0
11703133626,11703133634,0.0,0.0
11703133626,11703133636,0.0,0.0
11703133626,11703164202,0.0,0.0
11703133626,11703164215,0.0,0.0
11703133626,11703164219,0.0,0.0
11703133626,11703164220,0.0,0.0
11703133626,11703164221,0.0,0.0
11703133626,11703164222,0.0,0.0
11703133626,11703164223,0.0,0.0
11703133626,11703164229,0.0,0.0
11703133626,11703164725,0.11604458,41.787178
11703133626,11703164726,0.0,0.0
11703133626,11703164728,0.13061881,47.0353
11703133626,11703164731,0.08139378,29.309566
11703133626,11801134514,0.028297722,10.189895
11703133626,11801134515,0.13432282,48.3691
11703133626,11801134532,0.0,0.0
11703133626,11801134535,0.0,0.0
11703133626,11802156405,0.0,0.0
11703133626,11802156412,0.28395432,102.25079
11703133626,11802156416,0.0,0.0
11703133626,11802156424,0.14438611,51.99285
11703133628,11703133602,0.0017974377,0.7604721
11703133628,11703133603,0.16350794,69.17805
11703133628,11703133605,0.0,0.0
11703133628,11703133606,0.0,0.0
11703133628,11703133609,0.0,0.0
11703133628,11703133624,0.12943852,54.76373
11703133628,11703133626,0.004033208,1.7063969
11703133628,11703133628,0.0,0.0
11703133628,11703133629,0.0,0.0
11703133628,11703133630,0.0,0.0
11703133628,11703133631,0.0,0.0
11703133628,11703133636,0.1979413,83.74635
11703133628,11703133639,0.04109764,17.387869
11703133628,11703133641,0.0,0.0
11703133628,11703164202,0.18819273,79.62186
11703133628,11703164215,0.1720053,72.77317
11703133628,11703164216,0.0,0.0
11703133628,11703164220,0.10198587,43.148876
11703133628,11703164221,0.0,0.0
11703133628,11703164223,0.0,0.0
11703133628,11703164229,0.0,0.0
11703133628,11801134514,0.0,0.0
11703133629,11703133602,0.0,0.0
11703133629,11703133605,0.0,0.0
11703133629,11703133625,0.0,0.0
11703133629,11703133626,0.010134995,3.981778
11703133629,11703133628,0.0,0.0
11703133629,11703133629,0.05424726,21.312347
11703133629,11703133630,0.0,0.0
11703133629,11703133631,0.0,0.0
11703133629,11703133632,0.0,0.0
11703133629,11703133634,0.0,0.0
11703133629,11703133636,0.0,0.0
11703133629,11703164219,0.0,0.0
11703133629,11703164220,0.0,0.0
11703133629,11703164221,0.0,0.0
11703133629,11703164222,0.0,0.0
11703133629,11703164223,0.0,0.0
11703133629,11703164725,0.0,0.0
11703133629,11703164726,0.039241612,15.417016
11703133629,11703164728,0.05911863,23.226183
11703133629,11703164731,0.0,0.0
11703133629,11801134514,0.38305193,150.49121
11703133629,11801134515,0.050022066,19.652378
11703133629,11801134532,0.0,0.0
11703133629,11801134535,0.16231114,63.767853
11703133629,11802156405,0.0,0.0
11703133629,11802156412,0.0,0.0
11703133629,11802156416,0.24187225,95.02536
11703133629,11802156424,0.0,0.0
11703133630,11703133602,0.0,0.0
11703133630,11703133603,0.0,0.0
11703133630,11703133605,0.0,0.0
11703133630,11703133624,0.0,0.0
11703133630,11703133625,0.0,0.0
11703133630,11703133626,0.0,0.0
11703133630,11703133628,0.0,0.0
11703133630,11703133629,0.07665196,27.344696
11703133630,11703133630,0.0,0.0
11703133630,11703133631,0.0,0.0
11703133630,11703133632,0.0,0.0
11703133630,11703133634,0.0,0.0
11703133630,11703133636,0.0,0.0
11703133630,11703164219,0.0,0.0
11703133630,11703164220,0.0,0.0
11703133630,11703164221,0.0,0.0
11703133630,11703164222,0.032485396,11.588787
11703133630,11703164725,0.1303896,46.514973
11703133630,11703164726,0.0,0.0
11703133630,11703164728,0.048775285,17.400017
11703133630,11703164731,0.09775278,34.872166
11703133630,11801134514,0.1975846,70.48601
11703133630,11801134515,0.10868177,38.770958
11703133630,11801134532,0.0,0.0
11703133630,11801134535,0.0,0.0
11703133630,11802156405,0.0,0.0
11703133630,11802156412,0.21837822,77.90389
11703133630,11802156424,0.089300424,31.856888
11703133631,11703133602,0.050659508,18.102419
11703133631,11703133603,0.0,0.0
11703133631,11703133605,0.08397463,30.007082
11703133631,11703133606,0.0,0.0
11703133631,11703133609,0.0,0.0
11703133631,11703133624,0.0,0.0
11703133631,11703133625,0.0,0.0
11703133631,11703133626,0.0,0.0
11703133631,11703133628,0.17367616,62.060585
11703133631,11703133629,0.31890234,113.954994
11703133631,11703133630,0.34351245,122.74905
11703133631,11703133631,0.0,0.0
11703133631,11703133632,0.0,0.0
11703133631,11703133634,0.0,0.0
11703133631,11703133636,0.029274732,10.460889
11703133631,11703133639,0.0,0.0
11703133631,11703133641,0.0,0.0
11703133631,11703164216,0.0,0.0
11703133631,11703164221,0.0,0.0
11703133631,11703164223,0.0,0.0
11703133631,11703164229,0.0,0.0
11703133631,11801134514,0.0,0.0
11703133632,11703133602,0.0,0.0
11703133632,11703133603,0.0,0.0
11703133632,11703133605,0.0,0.0
11703133632,11703133624,0.0,0.0
11703133632,11703133625,0.0,0.0
11703133632,11703133626,0.0,0.0
11703133632,11703133629,0.0,0.0
11703133632,11703133630,0.0,0.0
11703133632,11703133631,0.0,0.0
11703133632,11703133632,0.0,0.0
11703133632,11703133634,0.0,0.0
11703133632,11703164219,0.0,0.0
11703133632,11703164220,0.0,0.0
11703133632,11703164221,0.0,0.0
11703133632,11703164222,0.073421,27.447243
11703133632,11703164725,0.16493315,61.657566
11703133632,11703164726,0.07043344,26.33039
11703133632,11703164728,0.077019155,28.792355
11703133632,11703164731,0.16148841,60.36981
11703133632,11801134514,0.11451572,42.809834
11703133632,11801134515,0.051998794,19.4389
11703133632,11801134532,0.0,0.0
11703133632,11801134535,0.0,0.0
11703133632,11802156405,0.0,0.0
11703133632,11802156412,0.26536006,99.20052
11703133632,11802156424,0.020830154,7.787013
11703133633,11703133601,0.0,0.0
11703133633,11703133606,0.0,0.0
11703133633,11703133607,0.19669726,67.87219
11703133633,11703133608,0.030216664,10.426537
11703133633,11703133609,0.0,0.0
11703133633,11703133610,0.1712152,59.079372
11703133633,11703133623,0.30668435,105.824234
11703133633,11703133633,0.0,0.0
11703133633,11703133635,0.21456125,74.03632
11703133633,11703133637,0.080625206,27.820465
11703133633,11703133638,0.0,0.0
11703133633,11703163901,0.0,0.0
11703133633,11703164218,0.0,0.0
11703133633,11703164224,0.0,0.0
11703133633,11703164226,0.0,0.0
11703133633,11703164227,0.0,0.0
11703133633,11703164228,0.0,0.0
11703133633,11703164521,0.0,0.0
11703133634,11703132903,0.0,0.0
11703133634,11703133602,0.0,0.0
11703133634,11703133603,0.0,0.0
11703133634,11703133605,0.0,0.0
11703133634,11703133611,0.0,0.0
11703133634,11703133613,0.0,0.0
11703133634,11703133614,0.0,0.0
11703133634,11703133624,0.0,0.0
11703133634,11703133625,0.0,0.0
11703133634,11703133626,0.0,0.0
11703133634,11703133629,0.0,0.0
11703133634,11703133630,0.0,0.0
11703133634,11703133631,0.0,0.0
11703133634,11703133632,0.0,0.0
11703133634,11703133634,0.0,0.0
11703133634,11703164219,0.0092203915,3.4852207
11703133634,11703164220,0.0,0.0
11703133634,11703164221,0.0,0.0
11703133634,11703164222,0.24110505,91.13543
11703133634,11703164725,0.30726478,116.14318
11703133634,11703164726,0.0517551,19.562939
11703133634,11703164728,0.0,0.0
11703133634,11703164731,0.0854803,32.310745
11703133634,11801134514,0.0,0.0
11703133634,11801134515,0.091985494,34.769646
11703133634,11801134532,0.21318886,80.583374
11703133634,11801134535,0.0,0.0
11703133635,11703133601,0.0,0.0
11703133635,11703133602,0.0,0.0
11703133635,11703133606,0.0,0.0
11703133635,11703133607,0.175001,78.3069
11703133635,11703133608,0.00074616075,0.33388117
11703133635,11703133609,0.0,0.0
11703133635,11703133610,0.07436615,33.276283
11703133635,11703133623,0.1553925,69.532776
11703133635,11703133633,0.23295829,104.24078
11703133635,11703133635,0.0,0.0
11703133635,11703133636,0.0,0.0
11703133635,11703133637,0.0,0.0
11703133635,11703133638,0.35320017,158.04488
11703133635,11703133639,0.0,0.0
11703133635,11703133641,0.0,0.0
11703133635,11703164218,0.0,0.0
11703133635,11703164227,0.0,0.0
11703133635,11703164228,0.0,0.0
11703133635,11703164521,0.008335739,3.7299554
11703133636,11703133602,0.0,0.0
11703133636,11703133603,0.0,0.0
11703133636,11703133605,0.0,0.0
11703133636,11703133606,0.328374,137.62042
11703133636,11703133607,0.0,0.0
11703133636,11703133609,0.0,0.0
11703133636,11703133624,0.0,0.0
11703133636,11703133626,0.0,0.0
11703133636,11703133628,0.2451097,102.72464
11703133636,11703133629,0.0,0.0
11703133636,11703133630,0.0,0.0
11703133636,11703133631,0.0,0.0
11703133636,11703133635,0.0,0.0
11703133636,11703133636,0.0,0.0
11703133636,11703133638,0.0,0.0
11703133636,11703133639,0.0,0.0
11703133636,11703133641,0.0,0.0
11703133636,11703164202,0.10136816,42.48305
11703133636,11703164215,0.016613752,6.9627666
11703133636,11703164216,0.16295484,68.293816
11703133636,11703164217,0.0,0.0
11703133636,11703164220,0.1378304,57.76425
11703133636,11703164221,0.0,0.0
11703133636,11703164223,0.0,0.0
11703133636,11703164228,0.0,0.0
11703133636,11703164229,0.0,0.0
11703133636,11703164232,0.0077489913,3.2475758
11703133637,11703133601,0.0,0.0
11703133637,11703133602,0.0,0.0
11703133637,11703133603,0.0,0.0
11703133637,11703133605,0.0,0.0
11703133637,11703133609,0.0,0.0
11703133637,11703133610,0.13693601,69.74684
11703133637,11703133613,0.0,0.0
11703133637,11703133614,0.0,0.0
11703133637,11703133615,0.0,0.0
11703133637,11703133616,0.0,0.0
11703133637,11703133617,0.0,0.0
11703133637,11703133622,0.026461482,13.477863
11703133637,11703133623,0.07079178,36.05701
11703133637,11703133624,0.0,0.0
11703133637,11703133633,0.0,0.0
11703133637,11703133635,0.0,0.0
11703133637,11703133637,0.0,0.0
11703133637,11703133638,0.0,0.0
11703133637,11703133639,0.0,0.0
11703133637,11703133641,0.0,0.0
11703133637,11703163901,0.036141634,18.408342
11703133637,11703163915,0.0,0.0
11703133637,11703164505,0.0,0.0
11703133637,11703164507,0.0,0.0
11703133637,11703164512,0.0,0.0
11703133637,11703164516,0.0,0.0
11703133637,11703164517,0.0,0.0
11703133637,11703164518,0.0,0.0
11703133637,11703164519,0.03457439,17.610083
11703133637,11703164521,0.54432344,277.24515
11703133637,11703164525,0.0,0.0
11703133637,11703164531,0.0,0.0
11703133637,11703164534,0.0,0.0
11703133637,11703164536,0.15077135,76.793724
11703133638,11703133601,0.0,0.0
11703133638,11703133602,0.0,0.0
11703133638,11703133603,0.0,0.0
11703133638,11703133606,0.0,0.0
11703133638,11703133607,0.0,0.0
11703133638,11703133608,0.0,0.0
11703133638,11703133609,0.0,0.0
11703133638,11703133610,0.0,0.0
11703133638,11703133623,0.25621265,130.67386
11703133638,11703133633,0.0,0.0
11703133638,11703133635,0.13176244,67.20162
11703133638,11703133636,0.13137466,67.003845
11703133638,11703133637,0.380656,194.1426
11703133638,11703133638,0.0,0.0
11703133638,11703133639,0.09999424,50.999172
11703133638,11703133641,0.0,0.0
11703133638,11703164521,0.0,0.0
11703133639,11703133602,0.025322288,9.48581
11703133639,11703133603,0.026611656,9.968812
11703133639,11703133605,0.0,0.0
11703133639,11703133609,0.0,0.0
11703133639,11703133610,0.2842715,106.48902
11703133639,11703133613,0.0,0.0
11703133639,11703133614,0.0,0.0
11703133639,11703133615,0.0,0.0
11703133639,11703133616,0.0,0.0
11703133639,11703133623,0.0,0.0
11703133639,11703133624,0.0,0.0
11703133639,11703133628,0.0846335,31.703981
11703133639,11703133631,0.0,0.0
11703133639,11703133635,0.0,0.0
11703133639,11703133636,0.0038867295,1.4559814
11703133639,11703133637,0.23138812,86.678734
11703133639,11703133638,0.34388623,128.82088
11703133639,11703133639,0.0,0.0
11703133639,11703133641,0.0,0.0
11703133639,11703164521,0.0,0.0
11703133640,11703132904,0.0,0.0
11703133640,11703132905,0.14901352,49.21428
11703133640,11703132908,0.0,0.0
11703133640,11703132909,0.0,0.0
11703133640,11703132915,0.0,0.0
11703133640,11703133603,0.0,0.0
11703133640,11703133612,0.0,0.0
11703133640,11703133613,0.0,0.0
11703133640,11703133614,0.086214155,28.47371
11703133640,11703133615,0.0,0.0
11703133640,11703133617,0.0,0.0
11703133640,11703133618,0.0,0.0
11703133640,11703133619,0.0,0.0
11703133640,11703133620,0.15438873,50.989532
11703133640,11703133622,0.36520514,120.61528
11703133640,11703133624,0.0,0.0
11703133640,11703133640,0.0,0.0
11703133640,11703133642,0.24517843,80.974396
11703133640,11703164402,0.0,0.0
11703133640,11703164521,0.0,0.0
11703133640,11703164528,0.0,0.0
11703133640,11703164534,0.0,0.0
11703133641,11703133602,0.37389302,126.0481
11703133641,11703133603,0.0,0.0
11703133641,11703133605,0.0,0.0
11703133641,11703133606,0.0,0.0
11703133641,11703133607,0.0,0.0
11703133641,11703133609,0.0,0.0
11703133641,11703133610,0.0,0.0
11703133641,11703133623,0.0,0.0
11703133641,11703133624,0.0,0.0
11703133641,11703133628,0.0,0.0
11703133641,11703133631,0.0,0.0
11703133641,11703133635,0.0,0.0
11703133641,11703133636,0.0,0.0
11703133641,11703133637,0.35460526,119.545746
11703133641,11703133638,0.09909958,33.40879
11703133641,11703133639,0.17240208,58.120785
11703133641,11703133641,0.0,0.0
11703133641,11703164521,0.0,0.0
11703133642,11703132904,0.044718713,15.076286
11703133642,11703132905,0.0,0.0
11703133642,11703132908,0.0,0.0
11703133642,11703132909,0.33303076,112.27664
11703133642,11703132910,0.0,0.0
11703133642,11703132915,0.0,0.0
11703133642,11703132917,0.0,0.0
11703133642,11703132919,0.0,0.0
11703133642,11703133614,0.0,0.0
11703133642,11703133619,0.29084858,98.05551
11703133642,11703133620,0.2707365,91.275
11703133642,11703133622,0.0,0.0
11703133642,11703133640,0.0,0.0
11703133642,11703133642,0.0606654,20.452488
11703163801,11703163801,0.0,0.0
11703163801,11703163802,0.0,0.0
11703163801,11703163803,0.0,0.0
11703163801,11703163804,0.0,0.0
11703163801,11703163805,0.17006066,62.72585
11703163801,11703163806,0.3173108,117.03818
11703163801,11703163807,0.0,0.0
11703163801,11703163809,0.0,0.0
11703163801,11703163819,0.0,0.0
11703163801,11703163918,0.0,0.0
11703163801,11703164003,0.0,0.0
11703163801,11703164007,0.0,0.0
11703163801,11703164011,0.0,0.0
11703163801,11703164016,0.0,0.0
11703163801,11703164024,0.0,0.0
11703163801,11703164203,0.0,0.0
11703163801,11703164207,0.0,0.0
11703163801,11703164209,0.15312421,56.478943
11703163801,11703164210,0.35950434,132.60101
11703163801,11703164212,0.0,0.0
11703163802,11703163801,0.0,0.0
11703163802,11703163802,0.0,0.0
11703163802,11703163803,0.0,0.0
11703163802,11703163804,0.0,0.0
11703163802,11703163805,0.24960956,87.93871
11703163802,11703163806,0.2106466,74.21186
11703163802,11703163807,0.0,0.0
11703163802,11703163809,0.0,0.0
11703163802,11703163813,0.0,0.0
11703163802,11703163819,0.0,0.0
11703163802,11703163918,0.0,0.0
11703163802,11703164003,0.0,0.0
11703163802,11703164011,0.21267053,74.924904
11703163802,11703164016,0.0,0.0
11703163802,11703164203,0.0,0.0
11703163802,11703164207,0.022221476,7.828738
11703163802,11703164209,0.036464393,12.84659
11703163802,11703164210,0.2683874,94.55424
11703163802,11703164212,0.0,0.0
11703163803,11703163801,0.0,0.0
11703163803,11703163802,0.0,0.0
11703163803,11703163803,0.0,0.0
11703163803,11703163804,0.40004405,135.75165
11703163803,11703163805,0.13543865,45.959988
11703163803,11703163806,0.0,0.0
11703163803,11703163807,0.052846402,17.93299
11703163803,11703163809,0.0,0.0
11703163803,11703163813,0.0,0.0
11703163803,11703163819,0.0,0.0
11703163803,11703163903,0.0,0.0
11703163803,11703163906,0.0,0.0
11703163803,11703163909,0.0,0.0
11703163803,11703163918,0.0,0.0
11703163803,11703164011,0.4116709,139.69711
11703163803,11703164016,0.0,0.0
11703163803,11703164209,0.0,0.0
11703163803,11703164210,0.0,0.0
11703163803,11703164212,0.0,0.0
11703163804,11703163801,0.24887004,111.03703
11703163804,11703163802,0.0,0.0
11703163804,11703163803,0.0,0.0
11703163804,11703163804,0.0,0.0
11703163804,11703163805,0.028637737,12.777147
11703163804,11703163806,0.27356333,122.0543
11703163804,11703163807,0.0,0.0
11703163804,11703163809,0.0,0.0
11703163804,11703163813,0.094614774,42.21377
11703163804,11703163819,0.0,0.0
11703163804,11703163901,0.0,0.0
11703163804,11703163903,0.0,0.0
11703163804,11703163906,0.0,0.0
11703163804,11703163907,0.0,0.0
11703163804,11703163908,0.0,0.0
11703163804,11703163909,0.0,0.0
11703163804,11703163910,0.0,0.0
11703163804,11703163911,0.0,0.0
11703163804,11703163912,0.0,0.0
11703163804,11703163914,0.0,0.0
11703163804,11703163917,0.0,0.0
11703163804,11703163918,0.0,0.0
11703163804,11703164011,0.0033214986,1.4819355
11703163804,11703164016,0.13312516,59.395744
11703163804,11703164207,0.0,0.0
11703163804,11703164208,0.0,0.0
11703163804,11703164209,0.21786746,97.20477
11703163804,11703164210,0.0,0.0
11703163804,11703164212,0.0,0.0
11703163804,11703164224,0.0,0.0
11703163804,11703164233,0.0,0.0
11703163805,11703133107,0.0,0.0
11703163805,11703133108,0.1273113,70.20793
11703163805,11703133109,0.021513417,11.863932
11703163805,11703133112,0.0,0.0
11703163805,11703133132,0.0,0.0
11703163805,11703133133,0.0,0.0
11703163805,11703133150,0.0,0.0
11703163805,11703133152,0.0,0.0
11703163805,11703163801,0.0,0.0
11703163805,11703163802,0.081798986,45.10941
11703163805,11703163803,0.014441565,7.9640408
11703163805,11703163804,0.0,0.0
11703163805,11703163805,0.16598208,91.53358
11703163805,11703163806,0.11692293,64.479095
11703163805,11703163807,0.0,0.0
11703163805,11703163808,0.0,0.0
11703163805,11703163809,0.0,0.0
11703163805,11703163813,0.0,0.0
11703163805,11703163814,0.0,0.0
11703163805,11703163815,0.15435381,85.12097
11703163805,11703163819,0.0,0.0
11703163805,11703163824,0.0,0.0
11703163805,11703163903,0.0,0.0
11703163805,11703163906,0.0,0.0
11703163805,11703163909,0.0,0.0
11703163805,11703163912,0.0,0.0
11703163805,11703163914,0.0,0.0
11703163805,11703163918,0.0,0.0
11703163805,11703164003,0.0011314899,0.6239789
11703163805,11703164007,0.0,0.0
11703163805,11703164011,0.18973745,104.63387
11703163805,11703164015,0.120366886,66.37832
11703163805,11703164016,0.0,0.0
11703163805,11703164017,0.006440118,3.55151
11703163805,11703164024,0.0,0.0
11703163805,11703164027,0.0,0.0
11703163805,11703164209,0.0,0.0
11703163805,11703164210,0.0,0.0
11703163805,11703164212,0.0,0.0
11703163805,11703164612,0.0,0.0
11703163806,11703163801,0.19975796,88.41268
11703163806,11703163802,0.011078507,4.9033365
11703163806,11703163803,0.0,0.0
11703163806,11703163804,0.11788455,52.175587
11703163806,11703163805,0.295379,130.73447
11703163806,11703163806,0.23255393,102.92815
11703163806,11703163807,0.0,0.0
11703163806,11703163809,0.0,0.0
11703163806,11703163819,0.0,0.0
11703163806,11703163918,0.0,0.0
11703163806,11703164003,0.0,0.0
11703163806,11703164007,0.0,0.0
11703163806,11703164011,0.068326086,30.241058
11703163806,11703164016,0.075019926,33.203747
11703163806,11703164024,0.0,0.0
11703163806,11703164209,0.0,0.0
11703163807,11703163801,0.0,0.0
11703163807,11703163802,0.009326607,3.233448
11703163807,11703163803,0.049438387,17.13983
11703163807,11703163804,0.0,0.0
11703163807,11703163805,0.0,0.0
11703163807,11703163806,0.0,0.0
11703163807,11703163807,0.0,0.0
11703163807,11703163813,0.0,0.0
11703163807,11703164003,0.16424075,56.94074
11703163807,11703164016,0.0,0.0
11703163807,11703164203,0.20977691,72.72771
11703163807,11703164207,0.4552212,157.82095
11703163807,11703164209,0.111996084,38.828003
11703163807,11703164210,0.0,0.0
11703163807,11703164212,0.0,0.0
11703163808,11703133107,0.0,0.0
11703163808,11703133108,0.23274478,141.43369
11703163808,11703133109,0.2712967,164.86081
11703163808,11703133112,0.17299351,105.1242
11703163808,11703133133,0.0,0.0
11703163808,11703133150,0.0,0.0
11703163808,11703133152,0.0,0.0
11703163808,11703163805,0.0,0.0
11703163808,11703163808,0.0,0.0
11703163808,11703163809,0.0,0.0
11703163808,11703163810,0.0,0.0
11703163808,11703163811,0.0,0.0
11703163808,11703163814,0.0,0.0
11703163808,11703163815,0.0,0.0
11703163808,11703163816,0.032937616,20.015436
11703163808,11703163817,0.0,0.0
11703163808,11703163819,0.0,0.0
11703163808,11703163820,0.0,0.0
11703163808,11703163824,0.034494013,20.961222
11703163808,11703164002,0.21213302,128.90839
11703163808,11703164009,0.0,0.0
11703163808,11703164011,0.0,0.0
11703163808,11703164013,0.0,0.0
11703163808,11703164015,0.0,0.0
11703163808,11703164017,0.043400317,26.37338
11703163808,11703164023,0.0,0.0
11703163808,11703164027,0.0,0.0
11703163808,11703164032,0.0,0.0
11703163809,11703133107,0.0,0.0
11703163809,11703133108,0.0,0.0
11703163809,11703133109,0.0,0.0
11703163809,11703133112,0.0,0.0
11703163809,11703133129,0.0,0.0
11703163809,11703133131,0.0,0.0
11703163809,11703133132,0.0,0.0
11703163809,11703133133,0.02723825,12.321692
11703163809,11703133134,0.0,0.0
11703163809,11703133150,0.20329526,91.96413
11703163809,11703133152,0.39495733,178.66577
11703163809,11703163801,0.0,0.0
11703163809,11703163802,0.0,0.0
11703163809,11703163803,0.0,0.0
11703163809,11703163804,0.0,0.0
11703163809,11703163805,0.0,0.0
11703163809,11703163806,0.0,0.0
11703163809,11703163808,0.0,0.0
11703163809,11703163809,0.0,0.0
11703163809,11703163814,0.32798758,148.37085
11703163809,11703163815,0.0,0.0
11703163809,11703163819,0.0,0.0
11703163809,11703163824,0.0,0.0
11703163809,11703163909,0.0,0.0
11703163809,11703163910,0.0,0.0
11703163809,11703163912,0.0,0.0
11703163809,11703163914,0.0,0.0
11703163809,11703163918,0.0,0.0
11703163809,11703164011,0.0,0.0
11703163809,11703164015,0.0,0.0
11703163809,11703164016,0.0,0.0
11703163809,11703164017,0.046521604,21.044851
11703163809,11703164602,0.0,0.0
11703163809,11703164612,0.0,0.0
11703163809,11703164614,0.0,0.0
11703163809,11703164615,0.0,0.0
11703163809,11703164617,0.0,0.0
11703163810,11703163808,0.089425355,34.56948
11703163810,11703163810,0.10261902,39.669807
11703163810,11703163811,0.28247353,109.196815
11703163810,11703163814,0.0,0.0
11703163810,11703163816,0.23938736,92.54084
11703163810,11703163817,0.0,0.0
11703163810,11703163820,0.16095325,62.22028
11703163810,11703163824,0.12514147,48.37639
11703163810,11703164002,0.0,0.0
11703163810,11703164013,0.0,0.0
11703163810,11703164032,0.0,0.0
11703163810,12002167413,0.0,0.0
11703163811,11703133107,0.0,0.0
11703163811,11703133150,0.05467795,26.772558
11703163811,11703163808,0.068141565,33.364895
11703163811,11703163810,0.18515097,90.65748
11703163811,11703163811,0.0,0.0
11703163811,11703163814,0.14140056,69.2355
11703163811,11703163815,0.0,0.0
11703163811,11703163816,0.11183499,54.75898
11703163811,11703163817,0.0,0.0
11703163811,11703163819,0.0,0.0
11703163811,11703163820,0.0,0.0
11703163811,11703163824,0.012209401,5.9782214
11703163811,11703164002,0.2189257,107.19497
11703163811,11703164013,0.00881277,4.3150926
11703163811,11703164015,0.0,0.0
11703163811,11703164017,0.19884609,97.363174
11703163811,11703164032,0.0,0.0
11703163811,12002167413,0.0,0.0
11703163813,11703163802,0.0,0.0
11703163813,11703163803,0.0,0.0
11703163813,11703163804,0.39975283,144.14388
11703163813,11703163805,0.0,0.0
11703163813,11703163807,0.0,0.0
11703163813,11703163813,0.0,0.0
11703163813,11703163901,0.3165376,114.137924
11703163813,11703163903,0.0,0.0
11703163813,11703163906,0.0,0.0
11703163813,11703163907,0.0,0.0
11703163813,11703163909,0.0,0.0
11703163813,11703163918,0.0,0.0
11703163813,11703164207,0.0,0.0
11703163813,11703164208,0.0,0.0
11703163813,11703164209,0.0,0.0
11703163813,11703164210,0.27974185,100.870026
11703163813,11703164212,0.003967732,1.4306948
11703163813,11703164224,0.0,0.0
11703163813,11703164233,0.0,0.0
11703163814,11703133103,0.0,0.0
11703163814,11703133106,0.0,0.0
11703163814,11703133107,0.22098643,87.6023
11703163814,11703133108,0.0,0.0
11703163814,11703133109,0.010829866,4.29312
11703163814,11703133112,0.005556643,2.202736
11703163814,11703133133,0.0033133626,1.3134662
11703163814,11703133143,0.0,0.0
11703163814,11703133144,0.0,0.0
11703163814,11703133150,0.21673828,85.918274
11703163814,11703133152,0.0,0.0
11703163814,11703163805,0.0,0.0
11703163814,11703163808,0.0,0.0
11703163814,11703163809,0.008412778,3.3349504
11703163814,11703163810,0.0,0.0
11703163814,11703163811,0.16507941,65.43993
11703163814,11703163814,0.0,0.0
11703163814,11703163815,0.0,0.0
11703163814,11703163816,0.0,0.0
11703163814,11703163817,0.0,0.0
11703163814,11703163819,0.0,0.0
11703163814,11703163820,0.0,0.0
11703163814,11703163824,0.32670015,129.50879
11703163814,11703164002,0.0,0.0
11703163814,11703164011,0.0,0.0
11703163814,11703164015,0.042382896,16.80121
11703163814,11703164017,0.0,0.0
11703163814,12002167413,0.0,0.0
11703163814,12002167414,0.0,0.0
11703163815,11703133107,0.086254716,20.460035
11703163815,11703133108,0.0,0.0
11703163815,11703133109,0.002094388,0.49679896
11703163815,11703133112,0.055222213,13.098976
11703163815,11703133133,0.0,0.0
11703163815,11703133150,0.015823096,3.753315
11703163815,11703133152,0.11717749,27.795067
11703163815,11703163805,0.0,0.0
11703163815,11703163808,0.32612407,77.35821
11703163815,11703163809,0.23499787,55.74263
11703163815,11703163811,0.0,0.0
11703163815,11703163814,0.0,0.0
11703163815,11703163815,0.16230631,38.49984
11703163815,11703163816,0.0,0.0
11703163815,11703163817,0.0,0.0
11703163815,11703163819,0.0,0.0
11703163815,11703163824,0.0,0.0
11703163815,11703164002,0.0,0.0
11703163815,11703164011,0.0,0.0
11703163815,11703164015,0.0,0.0
11703163815,11703164017,0.0,0.0
11703163816,11703163808,0.0,0.0
11703163816,11703163810,0.0,0.0
11703163816,11703163811,0.101932645,39.077557
11703163816,11703163814,0.03553933,13.624587
11703163816,11703163815,0.10920191,41.86435
11703163816,11703163816,0.0,0.0
11703163816,11703163817,0.0,0.0
11703163816,11703163819,0.0,0.0
11703163816,11703163820,0.0,0.0
11703163816,11703163824,0.0,0.0
11703163816,11703164002,0.35496378,136.0812
11703163816,11703164004,0.0,0.0
11703163816,11703164005,0.0,0.0
11703163816,11703164009,0.0,0.0
11703163816,11703164013,0.0,0.0
11703163816,11703164015,0.0,0.0
11703163816,11703164017,0.0,0.0
11703163816,11703164018,0.090448976,34.675102
11703163816,11703164023,0.0,0.0
11703163816,11703164032,0.30791342,118.04368
11703163817,11703163808,0.8297507,471.82495
11703163817,11703163810,0.0,0.0
11703163817,11703163811,0.17024928,96.80963
11703163817,11703163814,0.0,0.0
11703163817,11703163815,0.0,0.0
11703163817,11703163816,0.0,0.0
11703163817,11703163817,0.0,0.0
11703163817,11703163819,0.0,0.0
11703163817,11703163820,0.0,0.0
11703163817,11703163824,0.0,0.0
11703163817,11703164002,0.0,0.0
11703163817,11703164015,0.0,0.0
11703163817,11703164017,0.0,0.0
11703163819,11703133103,0.0,0.0
11703163819,11703133106,0.05231905,35.201855
11703163819,11703133107,0.07462597,50.210632
11703163819,11703133108,0.0,0.0
11703163819,11703133109,0.0,0.0
11703163819,11703133110,0.0,0.0
11703163819,11703133112,0.0,0.0
11703163819,11703133113,0.0,0.0
11703163819,11703133124,0.0,0.0
11703163819,11703133131,0.0,0.0
11703163819,11703133132,0.0,0.0
11703163819,11703133133,0.0,0.0
11703163819,11703133134,0.0,0.0
11703163819,11703133142,0.0,0.0
11703163819,11703133150,0.24173927,162.64957
11703163819,11703133152,0.14566422,98.00734
11703163819,11703163801,0.0,0.0
11703163819,11703163802,0.0,0.0
11703163819,11703163803,0.0,0.0
11703163819,11703163804,0.0,0.0
11703163819,11703163805,0.0,0.0
11703163819,11703163806,0.13316774,89.59933
11703163819,11703163808,0.0,0.0
11703163819,11703163809,0.0,0.0
11703163819,11703163811,0.0,0.0
11703163819,11703163814,0.09092617,61.177906
11703163819,11703163815,0.0,0.0
11703163819,11703163816,0.0,0.0
11703163819,11703163817,0.0,0.0
11703163819,11703163819,0.0,0.0
11703163819,11703163820,0.0,0.0
11703163819,11703163824,0.10636997,71.56897
11703163819,11703163912,0.0,0.0
11703163819,11703163914,0.099191666,66.73918
11703163819,11703163918,0.0,0.0
11703163819,11703164002,0.0,0.0
11703163819,11703164007,0.0,0.0
11703163819,11703164009,0.0,0.0
11703163819,11703164011,0.0,0.0
11703163819,11703164015,0.0,0.0
11703163819,11703164016,0.0,0.0
11703163819,11703164017,0.0,0.0
11703163819,11703164023,0.05599594,37.67578
11703163819,11703164027,0.0,0.0
11703163819,11703164032,0.0,0.0
11703163819,11703164612,0.0,0.0
11703163819,12002167413,0.0,0.0
11703163820,11703133106,0.18304116,59.532528
11703163820,11703133107,0.0,0.0
11703163820,11703133143,0.0,0.0
11703163820,11703133144,0.22603655,73.5164
11703163820,11703133150,0.0,0.0
11703163820,11703163808,0.0,0.0
11703163820,11703163810,0.15207583,49.461327
11703163820,11703163811,0.1290816,41.98266
11703163820,11703163814,0.0,0.0
11703163820,11703163816,0.0,0.0
11703163820,11703163817,0.0,0.0
11703163820,11703163819,0.0,0.0
11703163820,11703163820,0.14757466,47.997364
11703163820,11703163824,0.0,0.0
11703163820,11703164002,0.04294485,13.967435
11703163820,12002167413,0.0,0.0
11703163820,12002167414,0.11924535,38.7835
11703163824,11703133107,0.0,0.0
11703163824,11703133108,0.14817727,75.22715
11703163824,11703133109,0.12935805,65.67295
11703163824,11703133112,0.0,0.0
11703163824,11703133133,0.36844182,187.05183
11703163824,11703133150,0.0,0.0
11703163824,11703133152,0.24525559,124.512215
11703163824,11703163805,0.0,0.0
11703163824,11703163808,0.0,0.0
11703163824,11703163809,0.0,0.0
11703163824,11703163810,0.0,0.0
11703163824,11703163811,0.0,0.0
11703163824,11703163814,0.051236153,26.01175
11703163824,11703163815,0.0,0.0
11703163824,11703163816,0.0,0.0
11703163824,11703163817,0.0,0.0
11703163824,11703163819,0.0,0.0
11703163824,11703163820,0.0,0.0
11703163824,11703163824,0.0,0.0
11703163824,11703164002,0.0,0.0
11703163824,11703164011,0.0,0.0
11703163824,11703164015,0.0,0.0
11703163824,11703164017,0.05753112,29.2076
11703163824,12002167413,0.0,0.0
11703163901,11703133601,0.0,0.0
11703163901,11703133608,0.0,0.0
11703163901,11703133610,0.0,0.0
11703163901,11703133616,0.0,0.0
11703163901,11703133617,0.0,0.0
11703163901,11703133622,0.0,0.0
11703163901,11703133623,0.0,0.0
11703163901,11703133633,0.0,0.0
11703163901,11703133637,0.0,0.0
11703163901,11703163804,0.0,0.0
11703163901,11703163813,0.0,0.0
11703163901,11703163901,0.2352907,96.913246
11703163901,11703163902,0.08330554,34.31249
11703163901,11703163903,0.0,0.0
11703163901,11703163904,0.0,0.0
11703163901,11703163905,0.0,0.0
11703163901,11703163906,0.0,0.0
11703163901,11703163907,0.0,0.0
11703163901,11703163908,0.0,0.0
11703163901,11703163911,0.0,0.0
11703163901,11703163913,0.0,0.0
11703163901,11703163915,0.0,0.0
11703163901,11703164201,0.0,0.0
11703163901,11703164207,0.0,0.0
11703163901,11703164208,0.0,0.0
11703163901,11703164209,0.0,0.0
11703163901,11703164210,0.49613398,204.35127
11703163901,11703164212,0.0,0.0
11703163901,11703164218,0.0,0.0
11703163901,11703164224,0.18074149,74.44512
11703163901,11703164226,0.0,0.0
11703163901,11703164227,0.0,0.0
11703163901,11703164233,0.0,0.0
11703163901,11703164505,0.0,0.0
11703163901,11703164507,0.0,0.0
11703163901,11703164512,0.0,0.0
11703163901,11703164516,0.0,0.0
11703163901,11703164517,0.0,0.0
11703163901,11703164518,0.0,0.0
11703163901,11703164519,0.0,0.0
11703163901,11703164521,0.0045282245,1.865118
11703163901,11703164525,0.0,0.0
11703163901,11703164531,0.0,0.0
11703163901,11703164534,0.0,0.0
11703163901,11703164536,0.0,0.0
11703163901,11703164603,0.0,0.0
11703163901,11703164608,0.0,0.0
11703163902,11703133601,0.0,0.0
11703163902,11703163901,0.0,0.0
11703163902,11703163902,0.0,0.0
11703163902,11703163904,0.28421643,122.11606
11703163902,11703163905,0.0,0.0
11703163902,11703163906,0.0,0.0
11703163902,11703163907,0.0,0.0
11703163902,11703163908,0.07841092,33.689934
11703163902,11703163910,0.0,0.0
11703163902,11703163911,0.0,0.0
11703163902,11703163913,0.16017309,68.81976
11703163902,11703163915,0.13846228,59.49152
11703163902,11703163916,0.0,0.0
11703163902,11703164210,0.0,0.0
11703163902,11703164224,0.0,0.0
11703163902,11703164517,0.0,0.0
11703163902,11703164521,0.0,0.0
11703163902,11703164535,0.0,0.0
11703163902,11703164601,0.0,0.0
11703163902,11703164603,0.20583412,88.438416
11703163902,11703164604,0.0,0.0
11703163902,11703164606,0.0,0.0
11703163902,11703164608,0.13290325,57.103035
11703163902,11703164611,0.0,0.0
11703163902,11703164614,0.0,0.0
11703163902,11703164619,0.0,0.0
11703163902,11703164621,0.0,0.0
11703163903,11703163803,0.0,0.0
11703163903,11703163804,0.14892977,55.294903
11703163903,11703163805,0.0,0.0
11703163903,11703163813,0.0,0.0
11703163903,11703163901,0.0,0.0
11703163903,11703163903,0.0,0.0
11703163903,11703163906,0.0,0.0
11703163903,11703163907,0.0,0.0
11703163903,11703163908,0.0,0.0
11703163903,11703163909,0.0722298,26.817604
11703163903,11703163910,0.0,0.0
11703163903,11703163911,0.0,0.0
11703163903,11703163912,0.0,0.0
11703163903,11703163914,0.0,0.0
11703163903,11703163916,0.0,0.0
11703163903,11703163917,0.371069,137.77113
11703163903,11703163918,0.0,0.0
11703163903,11703164207,0.0,0.0
11703163903,11703164208,0.0,0.0
11703163903,11703164209,0.1218811,45.25222
11703163903,11703164210,0.28589034,106.14585
11703163903,11703164212,0.0,0.0
11703163903,11703164224,0.0,0.0
11703163903,11703164233,0.0,0.0
11703163903,11703164601,0.0,0.0
11703163903,11703164608,0.0,0.0
11703163903,11703164617,0.0,0.0
11703163904,11703163901,0.0,0.0
11703163904,11703163902,0.27294922,101.151535
11703163904,11703163904,0.07222921,26.767231
11703163904,11703163905,0.08834103,32.738068
11703163904,11703163906,0.0,0.0
11703163904,11703163908,0.0,0.0
11703163904,11703163910,0.0,0.0
11703163904,11703163911,0.31271777,115.88925
11703163904,11703163913,0.2376093,88.05501
11703163904,11703163915,0.0,0.0
11703163904,11703163916,0.0,0.0
11703163904,11703164603,0.0,0.0
11703163904,11703164608,0.016153395,5.986244
11703163905,11703163901,0.0,0.0
11703163905,11703163902,0.03496185,11.288266
11703163905,11703163904,0.0,0.0
11703163905,11703163905,0.0,0.0
11703163905,11703163906,0.0,0.0
11703163905,11703163908,0.0,0.0
11703163905,11703163910,0.0,0.0
11703163905,11703163911,0.14548284,46.972603
11703163905,11703163913,0.0,0.0
11703163905,11703163915,0.0,0.0
11703163905,11703163916,0.29775175,96.13625
11703163905,11703164517,0.0,0.0
11703163905,11703164535,0.13485435,43.54094
11703163905,11703164601,0.0,0.0
11703163905,11703164603,0.0,0.0
11703163905,11703164604,0.0,0.0
11703163905,11703164606,0.25425133,82.0911
11703163905,11703164608,0.13269797,42.844704
11703163905,11703164611,0.0,0.0
11703163905,11703164614,0.0,0.0
11703163905,11703164619,0.0,0.0
11703163905,11703164621,0.0,0.0
11703163906,11703163803,0.0,0.0
11703163906,11703163804,0.0,0.0
11703163906,11703163805,0.2802168,100.09384
11703163906,11703163813,0.0,0.0
11703163906,11703163901,0.0,0.0
11703163906,11703163902,0.0,0.0
11703163906,11703163903,0.0,0.0
11703163906,11703163904,0.0,0.0
11703163906,11703163905,0.0,0.0
11703163906,11703163906,0.0,0.0
11703163906,11703163907,0.0,0.0
11703163906,11703163908,0.014470369,5.168836
11703163906,11703163909,0.0,0.0
11703163906,11703163910,0.0,0.0
11703163906,11703163911,0.0,0.0
11703163906,11703163912,0.0,0.0
11703163906,11703163913,0.0,0.0
11703163906,11703163916,0.0,0.0
11703163906,11703163917,0.0,0.0
11703163906,11703163918,0.0,0.0
11703163906,11703164207,0.0,0.0
11703163906,11703164208,0.0,0.0
11703163906,11703164209,0.20663762,73.81125
11703163906,11703164210,0.4986752,178.12749
11703163906,11703164212,0.0,0.0
11703163906,11703164224,0.0,0.0
11703163906,11703164233,0.0,0.0
11703163906,11703164601,0.0,0.0
11703163906,11703164608,0.0,0.0
11703163906,11703164617,0.0,0.0
11703163907,11703133601,0.0,0.0
11703163907,11703163804,0.0,0.0
11703163907,11703163813,0.0,0.0
11703163907,11703163901,0.307176,117.46145
11703163907,11703163902,0.0,0.0
11703163907,11703163903,0.0,0.0
11703163907,11703163906,0.0,0.0
11703163907,11703163907,0.0,0.0
11703163907,11703163908,0.0,0.0
11703163907,11703163910,0.0,0.0
11703163907,11703163911,0.0,0.0
11703163907,11703163913,0.0,0.0
11703163907,11703163915,0.0,0.0
11703163907,11703164207,0.0,0.0
11703163907,11703164208,0.0,0.0
11703163907,11703164209,0.37333524,142.76018
11703163907,11703164210,0.31948876,122.16974
11703163907,11703164212,0.0,0.0
11703163907,11703164224,0.0,0.0
11703163907,11703164233,0.0,0.0
11703163907,11703164521,0.0,0.0
11703163908,11703133601,0.0,0.0
11703163908,11703163804,0.0,0.0
11703163908,11703163901,0.63356525,225.8318
11703163908,11703163902,0.0,0.0
11703163908,11703163903,0.0,0.0
11703163908,11703163904,0.0,0.0
11703163908,11703163905,0.0,0.0
11703163908,11703163906,0.0,0.0
11703163908,11703163907,0.059348524,21.154545
11703163908,11703163908,0.0,0.0
11703163908,11703163910,0.0,0.0
11703163908,11703163911,0.106538475,37.975216
11703163908,11703163913,0.20054772,71.484436
11703163908,11703163915,0.0,0.0
11703163908,11703163916,0.0,0.0
11703163908,11703164210,0.0,0.0
11703163908,11703164224,0.0,0.0
11703163908,11703164521,0.0,0.0
11703163908,11703164603,0.0,0.0
11703163908,11703164608,0.0,0.0
11703163909,11703133132,0.0,0.0
11703163909,11703163803,0.0,0.0
11703163909,11703163804,0.3339161,113.94323
11703163909,11703163805,0.0,0.0
11703163909,11703163809,0.0,0.0
11703163909,11703163813,0.0,0.0
11703163909,11703163903,0.022592813,7.709416
11703163909,11703163906,0.0,0.0
11703163909,11703163909,0.0,0.0
11703163909,11703163910,0.21016029,71.71365
11703163909,11703163911,0.0,0.0
11703163909,11703163912,0.0,0.0
11703163909,11703163914,0.2715687,92.66823
11703163909,11703163916,0.0,0.0
11703163909,11703163917,0.13579115,46.33644
11703163909,11703163918,0.0,0.0
11703163909,11703164210,0.0,0.0
11703163909,11703164601,0.0,0.0
11703163909,11703164608,0.025970906,8.862133
11703163909,11703164612,0.0,0.0
11703163909,11703164617,0.0,0.0
11703163910,11703133132,0.0,0.0
11703163910,11703163804,0.0,0.0
11703163910,11703163809,0.0,0.0
11703163910,11703163902,0.0,0.0
11703163910,11703163903,0.0,0.0
11703163910,11703163904,0.0,0.0
11703163910,11703163905,0.0,0.0
11703163910,11703163906,0.0,0.0
11703163910,11703163907,0.0,0.0
11703163910,11703163908,0.0,0.0
11703163910,11703163909,0.07237309,27.786636
11703163910,11703163910,0.0,0.0
11703163910,11703163911,0.2852763,109.52784
11703163910,11703163912,0.07110232,27.29874
11703163910,11703163913,0.0,0.0
11703163910,11703163914,0.0,0.0
11703163910,11703163916,0.035276532,13.543931
11703163910,11703163917,0.00825119,3.167929
11703163910,11703163918,0.0,0.0
11703163910,11703164210,0.0,0.0
11703163910,11703164517,0.116250515,44.63276
11703163910,11703164535,0.08515191,32.692883
11703163910,11703164601,0.0,0.0
11703163910,11703164603,0.0,0.0
11703163910,11703164604,0.0,0.0
11703163910,11703164606,0.06404406,24.58882
11703163910,11703164608,0.0,0.0
11703163910,11703164611,0.0,0.0
11703163910,11703164612,0.0,0.0
11703163910,11703164614,0.0,0.0
11703163910,11703164617,0.13213187,50.730183
11703163910,11703164619,0.10971922,42.125156
11703163910,11703164621,0.020423234,7.8412147
11703163911,11703163804,0.0,0.0
11703163911,11703163901,0.0,0.0
11703163911,11703163902,0.0,0.0
11703163911,11703163903,0.0,0.0
11703163911,11703163904,0.3010099,143.69934
11703163911,11703163905,0.08162704,38.968
11703163911,11703163906,0.0,0.0
11703163911,11703163907,0.0,0.0
11703163911,11703163908,0.015686095,7.488397
11703163911,11703163909,0.0,0.0
11703163911,11703163910,0.060667574,28.962141
11703163911,11703163911,0.080177724,38.276108
11703163911,11703163912,0.0,0.0
11703163911,11703163913,0.3349564,159.9051
11703163911,11703163916,0.1258753,60.091705
11703163911,11703163917,0.0,0.0
11703163911,11703164210,0.0,0.0
11703163911,11703164601,0.0,0.0
11703163911,11703164608,0.0,0.0
11703163911,11703164617,0.0,0.0
11703163912,11703133129,0.0,0.0
11703163912,11703133131,0.0,0.0
11703163912,11703133132,0.0,0.0
11703163912,11703133133,0.28531164,111.71511
11703163912,11703163804,0.0,0.0
11703163912,11703163805,0.0,0.0
11703163912,11703163809,0.0,0.0
11703163912,11703163819,0.0,0.0
11703163912,11703163903,0.0,0.0
11703163912,11703163906,0.0,0.0
11703163912,11703163909,0.122163296,47.83361
11703163912,11703163910,0.0,0.0
11703163912,11703163911,0.0,0.0
11703163912,11703163912,0.0,0.0
11703163912,11703163914,0.25526315,99.949486
11703163912,11703163916,0.0,0.0
11703163912,11703163917,0.0,0.0
11703163912,11703163918,0.0,0.0
11703163912,11703164601,0.0,0.0
11703163912,11703164602,0.0,0.0
11703163912,11703164608,0.0,0.0
11703163912,11703164612,0.11404449,44.654655
11703163912,11703164614,0.0,0.0
11703163912,11703164615,0.0,0.0
11703163912,11703164617,0.22321749,87.401855
11703163913,11703163901,0.0,0.0
11703163913,11703163902,0.18052748,68.889015
11703163913,11703163904,0.2074511,79.16303
11703163913,11703163905,0.0,0.0
11703163913,11703163906,0.0,0.0
11703163913,11703163907,0.0,0.0
11703163913,11703163908,0.096229345,36.720974
11703163913,11703163910,0.0,0.0
11703163913,11703163911,0.3915323,149.40814
11703163913,11703163913,0.0,0.0
11703163913,11703163915,0.0,0.0
11703163913,11703163916,0.0,0.0
11703163913,11703164603,0.0,0.0
11703163913,11703164608,0.12425977,47.417343
11703163914,11703133132,0.0,0.0
11703163914,11703133133,0.0,0.0
11703163914,11703163804,0.0,0.0
11703163914,11703163805,0.0,0.0
11703163914,11703163809,0.34672555,131.83867
11703163914,11703163819,0.0,0.0
11703163914,11703163903,0.0,0.0
11703163914,11703163909,0.18475041,70.24936
11703163914,11703163910,0.0,0.0
11703163914,11703163912,0.2580426,98.11793
11703163914,11703163914,0.018175215,6.91093
11703163914,11703163917,0.0,0.0
11703163914,11703163918,0.19230613,73.12234
11703163914,11703164612,0.0,0.0
11703163914,11703164617,0.0,0.0
11703163915,11703133601,0.0,0.0
11703163915,11703133610,0.0,0.0
11703163915,11703133616,0.0,0.0
11703163915,11703133617,0.0,0.0
11703163915,11703133622,0.0,0.0
11703163915,11703133623,0.0,0.0
11703163915,11703133637,0.0,0.0
11703163915,11703163901,0.34605226,212.84163
11703163915,11703163902,0.0,0.0
11703163915,11703163904,0.0,0.0
11703163915,11703163905,0.0,0.0
11703163915,11703163907,0.0,0.0
11703163915,11703163908,0.0,0.0
11703163915,11703163913,0.0,0.0
11703163915,11703163915,0.0,0.0
11703163915,11703164210,0.047020406,28.920198
11703163915,11703164224,0.0,0.0
11703163915,11703164505,0.0,0.0
11703163915,11703164507,0.0,0.0
11703163915,11703164512,0.0,0.0
11703163915,11703164516,0.011730671,7.2150235
11703163915,11703164517,0.06627011,40.759853
11703163915,11703164518,0.0,0.0
11703163915,11703164519,0.0,0.0
11703163915,11703164521,0.5289266,325.31967
11703163915,11703164525,0.0,0.0
11703163915,11703164529,0.0,0.0
11703163915,11703164531,0.0,0.0
11703163915,11703164534,0.0,0.0
11703163915,11703164535,0.0,0.0
11703163915,11703164536,0.0,0.0
11703163915,11703164603,0.0,0.0
11703163915,11703164608,0.0,0.0
11703163915,11703164611,0.0,0.0
11703163916,11703163902,0.0,0.0
11703163916,11703163903,0.0,0.0
11703163916,11703163904,0.0,0.0
11703163916,11703163905,0.2727399,107.91848
11703163916,11703163906,0.0,0.0
11703163916,11703163908,0.0,0.0
11703163916,11703163909,0.0,0.0
11703163916,11703163910,0.0,0.0
11703163916,11703163911,0.294405,116.491
11703163916,11703163912,0.0,0.0
11703163916,11703163913,0.0,0.0
11703163916,11703163916,0.11391094,45.0726
11703163916,11703163917,0.0,0.0
11703163916,11703164517,0.05382961,21.299452
11703163916,11703164535,0.12676096,50.15713
11703163916,11703164601,0.0,0.0
11703163916,11703164603,0.0,0.0
11703163916,11703164604,0.0,0.0
11703163916,11703164606,0.08345297,33.020905
11703163916,11703164608,0.054900557,21.723206
11703163916,11703164611,0.0,0.0
11703163916,11703164614,0.0,0.0
11703163916,11703164617,0.0,0.0
11703163916,11703164619,0.0,0.0
11703163916,11703164621,0.0,0.0
11703163917,11703163804,0.0,0.0
11703163917,11703163903,0.3003283,120.32527
11703163917,11703163906,0.0,0.0
11703163917,11703163909,0.15526539,62.206425
11703163917,11703163910,0.19580245,78.447426
11703163917,11703163911,0.0,0.0
11703163917,11703163912,0.0,0.0
11703163917,11703163914,0.0,0.0
11703163917,11703163916,0.0,0.0
11703163917,11703163917,0.05636245,22.581377
11703163917,11703163918,0.0,0.0
11703163917,11703164210,0.0,0.0
11703163917,11703164601,0.0,0.0
11703163917,11703164608,0.29224133,117.08526
11703163917,11703164617,0.0,0.0
11703163918,11703133132,0.0,0.0
11703163918,11703133133,0.10187918,36.303757
11703163918,11703163801,0.0069614053,2.4806361
11703163918,11703163802,0.0033831,1.2055382
11703163918,11703163803,0.0,0.0
11703163918,11703163804,0.23830837,84.919106
11703163918,11703163805,0.14204615,50.61691
11703163918,11703163806,0.0,0.0
11703163918,11703163809,0.0,0.0
11703163918,11703163813,0.0,0.0
11703163918,11703163819,0.0,0.0
11703163918,11703163903,0.0,0.0
11703163918,11703163906,0.0,0.0
11703163918,11703163909,0.0,0.0
11703163918,11703163910,0.0,0.0
11703163918,11703163912,0.0,0.0
11703163918,11703163914,0.1252914,44.6465
11703163918,11703163917,0.0,0.0
11703163918,11703163918,0.0,0.0
11703163918,11703164011,0.36562306,130.28659
11703163918,11703164016,0.016507387,5.8822637
11703163918,11703164210,0.0,0.0
11703163918,11703164612,0.0,0.0
11703164001,11702132819,0.12033956,45.219353
11703164001,11703133026,0.0,0.0
11703164001,11703133027,0.0,0.0
11703164001,11703133028,0.20953791,78.73694
11703164001,11703133029,0.0,0.0
11703164001,11703133030,0.0,0.0
11703164001,11703133031,0.02698274,10.139159
11703164001,11703133033,0.0,0.0
11703164001,11703133036,0.18161462,68.244354
11703164001,11703133045,0.12542118,47.128845
11703164001,11703164001,0.0,0.0
11703164001,11703164004,0.116789386,43.885323
11703164001,11703164005,0.0024026483,0.9028303
11703164001,11703164008,0.09616779,36.136456
11703164001,11703164010,0.0,0.0
11703164001,11703164013,0.120744154,45.371384
11703164001,11703164018,0.0,0.0
11703164001,11703164020,0.0,0.0
11703164001,11703164021,0.0,0.0
11703164002,11703163808,0.24616984,87.8052
11703164002,11703163810,0.0,0.0
11703164002,11703163811,0.0,0.0
11703164002,11703163814,0.16502133,58.86071
11703164002,11703163815,0.0,0.0
11703164002,11703163816,0.2498047,89.10171
11703164002,11703163817,0.0,0.0
11703164002,11703163819,0.0,0.0
11703164002,11703163820,0.0,0.0
11703164002,11703163824,0.0,0.0
11703164002,11703164002,0.0,0.0
11703164002,11703164009,0.0,0.0
11703164002,11703164011,0.0,0.0
11703164002,11703164013,0.0,0.0
11703164002,11703164015,0.0,0.0
11703164002,11703164017,0.14308515,51.036392
11703164002,11703164023,0.0,0.0
11703164002,11703164027,0.0,0.0
11703164002,11703164032,0.19591895,69.88144
11703164003,11703133003,0.0,0.0
11703164003,11703133004,0.04132536,14.027682
11703164003,11703133005,0.0422751,14.350067
11703164003,11703133007,0.046882957,15.91418
11703164003,11703133008,0.05204752,17.667265
11703164003,11703133009,0.0,0.0
11703164003,11703133010,0.0,0.0
11703164003,11703133023,0.0,0.0
11703164003,11703133026,0.0,0.0
11703164003,11703133027,0.0,0.0
11703164003,11703133040,0.03417471,11.6004305
11703164003,11703133045,0.0,0.0
11703164003,11703163801,0.0,0.0
11703164003,11703163802,0.0,0.0
11703164003,11703163805,0.057961583,19.674763
11703164003,11703163806,0.0,0.0
11703164003,11703163807,0.0,0.0
11703164003,11703164003,0.0,0.0
11703164003,11703164004,0.0,0.0
11703164003,11703164007,0.0,0.0
11703164003,11703164009,0.0,0.0
11703164003,11703164011,0.0,0.0
11703164003,11703164016,0.0,0.0
11703164003,11703164017,0.0,0.0
11703164003,11703164018,0.0,0.0
11703164003,11703164024,0.026101172,8.859909
11703164003,11703164027,0.0,0.0
11703164003,11703164034,0.2355546,79.95781
11703164003,11703164203,0.07252845,24.619411
11703164003,11703164207,0.0,0.0
11703164003,11703164209,0.3911486,132.77339
11703164003,11703164210,0.0,0.0
11703164003,11703164212,0.0,0.0
11703164004,11703133026,0.0,0.0
11703164004,11703133027,0.17912427,83.36323
11703164004,11703133040,0.0,0.0
11703164004,11703133045,0.019536048,9.091945
11703164004,11703163816,0.21502009,100.0689
11703164004,11703164001,0.07164398,33.342625
11703164004,11703164003,0.0,0.0
11703164004,11703164004,0.0,0.0
11703164004,11703164005,0.010840803,5.0452366
11703164004,11703164008,0.0,0.0
11703164004,11703164009,0.19655707,91.47633
11703164004,11703164013,0.024999589,11.63464
11703164004,11703164017,0.2822782,131.37038
11703164004,11703164018,0.0,0.0
11703164004,11703164023,0.0,0.0
11703164004,11703164027,0.0,0.0
11703164004,11703164032,0.0,0.0
11703164004,11703164034,0.0,0.0
11703164004,11703164203,0.0,0.0
11703164005,11703133026,0.0,0.0
11703164005,11703133045,0.15880862,66.80493
11703164005,11703163816,0.097748786,41.11931
11703164005,11703164001,0.0,0.0
11703164005,11703164004,0.10087791,42.435616
11703164005,11703164005,0.0,0.0
11703164005,11703164008,0.0,0.0
11703164005,11703164009,0.023440927,9.860734
11703164005,11703164013,0.26282957,110.562706
11703164005,11703164018,0.12935987,54.416927
11703164005,11703164023,0.017986447,7.5662346
11703164005,11703164032,0.07298568,30.702383
11703164005,11703164034,0.13596216,57.194263
11703164007,11703163801,0.0,0.0
11703164007,11703163805,0.0,0.0
11703164007,11703163806,0.0,0.0
11703164007,11703163819,0.0,0.0
11703164007,11703164003,0.0,0.0
11703164007,11703164007,0.0,0.0
11703164007,11703164009,0.0,0.0
11703164007,11703164011,0.45027715,170.43895
11703164007,11703164015,0.0,0.0
11703164007,11703164016,0.111807525,42.321392
11703164007,11703164017,0.0,0.0
11703164007,11703164024,0.23378551,88.49251
11703164007,11703164027,0.10975903,41.545998
11703164007,11703164034,0.0,0.0
11703164007,11703164209,0.09437072,35.721214
11703164008,11703133026,0.3823821,134.35498
11703164008,11703133027,0.0,0.0
11703164008,11703133028,0.0616042,21.645447
11703164008,11703133029,0.0,0.0
11703164008,11703133030,0.0,0.0
11703164008,11703133033,0.0,0.0
11703164008,11703133036,0.13468689,47.32401
11703164008,11703133045,0.0,0.0
11703164008,11703164001,0.2973506,104.47804
11703164008,11703164004,0.0,0.0
11703164008,11703164005,0.0,0.0
11703164008,11703164008,0.0,0.0
11703164008,11703164013,0.0,0.0
11703164008,11703164018,0.12397629,43.5607
11703164008,11703164021,0.0,0.0
11703164009,11703133045,0.0,0.0
11703164009,11703163808,0.12974867,57.09483
11703164009,11703163816,0.0,0.0
11703164009,11703163819,0.0,0.0
11703164009,11703164002,0.0,0.0
11703164009,11703164003,0.0,0.0
11703164009,11703164004,0.24819246,109.215034
11703164009,11703164005,0.0,0.0
11703164009,11703164007,0.0,0.0
11703164009,11703164009,0.0,0.0
11703164009,11703164011,0.0,0.0
11703164009,11703164013,0.031050175,13.663373
11703164009,11703164015,0.0,0.0
11703164009,11703164017,0.024436086,10.752897
11703164009,11703164018,0.011233956,4.943409
11703164009,11703164023,0.39607194,174.28818
11703164009,11703164024,0.0,0.0
11703164009,11703164027,0.15926668,70.083984
11703164009,11703164032,0.0,0.0
11703164009,11703164034,0.0,0.0
11703164009,11703164203,0.0,0.0
11703164010,11702132819,0.0,0.0
11703164010,11703133028,0.22234794,93.255684
11703164010,11703133029,0.33498418,140.49683
11703164010,11703133030,0.0,0.0
11703164010,11703133031,0.027737617,11.633526
11703164010,11703164001,0.0,0.0
11703164010,11703164010,0.0,0.0
11703164010,11703164020,0.14482152,60.740074
11703164010,11703164021,0.2701087,113.28718
11703164011,11703133107,0.0,0.0
11703164011,11703133108,0.039794505,19.633251
11703164011,11703133109,0.013671219,6.744913
11703164011,11703133112,0.0,0.0
11703164011,11703133133,0.0,0.0
11703164011,11703133150,0.04635042,22.867716
11703164011,11703133152,0.07766637,38.317936
11703164011,11703163801,0.0,0.0
11703164011,11703163802,0.0,0.0
11703164011,11703163803,0.0,0.0
11703164011,11703163804,0.0,0.0
11703164011,11703163805,0.18204871,89.81662
11703164011,11703163806,0.0,0.0
11703164011,11703163808,0.0,0.0
11703164011,11703163809,0.0,0.0
11703164011,11703163814,0.08523893,42.05398
11703164011,11703163815,0.0,0.0
11703164011,11703163819,0.0,0.0
11703164011,11703163824,0.0,0.0
11703164011,11703163918,0.0,0.0
11703164011,11703164002,0.0,0.0
11703164011,11703164003,0.0,0.0
11703164011,11703164007,0.21604377,106.58862
11703164011,11703164009,0.0,0.0
11703164011,11703164011,0.050746858,25.036768
11703164011,11703164015,0.116909474,57.679146
11703164011,11703164016,0.0,0.0
11703164011,11703164017,0.08733818,43.089676
11703164011,11703164023,0.0,0.0
11703164011,11703164024,0.0,0.0
11703164011,11703164027,0.0,0.0
11703164011,11703164032,0.0,0.0
11703164011,11703164034,0.0,0.0
11703164011,11703164209,0.08419144,41.537186
11703164013,11703133026,0.09908098,40.127964
11703164013,11703133045,0.0,0.0
11703164013,11703163808,0.1550259,62.78575
11703164013,11703163810,0.0,0.0
11703164013,11703163811,0.2155332,87.291306
11703164013,11703163816,0.028098762,11.380046
11703164013,11703164001,0.0,0.0
11703164013,11703164002,0.0,0.0
11703164013,11703164004,0.15863651,64.248055
11703164013,11703164005,0.0,0.0
11703164013,11703164008,0.0,0.0
11703164013,11703164009,0.10276204,41.6188
11703164013,11703164013,0.0,0.0
11703164013,11703164017,0.04375583,17.721184
11703164013,11703164018,0.052068174,21.087698
11703164013,11703164023,0.14503855,58.740852
11703164013,11703164027,0.0,0.0
11703164013,11703164032,0.0,0.0
11703164013,11703164034,0.0,0.0
11703164015,11703133107,0.1881316,74.23056
11703164015,11703133108,0.17362794,68.50789
11703164015,11703133109,0.11983803,47.284157
11703164015,11703133112,0.14950499,58.989765
11703164015,11703133133,0.10101864,39.858643
11703164015,11703133150,0.12968561,51.16969
11703164015,11703133152,0.0,0.0
11703164015,11703163805,0.0,0.0
11703164015,11703163808,0.0,0.0
11703164015,11703163809,0.0,0.0
11703164015,11703163811,0.0,0.0
11703164015,11703163814,0.0,0.0
11703164015,11703163815,0.0,0.0
11703164015,11703163816,0.0,0.0
11703164015,11703163817,0.0,0.0
11703164015,11703163819,0.0,0.0
11703164015,11703163824,0.0,0.0
11703164015,11703164002,0.0,0.0
11703164015,11703164007,0.0,0.0
11703164015,11703164009,0.0,0.0
11703164015,11703164011,0.0,0.0
11703164015,11703164015,0.13819322,54.526512
11703164015,11703164016,0.0,0.0
11703164015,11703164017,0.0,0.0
11703164015,11703164023,0.0,0.0
11703164015,11703164027,0.0,0.0
11703164015,11703164032,0.0,0.0
11703164016,11703133045,0.0,0.0
11703164016,11703163801,0.051229686,16.799316
11703164016,11703163802,0.0,0.0
11703164016,11703163803,0.0,0.0
11703164016,11703163804,0.0014828742,0.48626634
11703164016,11703163805,0.0,0.0
11703164016,11703163806,0.13821283,45.32296
11703164016,11703163807,0.025592476,8.3923235
11703164016,11703163809,0.0,0.0
11703164016,11703163819,0.0,0.0
11703164016,11703163918,0.0,0.0
11703164016,11703164003,0.02370365,7.7729363
11703164016,11703164007,0.2473535,81.11253
11703164016,11703164011,0.057751983,18.938118
11703164016,11703164015,0.0,0.0
11703164016,11703164016,0.0,0.0
11703164016,11703164017,0.0,0.0
11703164016,11703164024,0.23257768,76.26723
11703164016,11703164027,0.0,0.0
11703164016,11703164034,0.0,0.0
11703164016,11703164203,0.2220951,72.82976
11703164016,11703164207,0.0,0.0
11703164016,11703164209,0.0,0.0
11703164016,11703164210,0.0,0.0
11703164016,11703164212,0.0,0.0
11703164017,11703133107,0.0,0.0
11703164017,11703133108,0.0,0.0
11703164017,11703133109,0.0,0.0
11703164017,11703133112,0.0,0.0
11703164017,11703133133,0.0,0.0
11703164017,11703133150,0.0,0.0
11703164017,11703133152,0.0,0.0
11703164017,11703163805,0.0,0.0
11703164017,11703163808,0.2740648,127.712845
11703164017,11703163809,0.0,0.0
11703164017,11703163811,0.0,0.0
11703164017,11703163814,0.0,0.0
11703164017,11703163815,0.0,0.0
11703164017,11703163816,0.0,0.0
11703164017,11703163817,0.0,0.0
11703164017,11703163819,0.0,0.0
11703164017,11703163824,0.0,0.0
11703164017,11703164002,0.07989594,37.231113
11703164017,11703164003,0.0,0.0
11703164017,11703164004,0.0,0.0
11703164017,11703164007,0.0,0.0
11703164017,11703164009,0.0,0.0
11703164017,11703164011,0.0,0.0
11703164017,11703164013,0.0,0.0
11703164017,11703164015,0.24714223,115.16705
11703164017,11703164016,0.0,0.0
11703164017,11703164017,0.0,0.0
11703164017,11703164023,0.19887564,92.675064
11703164017,11703164024,0.0,0.0
11703164017,11703164027,0.0014716685,0.68579024
11703164017,11703164032,0.19854978,92.52322
11703164017,11703164034,0.0,0.0
11703164018,11703133026,0.0,0.0
11703164018,11703133027,0.0,0.0
11703164018,11703133028,0.0,0.0
11703164018,11703133029,0.0,0.0
11703164018,11703133040,0.0,0.0
11703164018,11703133045,0.0,0.0
11703164018,11703163816,0.10350868,61.9324
11703164018,11703164001,0.0,0.0
11703164018,11703164003,0.16876754,100.97877
11703164018,11703164004,0.0,0.0
11703164018,11703164005,0.18072504,108.1333
11703164018,11703164008,0.13461462,80.54403
11703164018,11703164009,0.0,0.0
11703164018,11703164013,0.11910418,71.263664
11703164018,11703164018,0.098799974,59.11504
11703164018,11703164021,0.0,0.0
11703164018,11703164023,0.107614696,64.38915
11703164018,11703164032,0.08047387,48.14997
11703164018,11703164034,0.0063913763,3.8241553
11703164018,11703164203,0.0,0.0
11703164020,11702132819,0.17126784,62.555885
11703164020,11702132820,0.0,0.0
11703164020,11703133018,0.0,0.0
11703164020,11703133028,0.23541418,85.98545
11703164020,11703133029,0.11619285,42.439648
11703164020,11703133030,0.038501084,14.062591
11703164020,11703133031,0.29833916,108.96892
11703164020,11703133032,0.020609647,7.527711
11703164020,11703133036,0.11967519,43.71158
11703164020,11703164001,0.0,0.0
11703164020,11703164010,0.0,0.0
11703164020,11703164020,0.0,0.0
11703164020,11703164021,0.0,0.0
11703164021,11702132819,0.0,0.0
11703164021,11703133028,0.22669852,94.0897
11703164021,11703133029,0.24787751,102.87989
11703164021,11703133030,0.0,0.0
11703164021,11703133031,0.0732761,30.412754
11703164021,11703164001,0.39020383,161.95148
11703164021,11703164008,0.0,0.0
11703164021,11703164010,0.0368163,15.280357
11703164021,11703164018,0.0,0.0
11703164021,11703164020,0.0,0.0
11703164021,11703164021,0.025127739,10.429099
11703164023,11703163808,0.0,0.0
11703164023,11703163816,0.0,0.0
11703164023,11703163819,0.0,0.0
11703164023,11703164002,0.0,0.0
11703164023,11703164004,0.0,0.0
11703164023,11703164005,0.0,0.0
11703164023,11703164009,0.2823766,123.226654
11703164023,11703164011,0.0,0.0
11703164023,11703164013,0.0023033023,1.0051408
11703164023,11703164015,0.0,0.0
11703164023,11703164017,0.27916247,121.824036
11703164023,11703164018,0.08626467,37.64514
11703164023,11703164023,0.0,0.0
11703164023,11703164027,0.0,0.0
11703164023,11703164032,0.3498929,152.69019
11703164023,11703164034,0.0,0.0
11703164024,11703133045,0.00027379394,0.09488466
11703164024,11703163801,0.0,0.0
11703164024,11703163805,0.0,0.0
11703164024,11703163806,0.0,0.0
11703164024,11703164003,0.0767847,26.61012
11703164024,11703164007,0.30127057,104.40682
11703164024,11703164009,0.0,0.0
11703164024,11703164011,0.0,0.0
11703164024,11703164016,0.24071684,83.42162
11703164024,11703164017,0.0,0.0
11703164024,11703164024,0.12098655,41.928493
11703164024,11703164027,0.23754606,82.32277
11703164024,11703164034,0.0,0.0
11703164024,11703164203,0.02242133,7.770224
11703164024,11703164209,0.0,0.0
11703164027,11703133045,0.0,0.0
11703164027,11703163805,0.0,0.0
11703164027,11703163808,0.12171647,48.8645
11703164027,11703163819,0.0,0.0
11703164027,11703164002,0.0,0.0
11703164027,11703164003,0.0,0.0
11703164027,11703164004,0.0,0.0
11703164027,11703164007,0.205013,82.30486
11703164027,11703164009,0.0,0.0
11703164027,11703164011,0.22334811,89.6657
11703164027,11703164013,0.0,0.0
11703164027,11703164015,0.0,0.0
11703164027,11703164016,0.0,0.0
11703164027,11703164017,0.31645092,127.042915
11703164027,11703164023,0.0,0.0
11703164027,11703164024,0.11266908,45.23232
11703164027,11703164027,0.0,0.0
11703164027,11703164032,0.0,0.0
11703164027,11703164034,0.018423885,7.396484
11703164027,11703164203,0.0,0.0
11703164027,11703164209,0.0023783147,0.9548022
11703164032,11703163808,0.0,0.0
11703164032,11703163810,0.0,0.0
11703164032,11703163811,0.0,0.0
11703164032,11703163816,0.20275539,72.259636
11703164032,11703163819,0.0,0.0
11703164032,11703164002,0.246396,87.81264
11703164032,11703164004,0.0,0.0
11703164032,11703164005,0.0,0.0
11703164032,11703164009,0.0,0.0
11703164032,11703164011,0.0,0.0
11703164032,11703164013,0.0,0.0
11703164032,11703164015,0.0,0.0
11703164032,11703164017,0.26127356,93.11483
11703164032,11703164018,0.0,0.0
11703164032,11703164023,0.28957504,103.20114
11703164032,11703164027,0.0,0.0
11703164032,11703164032,0.0,0.0
11703164034,11703133003,0.0,0.0
11703164034,11703133004,0.0,0.0
11703164034,11703133005,0.0,0.0
11703164034,11703133007,0.11809367,42.557762
11703164034,11703133008,0.09050417,32.615253
11703164034,11703133009,0.0,0.0
11703164034,11703133010,0.13085496,47.156586
11703164034,11703133023,0.032954365,11.875861
11703164034,11703133026,0.0,0.0
11703164034,11703133027,0.0,0.0
11703164034,11703133040,0.0,0.0
11703164034,11703133045,0.0138498545,4.9911127
11703164034,11703164003,0.0,0.0
11703164034,11703164004,0.0,0.0
11703164034,11703164005,0.0,0.0
11703164034,11703164007,0.0,0.0
11703164034,11703164009,0.0,0.0
11703164034,11703164011,0.0,0.0
11703164034,11703164013,0.0,0.0
11703164034,11703164016,0.0,0.0
11703164034,11703164017,0.0,0.0
11703164034,11703164018,0.0,0.0
11703164034,11703164023,0.0,0.0
11703164034,11703164024,0.0,0.0
11703164034,11703164027,0.0,0.0
11703164034,11703164034,0.032016218,11.537778
11703164034,11703164203,0.51688874,186.2727
11703164034,11703164207,0.018618941,6.7097626
11703164034,11703164209,0.04621917,16.656137
11703164101,11703164101,0.0,0.0
11703164101,11703164102,0.0,0.0
11703164101,11703164103,0.0,0.0
11703164101,11703164105,0.0,0.0
11703164101,11703164106,0.23718372,78.72267
11703164101,11703164107,0.0,0.0
11703164101,11703164108,0.0,0.0
11703164101,11703164109,0.0,0.0
11703164101,11703164110,0.0,0.0
11703164101,11703164111,0.0,0.0
11703164101,11703164115,0.30199316,100.23331
11703164101,11703164116,0.3005388,99.750595
11703164101,11703164121,0.0,0.0
11703164101,11703164123,0.0,0.0
11703164101,11703164124,0.06474963,21.490782
11703164101,11703164126,0.0,0.0
11703164101,11703164127,0.0,0.0
11703164101,11703164128,0.09553471,31.708532
11703164101,11703164129,0.0,0.0
11703164101,11703164530,0.0,0.0
11703164102,11703164101,0.027923465,10.469721
11703164102,11703164102,0.0,0.0
11703164102,11703164111,0.0,0.0
11703164102,11703164115,0.0,0.0
11703164102,11703164116,0.28267634,105.98765
11703164102,11703164123,0.100127935,37.542316
11703164102,11703164124,0.0,0.0
11703164102,11703164127,0.0,0.0
11703164102,11703164129,0.0,0.0
11703164102,11703164530,0.58927214,220.94374
11703164103,11703133116,0.0,0.0
11703164103,11703133127,0.0,0.0
11703164103,11703133128,0.0,0.0
11703164103,11703133129,0.0,0.0
11703164103,11703133130,0.0,0.0
11703164103,11703164101,0.058549106,22.17944
11703164103,11703164103,0.0,0.0
11703164103,11703164104,0.0,0.0
11703164103,11703164106,0.0,0.0
11703164103,11703164107,0.046857387,17.750408
11703164103,11703164108,0.14371759,54.44277
11703164103,11703164109,0.055624247,21.07145
11703164103,11703164110,0.0,0.0
11703164103,11703164114,0.0,0.0
11703164103,11703164115,0.08800033,33.336082
11703164103,11703164116,0.15124625,57.294758
11703164103,11703164118,0.0,0.0
11703164103,11703164119,0.0,0.0
11703164103,11703164121,0.0,0.0
11703164103,11703164124,0.049024433,18.571323
11703164103,11703164126,0.0,0.0
11703164103,11703164128,0.0,0.0
11703164103,11703164129,0.32775486,124.15935
11703164103,11703164130,0.0,0.0
11703164103,11703164607,0.0,0.0
11703164103,11703164609,0.0,0.0
11703164103,11703164613,0.0,0.0
11703164103,11703164620,0.07922575,30.012117
11703164104,11703133128,0.0,0.0
11703164104,11703164103,0.0,0.0
11703164104,11703164104,0.0,0.0
11703164104,11703164106,0.0,0.0
11703164104,11703164109,0.0,0.0
11703164104,11703164114,0.2823752,109.23062
11703164104,11703164115,0.0,0.0
11703164104,11703164117,0.0,0.0
11703164104,11703164118,0.2204608,85.2804
11703164104,11703164119,0.062315375,24.10533
11703164104,11703164121,0.0,0.0
11703164104,11703164124,0.0,0.0
11703164104,11703164125,0.0,0.0
11703164104,11703164126,0.0,0.0
11703164104,11703164128,0.18523851,71.65543
11703164104,11703164510,0.0,0.0
11703164104,11703164604,0.0,0.0
11703164104,11703164605,0.0,0.0
11703164104,11703164606,0.06876454,26.600046
11703164104,11703164607,0.0,0.0
11703164104,11703164610,0.0,0.0
11703164104,11703164613,0.18084565,69.956154
11703164104,11703164618,0.0,0.0
11703164105,11703164101,0.0,0.0
11703164105,11703164105,0.0,0.0
11703164105,11703164115,0.16098973,75.611046
11703164105,11703164117,0.0,0.0
11703164105,11703164121,0.0,0.0
11703164105,11703164123,0.0,0.0
11703164105,11703164124,0.0,0.0
11703164105,11703164125,0.0,0.0
11703164105,11703164128,0.0,0.0
11703164105,11703164407,0.3880956,182.27444
11703164105,11703164510,0.0,0.0
11703164105,11703164530,0.4509147,211.7783
11703164106,11703164101,0.10123646,35.45416
11703164106,11703164103,0.0,0.0
11703164106,11703164104,0.0,0.0
11703164106,11703164106,0.0,0.0
11703164106,11703164107,0.022863954,8.007216
11703164106,11703164108,0.0,0.0
11703164106,11703164109,0.0,0.0
11703164106,11703164110,0.0,0.0
11703164106,11703164114,0.28393006,99.43553
11703164106,11703164115,0.0,0.0
11703164106,11703164116,0.111374974,39.004784
11703164106,11703164117,0.0,0.0
11703164106,11703164118,0.0,0.0
11703164106,11703164119,0.0,0.0
11703164106,11703164121,0.0,0.0
11703164106,11703164124,0.043878436,15.366727
11703164106,11703164125,0.0,0.0
11703164106,11703164126,0.09491408,33.23999
11703164106,11703164128,0.30960953,108.42878
11703164106,11703164129,0.03219235,11.274127
11703164107,11703133128,0.14693314,54.303734
11703164107,11703164101,0.0,0.0
11703164107,11703164103,0.0,0.0
11703164107,11703164106,0.0,0.0
11703164107,11703164107,0.0,0.0
11703164107,11703164108,0.2691763,99.48252
11703164107,11703164109,0.07004553,25.887516
11703164107,11703164110,0.21726269,80.29622
11703164107,11703164111,0.0,0.0
11703164107,11703164112,0.0,0.0
11703164107,11703164113,0.0,0.0
11703164107,11703164115,0.0,0.0
11703164107,11703164116,0.0,0.0
11703164107,11703164120,0.0,0.0
11703164107,11703164121,0.0,0.0
11703164107,11703164122,0.0,0.0
11703164107,11703164124,0.040066063,14.807667
11703164107,11703164126,0.0,0.0
11703164107,11703164127,0.0,0.0
11703164107,11703164128,0.0,0.0
11703164107,11703164129,0.07447165,27.523327
11703164107,11703164130,0.18204463,67.28028
11703164108,11703164101,0.0,0.0
11703164108,11703164103,0.0,0.0
11703164108,11703164106,0.0,0.0
11703164108,11703164107,0.26247856,84.1898
11703164108,11703164108,0.0,0.0
11703164108,11703164109,0.0,0.0
11703164108,11703164110,0.15695807,50.34418
11703164108,11703164111,0.0,0.0
11703164108,11703164112,0.0,0.0
11703164108,11703164113,0.0,0.0
11703164108,11703164115,0.0,0.0
11703164108,11703164116,0.0,0.0
11703164108,11703164120,0.0,0.0
11703164108,11703164121,0.0,0.0
11703164108,11703164122,0.0,0.0
11703164108,11703164124,0.319607,102.513695
11703164108,11703164126,0.0,0.0
11703164108,11703164127,0.0,0.0
11703164108,11703164128,0.0,0.0
11703164108,11703164129,0.26095638,83.70156
11703164108,11703164130,0.0,0.0
11703164109,11703133116,0.087843746,41.90544
11703164109,11703133127,0.11692086,55.776543
11703164109,11703133128,0.0,0.0
11703164109,11703133129,0.0,0.0
11703164109,11703133130,0.021370798,10.194838
11703164109,11703164101,0.0,0.0
11703164109,11703164103,0.0,0.0
11703164109,11703164104,0.0,0.0
11703164109,11703164106,0.0,0.0
11703164109,11703164107,0.17778727,84.81258
11703164109,11703164108,0.0,0.0
11703164109,11703164109,0.0,0.0
11703164109,11703164110,0.0,0.0
11703164109,11703164112,0.0,0.0
11703164109,11703164113,0.0,0.0
11703164109,11703164114,0.0,0.0
11703164109,11703164115,0.0,0.0
11703164109,11703164116,0.10173577,48.532566
11703164109,11703164118,0.0,0.0
11703164109,11703164121,0.0,0.0
11703164109,11703164122,0.0,0.0
11703164109,11703164124,0.0,0.0
11703164109,11703164126,0.03664127,17.479544
11703164109,11703164128,0.0,0.0
11703164109,11703164129,0.043233752,20.624456
11703164109,11703164130,0.41446644,197.71925
11703164109,11703164607,0.0,0.0
11703164109,11703164609,0.0,0.0
11703164109,11703164620,0.0,0.0
11703164110,11703164101,0.0,0.0
11703164110,11703164103,0.0,0.0
11703164110,11703164106,0.0,0.0
11703164110,11703164107,0.26886415,96.17862
11703164110,11703164108,0.22731,81.31378
11703164110,11703164109,0.0,0.0
11703164110,11703164110,0.0,0.0
11703164110,11703164112,0.0,0.0
11703164110,11703164113,0.0,0.0
11703164110,11703164115,0.0,0.0
11703164110,11703164116,0.0,0.0
11703164110,11703164121,0.0,0.0
11703164110,11703164122,0.0,0.0
11703164110,11703164124,0.50382584,180.22958
11703164110,11703164126,0.0,0.0
11703164110,11703164128,0.0,0.0
11703164110,11703164129,0.0,0.0
11703164110,11703164130,0.0,0.0
11703164111,11703164101,0.0,0.0
11703164111,11703164102,0.0,0.0
11703164111,11703164107,0.0,0.0
11703164111,11703164108,0.0,0.0
11703164111,11703164111,0.020480126,6.2459903
11703164111,11703164113,0.0,0.0
11703164111,11703164116,0.2818515,85.95854
11703164111,11703164120,0.16386604,49.97556
11703164111,11703164122,0.0,0.0
11703164111,11703164123,0.0,0.0
11703164111,11703164124,0.13628608,41.564274
11703164111,11703164127,0.0,0.0
11703164111,11703164129,0.39751625,121.23376
11703164111,11703164130,0.0,0.0
11703164112,11703164107,0.51275873,199.8292
11703164112,11703164108,0.0,0.0
11703164112,11703164109,0.018223554,7.1019716
11703164112,11703164110,0.0,0.0
11703164112,11703164112,0.053288996,20.76746
11703164112,11703164113,0.0,0.0
11703164112,11703164122,0.0,0.0
11703164112,11703164124,0.0,0.0
11703164112,11703164129,0.0,0.0
11703164112,11703164130,0.41572887,162.0153
11703164113,11703164107,0.1405235,41.715057
11703164113,11703164108,0.0,0.0
11703164113,11703164109,0.315104,93.5401
11703164113,11703164110,0.0,0.0
11703164113,11703164111,0.0,0.0
11703164113,11703164112,0.0,0.0
11703164113,11703164113,0.0,0.0
11703164113,11703164116,0.0,0.0
11703164113,11703164120,0.0,0.0
11703164113,11703164122,0.078568876,23.323538
11703164113,11703164124,0.17304397,51.36891
11703164113,11703164127,0.0,0.0
11703164113,11703164129,0.0,0.0
11703164113,11703164130,0.29275966,86.907074
11703164114,11703164103,0.0,0.0
11703164114,11703164104,0.23854446,81.69296
11703164114,11703164106,0.1606633,55.021446
11703164114,11703164109,0.012899339,4.417563
11703164114,11703164114,0.0,0.0
11703164114,11703164115,0.0,0.0
11703164114,11703164117,0.0,0.0
11703164114,11703164118,0.0,0.0
11703164114,11703164119,0.14975238,51.284843
11703164114,11703164121,0.0,0.0
11703164114,11703164124,0.0,0.0
11703164114,11703164125,0.0,0.0
11703164114,11703164126,0.0485065,16.611744
11703164114,11703164128,0.32594216,111.62355
11703164114,11703164510,0.0012948513,0.44344035
11703164114,11703164613,0.062396854,21.368694
11703164115,11703164101,0.039963424,27.28184
11703164115,11703164102,0.0,0.0
11703164115,11703164103,0.08182484,55.859383
11703164115,11703164104,0.13769126,93.99773
11703164115,11703164105,0.0,0.0
11703164115,11703164106,0.0,0.0
11703164115,11703164107,0.0,0.0
11703164115,11703164108,0.0,0.0
11703164115,11703164109,0.3239379,221.14276
11703164115,11703164110,0.0,0.0
11703164115,11703164114,0.0,0.0
11703164115,11703164115,0.0,0.0
11703164115,11703164116,0.0,0.0
11703164115,11703164117,0.0,0.0
11703164115,11703164119,0.0,0.0
11703164115,11703164121,0.045542598,31.090576
11703164115,11703164123,0.0,0.0
11703164115,11703164124,0.17554337,119.838234
11703164115,11703164125,0.0,0.0
11703164115,11703164126,0.0,0.0
11703164115,11703164127,0.0,0.0
11703164115,11703164128,0.049245596,33.618504
11703164115,11703164129,0.14625116,99.84131
11703164115,11703164407,0.0,0.0
11703164115,11703164510,0.0,0.0
11703164115,11703164530,0.0,0.0
11703164116,11703164101,0.27515987,102.93239
11703164116,11703164102,0.0,0.0
11703164116,11703164103,0.0,0.0
11703164116,11703164106,0.14335993,53.628387
11703164116,11703164107,0.0,0.0
11703164116,11703164108,0.0,0.0
11703164116,11703164109,0.0,0.0
11703164116,11703164110,0.0,0.0
11703164116,11703164111,0.038656265,14.460617
11703164116,11703164113,0.0,0.0
11703164116,11703164115,0.0,0.0
11703164116,11703164116,0.0,0.0
11703164116,11703164120,0.0,0.0
11703164116,11703164121,0.0,0.0
11703164116,11703164122,0.0,0.0
11703164116,11703164123,0.0,0.0
11703164116,11703164124,0.18581131,69.50869
11703164116,11703164126,0.0,0.0
11703164116,11703164127,0.0,0.0
11703164116,11703164128,0.08918235,33.361523
11703164116,11703164129,0.26783016,100.190475
11703164117,11703164104,0.0,0.0
11703164117,11703164105,0.0,0.0
11703164117,11703164106,0.0,0.0
11703164117,11703164114,0.0,0.0
11703164117,11703164115,0.0,0.0
11703164117,11703164117,0.0,0.0
11703164117,11703164119,0.0,0.0
11703164117,11703164121,0.18275791,65.82123
11703164117,11703164123,0.0,0.0
11703164117,11703164124,0.0,0.0
11703164117,11703164125,0.069389164,24.990873
11703164117,11703164128,0.29981524,107.98004
11703164117,11703164407,0.0,0.0
11703164117,11703164501,0.0,0.0
11703164117,11703164503,0.021297634,7.670455
11703164117,11703164506,0.0,0.0
11703164117,11703164510,0.0,0.0
11703164117,11703164511,0.15327424,55.202526
11703164117,11703164513,0.093061745,33.516678
11703164117,11703164515,0.073158205,26.348312
11703164117,11703164516,0.0,0.0
11703164117,11703164524,0.10724598,38.625206
11703164117,11703164530,0.0,0.0
11703164117,11703164604,0.0,0.0
11703164117,11703164610,0.0,0.0
11703164117,11703164613,0.0,0.0
11703164118,11703133116,0.13465628,80.45408
11703164118,11703133127,0.0,0.0
11703164118,11703133128,0.0,0.0
11703164118,11703133129,0.0,0.0
11703164118,11703133130,0.0,0.0
11703164118,11703164103,0.0,0.0
11703164118,11703164104,0.07050255,42.123676
11703164118,11703164106,0.0,0.0
11703164118,11703164109,0.06333855,37.84335
11703164118,11703164114,0.0,0.0
11703164118,11703164118,0.0,0.0
11703164118,11703164119,0.0,0.0
11703164118,11703164124,0.0,0.0
11703164118,11703164125,0.0,0.0
11703164118,11703164126,0.0,0.0
11703164118,11703164128,0.0,0.0
11703164118,11703164510,0.0,0.0
11703164118,11703164604,0.0,0.0
11703164118,11703164605,0.0,0.0
11703164118,11703164606,0.08148357,48.68459
11703164118,11703164607,0.11555296,69.040276
11703164118,11703164609,0.0,0.0
11703164118,11703164610,0.40797213,243.7541
11703164118,11703164613,0.06847367,40.911465
11703164118,11703164618,0.0,0.0
11703164118,11703164620,0.058020294,34.665813
11703164119,11703133128,0.0,0.0
11703164119,11703164103,0.0,0.0
11703164119,11703164104,0.13290939,50.971985
11703164119,11703164106,0.0,0.0
11703164119,11703164114,0.039010376,14.960841
11703164119,11703164115,0.0,0.0
11703164119,11703164117,0.0,0.0
11703164119,11703164118,0.038178295,14.64173
11703164119,11703164119,0.0,0.0
11703164119,11703164121,0.0,0.0
11703164119,11703164124,0.0,0.0
11703164119,11703164125,0.0,0.0
11703164119,11703164126,0.0,0.0
11703164119,11703164128,0.23522028,90.20916
11703164119,11703164407,0.0,0.0
11703164119,11703164501,0.0,0.0
11703164119,11703164503,0.30282578,116.1365
11703164119,11703164506,0.13982752,53.625153
11703164119,11703164510,0.0,0.0
11703164119,11703164511,0.0,0.0
11703164119,11703164513,0.0,0.0
11703164119,11703164515,0.0,0.0
11703164119,11703164516,0.0,0.0
11703164119,11703164524,0.11202827,42.963882
11703164119,11703164530,0.0,0.0
11703164119,11703164604,0.0,0.0
11703164119,11703164605,0.0,0.0
11703164119,11703164606,0.0,0.0
11703164119,11703164607,0.0,0.0
11703164119,11703164610,0.0,0.0
11703164119,11703164613,0.0,0.0
11703164119,11703164618,0.0,0.0
11703164120,11703164107,0.0,0.0
11703164120,11703164108,0.0,0.0
11703164120,11703164111,0.26674747,89.06421
11703164120,11703164113,0.16180843,54.026154
11703164120,11703164116,0.0,0.0
11703164120,11703164120,0.040046036,13.370955
11703164120,11703164122,0.29160863,97.3651
11703164120,11703164124,0.0,0.0
11703164120,11703164127,0.0,0.0
11703164120,11703164129,0.23978955,80.06324
11703164120,11703164130,0.0,0.0
11703164121,11703164101,0.0,0.0
11703164121,11703164103,0.0,0.0
11703164121,11703164104,0.0,0.0
11703164121,11703164105,0.24311894,84.15564
11703164121,11703164106,0.0,0.0
11703164121,11703164107,0.0,0.0
11703164121,11703164108,0.0,0.0
11703164121,11703164109,0.0,0.0
11703164121,11703164110,0.0,0.0
11703164121,11703164114,0.0,0.0
11703164121,11703164115,0.32213336,111.50649
11703164121,11703164116,0.0,0.0
11703164121,11703164117,0.01984632,6.8698053
11703164121,11703164119,0.0,0.0
11703164121,11703164121,0.0,0.0
11703164121,11703164123,0.0,0.0
11703164121,11703164124,0.21505892,74.442665
11703164121,11703164125,0.0,0.0
11703164121,11703164126,0.0,0.0
11703164121,11703164128,0.1998424,69.17546
11703164121,11703164129,0.0,0.0
11703164121,11703164510,0.0,0.0
11703164121,11703164530,0.0,0.0
11703164122,11703164107,0.2074568,65.089615
11703164122,11703164108,0.0,0.0
11703164122,11703164109,0.0,0.0
11703164122,11703164110,0.0,0.0
11703164122,11703164111,0.0,0.0
11703164122,11703164112,0.0,0.0
11703164122,11703164113,0.23026493,72.245674
11703164122,11703164116,0.0,0.0
11703164122,11703164120,0.27727976,86.99658
11703164122,11703164122,0.010698408,3.3566277
11703164122,11703164124,0.0,0.0
11703164122,11703164127,0.0,0.0
11703164122,11703164129,0.27430007,86.06171
11703164122,11703164130,0.0,0.0
11703164123,11703164101,0.0,0.0
11703164123,11703164102,0.0,0.0
11703164123,11703164105,0.0,0.0
11703164123,11703164111,0.0,0.0
11703164123,11703164115,0.01024729,5.0859194
11703164123,11703164116,0.0,0.0
11703164123,11703164117,0.028641284,14.2151985
11703164123,11703164121,0.0,0.0
11703164123,11703164123,0.0,0.0
11703164123,11703164124,0.21755195,107.97505
11703164123,11703164127,0.0,0.0
11703164123,11703164128,0.08622897,42.79703
11703164123,11703164129,0.0,0.0
11703164123,11703164407,0.011182487,5.550075
11703164123,11703164510,0.0,0.0
11703164123,11703164530,0.646148,320.69522
11703164124,11703133128,0.04067135,27.138803
11703164124,11703164101,0.0,0.0
11703164124,11703164102,0.0,0.0
11703164124,11703164103,0.0974201,65.005585
11703164124,11703164104,0.0,0.0
11703164124,11703164105,0.0,0.0
11703164124,11703164106,0.0,0.0
11703164124,11703164107,0.021544844,14.3762455
11703164124,11703164108,0.1079599,72.03849
11703164124,11703164109,0.0,0.0
11703164124,11703164110,0.35505855,236.92021
11703164124,11703164111,0.0,0.0
11703164124,11703164112,0.0,0.0
11703164124,11703164113,0.0,0.0
11703164124,11703164114,0.0,0.0
11703164124,11703164115,0.0,0.0
11703164124,11703164116,0.007864505,5.2477546
11703164124,11703164117,0.0,0.0
11703164124,11703164118,0.0,0.0
11703164124,11703164119,0.0,0.0
11703164124,11703164120,0.0,0.0
11703164124,11703164121,0.0,0.0
11703164124,11703164122,0.0,0.0
11703164124,11703164123,0.0,0.0
11703164124,11703164124,0.16590363,110.70265
11703164124,11703164125,0.0,0.0
11703164124,11703164126,0.109180376,72.852875
11703164124,11703164127,0.0,0.0
11703164124,11703164128,0.0,0.0
11703164124,11703164129,0.09439659,62.98809
11703164124,11703164130,0.0,0.0
11703164124,11703164530,0.0,0.0
11703164125,11703164104,0.0,0.0
11703164125,11703164105,0.0,0.0
11703164125,11703164106,0.0,0.0
11703164125,11703164114,0.0,0.0
11703164125,11703164115,0.0,0.0
11703164125,11703164117,0.0,0.0
11703164125,11703164118,0.0,0.0
11703164125,11703164119,0.0,0.0
11703164125,11703164121,0.0,0.0
11703164125,11703164124,0.0,0.0
11703164125,11703164125,0.0,0.0
11703164125,11703164128,0.31893095,115.07298
11703164125,11703164407,0.0,0.0
11703164125,11703164501,0.0,0.0
11703164125,11703164503,0.06756845,24.379267
11703164125,11703164506,0.0,0.0
11703164125,11703164510,0.0,0.0
11703164125,11703164511,0.20655087,74.5253
11703164125,11703164513,0.07257196,26.184576
11703164125,11703164515,0.15820286,57.080925
11703164125,11703164516,0.0,0.0
11703164125,11703164524,0.17617491,63.565395
11703164125,11703164530,0.0,0.0
11703164125,11703164604,0.0,0.0
11703164125,11703164610,0.0,0.0
11703164125,11703164613,0.0,0.0
11703164126,11703133128,0.0,0.0
11703164126,11703164101,0.20169216,70.28424
11703164126,11703164103,0.04288408,14.943937
11703164126,11703164104,0.0,0.0
11703164126,11703164106,0.16571763,57.748093
11703164126,11703164107,0.0490008,17.075447
11703164126,11703164108,0.0,0.0
11703164126,11703164109,0.2592271,90.3336
11703164126,11703164110,0.0,0.0
11703164126,11703164114,0.046635717,16.25128
11703164126,11703164115,0.0,0.0
11703164126,11703164116,0.027804732,9.689194
11703164126,11703164118,0.0,0.0
11703164126,11703164119,0.0,0.0
11703164126,11703164121,0.0,0.0
11703164126,11703164124,0.0,0.0
11703164126,11703164126,0.0,0.0
11703164126,11703164128,0.0,0.0
11703164126,11703164129,0.0,0.0
11703164126,11703164130,0.0,0.0
11703164126,11703164607,0.0,0.0
11703164126,11703164613,0.20703775,72.14703
11703164127,11703164101,0.0,0.0
11703164127,11703164102,0.0,0.0
11703164127,11703164107,0.0,0.0
11703164127,11703164108,0.0,0.0
11703164127,11703164111,0.021441638,8.048031
11703164127,11703164113,0.0,0.0
11703164127,11703164115,0.18147671,68.11654
11703164127,11703164116,0.20473474,76.846344
11703164127,11703164120,0.0,0.0
11703164127,11703164122,0.0,0.0
11703164127,11703164123,0.0,0.0
11703164127,11703164124,0.124185026,46.61234
11703164127,11703164127,0.0,0.0
11703164127,11703164129,0.25443113,95.49968
11703164127,11703164530,0.21373075,80.22296
11703164128,11703164101,0.087438285,39.785107
11703164128,11703164103,0.0,0.0
11703164128,11703164104,0.0,0.0
11703164128,11703164105,0.0,0.0
11703164128,11703164106,0.046426,21.124195
11703164128,11703164107,0.17635542,80.2431
11703164128,11703164108,0.0,0.0
11703164128,11703164109,0.0,0.0
11703164128,11703164110,0.0,0.0
11703164128,11703164114,0.24992222,113.716576
11703164128,11703164115,0.0,0.0
11703164128,11703164116,0.119387865,54.32242
11703164128,11703164117,0.082469285,37.524174
11703164128,11703164118,0.0,0.0
11703164128,11703164119,0.0,0.0
11703164128,11703164121,0.020021677,9.110021
11703164128,11703164123,0.0,0.0
11703164128,11703164124,0.17527634,79.75211
11703164128,11703164125,0.0,0.0
11703164128,11703164126,0.0,0.0
11703164128,11703164128,0.0,0.0
11703164128,11703164129,0.042702734,19.43008
11703164128,11703164510,0.0,0.0
11703164128,11703164530,0.0,0.0
11703164128,11703164613,0.0,0.0
11703164129,11703164101,0.02090317,8.531719
11703164129,11703164102,0.0,0.0
11703164129,11703164103,0.0,0.0
11703164129,11703164106,0.08830923,36.043793
11703164129,11703164107,0.2511955,102.52653
11703164129,11703164108,0.1564328,63.84873
11703164129,11703164109,0.0,0.0
11703164129,11703164110,0.0,0.0
11703164129,11703164111,0.0,0.0
11703164129,11703164112,0.0,0.0
11703164129,11703164113,0.0,0.0
11703164129,11703164115,0.0,0.0
11703164129,11703164116,0.18756717,76.55635
11703164129,11703164120,0.0,0.0
11703164129,11703164121,0.062476575,25.500084
11703164129,11703164122,0.0324983,13.264322
11703164129,11703164123,0.0,0.0
11703164129,11703164124,0.14317554,58.437717
11703164129,11703164126,0.0,0.0
11703164129,11703164127,0.0,0.0
11703164129,11703164128,0.05744165,23.445059
11703164129,11703164129,0.0,0.0
11703164129,11703164130,0.0,0.0
11703164130,11703133128,0.2119768,114.626854
11703164130,11703164103,0.0,0.0
11703164130,11703164107,0.13196418,71.35988
11703164130,11703164108,0.0,0.0
11703164130,11703164109,0.19548926,105.71119
11703164130,11703164110,0.0,0.0
11703164130,11703164111,0.0,0.0
11703164130,11703164112,0.2794883,151.13382
11703164130,11703164113,0.038134903,20.621521
11703164130,11703164120,0.0,0.0
11703164130,11703164122,0.0,0.0
11703164130,11703164124,0.0,0.0
11703164130,11703164126,0.0,0.0
11703164130,11703164129,0.0,0.0
11703164130,11703164130,0.14294657,77.29863
11703164201,11703133009,0.0,0.0
11703164201,11703133601,0.0,0.0
11703164201,11703133608,0.0,0.0
11703164201,11703163901,0.0,0.0
11703164201,11703164201,0.0,0.0
11703164201,11703164205,0.0,0.0
11703164201,11703164206,0.0,0.0
11703164201,11703164207,0.0,0.0
11703164201,11703164208,0.0,0.0
11703164201,11703164210,0.0,0.0
11703164201,11703164211,0.13270181,72.50546
11703164201,11703164213,0.5002983,273.35242
11703164201,11703164214,0.0,0.0
11703164201,11703164217,0.0,0.0
11703164201,11703164218,0.0,0.0
11703164201,11703164224,0.0,0.0
11703164201,11703164225,0.0,0.0
11703164201,11703164226,0.0,0.0
11703164201,11703164227,0.08072421,44.106
11703164201,11703164228,0.0,0.0
11703164201,11703164230,0.0,0.0
11703164201,11703164231,0.0,0.0
11703164201,11703164232,0.0,0.0
11703164201,11703164233,0.0,0.0
11703164201,11703164703,0.0,0.0
11703164201,11703164704,0.05752659,31.43131
11703164201,11703164707,0.0,0.0
11703164201,11703164720,0.0,0.0
11703164201,11703164722,0.22874904,124.983635
11703164201,11703164732,0.0,0.0
11703164202,11703133626,0.17689517,62.173946
11703164202,11703133628,0.050011307,17.577644
11703164202,11703133636,0.0066465437,2.3360832
11703164202,11703164202,0.0,0.0
11703164202,11703164204,0.0,0.0
11703164202,11703164205,0.0,0.0
11703164202,11703164215,0.15662828,55.050674
11703164202,11703164216,0.0,0.0
11703164202,11703164217,0.0,0.0
11703164202,11703164219,0.0,0.0
11703164202,11703164220,0.0,0.0
11703164202,11703164221,0.06987336,24.558628
11703164202,11703164222,0.0,0.0
11703164202,11703164223,0.0,0.0
11703164202,11703164225,0.0,0.0
11703164202,11703164229,0.06954399,24.442862
11703164202,11703164232,0.20630416,72.51042
11703164202,11703164704,0.0,0.0
11703164202,11703164712,0.0,0.0
11703164202,11703164713,0.0,0.0
11703164202,11703164716,0.0731211,25.70012
11703164202,11703164722,0.19097605,67.123
11703164202,11703164726,0.0,0.0
11703164203,11703133003,0.0,0.0
11703164203,11703133004,0.0,0.0
11703164203,11703133005,0.0018855333,1.2893041
11703164203,11703133006,0.0,0.0
11703164203,11703133007,0.0,0.0
11703164203,11703133008,0.0,0.0
11703164203,11703133009,0.0,0.0
11703164203,11703133010,0.0,0.0
11703164203,11703133016,0.0,0.0
11703164203,11703133023,0.0,0.0
11703164203,11703133026,0.0,0.0
11703164203,11703133027,0.0,0.0
11703164203,11703133028,0.0,0.0
11703164203,11703133033,0.0,0.0
11703164203,11703133040,0.13875902,94.88168
11703164203,11703133042,0.0,0.0
11703164203,11703133045,0.0,0.0
11703164203,11703133047,0.18260705,124.864426
11703164203,11703133048,0.0,0.0
11703164203,11703133050,0.0,0.0
11703164203,11703133051,0.0,0.0
11703164203,11703163801,0.0,0.0
11703164203,11703163802,0.0,0.0
11703164203,11703163807,0.0,0.0
11703164203,11703164003,0.0,0.0
11703164203,11703164004,0.0,0.0
11703164203,11703164009,0.0,0.0
11703164203,11703164016,0.0,0.0
11703164203,11703164018,0.6344985,433.86215
11703164203,11703164024,0.0422498,28.889885
11703164203,11703164027,0.0,0.0
11703164203,11703164034,0.0,0.0
11703164203,11703164203,0.0,0.0
11703164203,11703164207,0.0,0.0
11703164203,11703164209,0.0,0.0
11703164203,11703164210,0.0,0.0
11703164203,11703164211,0.0,0.0
11703164203,11703164212,0.0,0.0
11703164203,11703164230,0.0,0.0
11703164203,11703164233,0.0,0.0
11703164203,11703164709,0.0,0.0
11703164203,11703164718,0.0,0.0
11703164203,11703164732,0.0,0.0
11703164204,11703164202,0.0,0.0
11703164204,11703164204,0.043113112,13.609935
11703164204,11703164215,0.0,0.0
11703164204,11703164219,0.0,0.0
11703164204,11703164220,0.0,0.0
11703164204,11703164222,0.24515778,77.391335
11703164204,11703164223,0.0,0.0
11703164204,11703164229,0.0,0.0
11703164204,11703164712,0.0,0.0
11703164204,11703164713,0.0,0.0
11703164204,11703164716,0.43276048,136.61371
11703164204,11703164722,0.0016548634,0.5224068
11703164204,11703164725,0.0,0.0
11703164204,11703164726,0.2773138,87.54234
11703164204,11703164729,0.0,0.0
11703164204,11801134514,0.0,0.0
11703164205,11703133601,0.21196458,80.26964
11703164205,11703133606,0.14207718,53.803722
11703164205,11703133607,0.11019203,41.72902
11703164205,11703133608,0.10148224,38.43068
11703164205,11703164201,0.0,0.0
11703164205,11703164202,0.0,0.0
11703164205,11703164205,0.0,0.0
11703164205,11703164206,0.0,0.0
11703164205,11703164208,0.0,0.0
11703164205,11703164211,0.039164275,14.831262
11703164205,11703164213,0.0,0.0
11703164205,11703164214,0.0,0.0
11703164205,11703164216,0.0,0.0
11703164205,11703164217,0.0,0.0
11703164205,11703164218,0.0,0.0
11703164205,11703164224,0.0,0.0
11703164205,11703164225,0.1582093,59.912853
11703164205,11703164226,0.0,0.0
11703164205,11703164227,0.0,0.0
11703164205,11703164228,0.0,0.0
11703164205,11703164229,0.09981999,37.801193
11703164205,11703164230,0.0,0.0
11703164205,11703164231,0.0,0.0
11703164205,11703164232,0.0,0.0
11703164205,11703164233,0.029501885,11.172176
11703164205,11703164704,0.0,0.0
11703164205,11703164707,0.0,0.0
11703164205,11703164710,0.08040163,30.447586
11703164205,11703164711,0.0,0.0
11703164205,11703164712,0.02718684,10.295484
11703164205,11703164716,0.0,0.0
11703164205,11703164720,0.0,0.0
11703164205,11703164722,0.0,0.0
11703164205,11703164723,0.0,0.0
11703164205,11703164724,0.0,0.0
11703164206,11703164201,0.0,0.0
11703164206,11703164205,0.21496883,87.49771
11703164206,11703164206,0.07887456,32.103928
11703164206,11703164211,0.0,0.0
11703164206,11703164213,0.08526412,34.704636
11703164206,11703164214,0.15437678,62.835224
11703164206,11703164231,0.1446065,58.85848
11703164206,11703164703,0.0,0.0
11703164206,11703164704,0.0,0.0
11703164206,11703164707,0.2768657,112.69129
11703164206,11703164711,0.0,0.0
11703164206,11703164718,0.0,0.0
11703164206,11703164720,0.0450435,18.333836
11703164206,11703164724,0.0,0.0
11703164206,11703164732,0.0,0.0
11703164207,11703133003,0.0,0.0
11703164207,11703133004,0.0,0.0
11703164207,11703133005,0.15060847,129.04895
11703164207,11703133007,0.086808845,74.38221
11703164207,11703133008,0.0,0.0
11703164207,11703133009,0.0,0.0
11703164207,11703133010,0.0,0.0
11703164207,11703133023,0.0,0.0
11703164207,11703133027,0.12600307,107.965805
11703164207,11703133040,0.05587165,47.873657
11703164207,11703133045,0.18309335,156.88365
11703164207,11703163801,0.0,0.0
11703164207,11703163802,0.0,0.0
11703164207,11703163804,0.0,0.0
11703164207,11703163807,0.0,0.0
11703164207,11703163813,0.0,0.0
11703164207,11703163901,0.0,0.0
11703164207,11703163903,0.0,0.0
11703164207,11703163906,0.0,0.0
11703164207,11703163907,0.0,0.0
11703164207,11703164003,0.0,0.0
11703164207,11703164016,0.0,0.0
11703164207,11703164034,0.16796927,143.92458
11703164207,11703164201,0.0,0.0
11703164207,11703164203,0.14588444,125.00117
11703164207,11703164207,0.0,0.0
11703164207,11703164208,0.0,0.0
11703164207,11703164209,0.0837609,71.77058
11703164207,11703164210,0.0,0.0
11703164207,11703164211,0.0,0.0
11703164207,11703164212,0.0,0.0
11703164207,11703164224,0.0,0.0
11703164207,11703164230,0.0,0.0
11703164207,11703164233,0.0,0.0
11703164207,11703164718,0.0,0.0
11703164207,11703164732,0.0,0.0
11703164208,11703133601,0.0,0.0
11703164208,11703163804,0.0,0.0
11703164208,11703163813,0.0,0.0
11703164208,11703163901,0.0,0.0
11703164208,11703163903,0.0,0.0
11703164208,11703163906,0.0,0.0
11703164208,11703163907,0.0,0.0
11703164208,11703164201,0.18544023,72.33096
11703164208,11703164205,0.07840322,30.581177
11703164208,11703164207,0.0,0.0
11703164208,11703164208,0.18760143,73.17394
11703164208,11703164209,0.04437813,17.30969
11703164208,11703164210,0.0,0.0
11703164208,11703164211,0.0,0.0
11703164208,11703164212,0.0,0.0
11703164208,11703164213,0.0,0.0
11703164208,11703164214,0.0,0.0
11703164208,11703164218,0.0,0.0
11703164208,11703164224,0.23553272,91.86954
11703164208,11703164226,0.0,0.0
11703164208,11703164227,0.0,0.0
11703164208,11703164230,0.0,0.0
11703164208,11703164231,0.045318678,17.676552
11703164208,11703164233,0.22332563,87.10816
11703164209,11703133003,0.0,0.0
11703164209,11703133004,0.0,0.0
11703164209,11703133005,0.0,0.0
11703164209,11703133007,0.0,0.0
11703164209,11703133008,0.0,0.0
11703164209,11703133009,0.0,0.0
11703164209,11703133010,0.0,0.0
11703164209,11703133023,0.0,0.0
11703164209,11703133027,0.0,0.0
11703164209,11703133040,0.0,0.0
11703164209,11703133045,0.0,0.0
11703164209,11703163801,0.0,0.0
11703164209,11703163802,0.0,0.0
11703164209,11703163803,0.0,0.0
11703164209,11703163804,0.0,0.0
11703164209,11703163805,0.0,0.0
11703164209,11703163806,0.0,0.0
11703164209,11703163807,0.0,0.0
11703164209,11703163813,0.0,0.0
11703164209,11703163901,0.0,0.0
11703164209,11703163903,0.0,0.0
11703164209,11703163906,0.0,0.0
11703164209,11703163907,0.0,0.0
11703164209,11703164003,0.0,0.0
11703164209,11703164007,0.0,0.0
11703164209,11703164011,0.0,0.0
11703164209,11703164016,0.0,0.0
11703164209,11703164024,0.0,0.0
11703164209,11703164027,0.0,0.0
11703164209,11703164034,0.0,0.0
11703164209,11703164203,0.7241879,366.76184
11703164209,11703164207,0.1185146,60.021206
11703164209,11703164208,0.0,0.0
11703164209,11703164209,0.0,0.0
11703164209,11703164210,0.15729743,79.662605
11703164209,11703164212,0.0,0.0
11703164209,11703164224,0.0,0.0
11703164209,11703164230,0.0,0.0
11703164209,11703164233,0.0,0.0
11703164210,11703133009,0.0,0.0
11703164210,11703133601,0.0,0.0
11703164210,11703163801,0.0,0.0
11703164210,11703163802,0.0,0.0
11703164210,11703163803,0.0,0.0
11703164210,11703163804,0.0,0.0
11703164210,11703163805,0.0,0.0
11703164210,11703163807,0.0,0.0
11703164210,11703163813,0.0,0.0
11703164210,11703163901,0.22499394,86.154106
11703164210,11703163902,0.0,0.0
11703164210,11703163903,0.0,0.0
11703164210,11703163906,0.0,0.0
11703164210,11703163907,0.0,0.0
11703164210,11703163908,0.0,0.0
11703164210,11703163909,0.0,0.0
11703164210,11703163910,0.0,0.0
11703164210,11703163911,0.0,0.0
11703164210,11703163915,0.0,0.0
11703164210,11703163917,0.0,0.0
11703164210,11703163918,0.0,0.0
11703164210,11703164003,0.0,0.0
11703164210,11703164016,0.0,0.0
11703164210,11703164201,0.0,0.0
11703164210,11703164203,0.1282742,49.11843
11703164210,11703164207,0.0,0.0
11703164210,11703164208,0.0,0.0
11703164210,11703164209,0.05879426,22.513348
11703164210,11703164210,0.5879376,225.13156
11703164210,11703164212,0.0,0.0
11703164210,11703164224,0.0,0.0
11703164210,11703164226,0.0,0.0
11703164210,11703164230,0.0,0.0
11703164210,11703164233,0.0,0.0
11703164210,11703164521,0.0,0.0
11703164211,11703133009,0.14465156,60.993443
11703164211,11703133010,0.0,0.0
11703164211,11703133023,0.04197675,17.69982
11703164211,11703164201,0.14782158,62.330105
11703164211,11703164203,0.14877453,62.731926
11703164211,11703164205,0.0,0.0
11703164211,11703164206,0.0,0.0
11703164211,11703164207,0.24317142,102.5351
11703164211,11703164208,0.0,0.0
11703164211,11703164211,0.0,0.0
11703164211,11703164213,0.0,0.0
11703164211,11703164214,0.16826507,70.950264
11703164211,11703164218,0.083194226,35.079483
11703164211,11703164224,0.0,0.0
11703164211,11703164226,0.0,0.0
11703164211,11703164227,0.0,0.0
11703164211,11703164230,0.0,0.0
11703164211,11703164231,0.0,0.0
11703164211,11703164233,0.0,0.0
11703164211,11703164703,0.0,0.0
11703164211,11703164707,0.0,0.0
11703164211,11703164718,0.0,0.0
11703164211,11703164732,0.022144854,9.337548
11703164212,11703163801,0.004154712,1.5674696
11703164212,11703163802,0.0,0.0
11703164212,11703163803,0.0,0.0
11703164212,11703163804,0.0,0.0
11703164212,11703163805,0.0,0.0
11703164212,11703163807,0.0,0.0
11703164212,11703163813,0.0,0.0
11703164212,11703163901,0.3563237,134.43207
11703164212,11703163903,0.0,0.0
11703164212,11703163906,0.0,0.0
11703164212,11703163907,0.0,0.0
11703164212,11703164003,0.0,0.0
11703164212,11703164016,0.0,0.0
11703164212,11703164203,0.0,0.0
11703164212,11703164207,0.0,0.0
11703164212,11703164208,0.0,0.0
11703164212,11703164209,0.22946873,86.57285
11703164212,11703164210,0.41005287,154.70276
11703164212,11703164212,0.0,0.0
11703164212,11703164224,0.0,0.0
11703164212,11703164233,0.0,0.0
11703164213,11703164201,0.40832824,142.93454
11703164213,11703164205,0.07499376,26.251425
11703164213,11703164206,0.36946827,129.33168
11703164213,11703164208,0.0,0.0
11703164213,11703164211,0.0,0.0
11703164213,11703164213,0.0,0.0
11703164213,11703164214,0.14720976,51.530502
11703164213,11703164218,0.0,0.0
11703164213,11703164224,0.0,0.0
11703164213,11703164226,0.0,0.0
11703164213,11703164227,0.0,0.0
11703164213,11703164230,0.0,0.0
11703164213,11703164231,0.0,0.0
11703164213,11703164233,0.0,0.0
11703164213,11703164703,0.0,0.0
11703164213,11703164707,0.0,0.0
11703164213,11703164720,0.0,0.0
11703164213,11703164732,0.0,0.0
11703164214,11703133009,0.0,0.0
11703164214,11703133023,0.0,0.0
11703164214,11703164201,0.2710766,110.1315
11703164214,11703164205,0.0,0.0
11703164214,11703164206,0.43648878,177.33424
11703164214,11703164208,0.0,0.0
11703164214,11703164211,0.13153377,53.438812
11703164214,11703164213,0.0,0.0
11703164214,11703164214,0.0,0.0
11703164214,11703164218,0.09151164,37.17884
11703164214,11703164224,0.0,0.0
11703164214,11703164226,0.0,0.0
11703164214,11703164227,0.0,0.0
11703164214,11703164230,0.0,0.0
11703164214,11703164231,0.0,0.0
11703164214,11703164233,0.0,0.0
11703164214,11703164703,0.0,0.0
11703164214,11703164707,0.0010299981,0.41846192
11703164214,11703164711,0.0,0.0
11703164214,11703164718,0.0,0.0
11703164214,11703164720,0.0,0.0
11703164214,11703164724,0.0,0.0
11703164214,11703164732,0.06835905,27.772535
11703164215,11703133626,0.0,0.0
11703164215,11703133628,0.0,0.0
11703164215,11703133636,0.0,0.0
11703164215,11703164202,0.10389823,37.691208
11703164215,11703164204,0.100679636,36.523598
11703164215,11703164215,0.0,0.0
11703164215,11703164216,0.0,0.0
11703164215,11703164217,0.0,0.0
11703164215,11703164219,0.13916934,50.486523
11703164215,11703164220,0.029503107,10.702855
11703164215,11703164221,0.0,0.0
11703164215,11703164222,0.14834523,53.815266
11703164215,11703164223,0.07979262,28.946404
11703164215,11703164229,0.12648702,45.88575
11703164215,11703164232,0.0,0.0
11703164215,11703164712,0.0,0.0
11703164215,11703164713,0.0,0.0
11703164215,11703164716,0.1139254,41.328766
11703164215,11703164722,0.0,0.0
11703164215,11703164725,0.0,0.0
11703164215,11703164726,0.15819943,57.39008
11703164215,11703164729,0.0,0.0
11703164215,11801134514,0.0,0.0
11703164216,11703133602,0.07013032,26.633373
11703164216,11703133606,0.2314597,87.90139
11703164216,11703133607,0.0,0.0
11703164216,11703133608,0.0,0.0
11703164216,11703133609,0.0,0.0
11703164216,11703133628,0.0,0.0
11703164216,11703133631,0.0,0.0
11703164216,11703133636,0.119654626,45.441208
11703164216,11703164202,0.0,0.0
11703164216,11703164205,0.033752054,12.818009
11703164216,11703164215,0.0,0.0
11703164216,11703164216,0.0,0.0
11703164216,11703164217,0.13041285,49.52685
11703164216,11703164218,0.044819325,17.021023
11703164216,11703164223,0.0,0.0
11703164216,11703164225,0.0,0.0
11703164216,11703164228,0.04998812,18.983976
11703164216,11703164229,0.31978294,121.443886
11703164216,11703164232,0.0,0.0
11703164217,11703133606,0.0,0.0
11703164217,11703133607,0.0,0.0
11703164217,11703133608,0.0,0.0
11703164217,11703133636,0.0,0.0
11703164217,11703164201,0.0,0.0
11703164217,11703164202,0.0,0.0
11703164217,11703164205,0.30693218,99.74201
11703164217,11703164215,0.0,0.0
11703164217,11703164216,0.15325493,49.802383
11703164217,11703164217,0.0,0.0
11703164217,11703164218,0.0,0.0
11703164217,11703164223,0.0,0.0
11703164217,11703164225,0.22772679,74.00308
11703164217,11703164228,0.14684045,47.717907
11703164217,11703164229,0.104634285,34.00241
11703164217,11703164231,0.0,0.0
11703164217,11703164232,0.060611457,19.696562
11703164217,11703164704,0.0,0.0
11703164217,11703164720,0.0,0.0
11703164217,11703164722,0.0,0.0
11703164218,11703133601,0.0,0.0
11703164218,11703133606,0.0,0.0
11703164218,11703133607,0.0,0.0
11703164218,11703133608,0.21841112,79.27056
11703164218,11703133623,0.0,0.0
11703164218,11703133633,0.0,0.0
11703164218,11703133635,0.0113194585,4.108307
11703164218,11703163901,0.0,0.0
11703164218,11703164201,0.0,0.0
11703164218,11703164205,0.0,0.0
11703164218,11703164208,0.0,0.0
11703164218,11703164211,0.14317095,51.96275
11703164218,11703164213,0.0,0.0
11703164218,11703164214,0.0,0.0
11703164218,11703164216,0.0,0.0
11703164218,11703164217,0.0,0.0
11703164218,11703164218,0.0,0.0
11703164218,11703164224,0.0,0.0
11703164218,11703164225,0.0,0.0
11703164218,11703164226,0.0,0.0
11703164218,11703164227,0.18890642,68.56207
11703164218,11703164228,0.16425323,59.614395
11703164218,11703164230,0.031112373,11.291986
11703164218,11703164231,0.032173842,11.677238
11703164218,11703164232,0.0,0.0
11703164218,11703164233,0.090610206,32.88625
11703164218,11703164521,0.0,0.0
11703164218,11703164704,0.0,0.0
11703164218,11703164720,0.12004244,43.568443
11703164218,11703164722,0.0,0.0
11703164219,11703133625,0.0,0.0
11703164219,11703133626,0.0,0.0
11703164219,11703133629,0.023516,8.533706
11703164219,11703133630,0.0,0.0
11703164219,11703133632,0.0,0.0
11703164219,11703133634,0.011870086,4.307528
11703164219,11703164202,0.0,0.0
11703164219,11703164204,0.0,0.0
11703164219,11703164215,0.0,0.0
11703164219,11703164219,0.0,0.0
11703164219,11703164220,0.088427365,32.089348
11703164219,11703164221,0.0,0.0
11703164219,11703164222,0.28109354,102.00585
11703164219,11703164223,0.0,0.0
11703164219,11703164229,0.0,0.0
11703164219,11703164716,0.0,0.0
11703164219,11703164725,0.0,0.0
11703164219,11703164726,0.0,0.0
11703164219,11703164728,0.079265416,28.764574
11703164219,11703164731,0.058615983,21.271116
11703164219,11801134201,0.0,0.0
11703164219,11801134514,0.0,0.0
11703164219,11801134515,0.0,0.0
11703164219,11801134532,0.0,0.0
11703164219,11801134535,0.0,0.0
11703164219,11802156405,0.0,0.0
11703164219,11802156412,0.26218563,95.14437
11703164219,11802156416,0.05058652,18.35731
11703164219,11802156424,0.1444394,52.41552
11703164220,11703133625,0.0,0.0
11703164220,11703133626,0.0,0.0
11703164220,11703133628,0.0,0.0
11703164220,11703133629,0.0,0.0
11703164220,11703133630,0.0,0.0
11703164220,11703133632,0.0,0.0
11703164220,11703133634,0.0,0.0
11703164220,11703133636,0.0,0.0
11703164220,11703164202,0.0,0.0
11703164220,11703164204,0.0,0.0
11703164220,11703164215,0.0,0.0
11703164220,11703164219,0.15474364,52.609978
11703164220,11703164220,0.0,0.0
11703164220,11703164221,0.03294763,11.201585
11703164220,11703164222,0.0,0.0
11703164220,11703164223,0.0,0.0
11703164220,11703164229,0.0,0.0
11703164220,11703164716,0.0,0.0
11703164220,11703164725,0.0,0.0
11703164220,11703164726,0.0,0.0
11703164220,11703164728,0.09285542,31.569126
11703164220,11703164731,0.08160898,27.745544
11703164220,11801134201,0.0,0.0
11703164220,11801134514,0.0,0.0
11703164220,11801134515,0.1513389,51.45243
11703164220,11801134532,0.0,0.0
11703164220,11801134535,0.0,0.0
11703164220,11802156405,0.0,0.0
11703164220,11802156412,0.27828738,94.612564
11703164220,11802156416,0.0,0.0
11703164220,11802156424,0.20821795,70.79025
11703164221,11703133602,0.0,0.0
11703164221,11703133625,0.0,0.0
11703164221,11703133626,0.008201569,2.9329498
11703164221,11703133628,0.0,0.0
11703164221,11703133629,0.0,0.0
11703164221,11703133630,0.0,0.0
11703164221,11703133631,0.0,0.0
11703164221,11703133632,0.0,0.0
11703164221,11703133634,0.0,0.0
11703164221,11703133636,0.0,0.0
11703164221,11703164202,0.0,0.0
11703164221,11703164215,0.0,0.0
11703164221,11703164219,0.0,0.0
11703164221,11703164220,0.0,0.0
11703164221,11703164221,0.0,0.0
11703164221,11703164222,0.0,0.0
11703164221,11703164223,0.0,0.0
11703164221,11703164229,0.0,0.0
11703164221,11703164725,0.021057814,7.530451
11703164221,11703164726,0.0,0.0
11703164221,11703164728,0.14299104,51.134792
11703164221,11703164731,0.06422272,22.966583
11703164221,11801134514,0.22108695,79.062546
11703164221,11801134515,0.20551696,73.49458
11703164221,11801134532,0.0,0.0
11703164221,11801134535,0.0,0.0
11703164221,11802156405,0.0,0.0
11703164221,11802156412,0.23825929,85.203514
11703164221,11802156416,0.0,0.0
11703164221,11802156424,0.0986636,35.28293
11703164222,11703133625,0.0,0.0
11703164222,11703133626,0.04936552,15.196573
11703164222,11703133629,0.17354321,53.42316
11703164222,11703133630,0.0,0.0
11703164222,11703133632,0.0,0.0
11703164222,11703133634,0.0,0.0
11703164222,11703164202,0.0,0.0
11703164222,11703164204,0.0,0.0
11703164222,11703164215,0.0,0.0
11703164222,11703164219,0.21691799,66.77556
11703164222,11703164220,0.0,0.0
11703164222,11703164221,0.0,0.0
11703164222,11703164222,0.1424905,43.863964
11703164222,11703164223,0.0,0.0
11703164222,11703164229,0.0,0.0
11703164222,11703164713,0.0,0.0
11703164222,11703164716,0.0,0.0
11703164222,11703164725,0.0,0.0
11703164222,11703164726,0.04533434,13.955624
11703164222,11703164728,0.06288993,19.3599
11703164222,11703164729,0.0,0.0
11703164222,11703164731,0.0,0.0
11703164222,11801134201,0.0,0.0
11703164222,11801134514,0.0,0.0
11703164222,11801134515,0.0,0.0
11703164222,11801134532,0.093004465,28.63029
11703164222,11801134535,0.0,0.0
11703164222,11802156405,0.0,0.0
11703164222,11802156412,0.11017394,33.915703
11703164222,11802156416,0.03521502,10.840514
11703164222,11802156424,0.07106495,21.876478
11703164223,11703133602,0.0,0.0
11703164223,11703133606,0.012525469,5.1025844
11703164223,11703133609,0.16314295,66.46064
11703164223,11703133626,0.0,0.0
11703164223,11703133628,0.13433167,54.723595
11703164223,11703133629,0.0,0.0
11703164223,11703133631,0.0,0.0
11703164223,11703133636,0.0,0.0
11703164223,11703164202,0.062925726,25.634476
11703164223,11703164204,0.0,0.0
11703164223,11703164215,0.10995677,44.793827
11703164223,11703164216,0.0,0.0
11703164223,11703164217,0.0,0.0
11703164223,11703164219,0.040144116,16.353777
11703164223,11703164220,0.00819698,3.3392587
11703164223,11703164221,0.007235676,2.947646
11703164223,11703164222,0.011326045,4.613967
11703164223,11703164223,0.0,0.0
11703164223,11703164229,0.18333426,74.68611
11703164223,11703164232,0.0,0.0
11703164223,11703164716,0.019858032,8.0897
11703164223,11703164722,0.010765284,4.385526
11703164223,11703164726,0.23625699,96.24559
11703164223,11801134514,0.0,0.0
11703164224,11703133601,0.0,0.0
11703164224,11703133608,0.0,0.0
11703164224,11703133623,0.0,0.0
11703164224,11703133633,0.0,0.0
11703164224,11703163804,0.0,0.0
11703164224,11703163813,0.0,0.0
11703164224,11703163901,0.22882915,80.48493
11703164224,11703163902,0.0,0.0
11703164224,11703163903,0.0,0.0
11703164224,11703163906,0.0,0.0
11703164224,11703163907,0.0,0.0
11703164224,11703163908,0.0,0.0
11703164224,11703163915,0.0,0.0
11703164224,11703164201,0.0,0.0
11703164224,11703164205,0.0,0.0
11703164224,11703164207,0.0,0.0
11703164224,11703164208,0.57504654,202.25826
11703164224,11703164209,0.06819582,23.986176
11703164224,11703164210,0.12792844,44.99563
11703164224,11703164211,0.0,0.0
11703164224,11703164212,0.0,0.0
11703164224,11703164213,0.0,0.0
11703164224,11703164214,0.0,0.0
11703164224,11703164218,0.0,0.0
11703164224,11703164224,0.0,0.0
11703164224,11703164226,0.0,0.0
11703164224,11703164227,0.0,0.0
11703164224,11703164230,0.0,0.0
11703164224,11703164231,0.0,0.0
11703164224,11703164233,0.0,0.0
11703164224,11703164521,0.0,0.0
11703164225,11703164201,0.31734586,73.455864
11703164225,11703164202,0.0,0.0
11703164225,11703164205,0.47616887,110.21854
11703164225,11703164216,0.0,0.0
11703164225,11703164217,0.0,0.0
11703164225,11703164218,0.0,0.0
11703164225,11703164225,0.040204585,9.306132
11703164225,11703164228,0.0,0.0
11703164225,11703164229,0.0,0.0
11703164225,11703164231,0.0,0.0
11703164225,11703164232,0.16628069,38.488895
11703164225,11703164704,0.0,0.0
11703164225,11703164720,0.0,0.0
11703164225,11703164722,0.0,0.0
11703164226,11703133601,0.0,0.0
11703164226,11703133608,0.0,0.0
11703164226,11703133623,0.0,0.0
11703164226,11703133633,0.025062144,8.397695
11703164226,11703163901,0.0,0.0
11703164226,11703164201,0.26261884,87.99697
11703164226,11703164205,0.091792166,30.757248
11703164226,11703164208,0.0,0.0
11703164226,11703164210,0.0,0.0
11703164226,11703164211,0.08247721,27.63604
11703164226,11703164213,0.0,0.0
11703164226,11703164214,0.0,0.0
11703164226,11703164218,0.0,0.0
11703164226,11703164224,0.08979553,30.088224
11703164226,11703164226,0.0,0.0
11703164226,11703164227,0.2002117,67.08591
11703164226,11703164230,0.09214896,30.8768
11703164226,11703164231,0.0,0.0
11703164226,11703164233,0.0,0.0
11703164226,11703164521,0.15589339,52.235954
11703164227,11703133601,0.0,0.0
11703164227,11703133607,0.0,0.0
11703164227,11703133608,0.0,0.0
11703164227,11703133623,0.09508875,54.072163
11703164227,11703133633,0.0,0.0
11703164227,11703133635,0.0,0.0
11703164227,11703163901,0.0,0.0
11703164227,11703164201,0.40334496,229.36188
11703164227,11703164205,0.0,0.0
11703164227,11703164208,0.0,0.0
11703164227,11703164211,0.0,0.0
11703164227,11703164213,0.0,0.0
11703164227,11703164214,0.0,0.0
11703164227,11703164218,0.37088493,210.90349
11703164227,11703164224,0.0,0.0
11703164227,11703164226,0.0,0.0
11703164227,11703164227,0.0,0.0
11703164227,11703164228,0.0,0.0
11703164227,11703164230,0.13068137,74.31188
11703164227,11703164231,0.0,0.0
11703164227,11703164233,0.0,0.0
11703164227,11703164521,0.0,0.0
11703164228,11703133601,0.0,0.0
11703164228,11703133606,0.1037913,40.874474
11703164228,11703133607,0.18248016,71.86326
11703164228,11703133608,0.107029974,42.14991
11703164228,11703133609,0.0,0.0
11703164228,11703133633,0.0,0.0
11703164228,11703133635,0.0,0.0
11703164228,11703133636,0.0,0.0
11703164228,11703164201,0.0,0.0
11703164228,11703164205,0.1520313,59.87207
11703164228,11703164216,0.084873736,33.424473
11703164228,11703164217,0.07368076,29.016521
11703164228,11703164218,0.16740662,65.927086
11703164228,11703164225,0.0,0.0
11703164228,11703164227,0.0,0.0
11703164228,11703164228,0.0,0.0
11703164228,11703164229,0.0,0.0
11703164228,11703164231,0.0,0.0
11703164228,11703164232,0.0,0.0
11703164228,11703164704,0.0,0.0
11703164228,11703164720,0.0,0.0
11703164228,11703164722,0.12870622,50.68632
11703164229,11703133602,0.0,0.0
11703164229,11703133606,0.0,0.0
11703164229,11703133609,0.0,0.0
11703164229,11703133626,0.0,0.0
11703164229,11703133628,0.0,0.0
11703164229,11703133631,0.0,0.0
11703164229,11703133636,0.0,0.0
11703164229,11703164202,0.07885289,40.14736
11703164229,11703164204,0.0,0.0
11703164229,11703164205,0.17772588,90.48781
11703164229,11703164215,0.012158006,6.1901584
11703164229,11703164216,0.21739206,110.68355
11703164229,11703164217,0.13604847,69.26806
11703164229,11703164219,0.058832973,29.95437
11703164229,11703164220,0.0,0.0
11703164229,11703164221,0.0,0.0
11703164229,11703164222,0.09406415,47.89206
11703164229,11703164223,0.1032438,52.56581
11703164229,11703164225,0.0,0.0
11703164229,11703164228,0.0,0.0
11703164229,11703164229,0.0,0.0
11703164229,11703164232,0.055197835,28.103567
11703164229,11703164704,0.0,0.0
11703164229,11703164716,0.0,0.0
11703164229,11703164722,0.0,0.0
11703164229,11703164726,0.066483825,33.849743
11703164230,11703133009,0.050070465,16.855558
11703164230,11703133010,0.307427,103.49122
11703164230,11703133023,0.13449872,45.27721
11703164230,11703164201,0.114563584,38.56631
11703164230,11703164203,0.0,0.0
11703164230,11703164205,0.0,0.0
11703164230,11703164207,0.1837616,61.860905
11703164230,11703164208,0.0,0.0
11703164230,11703164209,0.09905243,33.34469
11703164230,11703164210,0.0,0.0
11703164230,11703164211,0.064199805,21.612013
11703164230,11703164213,0.0,0.0
11703164230,11703164214,0.0,0.0
11703164230,11703164218,0.012019157,4.04609
11703164230,11703164224,0.0,0.0
11703164230,11703164226,0.034407437,11.582808
11703164230,11703164227,0.0,0.0
11703164230,11703164230,0.0,0.0
11703164230,11703164231,0.0,0.0
11703164230,11703164233,0.0,0.0
11703164230,11703164718,0.0,0.0
11703164230,11703164732,0.0,0.0
11703164231,11703164201,0.040106684,13.934012
11703164231,11703164205,0.0,0.0
11703164231,11703164206,0.43622398,151.55455
11703164231,11703164208,0.0,0.0
11703164231,11703164211,0.0,0.0
11703164231,11703164213,0.18692929,64.943665
11703164231,11703164214,0.0,0.0
11703164231,11703164217,0.0,0.0
11703164231,11703164218,0.0,0.0
11703164231,11703164224,0.0,0.0
11703164231,11703164225,0.0,0.0
11703164231,11703164226,0.0,0.0
11703164231,11703164227,0.0,0.0
11703164231,11703164228,0.0,0.0
11703164231,11703164230,0.0,0.0
11703164231,11703164231,0.0,0.0
11703164231,11703164232,0.0,0.0
11703164231,11703164233,0.0,0.0
11703164231,11703164703,0.0,0.0
11703164231,11703164704,0.0,0.0
11703164231,11703164707,0.2014252,69.97989
11703164231,11703164711,0.0,0.0
11703164231,11703164718,0.0,0.0
11703164231,11703164720,0.06469709,22.477303
11703164231,11703164722,0.070617795,24.534296
11703164231,11703164724,0.0,0.0
11703164232,11703133636,0.29015177,85.18913
11703164232,11703164201,0.113559484,33.341286
11703164232,11703164202,0.15854305,46.54855
11703164232,11703164205,0.20593506,60.462936
11703164232,11703164215,0.0,0.0
11703164232,11703164216,0.0,0.0
11703164232,11703164217,0.0,0.0
11703164232,11703164218,0.0,0.0
11703164232,11703164223,0.0,0.0
11703164232,11703164225,0.0951263,27.929268
11703164232,11703164228,0.0,0.0
11703164232,11703164229,0.09818345,28.826855
11703164232,11703164231,0.0,0.0
11703164232,11703164232,0.0,0.0
11703164232,11703164704,0.0,0.0
11703164232,11703164710,0.0329805,9.68314
11703164232,11703164711,0.005520463,1.6208187
11703164232,11703164712,0.0,0.0
11703164232,11703164716,0.0,0.0
11703164232,11703164720,0.0,0.0
11703164232,11703164722,0.0,0.0
11703164232,11703164723,0.0,0.0
11703164233,11703133009,0.0,0.0
11703164233,11703163804,0.0,0.0
11703164233,11703163813,0.0,0.0
11703164233,11703163901,0.12780643,44.390663
11703164233,11703163903,0.0,0.0
11703164233,11703163906,0.0,0.0
11703164233,11703163907,0.0,0.0
11703164233,11703164201,0.0,0.0
11703164233,11703164203,0.03906259,13.567505
11703164233,11703164205,0.0,0.0
11703164233,11703164207,0.0,0.0
11703164233,11703164208,0.29000655,100.7272
11703164233,11703164209,0.11980134,41.61028
11703164233,11703164210,0.42332307,147.03168
11703164233,11703164211,0.0,0.0
11703164233,11703164212,0.0,0.0
11703164233,11703164213,0.0,0.0
11703164233,11703164214,0.0,0.0
11703164233,11703164218,0.0,0.0
11703164233,11703164224,0.0,0.0
11703164233,11703164226,0.0,0.0
11703164233,11703164227,0.0,0.0
11703164233,11703164230,0.0,0.0
11703164233,11703164231,0.0,0.0
11703164233,11703164233,0.0,0.0
11703164301,11703133043,0.0,0.0
11703164301,11703164301,0.0,0.0
11703164301,11703164302,0.0,0.0
11703164301,11703164304,0.0,0.0
11703164301,11703164305,0.0,0.0
11703164301,11703164306,0.11784479,45.740635
11703164301,11703164308,0.15876266,61.622623
11703164301,11703164309,0.0,0.0
11703164301,11703164310,0.063705295,24.726767
11703164301,11703164312,0.0,0.0
11703164301,11703164313,0.23468897,91.09289
11703164301,11703164314,0.0,0.0
11703164301,11703164316,0.0,0.0
11703164301,11703164317,0.0,0.0
11703164301,11703164321,0.0,0.0
11703164301,11703164801,0.0,0.0
11703164301,11703164809,0.18884948,73.30061
11703164301,11703164818,0.0,0.0
11703164301,11703164821,0.09489104,36.8313
11703164301,11703164826,0.0,0.0
11703164301,11703164827,0.14125773,54.828205
11703164302,11701163527,0.09688553,47.341404
11703164302,11701163542,0.21142784,103.31048
11703164302,11703133013,0.20767906,101.47871
11703164302,11703133018,0.0,0.0
11703164302,11703133020,0.0,0.0
11703164302,11703133035,0.0,0.0
11703164302,11703133038,0.0,0.0
11703164302,11703133043,0.0,0.0
11703164302,11703164301,0.0,0.0
11703164302,11703164302,0.0,0.0
11703164302,11703164304,0.0,0.0
11703164302,11703164305,0.0,0.0
11703164302,11703164310,0.05190733,25.3636
11703164302,11703164313,0.033396333,16.318527
11703164302,11703164316,0.0,0.0
11703164302,11703164317,0.0,0.0
11703164302,11703164705,0.019060701,9.313675
11703164302,11703164801,0.0,0.0
11703164302,11703164813,0.014809877,7.2365847
11703164302,11703164818,0.36483338,178.26938
11703164303,11701163404,0.0,0.0
11703164303,11701163407,0.0,0.0
11703164303,11701163410,0.0,0.0
11703164303,11701163415,0.0,0.0
11703164303,11701163420,0.0,0.0
11703164303,11701163424,0.0,0.0
11703164303,11701163542,0.33901572,233.59956
11703164303,11703133020,0.0,0.0
11703164303,11703133035,0.0,0.0
11703164303,11703133038,0.0,0.0
11703164303,11703133043,0.0,0.0
11703164303,11703164303,0.0,0.0
11703164303,11703164305,0.0,0.0
11703164303,11703164307,0.05373341,37.025127
11703164303,11703164309,0.031095326,21.426306
11703164303,11703164310,0.29740584,204.92818
11703164303,11703164316,0.0,0.0
11703164303,11703164317,0.0,0.0
11703164303,11703164320,0.18196785,125.38537
11703164303,11802156427,0.09678197,66.687836
11703164304,11701163527,0.0,0.0
11703164304,11701163542,0.0,0.0
11703164304,11703133013,0.32050848,116.33199
11703164304,11703133018,0.0,0.0
11703164304,11703133020,0.09079075,32.953476
11703164304,11703133035,0.042429447,15.400223
11703164304,11703133038,0.0,0.0
11703164304,11703133043,0.0,0.0
11703164304,11703164301,0.0,0.0
11703164304,11703164302,0.056126654,20.37177
11703164304,11703164304,0.0,0.0
11703164304,11703164308,0.072944045,26.475822
11703164304,11703164313,0.07951975,28.862545
11703164304,11703164317,0.0,0.0
11703164304,11703164705,0.0,0.0
11703164304,11703164801,0.0,0.0
11703164304,11703164808,0.0,0.0
11703164304,11703164809,0.0,0.0
11703164304,11703164813,0.021823049,7.9209094
11703164304,11703164818,0.20108324,72.98532
11703164304,11703164821,0.0,0.0
11703164304,11703164826,0.0,0.0
11703164304,11703164827,0.114774525,41.658646
11703164305,11701163407,0.0,0.0
11703164305,11701163410,0.0,0.0
11703164305,11701163415,0.0,0.0
11703164305,11701163424,0.0,0.0
11703164305,11701163542,0.0,0.0
11703164305,11703133020,0.18467769,72.17892
11703164305,11703133035,0.0,0.0
11703164305,11703133038,0.0,0.0
11703164305,11703133043,0.0,0.0
11703164305,11703164301,0.0,0.0
11703164305,11703164302,0.013942808,5.4493685
11703164305,11703164303,0.42350873,165.523
11703164305,11703164305,0.0,0.0
11703164305,11703164306,0.0,0.0
11703164305,11703164307,0.0,0.0
11703164305,11703164309,0.13227901,51.699562
11703164305,11703164310,0.0,0.0
11703164305,11703164313,0.19520578,76.293686
11703164305,11703164314,0.0,0.0
11703164305,11703164316,0.05038604,19.692741
11703164305,11703164317,0.0,0.0
11703164305,11703164320,0.0,0.0
11703164305,11703164321,0.0,0.0
11703164306,11703164301,0.3211287,124.87895
11703164306,11703164305,0.0,0.0
11703164306,11703164306,0.0,0.0
11703164306,11703164308,0.3307689,128.62779
11703164306,11703164309,0.0,0.0
11703164306,11703164310,0.16952011,65.92215
11703164306,11703164312,0.0,0.0
11703164306,11703164313,0.0,0.0
11703164306,11703164314,0.0,0.0
11703164306,11703164315,0.0,0.0
11703164306,11703164316,0.0,0.0
11703164306,11703164317,0.0,0.0
11703164306,11703164321,0.17858228,69.4462
11703164306,11703164801,0.0,0.0
11703164306,11703164826,0.0,0.0
11703164307,11701163404,0.0,0.0
11703164307,11701163410,0.0,0.0
11703164307,11701163420,0.0,0.0
11703164307,11703164303,0.15556157,51.841087
11703164307,11703164305,0.0,0.0
11703164307,11703164307,0.0,0.0
11703164307,11703164309,0.18334174,61.098866
11703164307,11703164310,0.079479635,26.486689
11703164307,11703164311,0.0,0.0
11703164307,11703164314,0.29303807,97.655304
11703164307,11703164315,0.04399234,14.660502
11703164307,11703164316,0.0,0.0
11703164307,11703164317,0.0,0.0
11703164307,11703164318,0.0,0.0
11703164307,11703164319,0.0,0.0
11703164307,11703164320,0.0,0.0
11703164307,11703164321,0.19309717,64.34988
11703164307,11703164826,0.0,0.0
11703164307,11802156402,0.0,0.0
11703164307,11802156427,0.051489532,17.15895
11703164308,11703164301,0.1945312,76.28034
11703164308,11703164304,0.0,0.0
11703164308,11703164306,0.0,0.0
11703164308,11703164308,0.0,0.0
11703164308,11703164309,0.0,0.0
11703164308,11703164310,0.0,0.0
11703164308,11703164311,0.0,0.0
11703164308,11703164312,0.19602454,76.86591
11703164308,11703164313,0.0,0.0
11703164308,11703164314,0.0,0.0
11703164308,11703164315,0.0,0.0
11703164308,11703164317,0.0,0.0
11703164308,11703164318,0.0,0.0
11703164308,11703164321,0.0,0.0
11703164308,11703164801,0.09795827,38.41178
11703164308,11703164802,0.07811791,30.6319
11703164308,11703164803,0.0,0.0
11703164308,11703164809,0.25935024,101.69743
11703164308,11703164815,0.0,0.0
11703164308,11703164817,0.0,0.0
11703164308,11703164818,0.0,0.0
11703164308,11703164821,0.048971236,19.202793
11703164308,11703164822,0.0,0.0
11703164308,11703164826,0.011848986,4.646271
11703164308,11703164827,0.113197505,44.38745
11703164309,11703164301,0.0,0.0
11703164309,11703164303,0.0,0.0
11703164309,11703164305,0.0,0.0
11703164309,11703164306,0.0,0.0
11703164309,11703164307,0.0,0.0
11703164309,11703164308,0.0,0.0
11703164309,11703164309,0.27456832,119.43683
11703164309,11703164310,0.2805022,122.01805
11703164309,11703164311,0.0,0.0
11703164309,11703164312,0.0,0.0
11703164309,11703164314,0.20252609,88.09856
11703164309,11703164315,0.0,0.0
11703164309,11703164316,0.040714383,17.7107
11703164309,11703164317,0.0,0.0
11703164309,11703164318,0.0,0.0
11703164309,11703164319,0.0,0.0
11703164309,11703164320,0.0031690001,1.3785105
11703164309,11703164321,0.19851995,86.35589
11703164309,11703164826,0.0,0.0
11703164309,11802156427,0.0,0.0
11703164310,11703133035,0.009086117,3.7177277
11703164310,11703133043,0.0,0.0
11703164310,11703164301,0.13858192,56.70297
11703164310,11703164302,0.028444216,11.638398
11703164310,11703164303,0.0,0.0
11703164310,11703164305,0.0,0.0
11703164310,11703164306,0.03604172,14.747037
11703164310,11703164307,0.0,0.0
11703164310,11703164308,0.0,0.0
11703164310,11703164309,0.24088232,98.56078
11703164310,11703164310,0.0,0.0
11703164310,11703164311,0.0,0.0
11703164310,11703164312,0.0,0.0
11703164310,11703164313,0.079064354,32.35042
11703164310,11703164314,0.19542007,79.95919
11703164310,11703164315,0.0,0.0
11703164310,11703164316,0.0,0.0
11703164310,11703164317,0.0,0.0
11703164310,11703164319,0.0,0.0
11703164310,11703164320,0.0,0.0
11703164310,11703164321,0.24944584,102.06468
11703164310,11703164801,0.023033425,9.424488
11703164311,11703164307,0.187731,85.321754
11703164311,11703164308,0.0,0.0
11703164311,11703164309,0.30391452,138.12595
11703164311,11703164310,0.0,0.0
11703164311,11703164311,0.06587097,29.93766
11703164311,11703164312,0.0,0.0
11703164311,11703164314,0.030399054,13.81605
11703164311,11703164315,0.14677784,66.70898
11703164311,11703164316,0.0,0.0
11703164311,11703164318,0.0,0.0
11703164311,11703164319,0.0,0.0
11703164311,11703164320,0.0,0.0
11703164311,11703164321,0.0,0.0
11703164311,11703164801,0.1746566,79.37958
11703164311,11703164802,0.0,0.0
11703164311,11703164803,0.0,0.0
11703164311,11703164815,0.0,0.0
11703164311,11703164817,0.0,0.0
11703164311,11703164821,0.00047275424,0.21486181
11703164311,11703164822,0.0,0.0
11703164311,11703164826,0.0,0.0
11703164311,11802156402,0.09017727,40.984615
11703164311,11802156427,0.0,0.0
11703164312,11703164301,0.0,0.0
11703164312,11703164306,0.0,0.0
11703164312,11703164308,0.21113878,74.94729
11703164312,11703164309,0.0,0.0
11703164312,11703164310,0.0,0.0
11703164312,11703164311,0.0,0.0
11703164312,11703164312,0.0,0.0
11703164312,11703164314,0.0,0.0
11703164312,11703164315,0.2796902,99.28078
11703164312,11703164318,0.0,0.0
11703164312,11703164321,0.26272082,93.25721
11703164312,11703164801,0.0,0.0
11703164312,11703164802,0.022384733,7.9458404
11703164312,11703164803,0.0,0.0
11703164312,11703164815,0.059247315,21.030838
11703164312,11703164817,0.0,0.0
11703164312,11703164821,0.0,0.0
11703164312,11703164822,0.0,0.0
11703164312,11703164826,0.16481817,58.505
11703164313,11703133020,0.0,0.0
11703164313,11703133043,0.0,0.0
11703164313,11703164301,0.13150078,72.64585
11703164313,11703164302,0.26090616,144.13412
11703164313,11703164304,0.16219562,89.602806
11703164313,11703164305,0.0,0.0
11703164313,11703164306,0.0,0.0
11703164313,11703164308,0.0,0.0
11703164313,11703164310,0.0,0.0
11703164313,11703164313,0.0,0.0
11703164313,11703164316,0.0,0.0
11703164313,11703164317,0.0,0.0
11703164313,11703164801,0.0,0.0
11703164313,11703164809,0.0,0.0
11703164313,11703164818,0.2826379,156.13953
11703164313,11703164821,0.16275954,89.91434
11703164313,11703164826,0.0,0.0
11703164313,11703164827,0.0,0.0
11703164314,11703164301,0.0,0.0
11703164314,11703164305,0.0,0.0
11703164314,11703164306,0.0,0.0
11703164314,11703164307,0.0,0.0
11703164314,11703164308,0.0,0.0
11703164314,11703164309,0.5335735,199.29724
11703164314,11703164310,0.1234203,46.099224
11703164314,11703164311,0.0,0.0
11703164314,11703164312,0.0,0.0
11703164314,11703164314,0.0,0.0
11703164314,11703164315,0.21001184,78.44239
11703164314,11703164316,0.0,0.0
11703164314,11703164317,0.0,0.0
11703164314,11703164318,0.0,0.0
11703164314,11703164319,0.0,0.0
11703164314,11703164321,0.13299423,49.675224
11703164314,11703164826,0.0,0.0
11703164315,11703164306,0.0,0.0
11703164315,11703164307,0.0,0.0
11703164315,11703164308,0.0,0.0
11703164315,11703164309,0.0,0.0
11703164315,11703164310,0.0,0.0
11703164315,11703164311,0.0,0.0
11703164315,11703164312,0.2715137,110.38931
11703164315,11703164314,0.23816222,96.8296
11703164315,11703164315,0.0,0.0
11703164315,11703164318,0.0,0.0
11703164315,11703164319,0.0,0.0
11703164315,11703164321,0.22110808,89.8959
11703164315,11703164801,0.0,0.0
11703164315,11703164802,0.26921606,109.45516
11703164315,11703164803,0.0,0.0
11703164315,11703164815,0.0,0.0
11703164315,11703164817,0.0,0.0
11703164315,11703164821,0.0,0.0
11703164315,11703164822,0.0,0.0
11703164315,11703164826,0.0,0.0
11703164316,11701163404,0.0,0.0
11703164316,11701163407,0.0,0.0
11703164316,11701163410,0.0,0.0
11703164316,11701163415,0.0,0.0
11703164316,11701163420,0.0,0.0
11703164316,11701163424,0.0,0.0
11703164316,11703133035,0.0,0.0
11703164316,11703133043,0.0,0.0
11703164316,11703164301,0.19546363,84.29158
11703164316,11703164302,0.082891434,35.746037
11703164316,11703164303,0.0,0.0
11703164316,11703164305,0.0,0.0
11703164316,11703164306,0.12685892,54.70654
11703164316,11703164307,0.0,0.0
11703164316,11703164309,0.0,0.0
11703164316,11703164310,0.0,0.0
11703164316,11703164311,0.0,0.0
11703164316,11703164313,0.23396513,100.894936
11703164316,11703164314,0.2822493,121.716965
11703164316,11703164316,0.0,0.0
11703164316,11703164317,0.0,0.0
11703164316,11703164319,0.0,0.0
11703164316,11703164320,0.0,0.0
11703164316,11703164321,0.07857165,33.883175
11703164316,11802156427,0.0,0.0
11703164317,11703133020,0.29512343,109.71883
11703164317,11703133035,0.0,0.0
11703164317,11703133038,0.0,0.0
11703164317,11703133043,0.0,0.0
11703164317,11703164301,0.06761107,25.135948
11703164317,11703164302,0.030527443,11.349269
11703164317,11703164303,0.0,0.0
11703164317,11703164304,0.0,0.0
11703164317,11703164305,0.0,0.0
11703164317,11703164306,0.0,0.0
11703164317,11703164307,0.0,0.0
11703164317,11703164308,0.0,0.0
11703164317,11703164309,0.0,0.0
11703164317,11703164310,0.091783375,34.12255
11703164317,11703164313,0.105109304,39.076767
11703164317,11703164314,0.0,0.0
11703164317,11703164316,0.0,0.0
11703164317,11703164317,0.050573677,18.80191
11703164317,11703164320,0.0,0.0
11703164317,11703164321,0.0,0.0
11703164317,11703164801,0.35927162,133.56737
11703164318,11701163404,0.0,0.0
11703164318,11701163420,0.0,0.0
11703164318,11703164307,0.0,0.0
11703164318,11703164308,0.0,0.0
11703164318,11703164309,0.0,0.0
11703164318,11703164311,0.23767638,78.29209
11703164318,11703164312,0.0,0.0
11703164318,11703164314,0.0,0.0
11703164318,11703164315,0.0,0.0
11703164318,11703164318,0.64422214,212.21082
11703164318,11703164319,0.0,0.0
11703164318,11703164320,0.0,0.0
11703164318,11703164801,0.088835955,29.26312
11703164318,11703164802,0.0,0.0
11703164318,11703164803,0.0,0.0
11703164318,11703164815,0.0,0.0
11703164318,11703164817,0.0,0.0
11703164318,11703164821,0.0,0.0
11703164318,11703164822,0.0,0.0
11703164318,11703164826,0.0,0.0
11703164318,11802156402,0.0,0.0
11703164318,11802156416,0.029265404,9.640208
11703164318,11802156427,0.0,0.0
11703164319,11701163404,0.0,0.0
11703164319,11701163420,0.1952815,67.78705
11703164319,11703164307,0.0,0.0
11703164319,11703164309,0.29266107,101.58991
11703164319,11703164310,0.0,0.0
11703164319,11703164311,0.0,0.0
11703164319,11703164314,0.0,0.0
11703164319,11703164315,0.0,0.0
11703164319,11703164316,0.103737116,36.009724
11703164319,11703164318,0.0,0.0
11703164319,11703164319,0.40832037,141.73811
11703164319,11703164320,0.0,0.0
11703164319,11703164321,0.0,0.0
11703164319,11703164822,0.0,0.0
11703164319,11703164826,0.0,0.0
11703164319,11802156402,0.0,0.0
11703164319,11802156427,0.0,0.0
11703164320,11701163404,0.0,0.0
11703164320,11701163407,0.0,0.0
11703164320,11701163410,0.0,0.0
11703164320,11701163415,0.0,0.0
11703164320,11701163420,0.0,0.0
11703164320,11701163424,0.0,0.0
11703164320,11703133035,0.0,0.0
11703164320,11703164303,0.0999127,42.8278
11703164320,11703164305,0.0,0.0
11703164320,11703164307,0.0,0.0
11703164320,11703164309,0.11176473,47.908195
11703164320,11703164310,0.25780272,110.507706
11703164320,11703164311,0.0,0.0
11703164320,11703164316,0.07411128,31.767963
11703164320,11703164317,0.0,0.0
11703164320,11703164318,0.0,0.0
11703164320,11703164319,0.0,0.0
11703164320,11703164320,0.0,0.0
11703164320,11802156402,0.0,0.0
11703164320,11802156427,0.45640844,195.64047
11703164321,11703164301,0.0,0.0
11703164321,11703164305,0.0,0.0
11703164321,11703164306,0.104228914,43.4012
11703164321,11703164307,0.0,0.0
11703164321,11703164308,0.15281528,63.632694
11703164321,11703164309,0.079107106,32.94041
11703164321,11703164310,0.20741838,86.36957
11703164321,11703164311,0.0,0.0
11703164321,11703164312,0.07768214,32.34705
11703164321,11703164314,0.2521624,105.0011
11703164321,11703164315,0.09681159,40.312607
11703164321,11703164316,0.0,0.0
11703164321,11703164317,0.0,0.0
11703164321,11703164319,0.0,0.0
11703164321,11703164321,0.029774249,12.398077
11703164321,11703164801,0.0,0.0
11703164321,11703164826,0.0,0.0
11703164401,11703164401,0.0,0.0
11703164401,11703164403,0.0,0.0
11703164401,11703164404,0.33291698,139.24892
11703164401,11703164406,0.0,0.0
11703164401,11703164408,0.0,0.0
11703164401,11703164409,0.0,0.0
11703164401,11703164411,0.0,0.0
11703164401,11703164412,0.0,0.0
11703164401,11703164415,0.19571495,81.861534
11703164401,11703164417,0.0,0.0
11703164401,11703164421,0.19489908,81.52028
11703164401,11703164423,0.0,0.0
11703164401,11703164429,0.276469,115.638466
11703164402,11703132905,0.0,0.0
11703164402,11703132909,0.0,0.0
11703164402,11703132915,0.0,0.0
11703164402,11703132916,0.0,0.0
11703164402,11703132917,0.0,0.0
11703164402,11703132918,0.3330217,252.86258
11703164402,11703132919,0.0,0.0
11703164402,11703132920,0.0,0.0
11703164402,11703133318,0.0,0.0
11703164402,11703133319,0.0,0.0
11703164402,11703133320,0.0,0.0
11703164402,11703133328,0.0,0.0
11703164402,11703133614,0.0,0.0
11703164402,11703133617,0.29710132,225.58832
11703164402,11703133618,0.0674873,51.242947
11703164402,11703133619,0.0,0.0
11703164402,11703133620,0.0,0.0
11703164402,11703133622,0.0,0.0
11703164402,11703133640,6.109476e-05,0.046389107
11703164402,11703164402,0.0,0.0
11703164402,11703164403,0.0,0.0
11703164402,11703164407,0.0,0.0
11703164402,11703164410,0.0,0.0
11703164402,11703164412,0.0,0.0
11703164402,11703164414,0.0,0.0
11703164402,11703164418,0.0,0.0
11703164402,11703164423,0.0,0.0
11703164402,11703164425,0.0,0.0
11703164402,11703164428,0.0,0.0
11703164402,11703164502,0.011104643,8.431729
11703164402,11703164504,0.0,0.0
11703164402,11703164507,0.123815596,94.012886
11703164402,11703164509,0.0,0.0
11703164402,11703164512,0.0,0.0
11703164402,11703164519,0.16740829,127.11271
11703164402,11703164521,0.0,0.0
11703164402,11703164527,0.0,0.0
11703164402,11703164528,0.0,0.0
11703164402,11703164534,0.0,0.0
11703164403,11703133318,0.13206193,115.19177
11703164403,11703133319,0.0,0.0
11703164403,11703133320,0.0,0.0
11703164403,11703133325,0.07862845,68.584114
11703164403,11703133326,0.003192991,2.7851048
11703164403,11703133328,0.0,0.0
11703164403,11703164401,0.0,0.0
11703164403,11703164402,0.0,0.0
11703164403,11703164403,0.0,0.0
11703164403,11703164405,0.28951767,252.53345
11703164403,11703164406,0.19572005,170.71794
11703164403,11703164408,0.0,0.0
11703164403,11703164409,0.16219452,141.4751
11703164403,11703164410,0.0,0.0
11703164403,11703164411,0.075072795,65.48267
11703164403,11703164412,0.0,0.0
11703164403,11703164413,0.0,0.0
11703164403,11703164415,0.0,0.0
11703164403,11703164416,0.0063481927,5.5372477
11703164403,11703164417,0.057263464,49.948383
11703164403,11703164418,0.0,0.0
11703164403,11703164421,0.0,0.0
11703164403,11703164423,0.0,0.0
11703164403,11703164428,0.0,0.0
11703164403,11703164429,0.0,0.0
11703164404,11703164401,0.017025948,5.260052
11703164404,11703164404,0.33470362,103.40444
11703164404,11703164405,0.0,0.0
11703164404,11703164406,0.0,0.0
11703164404,11703164408,0.0,0.0
11703164404,11703164411,0.3211738,99.22449
11703164404,11703164415,0.16769677,51.808796
11703164404,11703164421,0.0,0.0
11703164404,11703164424,0.0,0.0
11703164404,11703164426,0.0,0.0
11703164404,11703164429,0.15939981,49.245502
11703164405,11703164403,0.0,0.0
11703164405,11703164404,0.0,0.0
11703164405,11703164405,0.39329997,207.38861
11703164405,11703164406,0.0,0.0
11703164405,11703164408,0.3998653,210.85052
11703164405,11703164410,0.0,0.0
11703164405,11703164411,0.0041299164,2.177721
11703164405,11703164413,0.0,0.0
11703164405,11703164415,0.0,0.0
11703164405,11703164416,0.20270482,106.88704
11703164405,11703164420,0.0,0.0
11703164405,11703164421,0.0,0.0
11703164405,11703164424,0.0,0.0
11703164405,11703164426,0.0,0.0
11703164405,11703164429,0.0,0.0
11703164406,11703164401,0.0,0.0
11703164406,11703164403,0.0,0.0
11703164406,11703164404,0.0,0.0
11703164406,11703164405,0.030739784,14.771559
11703164406,11703164406,0.4215291,202.55972
11703164406,11703164408,0.0,0.0
11703164406,11703164409,0.21101683,101.40109
11703164406,11703164411,0.21670467,104.1343
11703164406,11703164412,0.0,0.0
11703164406,11703164415,0.0,0.0
11703164406,11703164417,0.12000972,57.668938
11703164406,11703164420,0.0,0.0
11703164406,11703164421,0.0,0.0
11703164406,11703164423,0.0,0.0
11703164406,11703164424,0.0,0.0
11703164406,11703164426,0.0,0.0
11703164406,11703164429,0.0,0.0
11703164407,11703164105,0.0385966,29.244864
11703164407,11703164115,0.0,0.0
11703164407,11703164117,0.0,0.0
11703164407,11703164119,0.0,0.0
11703164407,11703164123,0.0,0.0
11703164407,11703164125,0.0,0.0
11703164407,11703164402,0.0,0.0
11703164407,11703164407,0.0,0.0
11703164407,11703164412,0.0,0.0
11703164407,11703164414,0.0,0.0
11703164407,11703164417,0.0,0.0
11703164407,11703164418,0.0,0.0
11703164407,11703164423,0.0,0.0
11703164407,11703164425,0.025883406,19.612003
11703164407,11703164428,0.0,0.0
11703164407,11703164501,0.3967845,300.64587
11703164407,11703164503,0.0,0.0
11703164407,11703164504,0.0,0.0
11703164407,11703164506,0.0,0.0
11703164407,11703164507,0.0,0.0
11703164407,11703164508,0.0,0.0
11703164407,11703164509,0.0,0.0
11703164407,11703164510,0.0,0.0
11703164407,11703164511,0.0,0.0
11703164407,11703164512,0.0,0.0
11703164407,11703164513,0.0,0.0
11703164407,11703164515,0.0,0.0
11703164407,11703164516,0.0,0.0
11703164407,11703164520,0.0,0.0
11703164407,11703164524,0.0,0.0
11703164407,11703164526,0.13343069,101.1012
11703164407,11703164527,0.0,0.0
11703164407,11703164530,0.0,0.0
11703164407,11703164532,0.40530476,307.1017
11703164407,11703164533,0.0,0.0
11703164407,11703164604,0.0,0.0
11703164407,11703164610,0.0,0.0
11703164407,11703164613,0.0,0.0
11703164408,11703164401,0.0,0.0
11703164408,11703164403,0.0,0.0
11703164408,11703164404,0.0,0.0
11703164408,11703164405,0.1541444,61.68308
11703164408,11703164406,0.0,0.0
11703164408,11703164408,0.08165783,32.676544
11703164408,11703164409,0.11504543,46.037067
11703164408,11703164410,0.0,0.0
11703164408,11703164411,0.07816321,31.27812
11703164408,11703164412,0.0,0.0
11703164408,11703164413,0.0,0.0
11703164408,11703164415,0.0,0.0
11703164408,11703164416,0.36338592,145.41405
11703164408,11703164417,0.0,0.0
11703164408,11703164418,0.0,0.0
11703164408,11703164420,0.2076031,83.07534
11703164408,11703164421,0.0,0.0
11703164408,11703164423,0.0,0.0
11703164408,11703164424,0.0,0.0
11703164408,11703164426,0.0,0.0
11703164408,11703164429,0.0,0.0
11703164409,11703164401,0.0,0.0
11703164409,11703164403,0.0,0.0
11703164409,11703164406,0.20990911,122.105286
11703164409,11703164408,0.0,0.0
11703164409,11703164409,0.0,0.0
11703164409,11703164411,0.22522941,131.0172
11703164409,11703164412,0.0,0.0
11703164409,11703164415,0.0,0.0
11703164409,11703164417,0.0,0.0
11703164409,11703164421,0.027412802,15.9461775
11703164409,11703164422,0.0,0.0
11703164409,11703164423,0.0,0.0
11703164409,11703164425,0.095234185,55.39825
11703164409,11703164426,0.4422144,257.23856
11703164409,11703164429,0.0,0.0
11703164410,11703133317,0.032378554,5.5953293
11703164410,11703133318,0.0,0.0
11703164410,11703133319,0.0,0.0
11703164410,11703133320,0.0,0.0
11703164410,11703133321,0.0,0.0
11703164410,11703133322,0.15489352,26.767109
11703164410,11703133323,0.0,0.0
11703164410,11703133324,0.0,0.0
11703164410,11703133325,0.08282411,14.312813
11703164410,11703133326,0.19529164,33.7483
11703164410,11703133327,0.0,0.0
11703164410,11703133328,0.0,0.0
11703164410,11703164402,0.0,0.0
11703164410,11703164403,0.0,0.0
11703164410,11703164405,0.401847,69.44308
11703164410,11703164408,0.13276517,22.943115
11703164410,11703164410,0.0,0.0
11703164410,11703164412,0.0,0.0
11703164410,11703164413,0.0,0.0
11703164410,11703164416,0.0,0.0
11703164410,11703164418,0.0,0.0
11703164410,11703164421,0.0,0.0
11703164410,11703164428,0.0,0.0
11703164411,11703164401,0.0,0.0
11703164411,11703164403,0.0,0.0
11703164411,11703164404,0.0,0.0
11703164411,11703164405,0.0,0.0
11703164411,11703164406,0.022191584,11.80539
11703164411,11703164408,0.0,0.0
11703164411,11703164409,0.5112336,271.96402
11703164411,11703164411,0.0,0.0
11703164411,11703164413,0.1582498,84.1851
11703164411,11703164415,0.0,0.0
11703164411,11703164416,0.308325,164.0215
11703164411,11703164420,0.0,0.0
11703164411,11703164421,0.0,0.0
11703164411,11703164424,0.0,0.0
11703164411,11703164426,0.0,0.0
11703164411,11703164429,0.0,0.0
11703164412,11703133318,0.07803711,66.25396
11703164412,11703133319,0.0,0.0
11703164412,11703133320,0.0,0.0
11703164412,11703133328,0.0,0.0
11703164412,11703164401,0.0,0.0
11703164412,11703164402,0.0,0.0
11703164412,11703164403,0.0,0.0
11703164412,11703164406,0.43098977,365.91278
11703164412,11703164407,0.0,0.0
11703164412,11703164408,0.0,0.0
11703164412,11703164409,0.21880144,185.76367
11703164412,11703164410,0.0,0.0
11703164412,11703164412,0.016916007,14.361787
11703164412,11703164414,0.0,0.0
11703164412,11703164415,0.0,0.0
11703164412,11703164416,0.08165729,69.32751
11703164412,11703164417,0.0,0.0
11703164412,11703164418,0.078392714,66.55586
11703164412,11703164421,0.0,0.0
11703164412,11703164422,0.0,0.0
11703164412,11703164423,0.0,0.0
11703164412,11703164425,0.008609384,7.309417
11703164412,11703164428,0.0,0.0
11703164412,11703164429,0.08659631,73.52077
11703164413,11703133325,0.06301105,50.87066
11703164413,11703133326,0.14297569,115.428444
11703164413,11703133328,0.03562045,28.75743
11703164413,11703164403,0.0,0.0
11703164413,11703164405,0.03141451,25.361849
11703164413,11703164408,0.29471678,237.93344
11703164413,11703164410,0.0,0.0
11703164413,11703164411,0.07239801,58.449024
11703164413,11703164413,0.28677183,231.51927
11703164413,11703164415,0.0,0.0
11703164413,11703164416,0.0,0.0
11703164413,11703164418,0.0,0.0
11703164413,11703164420,0.0,0.0
11703164413,11703164421,0.073091805,59.009144
11703164413,11703164424,0.0,0.0
11703164414,11703132915,0.0,0.0
11703164414,11703132916,0.0,0.0
11703164414,11703132918,0.12540703,92.56763
11703164414,11703133318,0.0,0.0
11703164414,11703133622,0.0,0.0
11703164414,11703164402,0.08379251,61.85039
11703164414,11703164407,0.0,0.0
11703164414,11703164412,0.0,0.0
11703164414,11703164414,0.0,0.0
11703164414,11703164417,0.0,0.0
11703164414,11703164418,0.0,0.0
11703164414,11703164423,0.2607433,192.4644
11703164414,11703164425,0.2996549,221.18652
11703164414,11703164428,0.029958874,22.11377
11703164414,11703164502,0.0,0.0
11703164414,11703164504,0.0,0.0
11703164414,11703164507,0.0,0.0
11703164414,11703164508,0.0,0.0
11703164414,11703164509,0.0,0.0
11703164414,11703164510,0.0,0.0
11703164414,11703164511,0.0,0.0
11703164414,11703164512,0.0,0.0
11703164414,11703164520,0.0,0.0
11703164414,11703164526,0.0,0.0
11703164414,11703164527,0.0,0.0
11703164414,11703164528,0.0,0.0
11703164414,11703164530,0.06756529,49.87248
11703164414,11703164532,0.13287817,98.08236
11703164414,11703164533,0.0,0.0
11703164415,11703164401,0.0,0.0
11703164415,11703164403,0.0,0.0
11703164415,11703164404,0.18045367,53.134094
11703164415,11703164405,0.0,0.0
11703164415,11703164406,0.0,0.0
11703164415,11703164408,0.16996893,50.046894
11703164415,11703164409,0.0,0.0
11703164415,11703164411,0.26216266,77.193085
11703164415,11703164412,0.0,0.0
11703164415,11703164413,0.0,0.0
11703164415,11703164415,0.17617723,51.87491
11703164415,11703164416,0.0,0.0
11703164415,11703164417,0.21123746,62.1983
11703164415,11703164421,0.0,0.0
11703164415,11703164423,0.0,0.0
11703164415,11703164424,0.0,0.0
11703164415,11703164426,0.0,0.0
11703164415,11703164429,0.0,0.0
11703164416,11703133325,0.0,0.0
11703164416,11703133326,0.0,0.0
11703164416,11703133328,0.0,0.0
11703164416,11703164403,0.21372932,131.53638
11703164416,11703164405,0.0,0.0
11703164416,11703164408,0.0,0.0
11703164416,11703164410,0.0,0.0
11703164416,11703164411,0.103482544,63.686718
11703164416,11703164412,0.0,0.0
11703164416,11703164413,0.3607096,221.9931
11703164416,11703164415,0.0,0.0
11703164416,11703164416,0.32207853,198.2182
11703164416,11703164418,0.0,0.0
11703164416,11703164421,0.0,0.0
11703164417,11703164401,0.0,0.0
11703164417,11703164403,0.112695664,60.74901
11703164417,11703164406,0.3638141,196.11531
11703164417,11703164407,0.0,0.0
11703164417,11703164408,0.0,0.0
11703164417,11703164409,0.058414787,31.488705
11703164417,11703164412,0.0,0.0
11703164417,11703164414,0.26126096,140.83368
11703164417,11703164415,0.050016016,26.961315
11703164417,11703164417,0.0,0.0
11703164417,11703164421,0.0,0.0
11703164417,11703164422,0.0,0.0
11703164417,11703164423,0.060855716,32.804497
11703164417,11703164425,0.09294292,50.101223
11703164417,11703164428,0.0,0.0
11703164417,11703164429,0.0,0.0
11703164418,11703132915,0.0,0.0
11703164418,11703132916,0.0,0.0
11703164418,11703132918,0.0,0.0
11703164418,11703132920,0.009278804,4.0040765
11703164418,11703133318,0.0,0.0
11703164418,11703133319,0.0,0.0
11703164418,11703133320,0.0,0.0
11703164418,11703133321,0.0,0.0
11703164418,11703133322,0.0,0.0
11703164418,11703133323,0.0,0.0
11703164418,11703133325,0.0,0.0
11703164418,11703133326,0.0,0.0
11703164418,11703133327,0.08685449,37.480263
11703164418,11703133328,0.0,0.0
11703164418,11703133622,0.0,0.0
11703164418,11703164402,0.0,0.0
11703164418,11703164403,0.0,0.0
11703164418,11703164407,0.13962248,60.2512
11703164418,11703164408,0.0,0.0
11703164418,11703164410,0.068285495,29.467197
11703164418,11703164412,0.0,0.0
11703164418,11703164413,0.0,0.0
11703164418,11703164414,0.0,0.0
11703164418,11703164416,0.0,0.0
11703164418,11703164418,0.0,0.0
11703164418,11703164421,0.32707885,141.14413
11703164418,11703164423,0.0,0.0
11703164418,11703164425,0.11599353,50.054615
11703164418,11703164428,0.0,0.0
11703164418,11703164502,0.16531661,71.338974
11703164418,11703164507,0.08756974,37.788918
11703164418,11703164509,0.0,0.0
11703164418,11703164528,0.0,0.0
11703164420,11703164405,0.03947994,17.196764
11703164420,11703164406,0.0,0.0
11703164420,11703164408,0.27527002,119.90275
11703164420,11703164411,0.0,0.0
11703164420,11703164413,0.08535692,37.179966
11703164420,11703164420,0.28791472,125.41056
11703164420,11703164424,0.036782056,16.021612
11703164420,11703164426,0.27519634,119.87066
11703164421,11703164401,0.0,0.0
11703164421,11703164403,0.0,0.0
11703164421,11703164404,0.0,0.0
11703164421,11703164405,0.135762,169.87115
11703164421,11703164406,0.33364174,417.4666
11703164421,11703164408,0.0,0.0
11703164421,11703164409,0.0,0.0
11703164421,11703164410,0.0,0.0
11703164421,11703164411,0.10484722,131.18927
11703164421,11703164412,0.0,0.0
11703164421,11703164413,0.0,0.0
11703164421,11703164415,0.0,0.0
11703164421,11703164416,0.040975004,51.269653
11703164421,11703164417,0.0,0.0
11703164421,11703164418,0.0,0.0
11703164421,11703164421,0.0,0.0
11703164421,11703164422,0.0,0.0
11703164421,11703164423,0.0,0.0
11703164421,11703164425,0.075221986,94.12092
11703164421,11703164426,0.30955204,387.3246
11703164421,11703164428,0.0,0.0
11703164421,11703164429,0.0,0.0
11703164422,11703164409,0.0,0.0
11703164422,11703164412,0.0,0.0
11703164422,11703164417,0.49013492,161.46645
11703164422,11703164421,0.0,0.0
11703164422,11703164422,0.0,0.0
11703164422,11703164423,0.016862124,5.554934
11703164422,11703164425,0.0,0.0
11703164422,11703164428,0.49300298,162.41127
11703164423,11703164401,0.0,0.0
11703164423,11703164402,0.0,0.0
11703164423,11703164403,0.0,0.0
11703164423,11703164406,0.543526,437.58768
11703164423,11703164407,0.0,0.0
11703164423,11703164408,0.045592546,36.70613
11703164423,11703164409,0.16829127,135.48973
11703164423,11703164412,0.0,0.0
11703164423,11703164414,0.0,0.0
11703164423,11703164415,0.11696309,94.165886
11703164423,11703164417,0.0,0.0
11703164423,11703164418,0.0,0.0
11703164423,11703164421,0.0060723424,4.888786
11703164423,11703164422,0.0,0.0
11703164423,11703164423,0.0,0.0
11703164423,11703164425,0.0872851,70.272415
11703164423,11703164428,0.0,0.0
11703164423,11703164429,0.032269895,25.98019
11703164424,11703164404,0.17990309,73.23675
11703164424,11703164405,0.4137007,168.41342
11703164424,11703164406,0.0,0.0
11703164424,11703164408,0.05788535,23.564547
11703164424,11703164411,0.078437805,31.931246
11703164424,11703164413,0.0,0.0
11703164424,11703164415,0.0,0.0
11703164424,11703164420,0.0,0.0
11703164424,11703164424,0.09309852,37.899475
11703164424,11703164426,0.1769746,72.044586
11703164424,11703164429,0.0,0.0
11703164425,11703164402,0.0,0.0
11703164425,11703164407,0.0,0.0
11703164425,11703164409,0.2350958,188.13829
11703164425,11703164412,0.0,0.0
11703164425,11703164414,0.0,0.0
11703164425,11703164417,0.0,0.0
11703164425,11703164418,0.0,0.0
11703164425,11703164421,0.0,0.0
11703164425,11703164422,0.0,0.0
11703164425,11703164423,0.095588,76.49546
11703164425,11703164425,0.3459824,276.87665
11703164425,11703164428,0.0,0.0
11703164425,11703164504,0.0,0.0
11703164425,11703164509,0.0,0.0
11703164425,11703164510,0.0,0.0
11703164425,11703164511,0.0,0.0
11703164425,11703164526,0.0,0.0
11703164425,11703164527,0.0,0.0
11703164425,11703164530,0.32333377,258.7518
11703164426,11703164404,0.0,0.0
11703164426,11703164405,0.0,0.0
11703164426,11703164406,0.0,0.0
11703164426,11703164408,0.0815236,45.98077
11703164426,11703164409,0.5718408,322.52847
11703164426,11703164411,0.2882145,162.55815
11703164426,11703164415,0.0,0.0
11703164426,11703164420,0.0,0.0
11703164426,11703164421,0.0,0.0
11703164426,11703164424,0.0,0.0
11703164426,11703164426,0.058421075,32.950535
11703164426,11703164429,0.0,0.0
11703164428,11703132915,0.0,0.0
11703164428,11703132916,0.0,0.0
11703164428,11703132918,0.007248953,5.2391424
11703164428,11703133318,0.0,0.0
11703164428,11703133319,0.23317035,168.52263
11703164428,11703133320,0.05438669,39.307693
11703164428,11703133328,0.0,0.0
11703164428,11703133622,0.0,0.0
11703164428,11703164402,0.0,0.0
11703164428,11703164403,0.0,0.0
11703164428,11703164407,0.0,0.0
11703164428,11703164410,0.0,0.0
11703164428,11703164412,0.0,0.0
11703164428,11703164414,0.0,0.0
11703164428,11703164417,0.047797754,34.545574
11703164428,11703164418,0.0,0.0
11703164428,11703164421,0.08975656,64.87108
11703164428,11703164422,0.0,0.0
11703164428,11703164423,0.0,0.0
11703164428,11703164425,0.10325916,74.63001
11703164428,11703164428,0.0,0.0
11703164428,11703164502,0.1992801,144.02863
11703164428,11703164504,0.0,0.0
11703164428,11703164507,0.0,0.0
11703164428,11703164509,0.0,0.0
11703164428,11703164510,0.0,0.0
11703164428,11703164511,0.0,0.0
11703164428,11703164526,0.09999211,72.26877
11703164428,11703164527,0.0,0.0
11703164428,11703164528,0.0,0.0
11703164428,11703164530,0.1651084,119.331215
11703164429,11703164401,0.0,0.0
11703164429,11703164403,0.0,0.0
11703164429,11703164404,0.00070518255,0.25082085
11703164429,11703164405,0.0,0.0
11703164429,11703164406,0.048473835,17.241278
11703164429,11703164408,0.0,0.0
11703164429,11703164409,0.0,0.0
11703164429,11703164411,0.2800976,99.62572
11703164429,11703164412,0.0,0.0
11703164429,11703164415,0.0,0.0
11703164429,11703164417,0.3212281,114.2551
11703164429,11703164421,0.15761888,56.062225
11703164429,11703164423,0.0,0.0
11703164429,11703164424,0.13390183,47.626495
11703164429,11703164426,0.0,0.0
11703164429,11703164429,0.057974517,20.620502
11703164501,11703164117,0.24381272,111.718765
11703164501,11703164119,0.0,0.0
11703164501,11703164125,0.118080795,54.10645
11703164501,11703164407,0.0,0.0
11703164501,11703164501,0.0,0.0
11703164501,11703164503,0.07311395,33.50194
11703164501,11703164506,0.051392168,23.548687
11703164501,11703164510,0.3224989,147.77399
11703164501,11703164511,0.0,0.0
11703164501,11703164513,0.0,0.0
11703164501,11703164514,0.0,0.0
11703164501,11703164515,0.0,0.0
11703164501,11703164516,0.0,0.0
11703164501,11703164517,0.0,0.0
11703164501,11703164522,0.0,0.0
11703164501,11703164524,0.0,0.0
11703164501,11703164525,0.0,0.0
11703164501,11703164529,0.0,0.0
11703164501,11703164530,0.0,0.0
11703164501,11703164535,0.0,0.0
11703164501,11703164604,0.19110146,87.56565
11703164501,11703164606,0.0,0.0
11703164501,11703164608,0.0,0.0
11703164501,11703164610,0.0,0.0
11703164501,11703164613,0.0,0.0
11703164502,11703132915,0.0,0.0
11703164502,11703132916,0.0,0.0
11703164502,11703132918,0.0,0.0
11703164502,11703133318,0.0,0.0
11703164502,11703133622,0.0,0.0
11703164502,11703164402,0.36523885,172.11433
11703164502,11703164414,0.039023936,18.389553
11703164502,11703164418,0.0,0.0
11703164502,11703164428,0.26205552,123.490456
11703164502,11703164502,0.0,0.0
11703164502,11703164504,0.0,0.0
11703164502,11703164507,0.12788552,60.26449
11703164502,11703164509,0.0,0.0
11703164502,11703164512,0.0,0.0
11703164502,11703164519,0.0,0.0
11703164502,11703164521,0.0,0.0
11703164502,11703164528,0.0,0.0
11703164502,11703164534,0.20579627,96.97897
11703164503,11703164117,0.14548564,68.5857
11703164503,11703164119,0.0,0.0
11703164503,11703164125,0.0,0.0
11703164503,11703164407,0.11624086,54.79895
11703164503,11703164501,0.0,0.0
11703164503,11703164503,0.0,0.0
11703164503,11703164506,0.0,0.0
11703164503,11703164510,0.08383697,39.52292
11703164503,11703164511,0.0,0.0
11703164503,11703164513,0.054517806,25.701105
11703164503,11703164514,0.15715057,74.08485
11703164503,11703164515,0.0,0.0
11703164503,11703164516,0.0,0.0
11703164503,11703164517,0.0,0.0
11703164503,11703164522,0.0,0.0
11703164503,11703164524,0.0,0.0
11703164503,11703164525,0.0,0.0
11703164503,11703164529,0.0,0.0
11703164503,11703164530,0.0,0.0
11703164503,11703164535,0.3022641,142.49512
11703164503,11703164604,0.0,0.0
11703164503,11703164608,0.0,0.0
11703164503,11703164610,0.11135173,52.49409
11703164503,11703164613,0.029152244,13.743123
11703164504,11703164402,0.0,0.0
11703164504,11703164407,0.22002211,130.48012
11703164504,11703164414,0.19993278,118.56651
11703164504,11703164425,0.2100294,124.55412
11703164504,11703164428,0.0,0.0
11703164504,11703164502,0.0,0.0
11703164504,11703164504,0.06996921,41.49397
11703164504,11703164507,0.0,0.0
11703164504,11703164508,0.0,0.0
11703164504,11703164509,0.0,0.0
11703164504,11703164510,0.0,0.0
11703164504,11703164511,0.0,0.0
11703164504,11703164512,0.0,0.0
11703164504,11703164516,0.0,0.0
11703164504,11703164519,0.0,0.0
11703164504,11703164520,0.0022872686,1.3564231
11703164504,11703164521,0.0,0.0
11703164504,11703164523,0.0,0.0
11703164504,11703164524,0.0,0.0
11703164504,11703164526,0.0,0.0
11703164504,11703164527,0.036508292,21.65058
11703164504,11703164530,0.17791823,105.51118
11703164504,11703164531,0.0,0.0
11703164504,11703164532,0.0631015,37.4212
11703164504,11703164533,0.020231262,11.997783
11703164504,11703164534,0.0,0.0
11703164505,11703133601,0.0,0.0
11703164505,11703133610,0.0,0.0
11703164505,11703133616,0.0,0.0
11703164505,11703133617,0.0,0.0
11703164505,11703133622,0.08778334,33.91902
11703164505,11703133623,0.0,0.0
11703164505,11703133637,0.036539674,14.118738
11703164505,11703163901,0.029950738,11.572807
11703164505,11703163915,0.0,0.0
11703164505,11703164505,0.0,0.0
11703164505,11703164507,0.0,0.0
11703164505,11703164512,0.0,0.0
11703164505,11703164516,0.0,0.0
11703164505,11703164517,0.06978887,26.966053
11703164505,11703164518,0.0,0.0
11703164505,11703164519,0.0,0.0
11703164505,11703164521,0.7759372,299.81805
11703164505,11703164525,0.0,0.0
11703164505,11703164531,0.0,0.0
11703164505,11703164534,0.0,0.0
11703164505,11703164536,0.0,0.0
11703164506,11703164117,0.09983653,53.764202
11703164506,11703164119,0.0,0.0
11703164506,11703164125,0.0,0.0
11703164506,11703164407,0.108502775,58.431168
11703164506,11703164501,0.0,0.0
11703164506,11703164503,0.0,0.0
11703164506,11703164506,0.0,0.0
11703164506,11703164508,0.12393582,66.74221
11703164506,11703164510,0.17090529,92.036316
11703164506,11703164511,0.0,0.0
11703164506,11703164513,0.0,0.0
11703164506,11703164515,0.0,0.0
11703164506,11703164516,0.0,0.0
11703164506,11703164523,0.0,0.0
11703164506,11703164524,0.0,0.0
11703164506,11703164526,0.09552467,51.44217
11703164506,11703164527,0.0,0.0
11703164506,11703164530,0.07713562,41.539257
11703164506,11703164532,0.0,0.0
11703164506,11703164533,0.0,0.0
11703164506,11703164604,0.1599456,86.134285
11703164506,11703164610,0.0,0.0
11703164506,11703164613,0.16421372,88.432755
11703164507,11703132915,0.0,0.0
11703164507,11703132916,0.0,0.0
11703164507,11703132918,0.0,0.0
11703164507,11703133318,0.0,0.0
11703164507,11703133601,0.0,0.0
11703164507,11703133610,0.0,0.0
11703164507,11703133616,0.0,0.0
11703164507,11703133617,0.0,0.0
11703164507,11703133622,0.0,0.0
11703164507,11703133623,0.0,0.0
11703164507,11703133637,0.0,0.0
11703164507,11703163901,0.22206435,114.01192
11703164507,11703163915,0.0,0.0
11703164507,11703164402,0.0,0.0
11703164507,11703164407,0.011647105,5.979838
11703164507,11703164414,0.0,0.0
11703164507,11703164418,0.0,0.0
11703164507,11703164428,0.0,0.0
11703164507,11703164502,0.0,0.0
11703164507,11703164504,0.0,0.0
11703164507,11703164505,0.0,0.0
11703164507,11703164507,0.12893665,66.19845
11703164507,11703164509,0.0,0.0
11703164507,11703164512,0.0,0.0
11703164507,11703164516,0.0,0.0
11703164507,11703164517,0.0,0.0
11703164507,11703164518,0.0,0.0
11703164507,11703164519,0.0,0.0
11703164507,11703164520,0.0,0.0
11703164507,11703164521,0.6373519,327.22818
11703164507,11703164525,0.0,0.0
11703164507,11703164527,0.0,0.0
11703164507,11703164528,0.0,0.0
11703164507,11703164531,0.0,0.0
11703164507,11703164533,0.0,0.0
11703164507,11703164534,0.0,0.0
11703164507,11703164536,0.0,0.0
11703164508,11703164407,0.0,0.0
11703164508,11703164414,0.0,0.0
11703164508,11703164504,0.0,0.0
11703164508,11703164506,0.23276834,86.13385
11703164508,11703164508,0.07432531,27.503418
11703164508,11703164510,0.0,0.0
11703164508,11703164511,0.02312456,8.557037
11703164508,11703164512,0.0,0.0
11703164508,11703164515,0.0,0.0
11703164508,11703164516,0.0,0.0
11703164508,11703164523,0.123104975,45.553898
11703164508,11703164524,0.2043504,75.61804
11703164508,11703164526,0.0,0.0
11703164508,11703164527,0.24883883,92.08059
11703164508,11703164531,0.0,0.0
11703164508,11703164532,0.093487605,34.594254
11703164508,11703164533,0.0,0.0
11703164509,11703132915,0.0,0.0
11703164509,11703132916,0.04815674,17.68894
11703164509,11703132918,0.029576063,10.863884
11703164509,11703133318,0.0,0.0
11703164509,11703133622,0.0,0.0
11703164509,11703164402,0.0,0.0
11703164509,11703164407,0.0,0.0
11703164509,11703164414,0.22423702,82.36678
11703164509,11703164418,0.0,0.0
11703164509,11703164425,0.0,0.0
11703164509,11703164428,0.0,0.0
11703164509,11703164502,0.26314628,96.658936
11703164509,11703164504,0.16128874,59.244606
11703164509,11703164507,0.0,0.0
11703164509,11703164509,0.0,0.0
11703164509,11703164512,0.09474391,34.801346
11703164509,11703164516,0.0,0.0
11703164509,11703164519,0.12754261,46.848972
11703164509,11703164520,0.0,0.0
11703164509,11703164521,0.0,0.0
11703164509,11703164527,0.0,0.0
11703164509,11703164528,0.0,0.0
11703164509,11703164531,0.0,0.0
11703164509,11703164533,0.051308572,18.846672
11703164509,11703164534,0.0,0.0
11703164510,11703164104,0.0,0.0
11703164510,11703164105,0.07804319,49.623024
11703164510,11703164114,0.026382655,16.775162
11703164510,11703164115,0.0,0.0
11703164510,11703164117,0.0,0.0
11703164510,11703164118,0.0,0.0
11703164510,11703164119,0.0,0.0
11703164510,11703164121,0.0,0.0
11703164510,11703164123,0.14510986,92.26673
11703164510,11703164125,0.0,0.0
11703164510,11703164128,0.0,0.0
11703164510,11703164407,0.0,0.0
11703164510,11703164414,0.0,0.0
11703164510,11703164425,0.0,0.0
11703164510,11703164428,0.0,0.0
11703164510,11703164501,0.17998978,114.4448
11703164510,11703164503,0.0,0.0
11703164510,11703164504,0.0,0.0
11703164510,11703164506,0.0,0.0
11703164510,11703164508,0.0,0.0
11703164510,11703164510,0.35910413,228.33295
11703164510,11703164511,0.0,0.0
11703164510,11703164512,0.0,0.0
11703164510,11703164513,0.0,0.0
11703164510,11703164514,0.0,0.0
11703164510,11703164515,0.0,0.0
11703164510,11703164516,0.0,0.0
11703164510,11703164521,0.19500825,123.99415
11703164510,11703164522,0.0,0.0
11703164510,11703164523,0.0,0.0
11703164510,11703164524,0.01636216,10.403725
11703164510,11703164525,0.0,0.0
11703164510,11703164526,0.0,0.0
11703164510,11703164527,0.0,0.0
11703164510,11703164530,0.0,0.0
11703164510,11703164531,0.0,0.0
11703164510,11703164532,0.0,0.0
11703164510,11703164533,0.0,0.0
11703164510,11703164535,0.0,0.0
11703164510,11703164604,0.0,0.0
11703164510,11703164605,0.0,0.0
11703164510,11703164606,0.0,0.0
11703164510,11703164607,0.0,0.0
11703164510,11703164608,0.0,0.0
11703164510,11703164610,0.0,0.0
11703164510,11703164613,0.0,0.0
11703164510,11703164618,0.0,0.0
11703164511,11703164117,0.22343734,84.34892
11703164511,11703164119,0.05694011,21.49523
11703164511,11703164125,0.14731339,55.61168
11703164511,11703164407,0.1627411,61.43573
11703164511,11703164414,0.0,0.0
11703164511,11703164425,0.0,0.0
11703164511,11703164428,0.0,0.0
11703164511,11703164501,0.0,0.0
11703164511,11703164503,0.1336774,50.464012
11703164511,11703164504,0.0,0.0
11703164511,11703164506,0.09960231,37.600464
11703164511,11703164508,0.0,0.0
11703164511,11703164510,0.0,0.0
11703164511,11703164511,0.021544844,8.1333065
11703164511,11703164513,0.0,0.0
11703164511,11703164515,0.0,0.0
11703164511,11703164516,0.0,0.0
11703164511,11703164524,0.0,0.0
11703164511,11703164526,0.0,0.0
11703164511,11703164527,0.0,0.0
11703164511,11703164530,0.0,0.0
11703164511,11703164532,0.0,0.0
11703164511,11703164604,0.0,0.0
11703164511,11703164610,0.0,0.0
11703164511,11703164613,0.15474346,58.416576
11703164512,11703133601,0.0,0.0
11703164512,11703133610,0.0,0.0
11703164512,11703133616,0.0,0.0
11703164512,11703133617,0.0,0.0
11703164512,11703133622,0.0,0.0
11703164512,11703133623,0.0,0.0
11703164512,11703133637,0.0,0.0
11703164512,11703163901,0.0,0.0
11703164512,11703163915,0.0,0.0
11703164512,11703164402,0.0,0.0
11703164512,11703164407,0.0,0.0
11703164512,11703164414,0.0,0.0
11703164512,11703164502,0.0,0.0
11703164512,11703164504,0.0,0.0
11703164512,11703164505,0.0,0.0
11703164512,11703164507,0.090649754,31.807032
11703164512,11703164508,0.0,0.0
11703164512,11703164509,0.0,0.0
11703164512,11703164510,0.0,0.0
11703164512,11703164512,0.051289976,17.99654
11703164512,11703164513,0.0,0.0
11703164512,11703164514,0.0,0.0
11703164512,11703164515,0.0,0.0
11703164512,11703164516,0.083877176,29.430681
11703164512,11703164517,0.0,0.0
11703164512,11703164518,0.0,0.0
11703164512,11703164519,0.0,0.0
11703164512,11703164520,0.0,0.0
11703164512,11703164521,0.47519237,166.7347
11703164512,11703164522,0.0,0.0
11703164512,11703164523,0.0,0.0
11703164512,11703164524,0.0,0.0
11703164512,11703164525,0.0,0.0
11703164512,11703164526,0.0,0.0
11703164512,11703164527,0.0,0.0
11703164512,11703164531,0.0,0.0
11703164512,11703164532,0.0,0.0
11703164512,11703164533,0.29899076,104.90937
11703164512,11703164534,0.0,0.0
11703164512,11703164536,0.0,0.0
11703164513,11703164117,0.23669183,88.663994
11703164513,11703164119,0.09450376,35.400803
11703164513,11703164125,0.17994565,67.40706
11703164513,11703164407,0.0,0.0
11703164513,11703164501,0.0,0.0
11703164513,11703164503,0.2524383,94.56258
11703164513,11703164506,0.0,0.0
11703164513,11703164510,0.0,0.0
11703164513,11703164511,0.0,0.0
11703164513,11703164512,0.0,0.0
11703164513,11703164513,0.0,0.0
11703164513,11703164514,0.10532653,39.45498
11703164513,11703164515,0.09525448,35.682022
11703164513,11703164516,0.0014100075,0.52818424
11703164513,11703164521,0.0,0.0
11703164513,11703164522,0.0,0.0
11703164513,11703164523,0.0,0.0
11703164513,11703164524,0.0,0.0
11703164513,11703164525,0.0,0.0
11703164513,11703164530,0.0,0.0
11703164513,11703164531,0.0,0.0
11703164513,11703164535,0.0,0.0
11703164513,11703164604,0.0,0.0
11703164513,11703164610,0.0,0.0
11703164513,11703164613,0.03442943,12.897154
11703164514,11703164501,0.0,0.0
11703164514,11703164503,0.16794243,80.001205
11703164514,11703164510,0.0,0.0
11703164514,11703164512,0.0,0.0
11703164514,11703164513,0.04430589,21.105593
11703164514,11703164514,0.0,0.0
11703164514,11703164515,0.0,0.0
11703164514,11703164516,0.09341276,44.49818
11703164514,11703164517,0.0,0.0
11703164514,11703164521,0.0,0.0
11703164514,11703164522,0.13907889,66.25174
11703164514,11703164523,0.0,0.0
11703164514,11703164525,0.0,0.0
11703164514,11703164529,0.0,0.0
11703164514,11703164531,0.0,0.0
11703164514,11703164535,0.35030738,166.87273
11703164514,11703164604,0.099279165,47.29271
11703164514,11703164608,0.10567364,50.338787
11703164515,11703164117,0.24520701,96.06726
11703164515,11703164119,0.069407105,27.192333
11703164515,11703164125,0.07452899,29.198986
11703164515,11703164407,0.0,0.0
11703164515,11703164501,0.0,0.0
11703164515,11703164503,0.0,0.0
11703164515,11703164506,0.0,0.0
11703164515,11703164508,0.0,0.0
11703164515,11703164510,0.07983142,31.276373
11703164515,11703164511,0.0,0.0
11703164515,11703164512,0.0,0.0
11703164515,11703164513,0.023887813,9.358773
11703164515,11703164514,0.0,0.0
11703164515,11703164515,0.0,0.0
11703164515,11703164516,0.0,0.0
11703164515,11703164521,0.0,0.0
11703164515,11703164522,0.0,0.0
11703164515,11703164523,0.26077056,102.16476
11703164515,11703164524,0.19833434,77.703476
11703164515,11703164525,0.0,0.0
11703164515,11703164530,0.0,0.0
11703164515,11703164531,0.0,0.0
11703164515,11703164533,0.0,0.0
11703164515,11703164604,0.0,0.0
11703164515,11703164610,0.0,0.0
11703164515,11703164613,0.04803288,18.818333
11703164516,11703133601,0.0,0.0
11703164516,11703133610,0.0,0.0
11703164516,11703133616,0.0,0.0
11703164516,11703133617,0.0,0.0
11703164516,11703133622,0.0,0.0
11703164516,11703133623,0.0,0.0
11703164516,11703133637,0.0,0.0
11703164516,11703163901,0.0,0.0
11703164516,11703163915,0.0,0.0
11703164516,11703164117,0.0,0.0
11703164516,11703164119,0.0,0.0
11703164516,11703164125,0.0,0.0
11703164516,11703164407,0.0,0.0
11703164516,11703164501,0.0,0.0
11703164516,11703164503,0.0,0.0
11703164516,11703164504,0.0,0.0
11703164516,11703164505,0.0,0.0
11703164516,11703164506,0.0,0.0
11703164516,11703164507,0.0,0.0
11703164516,11703164508,0.0,0.0
11703164516,11703164509,0.0,0.0
11703164516,11703164510,0.4130172,251.92961
11703164516,11703164511,0.0,0.0
11703164516,11703164512,0.0,0.0
11703164516,11703164513,0.0,0.0
11703164516,11703164514,0.051605046,31.477716
11703164516,11703164515,0.0,0.0
11703164516,11703164516,0.15512079,94.61959
11703164516,11703164517,0.0,0.0
11703164516,11703164518,0.0,0.0
11703164516,11703164519,0.0,0.0
11703164516,11703164520,0.0,0.0
11703164516,11703164521,0.18055385,110.13309
11703164516,11703164522,0.0,0.0
11703164516,11703164523,0.19970304,121.81359
11703164516,11703164524,0.0,0.0
11703164516,11703164525,0.0,0.0
11703164516,11703164527,0.0,0.0
11703164516,11703164529,0.0,0.0
11703164516,11703164530,0.0,0.0
11703164516,11703164531,0.0,0.0
11703164516,11703164533,0.0,0.0
11703164516,11703164534,0.0,0.0
11703164516,11703164535,0.0,0.0
11703164516,11703164536,0.0,0.0
11703164516,11703164604,0.0,0.0
11703164516,11703164610,0.0,0.0
11703164516,11703164613,0.0,0.0
11703164517,11703133601,0.0,0.0
11703164517,11703133610,0.0,0.0
11703164517,11703133616,0.0,0.0
11703164517,11703133617,0.0,0.0
11703164517,11703133622,0.0,0.0
11703164517,11703133623,0.0,0.0
11703164517,11703133637,0.0,0.0
11703164517,11703163901,0.0,0.0
11703164517,11703163902,0.0,0.0
11703164517,11703163905,0.0,0.0
11703164517,11703163910,0.0,0.0
11703164517,11703163915,0.0,0.0
11703164517,11703163916,0.0,0.0
11703164517,11703164501,0.0,0.0
11703164517,11703164503,0.0,0.0
11703164517,11703164505,0.0,0.0
11703164517,11703164507,0.0,0.0
11703164517,11703164512,0.0,0.0
11703164517,11703164514,0.0,0.0
11703164517,11703164516,0.0,0.0
11703164517,11703164517,0.0,0.0
11703164517,11703164518,0.0,0.0
11703164517,11703164519,0.0,0.0
11703164517,11703164521,0.4651565,189.17947
11703164517,11703164522,0.0,0.0
11703164517,11703164525,0.0,0.0
11703164517,11703164529,0.016902953,6.874443
11703164517,11703164531,0.0,0.0
11703164517,11703164534,0.0,0.0
11703164517,11703164535,0.0,0.0
11703164517,11703164536,0.0,0.0
11703164517,11703164601,0.0,0.0
11703164517,11703164603,0.26018697,105.81823
11703164517,11703164604,0.0,0.0
11703164517,11703164606,0.0,0.0
11703164517,11703164608,0.20680678,84.10847
11703164517,11703164611,0.050946772,20.720089
11703164517,11703164614,0.0,0.0
11703164517,11703164619,0.0,0.0
11703164517,11703164621,0.0,0.0
11703164518,11703133601,0.0,0.0
11703164518,11703133610,0.0,0.0
11703164518,11703133616,0.0,0.0
11703164518,11703133617,0.0,0.0
11703164518,11703133622,0.08380449,34.840195
11703164518,11703133623,0.0,0.0
11703164518,11703133637,0.0,0.0
11703164518,11703163901,0.017554462,7.297949
11703164518,11703163915,0.0,0.0
11703164518,11703164505,0.0,0.0
11703164518,11703164507,0.0,0.0
11703164518,11703164512,0.0,0.0
11703164518,11703164516,0.0,0.0
11703164518,11703164517,0.045371115,18.862217
11703164518,11703164518,0.0,0.0
11703164518,11703164519,0.0,0.0
11703164518,11703164521,0.85327,354.7315
11703164518,11703164525,0.0,0.0
11703164518,11703164531,0.0,0.0
11703164518,11703164534,0.0,0.0
11703164518,11703164536,0.0,0.0
11703164519,11703133601,0.0,0.0
11703164519,11703133610,0.0,0.0
11703164519,11703133616,0.09956966,36.14915
11703164519,11703133617,0.16066568,58.330296
11703164519,11703133622,0.0,0.0
11703164519,11703133623,0.041761205,15.161567
11703164519,11703133637,0.120896384,43.8919
11703164519,11703163901,0.0,0.0
11703164519,11703163915,0.014541432,5.279323
11703164519,11703164402,0.0,0.0
11703164519,11703164502,0.0,0.0
11703164519,11703164504,0.0,0.0
11703164519,11703164505,0.0,0.0
11703164519,11703164507,0.07284312,26.445976
11703164519,11703164509,0.0,0.0
11703164519,11703164512,0.16873913,61.26139
11703164519,11703164516,0.0,0.0
11703164519,11703164517,0.07440238,27.01207
11703164519,11703164518,0.0,0.0
11703164519,11703164519,0.14404409,52.29576
11703164519,11703164520,0.0,0.0
11703164519,11703164521,0.0,0.0
11703164519,11703164525,0.0,0.0
11703164519,11703164527,0.0,0.0
11703164519,11703164531,0.0,0.0
11703164519,11703164533,0.10253684,37.2264
11703164519,11703164534,0.0,0.0
11703164519,11703164536,0.0,0.0
11703164520,11703164407,0.21077877,0.0
11703164520,11703164414,0.076728046,0.0
11703164520,11703164504,0.6991408,0.0
11703164520,11703164507,0.0,0.0
11703164520,11703164509,0.0,0.0
11703164520,11703164512,0.0,0.0
11703164520,11703164516,0.0,0.0
11703164520,11703164519,0.0,0.0
11703164520,11703164520,0.0,0.0
11703164520,11703164521,0.0,0.0
11703164520,11703164527,0.0,0.0
11703164520,11703164531,0.0133523345,0.0
11703164520,11703164533,0.0,0.0
11703164521,11703132905,0.0,0.0
11703164521,11703132909,0.0,0.0
11703164521,11703132915,0.0,0.0
11703164521,11703133601,0.0,0.0
11703164521,11703133603,0.0,0.0
11703164521,11703133608,0.0,0.0
11703164521,11703133610,0.0,0.0
11703164521,11703133614,0.0,0.0
11703164521,11703133615,0.0,0.0
11703164521,11703133616,0.0,0.0
11703164521,11703133617,0.0,0.0
11703164521,11703133618,0.0,0.0
11703164521,11703133619,0.0,0.0
11703164521,11703133620,0.0,0.0
11703164521,11703133622,0.0,0.0
11703164521,11703133623,0.0,0.0
11703164521,11703133633,0.0,0.0
11703164521,11703133635,0.0,0.0
11703164521,11703133637,0.0,0.0
11703164521,11703133638,0.0,0.0
11703164521,11703133639,0.0,0.0
11703164521,11703133640,0.0,0.0
11703164521,11703133641,0.0,0.0
11703164521,11703163901,0.0,0.0
11703164521,11703163902,0.0,0.0
11703164521,11703163907,0.0,0.0
11703164521,11703163908,0.0,0.0
11703164521,11703163915,0.0,0.0
11703164521,11703164210,0.0,0.0
11703164521,11703164218,0.0,0.0
11703164521,11703164224,0.0,0.0
11703164521,11703164226,0.0,0.0
11703164521,11703164227,0.0,0.0
11703164521,11703164402,0.0,0.0
11703164521,11703164502,0.0,0.0
11703164521,11703164504,0.0,0.0
11703164521,11703164505,0.0,0.0
11703164521,11703164507,0.0,0.0
11703164521,11703164509,0.0,0.0
11703164521,11703164510,0.0,0.0
11703164521,11703164512,0.0,0.0
11703164521,11703164513,0.0,0.0
11703164521,11703164514,0.0,0.0
11703164521,11703164515,0.0,0.0
11703164521,11703164516,0.0,0.0
11703164521,11703164517,0.0,0.0
11703164521,11703164518,0.0,0.0
11703164521,11703164519,0.0,0.0
11703164521,11703164520,0.19662887,352.11856
11703164521,11703164521,0.0,0.0
11703164521,11703164522,0.0,0.0
11703164521,11703164523,0.0,0.0
11703164521,11703164525,0.0,0.0
11703164521,11703164527,0.0,0.0
11703164521,11703164528,0.0,0.0
11703164521,11703164529,0.0,0.0
11703164521,11703164531,0.0,0.0
11703164521,11703164533,0.0,0.0
11703164521,11703164534,0.0,0.0
11703164521,11703164535,0.0,0.0
11703164521,11703164536,0.14990264,268.44226
11703164521,11703164603,0.0,0.0
11703164521,11703164608,0.0,0.0
11703164521,11703164611,0.65346843,1170.2166
11703164522,11703164501,0.0,0.0
11703164522,11703164503,0.0,0.0
11703164522,11703164510,0.0,0.0
11703164522,11703164512,0.0,0.0
11703164522,11703164513,0.0,0.0
11703164522,11703164514,0.32784927,126.01265
11703164522,11703164515,0.0,0.0
11703164522,11703164516,0.12112349,46.555214
11703164522,11703164517,0.0,0.0
11703164522,11703164521,0.0,0.0
11703164522,11703164522,0.0,0.0
11703164522,11703164523,0.0,0.0
11703164522,11703164525,0.08127433,31.238728
11703164522,11703164529,0.044887513,17.253035
11703164522,11703164531,0.0,0.0
11703164522,11703164535,0.42486542,163.30193
11703164522,11703164604,0.0,0.0
11703164522,11703164608,0.0,0.0
11703164523,11703164504,0.0,0.0
11703164523,11703164506,0.0,0.0
11703164523,11703164508,0.0,0.0
11703164523,11703164510,0.08194578,28.387407
11703164523,11703164512,0.0,0.0
11703164523,11703164513,0.0,0.0
11703164523,11703164514,0.0,0.0
11703164523,11703164515,0.11940053,41.36237
11703164523,11703164516,0.2782288,96.38317
11703164523,11703164521,0.0,0.0
11703164523,11703164522,0.0,0.0
11703164523,11703164523,0.0,0.0
11703164523,11703164524,0.024517715,8.493352
11703164523,11703164525,0.0,0.0
11703164523,11703164527,0.0,0.0
11703164523,11703164531,0.40462974,140.17061
11703164523,11703164532,0.0,0.0
11703164523,11703164533,0.09127736,31.620026
11703164524,11703164117,0.18448557,69.99109
11703164524,11703164119,0.0,0.0
11703164524,11703164125,0.011679187,4.4309106
11703164524,11703164407,0.0,0.0
11703164524,11703164501,0.0,0.0
11703164524,11703164503,0.0,0.0
11703164524,11703164504,0.0,0.0
11703164524,11703164506,0.10279544,38.999065
11703164524,11703164508,0.11251958,42.68826
11703164524,11703164510,0.17300643,65.63607
11703164524,11703164511,0.0,0.0
11703164524,11703164512,0.0,0.0
11703164524,11703164513,0.0,0.0
11703164524,11703164515,0.12505312,47.4433
11703164524,11703164516,0.0,0.0
11703164524,11703164523,0.20288165,76.97029
11703164524,11703164524,0.0,0.0
11703164524,11703164526,0.0,0.0
11703164524,11703164527,0.0,0.0
11703164524,11703164530,0.0010810643,0.41013977
11703164524,11703164531,0.0,0.0
11703164524,11703164532,0.0,0.0
11703164524,11703164533,0.02016826,7.6515384
11703164524,11703164604,0.0,0.0
11703164524,11703164610,0.0,0.0
11703164524,11703164613,0.06632967,25.164494
11703164525,11703133601,0.0,0.0
11703164525,11703133610,0.0,0.0
11703164525,11703133616,0.0,0.0
11703164525,11703133617,0.0,0.0
11703164525,11703133622,0.0,0.0
11703164525,11703133623,0.0,0.0
11703164525,11703133637,0.0,0.0
11703164525,11703163901,0.0,0.0
11703164525,11703163915,0.0,0.0
11703164525,11703164501,0.0,0.0
11703164525,11703164503,0.0,0.0
11703164525,11703164505,0.0,0.0
11703164525,11703164507,0.0,0.0
11703164525,11703164510,0.0,0.0
11703164525,11703164512,0.0,0.0
11703164525,11703164513,0.0,0.0
11703164525,11703164514,0.0,0.0
11703164525,11703164515,0.0,0.0
11703164525,11703164516,0.13191354,66.53731
11703164525,11703164517,0.0668816,33.735138
11703164525,11703164518,0.0,0.0
11703164525,11703164519,0.0,0.0
11703164525,11703164521,0.80120486,404.12845
11703164525,11703164522,0.0,0.0
11703164525,11703164523,0.0,0.0
11703164525,11703164525,0.0,0.0
11703164525,11703164529,0.0,0.0
11703164525,11703164531,0.0,0.0
11703164525,11703164534,0.0,0.0
11703164525,11703164535,0.0,0.0
11703164525,11703164536,0.0,0.0
11703164525,11703164603,0.0,0.0
11703164525,11703164604,0.0,0.0
11703164525,11703164608,0.0,0.0
11703164525,11703164611,0.0,0.0
11703164526,11703164407,0.5762832,198.87567
11703164526,11703164414,0.0,0.0
11703164526,11703164425,0.0,0.0
11703164526,11703164428,0.0,0.0
11703164526,11703164504,0.0,0.0
11703164526,11703164506,0.23690957,81.75763
11703164526,11703164508,0.0,0.0
11703164526,11703164510,0.0,0.0
11703164526,11703164511,0.015874624,5.478342
11703164526,11703164512,0.0,0.0
11703164526,11703164524,0.0,0.0
11703164526,11703164526,0.0,0.0
11703164526,11703164527,0.0,0.0
11703164526,11703164530,0.13459659,46.44936
11703164526,11703164532,0.036336064,12.5395975
11703164526,11703164533,0.0,0.0
11703164527,11703164402,0.0,0.0
11703164527,11703164407,0.10963735,44.43384
11703164527,11703164414,0.19853899,80.46391
11703164527,11703164425,0.0,0.0
11703164527,11703164428,0.0,0.0
11703164527,11703164504,0.14987865,60.742844
11703164527,11703164506,0.0,0.0
11703164527,11703164507,0.0,0.0
11703164527,11703164508,0.3200417,129.70654
11703164527,11703164509,0.0,0.0
11703164527,11703164510,0.0,0.0
11703164527,11703164511,0.0,0.0
11703164527,11703164512,0.0,0.0
11703164527,11703164516,0.0,0.0
11703164527,11703164519,0.0,0.0
11703164527,11703164520,0.0,0.0
11703164527,11703164521,0.0,0.0
11703164527,11703164523,0.0,0.0
11703164527,11703164524,0.0,0.0
11703164527,11703164526,0.16526362,66.978065
11703164527,11703164527,0.0,0.0
11703164527,11703164530,0.0,0.0
11703164527,11703164531,0.0,0.0
11703164527,11703164532,0.05663976,22.954971
11703164527,11703164533,0.0,0.0
11703164528,11703132905,0.0,0.0
11703164528,11703132909,0.0,0.0
11703164528,11703132915,0.23241496,72.41886
11703164528,11703132916,0.0,0.0
11703164528,11703132917,0.0,0.0
11703164528,11703132918,0.0,0.0
11703164528,11703133318,0.0,0.0
11703164528,11703133614,0.0,0.0
11703164528,11703133617,0.0,0.0
11703164528,11703133618,0.0,0.0
11703164528,11703133619,0.13598186,42.37099
11703164528,11703133620,0.0,0.0
11703164528,11703133622,0.13381329,41.69528
11703164528,11703133640,0.0,0.0
11703164528,11703164402,0.012242705,3.8147404
11703164528,11703164414,0.0,0.0
11703164528,11703164418,0.0,0.0
11703164528,11703164428,0.0,0.0
11703164528,11703164502,0.28664923,89.31788
11703164528,11703164507,0.0,0.0
11703164528,11703164509,0.0,0.0
11703164528,11703164521,0.0,0.0
11703164528,11703164528,0.0,0.0
11703164528,11703164534,0.19889802,61.97522
11703164529,11703163915,0.0,0.0
11703164529,11703164501,0.0,0.0
11703164529,11703164503,0.0,0.0
11703164529,11703164514,0.0,0.0
11703164529,11703164516,0.0,0.0
11703164529,11703164517,0.017372847,10.217905
11703164529,11703164521,0.0,0.0
11703164529,11703164522,0.3686344,216.8137
11703164529,11703164525,0.0,0.0
11703164529,11703164529,0.0,0.0
11703164529,11703164535,0.61399287,361.1222
11703164529,11703164603,0.0,0.0
11703164529,11703164604,0.0,0.0
11703164529,11703164608,0.0,0.0
11703164529,11703164611,0.0,0.0
11703164530,11703164101,0.0,0.0
11703164530,11703164102,0.0,0.0
11703164530,11703164105,0.11940485,74.91742
11703164530,11703164115,0.0015929341,0.9994444
11703164530,11703164117,0.0,0.0
11703164530,11703164119,0.0,0.0
11703164530,11703164121,0.0,0.0
11703164530,11703164123,0.35710973,224.05907
11703164530,11703164124,0.0,0.0
11703164530,11703164125,0.0,0.0
11703164530,11703164127,0.20012647,125.564064
11703164530,11703164128,0.0,0.0
11703164530,11703164407,0.0,0.0
11703164530,11703164414,0.0,0.0
11703164530,11703164425,0.0,0.0
11703164530,11703164428,0.059921443,37.596127
11703164530,11703164501,0.07733685,48.52296
11703164530,11703164503,0.0,0.0
11703164530,11703164504,0.0,0.0
11703164530,11703164506,0.1251772,78.53913
11703164530,11703164510,0.0,0.0
11703164530,11703164511,0.0,0.0
11703164530,11703164513,0.0,0.0
11703164530,11703164515,0.0,0.0
11703164530,11703164516,0.0,0.0
11703164530,11703164524,0.0,0.0
11703164530,11703164526,0.0,0.0
11703164530,11703164527,0.0,0.0
11703164530,11703164530,0.059330404,37.225296
11703164530,11703164604,0.0,0.0
11703164530,11703164610,0.0,0.0
11703164530,11703164613,0.0,0.0
11703164531,11703133601,0.0,0.0
11703164531,11703133610,0.051985145,25.810356
11703164531,11703133616,0.13803083,68.53159
11703164531,11703133617,0.1812802,90.004684
11703164531,11703133622,0.0,0.0
11703164531,11703133623,0.09077686,45.070244
11703164531,11703133637,0.015640438,7.7653966
11703164531,11703163901,0.0,0.0
11703164531,11703163915,0.0,0.0
11703164531,11703164504,0.029994905,14.892316
11703164531,11703164505,0.0,0.0
11703164531,11703164507,0.0,0.0
11703164531,11703164508,0.0,0.0
11703164531,11703164509,0.0,0.0
11703164531,11703164510,0.0,0.0
11703164531,11703164512,0.020130515,9.994697
11703164531,11703164513,0.0,0.0
11703164531,11703164514,0.0,0.0
11703164531,11703164515,0.0,0.0
11703164531,11703164516,0.21547419,106.98183
11703164531,11703164517,0.0,0.0
11703164531,11703164518,0.0,0.0
11703164531,11703164519,0.0,0.0
11703164531,11703164520,0.0,0.0
11703164531,11703164521,0.0,0.0
11703164531,11703164522,0.0,0.0
11703164531,11703164523,0.032895386,16.33239
11703164531,11703164524,0.0,0.0
11703164531,11703164525,0.0,0.0
11703164531,11703164527,0.0,0.0
11703164531,11703164531,0.034388423,17.073675
11703164531,11703164533,0.189403,94.03761
11703164531,11703164534,0.0,0.0
11703164531,11703164536,0.0,0.0
11703164532,11703164407,0.5982336,413.34204
11703164532,11703164414,0.078831494,54.46764
11703164532,11703164504,0.0,0.0
11703164532,11703164506,0.0,0.0
11703164532,11703164508,0.13986677,96.639206
11703164532,11703164510,0.0,0.0
11703164532,11703164511,0.0,0.0
11703164532,11703164512,0.0,0.0
11703164532,11703164523,0.0,0.0
11703164532,11703164524,0.0,0.0
11703164532,11703164526,0.04524964,31.264677
11703164532,11703164527,0.1378184,95.22391
11703164532,11703164532,0.0,0.0
11703164532,11703164533,0.0,0.0
11703164533,11703164407,0.034749478,15.479596
11703164533,11703164414,0.0,0.0
11703164533,11703164504,0.0,0.0
11703164533,11703164506,0.0,0.0
11703164533,11703164507,0.0,0.0
11703164533,11703164508,0.18367487,81.820305
11703164533,11703164509,0.0,0.0
11703164533,11703164510,0.0,0.0
11703164533,11703164512,0.0,0.0
11703164533,11703164515,0.0,0.0
11703164533,11703164516,0.0,0.0
11703164533,11703164519,0.0,0.0
11703164533,11703164520,0.0,0.0
11703164533,11703164521,0.0,0.0
11703164533,11703164523,0.3349286,149.1982
11703164533,11703164524,0.19431373,86.559525
11703164533,11703164526,0.0,0.0
11703164533,11703164527,0.003957331,1.7628435
11703164533,11703164531,0.24837616,110.64232
11703164533,11703164532,0.0,0.0
11703164533,11703164533,0.0,0.0
11703164534,11703132905,0.0,0.0
11703164534,11703132909,0.0,0.0
11703164534,11703132915,0.0,0.0
11703164534,11703133601,0.0,0.0
11703164534,11703133610,0.0,0.0
11703164534,11703133614,0.0,0.0
11703164534,11703133616,0.0,0.0
11703164534,11703133617,0.0,0.0
11703164534,11703133618,0.0,0.0
11703164534,11703133619,0.0,0.0
11703164534,11703133620,0.0,0.0
11703164534,11703133622,0.49663058,268.53326
11703164534,11703133623,0.0,0.0
11703164534,11703133637,0.0,0.0
11703164534,11703133640,0.0,0.0
11703164534,11703163901,0.0,0.0
11703164534,11703163915,0.0,0.0
11703164534,11703164402,0.0,0.0
11703164534,11703164502,0.0,0.0
11703164534,11703164504,0.0,0.0
11703164534,11703164505,0.0,0.0
11703164534,11703164507,0.14574614,78.806435
11703164534,11703164509,0.0,0.0
11703164534,11703164512,0.0,0.0
11703164534,11703164516,0.0,0.0
11703164534,11703164517,0.0,0.0
11703164534,11703164518,0.0,0.0
11703164534,11703164519,0.0,0.0
11703164534,11703164521,0.3576232,193.37053
11703164534,11703164525,0.0,0.0
11703164534,11703164528,0.0,0.0
11703164534,11703164531,0.0,0.0
11703164534,11703164534,0.0,0.0
11703164534,11703164536,0.0,0.0
11703164535,11703163902,0.14518373,70.60827
11703164535,11703163905,0.0,0.0
11703164535,11703163910,0.07094234,34.50191
11703164535,11703163915,0.0,0.0
11703164535,11703163916,0.0,0.0
11703164535,11703164501,0.0,0.0
11703164535,11703164503,0.10696921,52.023125
11703164535,11703164510,0.0,0.0
11703164535,11703164513,0.0,0.0
11703164535,11703164514,0.24990907,121.54012
11703164535,11703164516,0.0,0.0
11703164535,11703164517,0.0,0.0
11703164535,11703164521,0.0,0.0
11703164535,11703164522,0.06763983,32.895775
11703164535,11703164525,0.15336865,74.588905
11703164535,11703164529,0.0,0.0
11703164535,11703164535,0.0,0.0
11703164535,11703164601,0.032663852,15.885652
11703164535,11703164603,0.0,0.0
11703164535,11703164604,0.033447415,16.266727
11703164535,11703164606,0.0,0.0
11703164535,11703164608,0.0,0.0
11703164535,11703164611,0.0,0.0
11703164535,11703164613,0.0634318,30.849255
11703164535,11703164614,0.07644415,37.177647
11703164535,11703164619,0.0,0.0
11703164535,11703164621,0.0,0.0
11703164536,11703133601,0.0,0.0
11703164536,11703133610,0.0,0.0
11703164536,11703133616,0.101952076,0.0
11703164536,11703133617,0.15631902,0.0
11703164536,11703133622,0.0,0.0
11703164536,11703133623,0.28851247,0.0
11703164536,11703133637,0.031056046,0.0
11703164536,11703163901,0.0,0.0
11703164536,11703163915,0.2584176,0.0
11703164536,11703164505,0.0,0.0
11703164536,11703164507,0.0,0.0
11703164536,11703164512,0.0,0.0
11703164536,11703164516,0.0,0.0
11703164536,11703164517,0.0,0.0
11703164536,11703164518,0.0,0.0
11703164536,11703164519,0.09577572,0.0
11703164536,11703164521,0.0,0.0
11703164536,11703164525,0.06796706,0.0
11703164536,11703164531,0.0,0.0
11703164536,11703164534,0.0,0.0
11703164536,11703164536,0.0,0.0
11703164601,11703163902,0.0,0.0
11703164601,11703163903,0.0,0.0
11703164601,11703163905,0.0,0.0
11703164601,11703163906,0.0,0.0
11703164601,11703163909,0.0,0.0
11703164601,11703163910,0.14964288,55.572884
11703164601,11703163911,0.0,0.0
11703164601,11703163912,0.0,0.0
11703164601,11703163916,0.0,0.0
11703164601,11703163917,0.0,0.0
11703164601,11703164517,0.0,0.0
11703164601,11703164535,0.0,0.0
11703164601,11703164601,0.0,0.0
11703164601,11703164602,0.0,0.0
11703164601,11703164603,0.0,0.0
11703164601,11703164604,0.0,0.0
11703164601,11703164606,0.0,0.0
11703164601,11703164608,0.4330191,160.81032
11703164601,11703164611,0.0,0.0
11703164601,11703164612,0.0,0.0
11703164601,11703164614,0.15371245,57.084198
11703164601,11703164615,0.0,0.0
11703164601,11703164617,0.26362562,97.90266
11703164601,11703164619,0.0,0.0
11703164601,11703164621,0.0,0.0
11703164602,11703133128,0.26366478,112.80316
11703164602,11703133129,0.0,0.0
11703164602,11703133132,0.0,0.0
11703164602,11703163809,0.02262187,9.678268
11703164602,11703163912,0.0,0.0
11703164602,11703164601,0.0,0.0
11703164602,11703164602,0.0,0.0
11703164602,11703164605,0.0,0.0
11703164602,11703164608,0.0,0.0
11703164602,11703164609,0.0,0.0
11703164602,11703164612,0.3063097,131.04785
11703164602,11703164614,0.0,0.0
11703164602,11703164615,0.25157243,107.629715
11703164602,11703164616,0.0,0.0
11703164602,11703164617,0.0,0.0
11703164602,11703164618,0.0,0.0
11703164602,11703164619,0.0,0.0
11703164602,11703164620,0.15583116,66.66892
11703164602,11703164621,0.0,0.0
11703164603,11703163901,0.0,0.0
11703164603,11703163902,0.17110717,67.864
11703164603,11703163904,0.0,0.0
11703164603,11703163905,0.0,0.0
11703164603,11703163908,0.0,0.0
11703164603,11703163910,0.0,0.0
11703164603,11703163913,0.0,0.0
11703164603,11703163915,0.17308879,68.64994
11703164603,11703163916,0.0,0.0
11703164603,11703164517,0.019069403,7.5632477
11703164603,11703164521,0.0,0.0
11703164603,11703164525,0.0,0.0
11703164603,11703164529,0.0,0.0
11703164603,11703164535,0.0,0.0
11703164603,11703164601,0.0,0.0
11703164603,11703164603,0.0,0.0
11703164603,11703164604,0.025769949,10.220798
11703164603,11703164606,0.13536894,53.689613
11703164603,11703164608,0.4755957,188.6293
11703164603,11703164611,0.0,0.0
11703164603,11703164614,0.0,0.0
11703164603,11703164619,0.0,0.0
11703164603,11703164621,0.0,0.0
11703164604,11703163902,0.0,0.0
11703164604,11703163905,0.0,0.0
11703164604,11703163910,0.0,0.0
11703164604,11703163916,0.0,0.0
11703164604,11703164104,0.0,0.0
11703164604,11703164117,0.0,0.0
11703164604,11703164118,0.0,0.0
11703164604,11703164119,0.0,0.0
11703164604,11703164125,0.0,0.0
11703164604,11703164407,0.0,0.0
11703164604,11703164501,0.27328062,182.04292
11703164604,11703164503,0.0,0.0
11703164604,11703164506,0.013509691,8.999334
11703164604,11703164510,0.26149425,174.19156
11703164604,11703164511,0.0,0.0
11703164604,11703164513,0.0,0.0
11703164604,11703164514,0.0,0.0
11703164604,11703164515,0.0,0.0
11703164604,11703164516,0.0,0.0
11703164604,11703164517,0.0,0.0
11703164604,11703164522,0.0,0.0
11703164604,11703164524,0.0,0.0
11703164604,11703164525,0.0,0.0
11703164604,11703164529,0.0,0.0
11703164604,11703164530,0.0,0.0
11703164604,11703164535,0.09728032,64.80223
11703164604,11703164601,0.0,0.0
11703164604,11703164603,0.0,0.0
11703164604,11703164604,0.014071941,9.373871
11703164604,11703164605,0.0,0.0
11703164604,11703164606,0.08491886,56.567776
11703164604,11703164607,0.0,0.0
11703164604,11703164608,0.0,0.0
11703164604,11703164610,0.0,0.0
11703164604,11703164611,0.0,0.0
11703164604,11703164613,0.25544435,170.16148
11703164604,11703164614,0.0,0.0
11703164604,11703164616,0.0,0.0
11703164604,11703164618,0.0,0.0
11703164604,11703164619,0.0,0.0
11703164604,11703164621,0.0,0.0
11703164605,11703133128,0.0,0.0
11703164605,11703133129,0.0,0.0
11703164605,11703164104,0.0,0.0
11703164605,11703164118,0.0,0.0
11703164605,11703164119,0.0,0.0
11703164605,11703164510,0.0,0.0
11703164605,11703164602,0.0,0.0
11703164605,11703164604,0.0,0.0
11703164605,11703164605,0.0,0.0
11703164605,11703164606,0.0524427,20.792723
11703164605,11703164607,0.3534728,140.14651
11703164605,11703164608,0.0,0.0
11703164605,11703164609,0.122385114,48.52381
11703164605,11703164610,0.0,0.0
11703164605,11703164613,0.16889969,66.966125
11703164605,11703164615,0.0,0.0
11703164605,11703164616,0.0,0.0
11703164605,11703164618,0.19653264,77.922165
11703164605,11703164619,0.0,0.0
11703164605,11703164620,0.10626724,42.133324
11703164605,11703164621,0.0,0.0
11703164606,11703163902,0.0,0.0
11703164606,11703163905,0.0,0.0
11703164606,11703163910,0.0,0.0
11703164606,11703163916,0.0,0.0
11703164606,11703164104,0.02088222,11.295446
11703164606,11703164118,0.0,0.0
11703164606,11703164119,0.0,0.0
11703164606,11703164501,0.0,0.0
11703164606,11703164510,0.0,0.0
11703164606,11703164517,0.0,0.0
11703164606,11703164535,0.0,0.0
11703164606,11703164601,0.0,0.0
11703164606,11703164603,0.0,0.0
11703164606,11703164604,0.0,0.0
11703164606,11703164605,0.17202386,93.049805
11703164606,11703164606,0.0,0.0
11703164606,11703164607,0.049770683,26.921568
11703164606,11703164608,0.0,0.0
11703164606,11703164609,0.0,0.0
11703164606,11703164610,0.0,0.0
11703164606,11703164611,0.0,0.0
11703164606,11703164613,0.18917939,102.32944
11703164606,11703164614,0.0,0.0
11703164606,11703164616,0.29388234,158.96454
11703164606,11703164618,0.25623974,138.6032
11703164606,11703164619,0.018021762,9.748191
11703164606,11703164620,0.0,0.0
11703164606,11703164621,0.0,0.0
11703164607,11703133116,0.26003662,122.187454
11703164607,11703133127,0.0,0.0
11703164607,11703133128,0.21295592,100.06491
11703164607,11703133129,0.0,0.0
11703164607,11703133130,0.0,0.0
11703164607,11703164103,0.0,0.0
11703164607,11703164104,0.0,0.0
11703164607,11703164109,0.0,0.0
11703164607,11703164118,0.042837083,20.128527
11703164607,11703164119,0.0,0.0
11703164607,11703164126,0.0,0.0
11703164607,11703164510,0.0,0.0
11703164607,11703164604,0.0,0.0
11703164607,11703164605,0.0,0.0
11703164607,11703164606,0.0,0.0
11703164607,11703164607,0.069003016,32.42352
11703164607,11703164609,0.41516742,195.08118
11703164607,11703164610,0.0,0.0
11703164607,11703164613,0.0,0.0
11703164607,11703164618,0.0,0.0
11703164607,11703164620,0.0,0.0
11703164608,11703163901,0.0,0.0
11703164608,11703163902,0.0,0.0
11703164608,11703163903,0.0,0.0
11703164608,11703163904,0.0,0.0
11703164608,11703163905,0.0,0.0
11703164608,11703163906,0.0,0.0
11703164608,11703163908,0.0,0.0
11703164608,11703163909,0.0,0.0
11703164608,11703163910,0.0,0.0
11703164608,11703163911,0.0,0.0
11703164608,11703163912,0.0,0.0
11703164608,11703163913,0.0,0.0
11703164608,11703163915,0.0,0.0
11703164608,11703163916,0.0,0.0
11703164608,11703163917,0.0,0.0
11703164608,11703164501,0.0,0.0
11703164608,11703164503,0.0,0.0
11703164608,11703164510,0.0,0.0
11703164608,11703164514,0.0,0.0
11703164608,11703164517,0.0,0.0
11703164608,11703164521,0.40156582,244.16214
11703164608,11703164522,0.0,0.0
11703164608,11703164525,0.0,0.0
11703164608,11703164529,0.0,0.0
11703164608,11703164535,0.0,0.0
11703164608,11703164601,0.07978299,48.51007
11703164608,11703164602,0.0,0.0
11703164608,11703164603,0.0,0.0
11703164608,11703164604,0.0,0.0
11703164608,11703164605,0.0,0.0
11703164608,11703164606,0.0,0.0
11703164608,11703164608,0.0,0.0
11703164608,11703164611,0.124779135,75.86886
11703164608,11703164612,0.0,0.0
11703164608,11703164613,0.0,0.0
11703164608,11703164614,0.13762346,83.678535
11703164608,11703164615,0.0,0.0
11703164608,11703164616,0.0,0.0
11703164608,11703164617,0.0,0.0
11703164608,11703164618,0.0,0.0
11703164608,11703164619,0.14186206,86.255714
11703164608,11703164620,0.0,0.0
11703164608,11703164621,0.11438647,69.54986
11703164609,11703133116,0.029729068,12.16834
11703164609,11703133127,0.047006786,19.240244
11703164609,11703133128,0.0,0.0
11703164609,11703133129,0.0,0.0
11703164609,11703133130,0.0,0.0
11703164609,11703164103,0.0,0.0
11703164609,11703164109,0.08113223,33.208057
11703164609,11703164118,0.0,0.0
11703164609,11703164602,0.0,0.0
11703164609,11703164605,0.030443251,12.46066
11703164609,11703164606,0.0,0.0
11703164609,11703164607,0.14794332,60.554356
11703164609,11703164609,0.14158273,57.950916
11703164609,11703164613,0.0,0.0
11703164609,11703164615,0.0,0.0
11703164609,11703164616,0.0,0.0
11703164609,11703164618,0.15066427,61.66806
11703164609,11703164619,0.0,0.0
11703164609,11703164620,0.3714983,152.05714
11703164609,11703164621,0.0,0.0
11703164610,11703164104,0.0,0.0
11703164610,11703164117,0.0,0.0
11703164610,11703164118,0.0,0.0
11703164610,11703164119,0.0,0.0
11703164610,11703164125,0.0,0.0
11703164610,11703164407,0.16878375,99.66685
11703164610,11703164501,0.0,0.0
11703164610,11703164503,0.0,0.0
11703164610,11703164506,0.0,0.0
11703164610,11703164510,0.19861811,117.28404
11703164610,11703164511,0.0,0.0
11703164610,11703164513,0.0,0.0
11703164610,11703164515,0.0,0.0
11703164610,11703164516,0.0,0.0
11703164610,11703164524,0.0,0.0
11703164610,11703164530,0.0632717,37.361954
11703164610,11703164604,0.088308096,52.14595
11703164610,11703164605,0.0,0.0
11703164610,11703164606,0.0,0.0
11703164610,11703164607,0.0,0.0
11703164610,11703164610,0.0,0.0
11703164610,11703164613,0.4810183,284.0414
11703164610,11703164618,0.0,0.0
11703164611,11703163902,0.0,0.0
11703164611,11703163905,0.0,0.0
11703164611,11703163910,0.014702082,0.0
11703164611,11703163915,0.0,0.0
11703164611,11703163916,0.0,0.0
11703164611,11703164517,0.25863338,0.0
11703164611,11703164521,0.0,0.0
11703164611,11703164525,0.0,0.0
11703164611,11703164529,0.0,0.0
11703164611,11703164535,0.0,0.0
11703164611,11703164601,0.0,0.0
11703164611,11703164603,0.0,0.0
11703164611,11703164604,0.0,0.0
11703164611,11703164606,0.0,0.0
11703164611,11703164608,0.52637243,0.0
11703164611,11703164611,0.20029199,0.0
11703164611,11703164614,0.0,0.0
11703164611,11703164619,0.0,0.0
11703164611,11703164621,0.0,0.0
11703164612,11703133129,0.0,0.0
11703164612,11703133131,0.0,0.0
11703164612,11703133132,0.1973142,113.62337
11703164612,11703133133,0.0,0.0
11703164612,11703163805,0.0,0.0
11703164612,11703163809,0.056151986,32.335117
11703164612,11703163819,0.0,0.0
11703164612,11703163909,0.0,0.0
11703164612,11703163910,0.0,0.0
11703164612,11703163912,0.11741063,67.6109
11703164612,11703163914,0.0,0.0
11703164612,11703163918,0.0,0.0
11703164612,11703164601,0.0,0.0
11703164612,11703164602,0.23667139,136.2872
11703164612,11703164608,0.0,0.0
11703164612,11703164612,0.07456082,42.93584
11703164612,11703164614,0.0,0.0
11703164612,11703164615,0.055939972,32.213028
11703164612,11703164617,0.26195103,150.84448
11703164612,11703164620,0.0,0.0
11703164612,11703164621,0.0,0.0
11703164613,11703133128,0.0,0.0
11703164613,11703164103,0.0,0.0
11703164613,11703164104,0.1640298,83.6058
11703164613,11703164114,0.0,0.0
11703164613,11703164117,0.0,0.0
11703164613,11703164118,0.0,0.0
11703164613,11703164119,0.0,0.0
11703164613,11703164125,0.0,0.0
11703164613,11703164126,0.0,0.0
11703164613,11703164128,0.0,0.0
11703164613,11703164407,0.0,0.0
11703164613,11703164501,0.0,0.0
11703164613,11703164503,0.0,0.0
11703164613,11703164506,0.0,0.0
11703164613,11703164510,0.0,0.0
11703164613,11703164511,0.0,0.0
11703164613,11703164513,0.0,0.0
11703164613,11703164515,0.0,0.0
11703164613,11703164516,0.0,0.0
11703164613,11703164524,0.0,0.0
11703164613,11703164530,0.0,0.0
11703164613,11703164535,0.0,0.0
11703164613,11703164604,0.0,0.0
11703164613,11703164605,0.27472258,140.02577
11703164613,11703164606,0.0,0.0
11703164613,11703164607,0.18977284,96.72699
11703164613,11703164608,0.0,0.0
11703164613,11703164609,0.0,0.0
11703164613,11703164610,0.17838198,90.92108
11703164613,11703164613,0.0,0.0
11703164613,11703164616,0.0,0.0
11703164613,11703164618,0.19309273,98.419136
11703164613,11703164619,0.0,0.0
11703164613,11703164620,0.0,0.0
11703164614,11703133129,0.0,0.0
11703164614,11703133132,0.0,0.0
11703164614,11703163809,0.0,0.0
11703164614,11703163902,0.0,0.0
11703164614,11703163905,0.0,0.0
11703164614,11703163910,0.0,0.0
11703164614,11703163912,0.0,0.0
11703164614,11703163916,0.0,0.0
11703164614,11703164517,0.0,0.0
11703164614,11703164535,0.0,0.0
11703164614,11703164601,0.24212652,98.28732
11703164614,11703164602,0.22312331,90.57327
11703164614,11703164603,0.0,0.0
11703164614,11703164604,0.0,0.0
11703164614,11703164606,0.0,0.0
11703164614,11703164608,0.1368322,55.544807
11703164614,11703164611,0.0,0.0
11703164614,11703164612,0.0903506,36.676353
11703164614,11703164614,0.0,0.0
11703164614,11703164615,0.0,0.0
11703164614,11703164616,0.0,0.0
11703164614,11703164617,0.28768656,116.78167
11703164614,11703164619,0.0,0.0
11703164614,11703164620,0.0,0.0
11703164614,11703164621,0.019880801,8.070288
11703164615,11703133128,0.0,0.0
11703164615,11703133129,0.0,0.0
11703164615,11703133130,0.0,0.0
11703164615,11703133131,0.0,0.0
11703164615,11703133132,0.22792417,88.50458
11703164615,11703133133,0.0,0.0
11703164615,11703163809,0.0,0.0
11703164615,11703163912,0.0,0.0
11703164615,11703164601,0.0,0.0
11703164615,11703164602,0.33250397,129.11366
11703164615,11703164605,0.0,0.0
11703164615,11703164608,0.0,0.0
11703164615,11703164609,0.0,0.0
11703164615,11703164612,0.2538095,98.556046
11703164615,11703164614,0.0076388717,2.9662282
11703164615,11703164615,0.0,0.0
11703164615,11703164616,0.0,0.0
11703164615,11703164617,0.0,0.0
11703164615,11703164618,0.0,0.0
11703164615,11703164619,0.0,0.0
11703164615,11703164620,0.17812353,69.16664
11703164615,11703164621,0.0,0.0
11703164616,11703133128,0.23207611,88.06656
11703164616,11703133129,0.0,0.0
11703164616,11703164602,0.0,0.0
11703164616,11703164604,0.29594797,112.30419
11703164616,11703164605,0.0,0.0
11703164616,11703164606,0.16580349,62.917908
11703164616,11703164608,0.0,0.0
11703164616,11703164609,0.0,0.0
11703164616,11703164613,0.0,0.0
11703164616,11703164614,0.0,0.0
11703164616,11703164615,0.0,0.0
11703164616,11703164616,0.0,0.0
11703164616,11703164618,0.14723611,55.87209
11703164616,11703164619,0.075433254,28.624865
11703164616,11703164620,0.034372598,13.043465
11703164616,11703164621,0.04913044,18.643663
11703164617,11703133132,0.10694644,50.167522
11703164617,11703163809,0.0,0.0
11703164617,11703163903,0.0,0.0
11703164617,11703163906,0.0,0.0
11703164617,11703163909,0.0,0.0
11703164617,11703163910,0.07057041,33.103886
11703164617,11703163911,0.0,0.0
11703164617,11703163912,0.16377604,76.82573
11703164617,11703163914,0.0,0.0
11703164617,11703163916,0.0,0.0
11703164617,11703163917,0.0,0.0
11703164617,11703164601,0.03828442,17.958845
11703164617,11703164602,0.0,0.0
11703164617,11703164608,0.0,0.0
11703164617,11703164612,0.57313544,268.85217
11703164617,11703164614,0.047287405,22.182056
11703164617,11703164615,0.0,0.0
11703164617,11703164617,0.0,0.0
11703164617,11703164621,0.0,0.0
11703164618,11703133128,0.0,0.0
11703164618,11703133129,0.0,0.0
11703164618,11703164104,0.0,0.0
11703164618,11703164118,0.0,0.0
11703164618,11703164119,0.0,0.0
11703164618,11703164510,0.0,0.0
11703164618,11703164602,0.0,0.0
11703164618,11703164604,0.0,0.0
11703164618,11703164605,0.11930773,42.339813
11703164618,11703164606,0.2656711,94.28111
11703164618,11703164607,0.0,0.0
11703164618,11703164608,0.0,0.0
11703164618,11703164609,0.1355044,48.087673
11703164618,11703164610,0.0,0.0
11703164618,11703164613,0.15706047,55.737473
11703164618,11703164615,0.0,0.0
11703164618,11703164616,0.10215458,36.25252
11703164618,11703164618,0.0,0.0
11703164618,11703164619,0.0,0.0
11703164618,11703164620,0.22030172,78.180466
11703164618,11703164621,0.0,0.0
11703164619,11703133128,0.0,0.0
11703164619,11703133129,0.0,0.0
11703164619,11703163902,0.0,0.0
11703164619,11703163905,0.0,0.0
11703164619,11703163910,0.0,0.0
11703164619,11703163916,0.0,0.0
11703164619,11703164517,0.1030097,35.683624
11703164619,11703164535,0.0,0.0
11703164619,11703164601,0.0,0.0
11703164619,11703164602,0.0,0.0
11703164619,11703164603,0.0,0.0
11703164619,11703164604,0.0,0.0
11703164619,11703164605,0.0,0.0
11703164619,11703164606,0.09600216,33.25614
11703164619,11703164608,0.24763876,85.78463
11703164619,11703164609,0.0,0.0
11703164619,11703164611,0.0,0.0
11703164619,11703164613,0.0,0.0
11703164619,11703164614,0.0,0.0
11703164619,11703164615,0.0,0.0
11703164619,11703164616,0.32919335,114.03598
11703164619,11703164618,0.0,0.0
11703164619,11703164619,0.0,0.0
11703164619,11703164620,0.0,0.0
11703164619,11703164621,0.22415596,77.64994
11703164620,11703133116,0.12278925,58.18464
11703164620,11703133127,0.1572768,74.52683
11703164620,11703133128,0.0,0.0
11703164620,11703133129,0.0,0.0
11703164620,11703133130,0.0,0.0
11703164620,11703133131,0.0,0.0
11703164620,11703133132,0.0,0.0
11703164620,11703164103,0.0,0.0
11703164620,11703164109,0.067420706,31.947824
11703164620,11703164118,0.036476985,17.284903
11703164620,11703164602,0.12960427,61.413986
11703164620,11703164605,0.08352743,39.58012
11703164620,11703164606,0.0,0.0
11703164620,11703164607,0.0,0.0
11703164620,11703164608,0.0,0.0
11703164620,11703164609,0.19365935,91.76698
11703164620,11703164612,0.0,0.0
11703164620,11703164613,0.0,0.0
11703164620,11703164614,0.0,0.0
11703164620,11703164615,0.0,0.0
11703164620,11703164616,0.08547954,40.505146
11703164620,11703164618,0.12376575,58.64736
11703164620,11703164619,0.0,0.0
11703164620,11703164620,0.0,0.0
11703164620,11703164621,0.0,0.0
11703164621,11703133128,0.0,0.0
11703164621,11703133129,0.0,0.0
11703164621,11703163902,0.0,0.0
11703164621,11703163905,0.0,0.0
11703164621,11703163910,0.0,0.0
11703164621,11703163916,0.0,0.0
11703164621,11703164517,0.18863457,66.94953
11703164621,11703164535,0.0,0.0
11703164621,11703164601,0.0,0.0
11703164621,11703164602,0.104827285,37.204937
11703164621,11703164603,0.0,0.0
11703164621,11703164604,0.0,0.0
11703164621,11703164605,0.0,0.0
11703164621,11703164606,0.0,0.0
11703164621,11703164608,0.29802513,105.77405
11703164621,11703164609,0.0,0.0
11703164621,11703164611,0.0,0.0
11703164621,11703164612,0.0,0.0
11703164621,11703164614,0.04702753,16.690847
11703164621,11703164615,0.0,0.0
11703164621,11703164616,0.2371608,84.17229
11703164621,11703164617,0.0,0.0
11703164621,11703164618,0.0,0.0
11703164621,11703164619,0.12432471,44.124893
11703164621,11703164620,0.0,0.0
11703164621,11703164621,0.0,0.0
11703164701,11703164701,0.0,0.0
11703164701,11703164704,0.0,0.0
11703164701,11703164706,0.0,0.0
11703164701,11703164712,0.0,0.0
11703164701,11703164713,0.2679902,87.55111
11703164701,11703164714,0.21134785,69.046326
11703164701,11703164716,0.0,0.0
11703164701,11703164717,0.0,0.0
11703164701,11703164719,0.2092019,68.34525
11703164701,11703164722,0.0,0.0
11703164701,11703164723,0.0,0.0
11703164701,11703164725,0.0030353665,0.9916397
11703164701,11703164726,0.0,0.0
11703164701,11703164727,0.0,0.0
11703164701,11703164728,0.0,0.0
11703164701,11703164729,0.15061083,49.203835
11703164701,11703164731,0.15781394,51.557053
11703164701,11703164733,0.0,0.0
11703164701,11801134514,0.0,0.0
11703164702,11703133009,0.0,0.0
11703164702,11703133013,0.3511779,122.870026
11703164702,11703133020,0.0,0.0
11703164702,11703133023,0.0,0.0
11703164702,11703133034,0.0,0.0
11703164702,11703133044,0.0,0.0
11703164702,11703133050,0.0,0.0
11703164702,11703164702,0.0,0.0
11703164702,11703164703,0.0,0.0
11703164702,11703164704,0.0,0.0
11703164702,11703164705,0.0,0.0
11703164702,11703164707,0.0,0.0
11703164702,11703164708,0.0,0.0
11703164702,11703164709,0.0,0.0
11703164702,11703164710,0.026289225,9.198067
11703164702,11703164711,0.0,0.0
11703164702,11703164715,0.0,0.0
11703164702,11703164717,0.0,0.0
11703164702,11703164718,0.0,0.0
11703164702,11703164720,0.0,0.0
11703164702,11703164721,0.064097315,22.426352
11703164702,11703164723,0.0,0.0
11703164702,11703164724,0.0,0.0
11703164702,11703164730,0.046776325,16.366087
11703164702,11703164732,0.0,0.0
11703164702,11703164805,0.0,0.0
11703164702,11703164809,0.43873015,153.50279
11703164702,11703164813,0.072928876,25.516335
11703164703,11703133009,0.0,0.0
11703164703,11703133023,0.0,0.0
11703164703,11703133050,0.0,0.0
11703164703,11703164201,0.0,0.0
11703164703,11703164206,0.0,0.0
11703164703,11703164211,0.0,0.0
11703164703,11703164213,0.0,0.0
11703164703,11703164214,0.301448,77.24042
11703164703,11703164231,0.0,0.0
11703164703,11703164702,0.043302298,11.095405
11703164703,11703164703,0.083836794,21.481613
11703164703,11703164707,0.18272334,46.819443
11703164703,11703164709,0.0,0.0
11703164703,11703164711,0.0,0.0
11703164703,11703164718,0.1434722,36.76207
11703164703,11703164720,0.0,0.0
11703164703,11703164724,0.0,0.0
11703164703,11703164732,0.24521744,62.83239
11703164704,11703164201,0.050085217,19.424282
11703164704,11703164202,0.0,0.0
11703164704,11703164205,0.12372601,47.984
11703164704,11703164206,0.0,0.0
11703164704,11703164217,0.053218156,20.639315
11703164704,11703164218,0.027546227,10.683106
11703164704,11703164225,0.0,0.0
11703164704,11703164228,0.0005393028,0.20915495
11703164704,11703164229,0.06116657,23.721905
11703164704,11703164231,0.0,0.0
11703164704,11703164232,0.0,0.0
11703164704,11703164701,0.0,0.0
11703164704,11703164702,0.0,0.0
11703164704,11703164704,0.0,0.0
11703164704,11703164707,0.0,0.0
11703164704,11703164710,0.27411574,106.308846
11703164704,11703164711,0.15623641,60.592335
11703164704,11703164712,0.069144964,26.816124
11703164704,11703164713,0.0,0.0
11703164704,11703164714,0.0,0.0
11703164704,11703164715,0.0,0.0
11703164704,11703164716,0.0,0.0
11703164704,11703164717,0.0,0.0
11703164704,11703164720,0.0,0.0
11703164704,11703164721,0.0,0.0
11703164704,11703164722,0.0810027,31.414845
11703164704,11703164723,0.10321872,40.030766
11703164704,11703164724,0.0,0.0
11703164705,11703133013,0.08879411,32.35708
11703164705,11703133014,0.0,0.0
11703164705,11703133018,0.0,0.0
11703164705,11703133020,0.70479494,256.83127
11703164705,11703133023,0.0,0.0
11703164705,11703133034,0.0,0.0
11703164705,11703133038,0.0,0.0
11703164705,11703133043,0.0,0.0
11703164705,11703133044,0.08890879,32.39887
11703164705,11703133050,0.0,0.0
11703164705,11703133051,0.0,0.0
11703164705,11703164302,0.0009061098,0.33019155
11703164705,11703164304,0.0,0.0
11703164705,11703164702,0.0,0.0
11703164705,11703164705,0.0,0.0
11703164705,11703164708,0.0,0.0
11703164705,11703164709,0.0,0.0
11703164705,11703164710,0.0,0.0
11703164705,11703164711,0.0,0.0
11703164705,11703164715,0.0,0.0
11703164705,11703164717,0.0,0.0
11703164705,11703164718,0.0,0.0
11703164705,11703164721,0.0,0.0
11703164705,11703164723,0.0,0.0
11703164705,11703164724,0.0,0.0
11703164705,11703164730,0.0,0.0
11703164705,11703164801,0.0,0.0
11703164705,11703164805,0.081241965,29.605032
11703164705,11703164808,0.0,0.0
11703164705,11703164809,0.0,0.0
11703164705,11703164813,0.03535396,12.883183
11703164705,11703164818,0.0,0.0
11703164705,11703164827,0.0,0.0
11703164706,11703164701,0.0,0.0
11703164706,11703164706,0.3038705,119.77379
11703164706,11703164708,0.0,0.0
11703164706,11703164712,0.0,0.0
11703164706,11703164714,0.0,0.0
11703164706,11703164715,0.0,0.0
11703164706,11703164717,0.0,0.0
11703164706,11703164719,0.0,0.0
11703164706,11703164721,0.0,0.0
11703164706,11703164723,0.0,0.0
11703164706,11703164727,0.0,0.0
11703164706,11703164730,0.0,0.0
11703164706,11703164733,0.061988115,24.433275
11703164706,11703164807,0.2146784,84.61778
11703164706,11703164809,0.0,0.0
11703164706,11703164812,0.0,0.0
11703164706,11703164816,0.087516606,34.4956
11703164706,11703164820,0.0,0.0
11703164706,11703164823,0.0,0.0
11703164706,11703164824,0.0,0.0
11703164706,11703164825,0.33194637,130.8402
11703164706,11703164827,0.0,0.0
11703164707,11703133009,0.0,0.0
11703164707,11703133023,0.0,0.0
11703164707,11703133050,0.12083092,32.600967
11703164707,11703164201,0.0,0.0
11703164707,11703164205,0.0,0.0
11703164707,11703164206,0.15063205,40.641506
11703164707,11703164211,0.0,0.0
11703164707,11703164213,0.0,0.0
11703164707,11703164214,0.14207882,38.333786
11703164707,11703164231,0.009500921,2.56341
11703164707,11703164702,0.0,0.0
11703164707,11703164703,0.28571075,77.08662
11703164707,11703164704,0.0,0.0
11703164707,11703164707,0.0,0.0
11703164707,11703164709,0.0,0.0
11703164707,11703164710,0.0,0.0
11703164707,11703164711,0.057412893,15.490371
11703164707,11703164718,0.06309831,17.024334
11703164707,11703164720,0.0,0.0
11703164707,11703164723,0.01840654,4.966204
11703164707,11703164724,0.15232882,41.099304
11703164707,11703164732,0.0,0.0
11703164708,11703164702,0.0,0.0
11703164708,11703164705,0.0,0.0
11703164708,11703164706,0.0,0.0
11703164708,11703164708,0.0,0.0
11703164708,11703164709,0.0,0.0
11703164708,11703164710,0.0,0.0
11703164708,11703164712,0.0,0.0
11703164708,11703164714,0.0,0.0
11703164708,11703164715,0.0,0.0
11703164708,11703164717,0.20535815,80.8992
11703164708,11703164721,0.0,0.0
11703164708,11703164723,0.0,0.0
11703164708,11703164730,0.08750713,34.472736
11703164708,11703164733,0.0,0.0
11703164708,11703164801,0.061563313,24.252377
11703164708,11703164805,0.0,0.0
11703164708,11703164807,0.0,0.0
11703164708,11703164808,0.0,0.0
11703164708,11703164809,0.15829146,62.35766
11703164708,11703164810,0.12329686,48.57181
11703164708,11703164816,0.27623045,108.81878
11703164708,11703164818,0.0,0.0
11703164708,11703164820,0.0,0.0
11703164708,11703164821,0.07982141,31.445005
11703164708,11703164824,0.0,0.0
11703164708,11703164825,0.0,0.0
11703164708,11703164827,0.007931352,3.1244926
11703164709,11703133009,0.0,0.0
11703164709,11703133010,0.0,0.0
11703164709,11703133013,0.1590668,59.9737
11703164709,11703133014,0.0,0.0
11703164709,11703133020,0.15660115,59.044067
11703164709,11703133023,0.0,0.0
11703164709,11703133034,0.15216886,57.37294
11703164709,11703133044,0.0,0.0
11703164709,11703133050,0.22088413,83.28098
11703164709,11703133051,0.0,0.0
11703164709,11703164203,0.0,0.0
11703164709,11703164702,0.046259478,17.44143
11703164709,11703164703,0.0,0.0
11703164709,11703164705,0.0,0.0
11703164709,11703164707,0.0,0.0
11703164709,11703164708,0.0,0.0
11703164709,11703164709,0.0,0.0
11703164709,11703164710,0.0,0.0
11703164709,11703164711,0.0,0.0
11703164709,11703164715,0.0,0.0
11703164709,11703164717,0.0,0.0
11703164709,11703164718,0.0,0.0
11703164709,11703164720,0.0,0.0
11703164709,11703164721,0.0,0.0
11703164709,11703164723,0.0,0.0
11703164709,11703164724,0.03880112,14.629368
11703164709,11703164730,0.046873108,17.672789
11703164709,11703164732,0.0,0.0
11703164709,11703164805,0.0,0.0
11703164709,11703164809,0.17934538,67.61943
11703164709,11703164813,0.0,0.0
11703164710,11703164205,0.039402217,15.032484
11703164710,11703164232,0.0,0.0
11703164710,11703164702,0.16435936,62.705345
11703164710,11703164704,0.16156796,61.640385
11703164710,11703164705,0.0,0.0
11703164710,11703164707,0.0,0.0
11703164710,11703164708,0.0,0.0
11703164710,11703164709,0.0,0.0
11703164710,11703164710,0.050869703,19.407488
11703164710,11703164711,0.1477511,56.36906
11703164710,11703164712,0.0,0.0
11703164710,11703164715,0.13578948,51.805546
11703164710,11703164717,0.0,0.0
11703164710,11703164718,0.0,0.0
11703164710,11703164720,0.0,0.0
11703164710,11703164721,0.029143304,11.118568
11703164710,11703164722,0.0,0.0
11703164710,11703164723,0.2711168,103.43476
11703164710,11703164724,0.0,0.0
11703164710,11703164730,0.0,0.0
11703164711,11703164205,0.0,0.0
11703164711,11703164206,0.0,0.0
11703164711,11703164214,0.0,0.0
11703164711,11703164231,0.0,0.0
11703164711,11703164232,0.0,0.0
11703164711,11703164702,0.047653615,20.31832
11703164711,11703164703,0.0,0.0
11703164711,11703164704,0.21186185,90.332634
11703164711,11703164705,0.0,0.0
11703164711,11703164707,0.044170886,18.83337
11703164711,11703164709,0.0,0.0
11703164711,11703164710,0.30521616,130.1366
11703164711,11703164711,0.0,0.0
11703164711,11703164712,0.0,0.0
11703164711,11703164715,0.0,0.0
11703164711,11703164717,0.0,0.0
11703164711,11703164718,0.0,0.0
11703164711,11703164720,0.18445823,78.64841
11703164711,11703164721,0.0,0.0
11703164711,11703164722,0.0,0.0
11703164711,11703164723,0.08708705,37.131756
11703164711,11703164724,0.119552195,50.97409
11703164712,11703164202,0.0,0.0
11703164712,11703164204,0.0,0.0
11703164712,11703164205,0.0,0.0
11703164712,11703164215,0.0,0.0
11703164712,11703164232,0.0,0.0
11703164712,11703164701,0.049662948,38.257725
11703164712,11703164704,0.054920435,42.307816
11703164712,11703164706,0.0,0.0
11703164712,11703164708,0.0,0.0
11703164712,11703164710,0.0,0.0
11703164712,11703164711,0.0,0.0
11703164712,11703164712,0.0,0.0
11703164712,11703164713,0.036741793,28.303946
11703164712,11703164714,0.07706058,59.36342
11703164712,11703164715,0.0,0.0
11703164712,11703164716,0.2878915,221.77647
11703164712,11703164717,0.24960586,192.28323
11703164712,11703164719,0.0,0.0
11703164712,11703164720,0.0,0.0
11703164712,11703164721,0.0,0.0
11703164712,11703164722,0.1720976,132.57494
11703164712,11703164723,0.0720194,55.479958
11703164712,11703164726,0.0,0.0
11703164712,11703164729,0.0,0.0
11703164712,11703164731,0.0,0.0
11703164712,11703164733,0.0,0.0
11703164713,11703164202,0.0,0.0
11703164713,11703164204,0.0,0.0
11703164713,11703164215,0.0,0.0
11703164713,11703164222,0.0,0.0
11703164713,11703164701,0.09185803,33.491955
11703164713,11703164704,0.0,0.0
11703164713,11703164712,0.0,0.0
11703164713,11703164713,0.0,0.0
11703164713,11703164714,0.0,0.0
11703164713,11703164716,0.17253333,62.906624
11703164713,11703164717,0.15016139,54.749683
11703164713,11703164719,0.0,0.0
11703164713,11703164722,0.0,0.0
11703164713,11703164723,0.0,0.0
11703164713,11703164725,0.00827077,3.0155694
11703164713,11703164726,0.23776913,86.69196
11703164713,11703164729,0.33940732,123.74982
11703164713,11703164731,0.0,0.0
11703164713,11801134514,0.0,0.0
11703164714,11703164701,0.20248684,68.604546
11703164714,11703164704,0.0,0.0
11703164714,11703164706,0.26353726,89.28903
11703164714,11703164708,0.0,0.0
11703164714,11703164712,0.025877446,8.767535
11703164714,11703164713,0.0,0.0
11703164714,11703164714,0.0,0.0
11703164714,11703164715,0.0,0.0
11703164714,11703164716,0.0,0.0
11703164714,11703164717,0.22903702,77.60001
11703164714,11703164719,0.09798679,33.198895
11703164714,11703164721,0.0,0.0
11703164714,11703164722,0.0,0.0
11703164714,11703164723,0.0,0.0
11703164714,11703164727,0.0,0.0
11703164714,11703164728,0.0,0.0
11703164714,11703164729,0.0,0.0
11703164714,11703164731,0.0,0.0
11703164714,11703164733,0.18107471,61.349907
11703164714,11703164807,0.0,0.0
11703164714,11703164816,0.0,0.0
11703164714,11703164823,0.0,0.0
11703164714,11703164825,0.0,0.0
11703164715,11703164702,0.0,0.0
11703164715,11703164704,0.0,0.0
11703164715,11703164705,0.015963644,5.7186413
11703164715,11703164706,0.0,0.0
11703164715,11703164708,0.0,0.0
11703164715,11703164709,0.177721,63.664825
11703164715,11703164710,0.117871135,42.224865
11703164715,11703164711,0.0,0.0
11703164715,11703164712,0.0,0.0
11703164715,11703164714,0.0,0.0
11703164715,11703164715,0.0,0.0
11703164715,11703164717,0.43946537,157.42928
11703164715,11703164721,0.06943032,24.87196
11703164715,11703164723,0.17954853,64.3195
11703164715,11703164724,0.0,0.0
11703164715,11703164730,0.0,0.0
11703164716,11703164202,0.037030667,17.365047
11703164716,11703164204,0.20702088,97.079735
11703164716,11703164205,0.0,0.0
11703164716,11703164215,0.069705516,32.68749
11703164716,11703164219,0.0,0.0
11703164716,11703164220,0.0,0.0
11703164716,11703164222,0.0,0.0
11703164716,11703164223,0.0,0.0
11703164716,11703164229,0.18369555,86.141624
11703164716,11703164232,0.0,0.0
11703164716,11703164701,0.0,0.0
11703164716,11703164704,0.0,0.0
11703164716,11703164712,0.0,0.0
11703164716,11703164713,0.19440338,91.162926
11703164716,11703164714,0.0,0.0
11703164716,11703164716,0.0,0.0
11703164716,11703164717,0.24279955,113.85767
11703164716,11703164722,0.049460918,23.19405
11703164716,11703164723,0.0,0.0
11703164716,11703164725,0.0,0.0
11703164716,11703164726,0.015883595,7.448404
11703164716,11703164729,0.0,0.0
11703164716,11801134514,0.0,0.0
11703164717,11703164701,0.0,0.0
11703164717,11703164702,0.0,0.0
11703164717,11703164704,0.0,0.0
11703164717,11703164705,0.0,0.0
11703164717,11703164706,0.0,0.0
11703164717,11703164708,0.20792267,96.97949
11703164717,11703164709,0.1425468,66.48682
11703164717,11703164710,0.0,0.0
11703164717,11703164711,0.0,0.0
11703164717,11703164712,0.0,0.0
11703164717,11703164713,0.0,0.0
11703164717,11703164714,0.038554072,17.982428
11703164717,11703164715,0.08428198,39.310883
11703164717,11703164716,0.12900889,60.17245
11703164717,11703164717,0.0,0.0
11703164717,11703164719,0.0,0.0
11703164717,11703164721,0.0,0.0
11703164717,11703164722,0.0,0.0
11703164717,11703164723,0.0,0.0
11703164717,11703164730,0.0,0.0
11703164717,11703164733,0.0,0.0
11703164717,11703164807,0.0,0.0
11703164717,11703164809,0.32085678,149.65433
11703164717,11703164816,0.0,0.0
11703164717,11703164825,0.0,0.0
11703164717,11703164827,0.07682875,35.834538
11703164718,11703133009,0.0,0.0
11703164718,11703133010,0.0,0.0
11703164718,11703133014,0.5261217,250.56253
11703164718,11703133023,0.021642268,10.30701
11703164718,11703133034,0.0,0.0
11703164718,11703133050,0.123387575,58.762646
11703164718,11703133051,0.0,0.0
11703164718,11703164203,0.29947174,142.62175
11703164718,11703164206,0.0,0.0
11703164718,11703164207,0.0,0.0
11703164718,11703164211,0.0,0.0
11703164718,11703164214,0.0,0.0
11703164718,11703164230,0.0,0.0
11703164718,11703164231,0.0,0.0
11703164718,11703164702,0.0,0.0
11703164718,11703164703,0.029376864,13.990568
11703164718,11703164705,0.0,0.0
11703164718,11703164707,0.0,0.0
11703164718,11703164709,0.0,0.0
11703164718,11703164710,0.0,0.0
11703164718,11703164711,0.0,0.0
11703164718,11703164718,0.0,0.0
11703164718,11703164720,0.0,0.0
11703164718,11703164721,0.0,0.0
11703164718,11703164724,0.0,0.0
11703164718,11703164732,0.0,0.0
11703164719,11703164701,0.0,0.0
11703164719,11703164706,0.0,0.0
11703164719,11703164712,0.0,0.0
11703164719,11703164713,0.0,0.0
11703164719,11703164714,0.088881135,31.543383
11703164719,11703164717,0.0,0.0
11703164719,11703164719,0.0,0.0
11703164719,11703164725,0.0,0.0
11703164719,11703164727,0.17340887,61.541767
11703164719,11703164728,0.35142875,124.719955
11703164719,11703164729,0.0,0.0
11703164719,11703164731,0.22245687,78.94861
11703164719,11703164733,0.12746179,45.235428
11703164719,11703164807,0.0,0.0
11703164719,11703164814,0.0,0.0
11703164719,11703164823,0.0,0.0
11703164719,11801134514,0.0,0.0
11703164719,11802156416,0.03636253,12.904843
11703164720,11703164201,0.0,0.0
11703164720,11703164205,0.0,0.0
11703164720,11703164206,0.114590764,44.926254
11703164720,11703164213,0.0,0.0
11703164720,11703164214,0.0,0.0
11703164720,11703164217,0.0,0.0
11703164720,11703164218,0.11837065,46.40819
11703164720,11703164225,0.0,0.0
11703164720,11703164228,0.072133094,28.280375
11703164720,11703164231,0.12186907,47.779778
11703164720,11703164232,0.0,0.0
11703164720,11703164702,0.0,0.0
11703164720,11703164703,0.0,0.0
11703164720,11703164704,0.18755713,73.533325
11703164720,11703164707,0.09477493,37.157295
11703164720,11703164709,0.0,0.0
11703164720,11703164710,0.0,0.0
11703164720,11703164711,0.19850874,77.82699
11703164720,11703164712,0.0,0.0
11703164720,11703164718,0.0,0.0
11703164720,11703164720,0.0,0.0
11703164720,11703164722,0.0,0.0
11703164720,11703164723,0.0,0.0
11703164720,11703164724,0.0921956,36.146046
11703164721,11703133013,0.0,0.0
11703164721,11703133020,0.23254704,78.92191
11703164721,11703133023,0.0,0.0
11703164721,11703133034,0.0,0.0
11703164721,11703133044,0.040320694,13.684054
11703164721,11703133050,0.0,0.0
11703164721,11703164702,0.0,0.0
11703164721,11703164704,0.0,0.0
11703164721,11703164705,0.0,0.0
11703164721,11703164706,0.0,0.0
11703164721,11703164708,0.08921483,30.277767
11703164721,11703164709,0.0,0.0
11703164721,11703164710,0.0,0.0
11703164721,11703164711,0.0,0.0
11703164721,11703164712,0.0,0.0
11703164721,11703164714,0.0,0.0
11703164721,11703164715,0.06545746,22.214983
11703164721,11703164717,0.20520937,69.64404
11703164721,11703164718,0.0,0.0
11703164721,11703164721,0.0,0.0
11703164721,11703164723,0.0,0.0
11703164721,11703164724,0.0,0.0
11703164721,11703164730,0.113648176,38.569965
11703164721,11703164805,0.057121336,19.385864
11703164721,11703164809,0.019739628,6.6992435
11703164721,11703164813,0.00552091,1.8736888
11703164721,11703164816,0.0,0.0
11703164721,11703164827,0.17122054,58.108902
11703164722,11703164201,0.114335835,51.60411
11703164722,11703164202,0.20459148,92.33992
11703164722,11703164204,0.0,0.0
11703164722,11703164205,0.0924961,41.74701
11703164722,11703164215,0.0,0.0
11703164722,11703164217,0.0,0.0
11703164722,11703164218,0.0,0.0
11703164722,11703164223,0.0,0.0
11703164722,11703164225,0.0,0.0
11703164722,11703164228,0.0,0.0
11703164722,11703164229,0.0,0.0
11703164722,11703164231,0.0,0.0
11703164722,11703164232,0.14068013,63.494297
11703164722,11703164701,0.0,0.0
11703164722,11703164704,0.054113567,24.423512
11703164722,11703164710,0.0,0.0
11703164722,11703164711,0.0,0.0
11703164722,11703164712,0.0,0.0
11703164722,11703164713,0.0,0.0
11703164722,11703164714,0.0,0.0
11703164722,11703164716,0.37264222,168.1876
11703164722,11703164717,0.021140754,9.541627
11703164722,11703164720,0.0,0.0
11703164722,11703164722,0.0,0.0
11703164722,11703164723,0.0,0.0
11703164722,11703164726,0.0,0.0
11703164723,11703164205,0.0,0.0
11703164723,11703164232,0.0,0.0
11703164723,11703164701,0.0,0.0
11703164723,11703164702,0.0,0.0
11703164723,11703164704,0.0,0.0
11703164723,11703164705,0.13806698,53.722637
11703164723,11703164706,0.0,0.0
11703164723,11703164707,0.006440252,2.5059383
11703164723,11703164708,0.0,0.0
11703164723,11703164709,0.039848715,15.505359
11703164723,11703164710,0.112351686,43.71667
11703164723,11703164711,0.051998526,20.232918
11703164723,11703164712,0.16703281,64.99341
11703164723,11703164713,0.0,0.0
11703164723,11703164714,0.0,0.0
11703164723,11703164715,0.24979922,97.19828
11703164723,11703164716,0.0,0.0
11703164723,11703164717,0.23446175,91.230385
11703164723,11703164720,0.0,0.0
11703164723,11703164721,0.0,0.0
11703164723,11703164722,0.0,0.0
11703164723,11703164723,0.0,0.0
11703164723,11703164724,0.0,0.0
11703164723,11703164730,0.0,0.0
11703164724,11703133009,0.014333397,4.202831
11703164724,11703133023,0.0,0.0
11703164724,11703133034,0.0,0.0
11703164724,11703133050,0.0,0.0
11703164724,11703164205,0.0,0.0
11703164724,11703164206,0.0,0.0
11703164724,11703164214,0.0,0.0
11703164724,11703164231,0.0,0.0
11703164724,11703164702,0.13795304,40.450516
11703164724,11703164703,0.0,0.0
11703164724,11703164704,0.0,0.0
11703164724,11703164705,0.37718895,110.59914
11703164724,11703164707,0.077691406,22.780632
11703164724,11703164709,0.13719502,40.22825
11703164724,11703164710,0.2169272,63.607273
11703164724,11703164711,0.03871098,11.350813
11703164724,11703164715,0.0,0.0
11703164724,11703164718,0.0,0.0
11703164724,11703164720,0.0,0.0
11703164724,11703164721,0.0,0.0
11703164724,11703164723,0.0,0.0
11703164724,11703164724,0.0,0.0
11703164724,11703164732,0.0,0.0
11703164725,11703133625,0.0,0.0
11703164725,11703133626,0.0013032258,0.47504893
11703164725,11703133629,0.2536359,92.454796
11703164725,11703133630,0.05301872,19.326265
11703164725,11703133632,0.10004142,36.466873
11703164725,11703133634,0.0,0.0
11703164725,11703164204,0.0,0.0
11703164725,11703164215,0.0,0.0
11703164725,11703164219,0.0,0.0
11703164725,11703164220,0.0,0.0
11703164725,11703164221,0.0,0.0
11703164725,11703164222,0.0,0.0
11703164725,11703164701,0.0,0.0
11703164725,11703164713,0.0,0.0
11703164725,11703164716,0.0,0.0
11703164725,11703164719,0.0,0.0
11703164725,11703164725,0.0,0.0
11703164725,11703164726,0.0,0.0
11703164725,11703164728,0.0,0.0
11703164725,11703164729,0.0,0.0
11703164725,11703164731,0.023271948,8.483038
11703164725,11801134201,0.0,0.0
11703164725,11801134514,0.0,0.0
11703164725,11801134515,0.0,0.0
11703164725,11801134532,0.07582393,27.63917
11703164725,11801134535,0.0,0.0
11703164725,11802156405,0.0,0.0
11703164725,11802156412,0.3075445,112.10543
11703164725,11802156416,0.0,0.0
11703164725,11802156424,0.18536034,67.56714
11703164726,11703133625,0.0,0.0
11703164726,11703133626,0.07867181,27.174442
11703164726,11703133629,0.13955754,48.2053
11703164726,11703133630,0.044902623,15.51005
11703164726,11703133632,0.07098633,24.519758
11703164726,11703133634,0.0,0.0
11703164726,11703164202,0.0,0.0
11703164726,11703164204,0.11444026,39.529408
11703164726,11703164215,0.0,0.0
11703164726,11703164219,0.0,0.0
11703164726,11703164220,0.0,0.0
11703164726,11703164221,0.0,0.0
11703164726,11703164222,0.009034932,3.1208029
11703164726,11703164223,0.0,0.0
11703164726,11703164229,0.0,0.0
11703164726,11703164701,0.0,0.0
11703164726,11703164712,0.0,0.0
11703164726,11703164713,0.0,0.0
11703164726,11703164716,0.036476493,12.599536
11703164726,11703164722,0.0,0.0
11703164726,11703164725,0.06748849,23.311552
11703164726,11703164726,0.0,0.0
11703164726,11703164728,0.0,0.0
11703164726,11703164729,0.019550502,6.7530413
11703164726,11703164731,0.0,0.0
11703164726,11801134201,0.0,0.0
11703164726,11801134514,0.0,0.0
11703164726,11801134515,0.0,0.0
11703164726,11801134532,0.0,0.0
11703164726,11801134535,0.0,0.0
11703164726,11802156405,0.0,0.0
11703164726,11802156412,0.21344358,73.72666
11703164726,11802156416,0.0,0.0
11703164726,11802156424,0.20544726,70.96461
11703164727,11703164701,0.0,0.0
11703164727,11703164706,0.0,0.0
11703164727,11703164714,0.0,0.0
11703164727,11703164719,0.1979078,69.72677
11703164727,11703164727,0.0,0.0
11703164727,11703164728,0.23886192,84.1557
11703164727,11703164731,0.0,0.0
11703164727,11703164733,0.30562526,107.67773
11703164727,11703164804,0.0,0.0
11703164727,11703164806,0.0,0.0
11703164727,11703164807,0.0,0.0
11703164727,11703164812,0.0,0.0
11703164727,11703164814,0.11833903,41.693142
11703164727,11703164823,0.1392659,49.066086
11703164727,11801134514,0.0,0.0
11703164727,11802156416,0.0,0.0
11703164728,11703133626,0.026094139,11.861367
11703164728,11703133629,0.0,0.0
11703164728,11703133630,0.0,0.0
11703164728,11703133632,0.0,0.0
11703164728,11703133634,0.0,0.0
11703164728,11703164219,0.09463042,43.015263
11703164728,11703164220,0.10153335,46.15306
11703164728,11703164221,0.0,0.0
11703164728,11703164222,0.0058258176,2.6481872
11703164728,11703164701,0.0,0.0
11703164728,11703164714,0.0,0.0
11703164728,11703164719,0.04396981,19.986944
11703164728,11703164725,0.0,0.0
11703164728,11703164726,0.0,0.0
11703164728,11703164727,0.048867762,22.21336
11703164728,11703164728,0.0,0.0
11703164728,11703164729,0.0,0.0
11703164728,11703164731,0.0,0.0
11703164728,11703164733,0.0,0.0
11703164728,11703164803,0.0,0.0
11703164728,11703164806,0.0,0.0
11703164728,11703164811,0.0,0.0
11703164728,11703164814,0.17327422,78.76363
11703164728,11703164823,0.0,0.0
11703164728,11801134514,0.0,0.0
11703164728,11801134515,0.0,0.0
11703164728,11801134532,0.068434775,31.107754
11703164728,11802156402,0.0,0.0
11703164728,11802156405,0.0,0.0
11703164728,11802156412,0.22845191,103.84524
11703164728,11802156416,0.018544614,8.429651
11703164728,11802156424,0.19037324,86.53618
11703164729,11703164204,0.0,0.0
11703164729,11703164215,0.0,0.0
11703164729,11703164222,0.0,0.0
11703164729,11703164701,0.07248524,23.923515
11703164729,11703164712,0.0,0.0
11703164729,11703164713,0.21361175,70.50186
11703164729,11703164714,0.0,0.0
11703164729,11703164716,0.03944418,13.018422
11703164729,11703164719,0.0,0.0
11703164729,11703164725,0.121857196,40.218567
11703164729,11703164726,0.10625884,35.07038
11703164729,11703164728,0.0,0.0
11703164729,11703164729,0.26605603,87.81092
11703164729,11703164731,0.1802868,59.503067
11703164729,11801134514,0.0,0.0
11703164730,11703133013,0.009723127,3.7685804
11703164730,11703133020,0.2608873,101.11714
11703164730,11703133034,0.0,0.0
11703164730,11703133044,0.0,0.0
11703164730,11703133050,0.004281521,1.6594719
11703164730,11703164702,0.0,0.0
11703164730,11703164705,0.060394675,23.408333
11703164730,11703164706,0.0,0.0
11703164730,11703164708,0.0,0.0
11703164730,11703164709,0.0,0.0
11703164730,11703164710,0.0,0.0
11703164730,11703164715,0.0,0.0
11703164730,11703164717,0.0,0.0
11703164730,11703164721,0.0,0.0
11703164730,11703164723,0.0,0.0
11703164730,11703164730,0.017078787,6.619556
11703164730,11703164801,0.19313702,74.85786
11703164730,11703164805,0.26749846,103.67956
11703164730,11703164808,0.0,0.0
11703164730,11703164809,0.14991704,58.106247
11703164730,11703164810,0.034014553,13.183679
11703164730,11703164813,0.0,0.0
11703164730,11703164816,0.0,0.0
11703164730,11703164818,0.0,0.0
11703164730,11703164820,0.0,0.0
11703164730,11703164821,0.0030675232,1.1889393
11703164730,11703164824,0.0,0.0
11703164730,11703164825,0.0,0.0
11703164730,11703164827,0.0,0.0
11703164731,11703133625,0.0,0.0
11703164731,11703133626,0.08589259,30.014503
11703164731,11703133629,0.19807878,69.2171
11703164731,11703133630,0.051425368,17.970198
11703164731,11703133632,0.11888614,41.543846
11703164731,11703133634,0.0,0.0
11703164731,11703164219,0.0,0.0
11703164731,11703164220,0.0,0.0
11703164731,11703164221,0.0,0.0
11703164731,11703164222,0.0,0.0
11703164731,11703164701,0.0,0.0
11703164731,11703164712,0.0,0.0
11703164731,11703164713,0.0,0.0
11703164731,11703164714,0.0,0.0
11703164731,11703164719,0.077450424,27.064453
11703164731,11703164725,0.006541401,2.2858422
11703164731,11703164726,0.0,0.0
11703164731,11703164727,0.0,0.0
11703164731,11703164728,0.0,0.0
11703164731,11703164729,0.018782407,6.5633674
11703164731,11703164731,0.0,0.0
11703164731,11703164733,0.0,0.0
11703164731,11703164814,0.0,0.0
11703164731,11801134201,0.0,0.0
11703164731,11801134514,0.0,0.0
11703164731,11801134515,0.0,0.0
11703164731,11801134532,0.0,0.0
11703164731,11801134535,0.0,0.0
11703164731,11802156405,0.0,0.0
11703164731,11802156412,0.25434843,88.8801
11703164731,11802156416,0.0,0.0
11703164731,11802156424,0.18859425,65.90281
11703164732,11703133009,0.12054223,43.332943
11703164732,11703133010,0.0,0.0
11703164732,11703133023,0.39547276,142.16594
11703164732,11703133050,0.0,0.0
11703164732,11703133051,0.0,0.0
11703164732,11703164201,0.0,0.0
11703164732,11703164203,0.25966936,93.346855
11703164732,11703164206,0.0,0.0
11703164732,11703164207,0.0,0.0
11703164732,11703164211,0.0,0.0
11703164732,11703164213,0.0,0.0
11703164732,11703164214,0.0,0.0
11703164732,11703164230,0.0,0.0
11703164732,11703164702,0.0,0.0
11703164732,11703164703,0.0,0.0
11703164732,11703164707,0.0,0.0
11703164732,11703164709,0.0,0.0
11703164732,11703164718,0.2243157,80.6378
11703164732,11703164724,0.0,0.0
11703164732,11703164732,0.0,0.0
11703164733,11703164701,0.0,0.0
11703164733,11703164706,0.0,0.0
11703164733,11703164708,0.0,0.0
11703164733,11703164712,0.0,0.0
11703164733,11703164714,0.165382,65.696976
11703164733,11703164717,0.0,0.0
11703164733,11703164719,0.15259191,60.61619
11703164733,11703164727,0.26464024,105.12669
11703164733,11703164728,0.0,0.0
11703164733,11703164731,0.008961529,3.5599117
11703164733,11703164733,0.0,0.0
11703164733,11703164804,0.0,0.0
11703164733,11703164806,0.0,0.0
11703164733,11703164807,0.12820587,50.928986
11703164733,11703164812,0.0,0.0
11703164733,11703164814,0.0,0.0
11703164733,11703164816,0.0,0.0
11703164733,11703164820,0.0,0.0
11703164733,11703164823,0.2802184,111.31502
11703164733,11703164824,0.0,0.0
11703164733,11703164825,0.0,0.0
11703164801,11703133020,0.092066616,42.94629
11703164801,11703164301,0.0,0.0
11703164801,11703164302,0.074934095,34.954487
11703164801,11703164304,0.013770074,6.4233227
11703164801,11703164306,0.0,0.0
11703164801,11703164308,0.0,0.0
11703164801,11703164310,0.12992895,60.60792
11703164801,11703164311,0.0,0.0
11703164801,11703164312,0.0,0.0
11703164801,11703164313,0.0,0.0
11703164801,11703164315,0.0,0.0
11703164801,11703164317,0.0,0.0
11703164801,11703164318,0.0,0.0
11703164801,11703164321,0.0,0.0
11703164801,11703164705,0.0,0.0
11703164801,11703164708,0.0,0.0
11703164801,11703164730,0.0,0.0
11703164801,11703164801,0.0017387271,0.8110635
11703164801,11703164802,0.016980678,7.9209723
11703164801,11703164803,0.0,0.0
11703164801,11703164805,0.0,0.0
11703164801,11703164808,0.0,0.0
11703164801,11703164809,0.0,0.0
11703164801,11703164810,0.0,0.0
11703164801,11703164813,0.0,0.0
11703164801,11703164815,0.0,0.0
11703164801,11703164816,0.21396792,99.809555
11703164801,11703164817,0.06882015,32.102516
11703164801,11703164818,0.047240317,22.036179
11703164801,11703164820,0.014649898,6.833734
11703164801,11703164821,0.0,0.0
11703164801,11703164822,0.0,0.0
11703164801,11703164824,0.0,0.0
11703164801,11703164825,0.3259025,152.02365
11703164801,11703164826,0.0,0.0
11703164801,11703164827,0.0,0.0
11703164802,11703164308,0.0,0.0
11703164802,11703164311,0.0,0.0
11703164802,11703164312,0.0,0.0
11703164802,11703164315,0.0,0.0
11703164802,11703164318,0.0,0.0
11703164802,11703164801,0.11110449,38.191654
11703164802,11703164802,0.0,0.0
11703164802,11703164803,0.12060833,41.458553
11703164802,11703164804,0.0,0.0
11703164802,11703164806,0.0,0.0
11703164802,11703164810,0.0,0.0
11703164802,11703164811,0.18135178,62.338833
11703164802,11703164812,0.0,0.0
11703164802,11703164815,0.29280734,100.65117
11703164802,11703164817,0.0,0.0
11703164802,11703164819,0.1967789,67.64183
11703164802,11703164820,0.0,0.0
11703164802,11703164821,0.0,0.0
11703164802,11703164822,0.0,0.0
11703164802,11703164826,0.09734917,33.463326
11703164802,11802156402,0.0,0.0
11703164802,11802156416,0.0,0.0
11703164803,11703164308,0.0,0.0
11703164803,11703164311,0.0,0.0
11703164803,11703164312,0.011046499,3.761031
11703164803,11703164315,0.0,0.0
11703164803,11703164318,0.0,0.0
11703164803,11703164728,0.0,0.0
11703164803,11703164801,0.031089723,10.5852
11703164803,11703164802,0.27246004,92.7652
11703164803,11703164803,0.0,0.0
11703164803,11703164804,0.0,0.0
11703164803,11703164806,0.0,0.0
11703164803,11703164811,0.19517612,66.45213
11703164803,11703164814,0.0,0.0
11703164803,11703164815,0.0,0.0
11703164803,11703164817,0.1744419,59.3927
11703164803,11703164819,0.0,0.0
11703164803,11703164821,0.0,0.0
11703164803,11703164822,0.0,0.0
11703164803,11703164826,0.15316921,52.14993
11703164803,11801134514,0.0,0.0
11703164803,11802156402,0.09025079,30.727926
11703164803,11802156416,0.0,0.0
11703164803,11802156424,0.07236555,24.638493
11703164803,11802156427,0.0,0.0
11703164804,11703164727,0.0,0.0
11703164804,11703164733,0.0,0.0
11703164804,11703164802,0.0,0.0
11703164804,11703164803,0.0,0.0
11703164804,11703164804,0.0,0.0
11703164804,11703164806,0.0,0.0
11703164804,11703164807,0.0,0.0
11703164804,11703164810,0.0,0.0
11703164804,11703164811,0.23078817,84.37773
11703164804,11703164812,0.33571857,122.741005
11703164804,11703164814,0.0,0.0
11703164804,11703164815,0.0,0.0
11703164804,11703164819,0.12715548,46.488914
11703164804,11703164820,0.0,0.0
11703164804,11703164823,0.30633777,111.99918
11703164804,11802156416,0.0,0.0
11703164805,11703133013,0.0,0.0
11703164805,11703133020,0.0,0.0
11703164805,11703133034,0.0,0.0
11703164805,11703133044,0.0,0.0
11703164805,11703133050,0.0,0.0
11703164805,11703164702,0.0,0.0
11703164805,11703164705,0.12001559,42.666405
11703164805,11703164708,0.0,0.0
11703164805,11703164709,0.06917319,24.591564
11703164805,11703164721,0.0,0.0
11703164805,11703164730,0.1442565,51.28422
11703164805,11703164801,0.0,0.0
11703164805,11703164805,0.0,0.0
11703164805,11703164808,0.20275876,72.08219
11703164805,11703164809,0.19230631,68.36627
11703164805,11703164813,0.2714897,96.51654
11703164805,11703164818,0.0,0.0
11703164805,11703164827,0.0,0.0
11703164806,11703164727,0.0,0.0
11703164806,11703164728,0.0,0.0
11703164806,11703164733,0.0,0.0
11703164806,11703164802,0.0,0.0
11703164806,11703164803,0.0,0.0
11703164806,11703164804,0.21234247,90.70795
11703164806,11703164806,0.0,0.0
11703164806,11703164807,0.0,0.0
11703164806,11703164811,0.13566443,57.95281
11703164806,11703164812,0.0,0.0
11703164806,11703164814,0.0,0.0
11703164806,11703164819,0.0,0.0
11703164806,11703164823,0.0,0.0
11703164806,11801134514,0.0,0.0
11703164806,11802156402,0.035945863,15.355268
11703164806,11802156416,0.49246797,210.37129
11703164806,11802156424,0.123579234,52.790283
11703164807,11703164706,0.0,0.0
11703164807,11703164708,0.0,0.0
11703164807,11703164714,0.0,0.0
11703164807,11703164717,0.0,0.0
11703164807,11703164719,0.0,0.0
11703164807,11703164727,0.0,0.0
11703164807,11703164733,0.0,0.0
11703164807,11703164804,0.08242178,29.174181
11703164807,11703164806,0.0,0.0
11703164807,11703164807,0.014550447,5.150306
11703164807,11703164810,0.0,0.0
11703164807,11703164812,0.0,0.0
11703164807,11703164814,0.0,0.0
11703164807,11703164815,0.0,0.0
11703164807,11703164816,0.0,0.0
11703164807,11703164819,0.0777818,27.531803
11703164807,11703164820,0.30762994,108.88932
11703164807,11703164823,0.23012751,81.456406
11703164807,11703164824,0.0,0.0
11703164807,11703164825,0.28748858,101.76004
11703164807,11703164827,0.0,0.0
11703164808,11703133013,0.049567968,18.71024
11703164808,11703133020,0.0,0.0
11703164808,11703164304,0.0,0.0
11703164808,11703164705,0.0,0.0
11703164808,11703164708,0.0,0.0
11703164808,11703164730,0.0,0.0
11703164808,11703164801,0.0,0.0
11703164808,11703164805,0.31609228,119.31419
11703164808,11703164808,0.051631242,19.489056
11703164808,11703164809,0.32402316,122.30784
11703164808,11703164813,0.25868538,97.64503
11703164808,11703164818,0.0,0.0
11703164808,11703164827,0.0,0.0
11703164809,11703133013,0.0,0.0
11703164809,11703133020,0.3092684,113.53242
11703164809,11703133034,0.02800858,10.281949
11703164809,11703133044,0.03394869,12.4625635
11703164809,11703133050,0.012659401,4.647266
11703164809,11703164301,0.14356267,52.701855
11703164809,11703164304,0.0,0.0
11703164809,11703164308,0.0,0.0
11703164809,11703164313,0.055478126,20.366018
11703164809,11703164702,0.0,0.0
11703164809,11703164705,0.0,0.0
11703164809,11703164706,0.0,0.0
11703164809,11703164708,0.0,0.0
11703164809,11703164709,0.0,0.0
11703164809,11703164717,0.0,0.0
11703164809,11703164721,0.0,0.0
11703164809,11703164730,0.00464797,1.7062697
11703164809,11703164801,0.12462571,45.750095
11703164809,11703164805,0.09476942,34.789852
11703164809,11703164808,0.0805558,29.572031
11703164809,11703164809,0.0,0.0
11703164809,11703164810,0.0,0.0
11703164809,11703164813,0.0,0.0
11703164809,11703164816,0.0,0.0
11703164809,11703164818,0.045132786,16.568245
11703164809,11703164820,0.0,0.0
11703164809,11703164821,0.0,0.0
11703164809,11703164824,0.0,0.0
11703164809,11703164825,0.0,0.0
11703164809,11703164826,0.0,0.0
11703164809,11703164827,0.06734255,24.721449
11703164810,11703164708,0.0,0.0
11703164810,11703164730,0.0,0.0
11703164810,11703164801,0.0,0.0
11703164810,11703164802,0.0,0.0
11703164810,11703164804,0.0,0.0
11703164810,11703164807,0.0,0.0
11703164810,11703164809,0.0,0.0
11703164810,11703164810,0.0,0.0
11703164810,11703164812,0.25026178,87.835686
11703164810,11703164815,0.13235927,46.454823
11703164810,11703164816,0.0,0.0
11703164810,11703164819,0.0,0.0
11703164810,11703164820,0.30470932,106.94542
11703164810,11703164821,0.10685289,37.502716
11703164810,11703164823,0.0,0.0
11703164810,11703164824,0.0,0.0
11703164810,11703164825,0.0,0.0
11703164810,11703164826,0.0,0.0
11703164810,11703164827,0.20581675,72.23658
11703164811,11703164728,0.33581033,167.81706
11703164811,11703164802,0.026109666,13.047983
11703164811,11703164803,0.20454594,102.21931
11703164811,11703164804,0.16316012,81.537254
11703164811,11703164806,0.0,0.0
11703164811,11703164811,0.0,0.0
11703164811,11703164812,0.0,0.0
11703164811,11703164814,0.0,0.0
11703164811,11703164815,0.0,0.0
11703164811,11703164817,0.0,0.0
11703164811,11703164819,0.13846037,69.193855
11703164811,11703164823,0.0,0.0
11703164811,11703164826,0.0,0.0
11703164811,11801134514,0.0,0.0
11703164811,11802156402,0.0,0.0
11703164811,11802156416,0.13191363,65.92221
11703164811,11802156424,0.0,0.0
11703164812,11703164706,0.0,0.0
11703164812,11703164727,0.0,0.0
11703164812,11703164733,0.0,0.0
11703164812,11703164802,0.0,0.0
11703164812,11703164804,0.3513828,115.47506
11703164812,11703164806,0.0,0.0
11703164812,11703164807,0.0,0.0
11703164812,11703164810,0.1280517,42.081676
11703164812,11703164811,0.0,0.0
11703164812,11703164812,0.0,0.0
11703164812,11703164814,0.0,0.0
11703164812,11703164815,0.0,0.0
11703164812,11703164819,0.32470006,106.7063
11703164812,11703164820,0.19586545,64.36733
11703164812,11703164821,0.0,0.0
11703164812,11703164823,0.0,0.0
11703164812,11703164824,0.0,0.0
11703164812,11703164825,0.0,0.0
11703164812,11703164826,0.0,0.0
11703164812,11703164827,0.0,0.0
11703164813,11703133013,0.06679672,26.51545
11703164813,11703133014,0.0,0.0
11703164813,11703133018,0.0,0.0
11703164813,11703133020,0.59103304,234.61491
11703164813,11703133034,0.0,0.0
11703164813,11703133035,0.0,0.0
11703164813,11703133038,0.0,0.0
11703164813,11703133043,0.0,0.0
11703164813,11703133044,0.0,0.0
11703164813,11703133050,0.0,0.0
11703164813,11703164302,0.0,0.0
11703164813,11703164304,0.0,0.0
11703164813,11703164702,0.0,0.0
11703164813,11703164705,0.09267527,36.78813
11703164813,11703164709,0.0,0.0
11703164813,11703164721,0.0,0.0
11703164813,11703164730,0.0,0.0
11703164813,11703164801,0.0,0.0
11703164813,11703164805,0.16107893,63.941467
11703164813,11703164808,0.08512747,33.791977
11703164813,11703164809,0.0,0.0
11703164813,11703164813,0.0,0.0
11703164813,11703164818,0.0032883286,1.3053262
11703164814,11703164719,0.0,0.0
11703164814,11703164727,0.23786649,86.17174
11703164814,11703164728,0.3552176,128.68445
11703164814,11703164731,0.03742686,13.558604
11703164814,11703164733,0.0,0.0
11703164814,11703164803,0.0,0.0
11703164814,11703164804,0.0,0.0
11703164814,11703164806,0.0,0.0
11703164814,11703164807,0.0,0.0
11703164814,11703164811,0.0,0.0
11703164814,11703164812,0.0,0.0
11703164814,11703164814,0.0,0.0
11703164814,11703164823,0.22428831,81.252785
11703164814,11801134514,0.0,0.0
11703164814,11802156402,0.0,0.0
11703164814,11802156416,0.14391783,52.137016
11703164814,11802156424,0.0012829006,0.46475556
11703164815,11703164308,0.0,0.0
11703164815,11703164311,0.0,0.0
11703164815,11703164312,0.0,0.0
11703164815,11703164315,0.0,0.0
11703164815,11703164318,0.0,0.0
11703164815,11703164801,0.0,0.0
11703164815,11703164802,0.2273834,73.258316
11703164815,11703164803,0.0,0.0
11703164815,11703164804,0.0,0.0
11703164815,11703164807,0.0,0.0
11703164815,11703164810,0.22700188,73.13539
11703164815,11703164811,0.0,0.0
11703164815,11703164812,0.0,0.0
11703164815,11703164815,0.0,0.0
11703164815,11703164817,0.0,0.0
11703164815,11703164819,0.24890766,80.19299
11703164815,11703164820,0.2551879,82.216354
11703164815,11703164821,0.023877054,7.692702
11703164815,11703164822,0.0,0.0
11703164815,11703164823,0.0,0.0
11703164815,11703164824,0.0,0.0
11703164815,11703164826,0.017642051,5.6839104
11703164815,11703164827,0.0,0.0
11703164816,11703164706,0.0,0.0
11703164816,11703164708,0.3488539,131.12943
11703164816,11703164714,0.0,0.0
11703164816,11703164717,0.0,0.0
11703164816,11703164721,0.0,0.0
11703164816,11703164730,0.0,0.0
11703164816,11703164733,0.0,0.0
11703164816,11703164801,0.16715896,62.83278
11703164816,11703164807,0.0,0.0
11703164816,11703164809,0.0,0.0
11703164816,11703164810,0.0,0.0
11703164816,11703164816,0.0,0.0
11703164816,11703164820,0.0,0.0
11703164816,11703164821,0.0,0.0
11703164816,11703164824,0.0,0.0
11703164816,11703164825,0.15289664,57.471767
11703164816,11703164827,0.33109045,124.45239
11703164817,11703164308,0.0,0.0
11703164817,11703164311,0.0,0.0
11703164817,11703164312,0.0,0.0
11703164817,11703164315,0.0,0.0
11703164817,11703164318,0.0,0.0
11703164817,11703164801,0.30148706,110.407646
11703164817,11703164802,0.0,0.0
11703164817,11703164803,0.13985446,51.216137
11703164817,11703164811,0.0,0.0
11703164817,11703164815,0.0,0.0
11703164817,11703164817,0.0,0.0
11703164817,11703164821,0.0,0.0
11703164817,11703164822,0.15133336,55.419827
11703164817,11703164826,0.036343247,13.309269
11703164817,11802156402,0.19892302,72.84765
11703164817,11802156416,0.0,0.0
11703164817,11802156427,0.17205897,63.009754
11703164818,11701163527,0.013461858,7.7863746
11703164818,11701163542,0.13393071,77.46588
11703164818,11703133013,0.0,0.0
11703164818,11703133018,0.0,0.0
11703164818,11703133020,0.1887863,109.194496
11703164818,11703133035,0.0,0.0
11703164818,11703133038,0.0,0.0
11703164818,11703133043,0.0,0.0
11703164818,11703164301,0.0,0.0
11703164818,11703164302,0.0,0.0
11703164818,11703164304,0.0,0.0
11703164818,11703164308,0.0,0.0
11703164818,11703164313,0.32273045,186.66815
11703164818,11703164705,0.0,0.0
11703164818,11703164708,0.0,0.0
11703164818,11703164730,0.0,0.0
11703164818,11703164801,0.0,0.0
11703164818,11703164805,0.0,0.0
11703164818,11703164808,0.19564095,113.15924
11703164818,11703164809,0.0,0.0
11703164818,11703164813,0.0,0.0
11703164818,11703164818,0.14544967,84.12847
11703164818,11703164821,0.0,0.0
11703164818,11703164826,0.0,0.0
11703164818,11703164827,0.0,0.0
11703164819,11703164802,0.08355275,33.87406
11703164819,11703164803,0.0,0.0
11703164819,11703164804,0.22496387,91.20514
11703164819,11703164806,0.0,0.0
11703164819,11703164807,0.0,0.0
11703164819,11703164810,0.0,0.0
11703164819,11703164811,0.27170733,110.15593
11703164819,11703164812,0.29731598,120.53822
11703164819,11703164815,0.12246016,49.647953
11703164819,11703164819,0.0,0.0
11703164819,11703164820,0.0,0.0
11703164819,11703164821,0.0,0.0
11703164819,11703164823,0.0,0.0
11703164819,11703164826,0.0,0.0
11703164819,11802156416,0.0,0.0
11703164820,11703164706,0.0,0.0
11703164820,11703164708,0.0,0.0
11703164820,11703164730,0.024195671,8.78957
11703164820,11703164733,0.0,0.0
11703164820,11703164801,0.0,0.0
11703164820,11703164802,0.0,0.0
11703164820,11703164804,0.0,0.0
11703164820,11703164807,0.22094202,80.26169
11703164820,11703164809,0.0,0.0
11703164820,11703164810,0.22978783,83.475105
11703164820,11703164812,0.21550131,78.28524
11703164820,11703164815,0.070623696,25.655495
11703164820,11703164816,0.0,0.0
11703164820,11703164819,0.0,0.0
11703164820,11703164820,0.0,0.0
11703164820,11703164821,0.0,0.0
11703164820,11703164823,0.0,0.0
11703164820,11703164824,0.14696753,53.388947
11703164820,11703164825,0.0,0.0
11703164820,11703164826,0.0,0.0
11703164820,11703164827,0.09198189,33.41429
11703164821,11703164301,0.0,0.0
11703164821,11703164304,0.0,0.0
11703164821,11703164308,0.0,0.0
11703164821,11703164311,0.0,0.0
11703164821,11703164312,0.0,0.0
11703164821,11703164313,0.0,0.0
11703164821,11703164315,0.0,0.0
11703164821,11703164318,0.0,0.0
11703164821,11703164708,0.0,0.0
11703164821,11703164730,0.004870087,1.8964717
11703164821,11703164801,0.042576462,16.579798
11703164821,11703164802,0.0,0.0
11703164821,11703164803,0.0,0.0
11703164821,11703164809,0.0,0.0
11703164821,11703164810,0.37826505,147.30106
11703164821,11703164812,0.0,0.0
11703164821,11703164815,0.30186942,117.55167
11703164821,11703164816,0.0,0.0
11703164821,11703164817,0.0,0.0
11703164821,11703164818,0.0,0.0
11703164821,11703164819,0.0,0.0
11703164821,11703164820,0.0,0.0
11703164821,11703164821,0.07535854,29.345541
11703164821,11703164822,0.0,0.0
11703164821,11703164824,0.0,0.0
11703164821,11703164825,0.0,0.0
11703164821,11703164826,0.03272429,12.743241
11703164821,11703164827,0.16433612,63.994503
11703164822,11703164308,0.15179634,65.86548
11703164822,11703164311,0.0,0.0
11703164822,11703164312,0.0,0.0
11703164822,11703164315,0.008736908,3.7910047
11703164822,11703164318,0.0,0.0
11703164822,11703164319,0.0,0.0
11703164822,11703164801,0.18729335,81.267876
11703164822,11703164802,0.0,0.0
11703164822,11703164803,0.0,0.0
11703164822,11703164815,0.0,0.0
11703164822,11703164817,0.276658,120.043816
11703164822,11703164821,0.0,0.0
11703164822,11703164822,0.0,0.0
11703164822,11703164826,0.0,0.0
11703164822,11802156402,0.21514326,93.35214
11703164822,11802156416,0.065072596,28.235447
11703164822,11802156427,0.09529966,41.35118
11703164823,11703164706,0.0,0.0
11703164823,11703164714,0.0,0.0
11703164823,11703164719,0.0,0.0
11703164823,11703164727,0.0036310256,1.3231635
11703164823,11703164728,0.027867109,10.154911
11703164823,11703164733,0.115712136,42.16607
11703164823,11703164804,0.20280412,73.90282
11703164823,11703164806,0.0,0.0
11703164823,11703164807,0.22952703,83.64078
11703164823,11703164810,0.0,0.0
11703164823,11703164811,0.0,0.0
11703164823,11703164812,0.27283278,99.42161
11703164823,11703164814,0.14762577,53.795555
11703164823,11703164815,0.0,0.0
11703164823,11703164819,0.0,0.0
11703164823,11703164820,0.0,0.0
11703164823,11703164823,0.0,0.0
11703164823,11703164824,0.0,0.0
11703164823,11703164825,0.0,0.0
11703164823,11802156416,0.0,0.0
11703164824,11703164706,0.0,0.0
11703164824,11703164708,0.0,0.0
11703164824,11703164730,0.0,0.0
11703164824,11703164733,0.0,0.0
11703164824,11703164801,0.0,0.0
11703164824,11703164807,0.013662636,4.730402
11703164824,11703164809,0.0,0.0
11703164824,11703164810,0.0,0.0
11703164824,11703164812,0.0,0.0
11703164824,11703164815,0.0,0.0
11703164824,11703164816,0.26761281,92.655334
11703164824,11703164820,0.24511826,84.867065
11703164824,11703164821,0.0,0.0
11703164824,11703164823,0.0,0.0
11703164824,11703164824,0.0,0.0
11703164824,11703164825,0.1426692,49.396225
11703164824,11703164827,0.33093715,114.580055
11703164825,11703164706,0.2132874,85.60197
11703164825,11703164708,0.0,0.0
11703164825,11703164714,0.0,0.0
11703164825,11703164717,0.0,0.0
11703164825,11703164730,0.0,0.0
11703164825,11703164733,0.0,0.0
11703164825,11703164801,0.1879807,75.44524
11703164825,11703164807,0.19939236,80.02525
11703164825,11703164809,0.0,0.0
11703164825,11703164810,0.0,0.0
11703164825,11703164812,0.0,0.0
11703164825,11703164816,0.12776928,51.279644
11703164825,11703164820,0.0,0.0
11703164825,11703164821,0.0,0.0
11703164825,11703164823,0.0,0.0
11703164825,11703164824,0.049206838,19.74895
11703164825,11703164825,0.0,0.0
11703164825,11703164827,0.22236346,89.244606
11703164826,11703164301,0.0,0.0
11703164826,11703164304,0.0,0.0
11703164826,11703164306,0.0,0.0
11703164826,11703164307,0.0,0.0
11703164826,11703164308,0.0,0.0
11703164826,11703164309,0.0,0.0
11703164826,11703164311,0.0,0.0
11703164826,11703164312,0.0,0.0
11703164826,11703164313,0.0,0.0
11703164826,11703164314,0.0,0.0
11703164826,11703164315,0.0,0.0
11703164826,11703164318,0.0,0.0
11703164826,11703164319,0.0,0.0
11703164826,11703164321,0.0,0.0
11703164826,11703164801,0.5739216,186.6339
11703164826,11703164802,0.0,0.0
11703164826,11703164803,0.0,0.0
11703164826,11703164809,0.0,0.0
11703164826,11703164810,0.0,0.0
11703164826,11703164811,0.0,0.0
11703164826,11703164812,0.0,0.0
11703164826,11703164815,0.0,0.0
11703164826,11703164817,0.0,0.0
11703164826,11703164818,0.0,0.0
11703164826,11703164819,0.0,0.0
11703164826,11703164820,0.0,0.0
11703164826,11703164821,0.0,0.0
11703164826,11703164822,0.0,0.0
11703164826,11703164826,0.34257478,111.40208
11703164826,11703164827,0.0,0.0
11703164826,11802156402,0.0,0.0
11703164826,11802156416,0.08350366,27.154602
11703164826,11802156427,0.0,0.0
11703164827,11703164301,0.0,0.0
11703164827,11703164304,0.0,0.0
11703164827,11703164308,0.018953085,8.660751
11703164827,11703164313,0.00270617,1.2366043
11703164827,11703164705,0.0,0.0
11703164827,11703164706,0.0,0.0
11703164827,11703164708,0.0,0.0
11703164827,11703164717,0.0,0.0
11703164827,11703164721,0.0,0.0
11703164827,11703164730,0.0,0.0
11703164827,11703164801,0.2812059,128.4991
11703164827,11703164805,0.0,0.0
11703164827,11703164807,0.0,0.0
11703164827,11703164808,0.0,0.0
11703164827,11703164809,0.24998534,114.23264
11703164827,11703164810,0.0111579895,5.0987253
11703164827,11703164812,0.0,0.0
11703164827,11703164815,0.0,0.0
11703164827,11703164816,0.13158607,60.129227
11703164827,11703164818,0.0,0.0
11703164827,11703164820,0.17859137,81.60864
11703164827,11703164821,0.0,0.0
11703164827,11703164824,0.0,0.0
11703164827,11703164825,0.1258142,57.491726
11703164827,11703164826,0.0,0.0
11703164827,11703164827,0.0,0.0
11801134201,11703164219,0.2034427,111.75949
11801134201,11703164220,0.13778532,75.69118
11801134201,11703164222,0.15350091,84.3244
11801134201,11703164725,0.12138355,66.68101
11801134201,11703164726,0.0,0.0
11801134201,11703164731,0.014063239,7.725519
11801134201,11801134201,0.0,0.0
11801134201,11801134506,0.0,0.0
11801134201,11801134514,0.0,0.0
11801134201,11801134515,0.0,0.0
11801134201,11801134522,0.0,0.0
11801134201,11801134523,0.0,0.0
11801134201,11801134524,0.0,0.0
11801134201,11801134525,0.0,0.0
11801134201,11801134526,0.0,0.0
11801134201,11801134527,0.0,0.0
11801134201,11801134529,0.0,0.0
11801134201,11801134532,0.0,0.0
11801134201,11801134534,0.0,0.0
11801134201,11801134537,0.0,0.0
11801134201,11801134701,0.0,0.0
11801134201,11801134712,0.0,0.0
11801134201,11802156412,0.3698243,203.15977
11801134501,11703132902,0.0,0.0
11801134501,11703132903,0.055272162,23.3303
11801134501,11703132904,0.0,0.0
11801134501,11703132906,0.03411883,14.401509
11801134501,11703132908,0.0,0.0
11801134501,11703132911,0.0,0.0
11801134501,11703132912,0.21383017,90.2574
11801134501,11703132913,0.123945236,52.317104
11801134501,11703132923,0.061633825,26.015547
11801134501,11703132926,0.0,0.0
11801134501,11703133611,0.0,0.0
11801134501,11703133625,0.0,0.0
11801134501,11801134501,0.0,0.0
11801134501,11801134502,0.0,0.0
11801134501,11801134503,0.0,0.0
11801134501,11801134504,0.16305321,68.824524
11801134501,11801134510,0.0,0.0
11801134501,11801134515,0.01660043,7.007017
11801134501,11801134522,0.0,0.0
11801134501,11801134527,0.21165186,89.337944
11801134501,11801134528,0.0,0.0
11801134501,11801134535,0.0,0.0
11801134501,11801134536,0.11989415,50.607143
11801134502,11703132903,0.16803575,66.36224
11801134502,11703132906,0.0,0.0
11801134502,11801134501,0.11725819,46.308697
11801134502,11801134502,0.0,0.0
11801134502,11801134503,0.0,0.0
11801134502,11801134510,0.0,0.0
11801134502,11801134515,0.0,0.0
11801134502,11801134522,0.25052178,98.93839
11801134502,11801134527,0.0,0.0
11801134502,11801134528,0.0,0.0
11801134502,11801134535,0.46418428,183.31998
11801134502,11801134536,0.0,0.0
11801134503,11801134501,0.0,0.0
11801134503,11801134502,0.0,0.0
11801134503,11801134503,0.0,0.0
11801134503,11801134509,0.0,0.0
11801134503,11801134510,0.0,0.0
11801134503,11801134515,0.0,0.0
11801134503,11801134522,0.41586807,162.37912
11801134503,11801134527,0.0,0.0
11801134503,11801134528,0.0,0.0
11801134503,11801134535,0.494602,193.12143
11801134503,11801134536,0.08952993,34.9577
11801134504,11703132902,0.03644249,13.652157
11801134504,11703132903,0.21867779,81.92151
11801134504,11703132906,0.14262447,53.43026
11801134504,11703132911,0.0,0.0
11801134504,11703132912,0.32735422,122.63409
11801134504,11703132913,0.015240103,5.7092776
11801134504,11703132914,0.076443106,28.637268
11801134504,11703132923,0.08114794,30.399801
11801134504,11703132926,0.0,0.0
11801134504,11703132927,0.0,0.0
11801134504,11703133333,0.0,0.0
11801134504,11801134501,0.014225334,5.3291225
11801134504,11801134504,0.0,0.0
11801134504,11801134519,0.0,0.0
11801134504,11801134536,0.08784452,32.90849
11801134504,11801165008,0.0,0.0
11801134506,11801134201,0.0,0.0
11801134506,11801134506,0.09241781,40.44444
11801134506,11801134508,0.26590216,116.36571
11801134506,11801134509,0.0,0.0
11801134506,11801134515,0.0,0.0
11801134506,11801134524,0.0,0.0
11801134506,11801134525,0.0,0.0
11801134506,11801134527,0.0,0.0
11801134506,11801134528,0.0,0.0
11801134506,11801134529,0.25527024,111.712906
11801134506,11801134534,0.2896871,126.77462
11801134506,11801134701,0.09672272,42.32838
11801134506,11801134712,0.0,0.0
11801134508,11801134506,0.18671256,84.61444
11801134508,11801134508,0.08281565,37.530415
11801134508,11801134509,0.11760494,53.296234
11801134508,11801134510,0.0,0.0
11801134508,11801134515,0.06860459,31.090244
11801134508,11801134522,0.15290403,69.29308
11801134508,11801134524,0.021877736,9.914557
11801134508,11801134527,0.0,0.0
11801134508,11801134528,0.09575778,43.395535
11801134508,11801134529,0.17641869,79.94946
11801134508,11801134534,0.0,0.0
11801134508,11801134701,0.097304046,44.09627
11801134509,11801134503,0.0,0.0
11801134509,11801134506,0.0,0.0
11801134509,11801134508,0.2680708,116.76236
11801134509,11801134509,0.15933365,69.40022
11801134509,11801134510,0.032794774,14.284268
11801134509,11801134522,0.34282553,149.32294
11801134509,11801134527,0.0,0.0
11801134509,11801134528,0.19697523,85.79559
11801134509,11801134529,0.0,0.0
11801134510,11801134501,0.13506496,58.54052
11801134510,11801134502,0.0,0.0
11801134510,11801134503,0.0,0.0
11801134510,11801134508,0.0,0.0
11801134510,11801134509,0.0,0.0
11801134510,11801134510,0.0,0.0
11801134510,11801134515,0.0,0.0
11801134510,11801134522,0.09480387,41.09036
11801134510,11801134527,0.0,0.0
11801134510,11801134528,0.0,0.0
11801134510,11801134529,0.0,0.0
11801134510,11801134535,0.506631,219.58652
11801134510,11801134536,0.2635002,114.20756
11801134514,11703132903,0.0,0.0
11801134514,11703133605,0.008461535,4.55737
11801134514,11703133611,0.0,0.0
11801134514,11703133613,0.0,0.0
11801134514,11703133624,0.0,0.0
11801134514,11703133625,0.0,0.0
11801134514,11703133626,0.0,0.0
11801134514,11703133628,0.0,0.0
11801134514,11703133629,0.16087776,86.64852
11801134514,11703133630,0.0,0.0
11801134514,11703133631,0.0,0.0
11801134514,11703133632,0.0,0.0
11801134514,11703133634,0.0,0.0
11801134514,11703164204,0.0,0.0
11801134514,11703164215,0.0,0.0
11801134514,11703164219,0.0,0.0
11801134514,11703164220,0.0,0.0
11801134514,11703164221,0.0,0.0
11801134514,11703164222,0.0,0.0
11801134514,11703164223,0.0,0.0
11801134514,11703164701,0.0,0.0
11801134514,11703164713,0.0,0.0
11801134514,11703164716,0.0,0.0
11801134514,11703164719,0.0,0.0
11801134514,11703164725,0.0,0.0
11801134514,11703164726,0.0,0.0
11801134514,11703164727,0.0,0.0
11801134514,11703164728,0.0,0.0
11801134514,11703164729,0.0,0.0
11801134514,11703164731,0.0,0.0
11801134514,11703164803,0.0,0.0
11801134514,11703164806,0.0,0.0
11801134514,11703164811,0.0,0.0
11801134514,11703164814,0.0,0.0
11801134514,11801134201,0.0,0.0
11801134514,11801134514,0.0,0.0
11801134514,11801134515,0.0,0.0
11801134514,11801134522,0.0,0.0
11801134514,11801134523,0.0,0.0
11801134514,11801134524,0.0,0.0
11801134514,11801134525,0.0,0.0
11801134514,11801134526,0.0,0.0
11801134514,11801134527,0.0,0.0
11801134514,11801134529,0.0,0.0
11801134514,11801134532,0.0,0.0
11801134514,11801134534,0.0,0.0
11801134514,11801134535,0.0,0.0
11801134514,11801134536,0.0,0.0
11801134514,11801134537,0.028018057,15.090484
11801134514,11801134712,0.0,0.0
11801134514,11802156402,0.0,0.0
11801134514,11802156405,0.67302805,362.4919
11801134514,11802156412,0.063644946,34.27907
11801134514,11802156416,0.0,0.0
11801134514,11802156424,0.06596953,35.53109
11801134515,11703132903,0.0,0.0
11801134515,11703133625,0.0,0.0
11801134515,11703133626,0.0,0.0
11801134515,11703133629,0.24926192,243.21463
11801134515,11703133630,0.0,0.0
11801134515,11703133632,0.0,0.0
11801134515,11703133634,0.0,0.0
11801134515,11703164219,0.0,0.0
11801134515,11703164220,0.0,0.0
11801134515,11703164221,0.0,0.0
11801134515,11703164222,0.0,0.0
11801134515,11703164725,0.0,0.0
11801134515,11703164726,0.0,0.0
11801134515,11703164728,0.33731884,329.13522
11801134515,11703164731,0.0,0.0
11801134515,11801134201,0.0,0.0
11801134515,11801134501,0.0,0.0
11801134515,11801134502,0.0,0.0
11801134515,11801134503,0.0,0.0
11801134515,11801134506,0.0,0.0
11801134515,11801134508,0.0,0.0
11801134515,11801134510,0.0,0.0
11801134515,11801134514,0.0,0.0
11801134515,11801134515,0.0,0.0
11801134515,11801134522,0.0,0.0
11801134515,11801134523,0.0,0.0
11801134515,11801134524,0.0,0.0
11801134515,11801134525,0.0,0.0
11801134515,11801134526,0.0,0.0
11801134515,11801134527,0.0,0.0
11801134515,11801134528,0.0,0.0
11801134515,11801134529,0.0,0.0
11801134515,11801134532,0.0,0.0
11801134515,11801134534,0.0,0.0
11801134515,11801134535,0.0,0.0
11801134515,11801134536,0.0,0.0
11801134515,11801134537,0.0,0.0
11801134515,11801134712,0.0,0.0
11801134515,11802156405,0.32333,315.48575
11801134515,11802156412,0.0012423396,1.2121996
11801134515,11802156416,0.0,0.0
11801134515,11802156424,0.08884686,86.69137
11801134519,11703132906,0.0,0.0
11801134519,11703132912,0.0,0.0
11801134519,11703132913,0.0,0.0
11801134519,11703132914,0.1306591,36.68684
11801134519,11703132926,0.0,0.0
11801134519,11703132927,0.0,0.0
11801134519,11703133333,0.08690426,24.40123
11801134519,11703133334,0.0,0.0
11801134519,11703133335,0.0,0.0
11801134519,11703133346,0.22422493,62.958523
11801134519,11801134504,0.0,0.0
11801134519,11801134519,0.10478145,29.42084
11801134519,11801165008,0.09800434,27.517942
11801134519,11801165019,0.35542604,99.797554
11801134522,11703132903,0.0,0.0
11801134522,11703132906,0.0,0.0
11801134522,11703133625,0.0,0.0
11801134522,11801134201,0.0,0.0
11801134522,11801134501,0.28808063,199.18272
11801134522,11801134502,0.023095101,15.968255
11801134522,11801134503,0.0,0.0
11801134522,11801134508,0.0,0.0
11801134522,11801134509,0.0,0.0
11801134522,11801134510,0.26438642,182.80023
11801134522,11801134514,0.0,0.0
11801134522,11801134515,0.0,0.0
11801134522,11801134522,0.12697607,87.792915
11801134522,11801134523,0.0,0.0
11801134522,11801134524,0.0,0.0
11801134522,11801134526,0.0059449077,4.110387
11801134522,11801134527,0.10459453,72.31802
11801134522,11801134528,0.0,0.0
11801134522,11801134529,0.0,0.0
11801134522,11801134532,0.0,0.0
11801134522,11801134535,0.0,0.0
11801134522,11801134536,0.18692255,129.24069
11801134522,11801134537,0.0,0.0
11801134523,11801134201,0.0,0.0
11801134523,11801134514,0.0,0.0
11801134523,11801134515,0.016431063,6.6044207
11801134523,11801134522,0.0,0.0
11801134523,11801134523,0.0,0.0
11801134523,11801134524,0.0,0.0
11801134523,11801134525,0.0,0.0
11801134523,11801134526,0.0,0.0
11801134523,11801134527,0.08476016,34.06911
11801134523,11801134529,0.0,0.0
11801134523,11801134532,0.26084533,104.84606
11801134523,11801134534,0.101180285,40.669136
11801134523,11801134535,0.31746015,127.60223
11801134523,11801134537,0.0,0.0
11801134523,11801134712,0.0,0.0
11801134523,11802156412,0.21932307,88.1563
11801134524,11801134201,0.0,0.0
11801134524,11801134506,0.0,0.0
11801134524,11801134508,0.0,0.0
11801134524,11801134514,0.0,0.0
11801134524,11801134515,0.038710177,13.652363
11801134524,11801134522,0.015078306,5.3178396
11801134524,11801134523,0.09310794,32.83745
11801134524,11801134524,0.0,0.0
11801134524,11801134525,0.0871177,30.7248
11801134524,11801134526,0.0,0.0
11801134524,11801134527,0.04553163,16.058163
11801134524,11801134528,0.0,0.0
11801134524,11801134529,0.08893308,31.365051
11801134524,11801134532,0.3135379,110.57901
11801134524,11801134534,0.14107043,49.752926
11801134524,11801134535,0.12589723,44.401623
11801134524,11801134537,0.051015854,17.992348
11801134524,11801134701,0.0,0.0
11801134524,11801134712,0.0,0.0
11801134525,11801134201,0.0,0.0
11801134525,11801134506,0.0,0.0
11801134525,11801134514,0.0,0.0
11801134525,11801134515,0.0,0.0
11801134525,11801134523,0.040675938,15.088952
11801134525,11801134524,0.09665954,35.85636
11801134525,11801134525,0.0,0.0
11801134525,11801134526,0.0,0.0
11801134525,11801134529,0.0,0.0
11801134525,11801134532,0.41770983,154.95164
11801134525,11801134534,0.090088785,33.418907
11801134525,11801134537,0.0,0.0
11801134525,11801134701,0.0,0.0
11801134525,11801134712,0.0,0.0
11801134525,11802156412,0.3548659,131.63936
11801134526,11801134201,0.0,0.0
11801134526,11801134514,0.0,0.0
11801134526,11801134515,0.33378232,120.61312
11801134526,11801134522,0.0,0.0
11801134526,11801134523,0.0,0.0
11801134526,11801134524,0.0,0.0
11801134526,11801134525,0.0,0.0
11801134526,11801134526,0.037270784,13.4678955
11801134526,11801134527,0.0,0.0
11801134526,11801134529,0.0,0.0
11801134526,11801134532,0.2154997,77.87138
11801134526,11801134534,0.0,0.0
11801134526,11801134535,0.0,0.0
11801134526,11801134537,0.0,0.0
11801134526,11801134712,0.0,0.0
11801134526,11802156412,0.41344726,149.40025
11801134527,11801134201,0.0,0.0
11801134527,11801134501,0.26676092,101.78639
11801134527,11801134502,0.0,0.0
11801134527,11801134503,0.0,0.0
11801134527,11801134506,0.0,0.0
11801134527,11801134508,0.0,0.0
11801134527,11801134509,0.0,0.0
11801134527,11801134510,0.0,0.0
11801134527,11801134514,0.0,0.0
11801134527,11801134515,0.0,0.0
11801134527,11801134522,0.16757485,63.94055
11801134527,11801134523,0.0,0.0
11801134527,11801134524,0.0,0.0
11801134527,11801134526,0.19162485,73.117165
11801134527,11801134527,0.0,0.0
11801134527,11801134528,0.0,0.0
11801134527,11801134529,0.0,0.0
11801134527,11801134532,0.37403938,142.72
11801134527,11801134534,0.0,0.0
11801134527,11801134535,0.0,0.0
11801134527,11801134536,0.0,0.0
11801134527,11801134537,0.0,0.0
11801134528,11801134501,0.27273923,112.88094
11801134528,11801134502,0.0,0.0
11801134528,11801134503,0.0,0.0
11801134528,11801134506,0.0,0.0
11801134528,11801134508,0.004985869,2.0635445
11801134528,11801134509,0.0,0.0
11801134528,11801134510,0.0,0.0
11801134528,11801134515,0.0,0.0
11801134528,11801134522,0.0015512109,0.642013
11801134528,11801134524,0.0,0.0
11801134528,11801134527,0.090583086,37.490402
11801134528,11801134528,0.0,0.0
11801134528,11801134529,0.22828361,94.48171
11801134528,11801134534,0.0,0.0
11801134528,11801134535,0.25867927,107.06182
11801134528,11801134536,0.14317769,59.258186
11801134529,11801134201,0.0,0.0
11801134529,11801134506,0.0,0.0
11801134529,11801134508,0.0,0.0
11801134529,11801134509,0.0,0.0
11801134529,11801134510,0.0,0.0
11801134529,11801134514,0.0,0.0
11801134529,11801134515,0.25726295,89.46126
11801134529,11801134522,0.06162989,21.431332
11801134529,11801134523,0.081890196,28.4767
11801134529,11801134524,0.0,0.0
11801134529,11801134525,0.0,0.0
11801134529,11801134526,0.122440755,42.577854
11801134529,11801134527,0.0,0.0
11801134529,11801134528,0.0,0.0
11801134529,11801134529,0.04733497,16.46038
11801134529,11801134532,0.3436191,119.49097
11801134529,11801134534,0.08547443,29.723091
11801134529,11801134535,0.0003477335,0.120921716
11801134529,11801134537,0.0,0.0
11801134529,11801134701,0.0,0.0
11801134529,11801134712,0.0,0.0
11801134532,11703133625,0.011006638,3.9119153
11801134532,11703133626,0.0,0.0
11801134532,11703133629,0.21543412,76.568344
11801134532,11703133630,0.0,0.0
11801134532,11703133632,0.0,0.0
11801134532,11703133634,0.0,0.0
11801134532,11703164219,0.0243458,8.6528425
11801134532,11703164220,0.0016264766,0.57807285
11801134532,11703164221,0.028343841,10.073803
11801134532,11703164222,0.02735369,9.7218895
11801134532,11703164725,0.064051196,22.764704
11801134532,11703164726,0.0,0.0
11801134532,11703164728,0.22599189,80.320724
11801134532,11703164731,0.009436771,3.3539624
11801134532,11801134201,0.0,0.0
11801134532,11801134514,0.0,0.0
11801134532,11801134515,0.092265174,32.79235
11801134532,11801134522,0.0,0.0
11801134532,11801134523,0.0,0.0
11801134532,11801134524,0.0,0.0
11801134532,11801134525,0.0,0.0
11801134532,11801134526,0.0,0.0
11801134532,11801134527,0.0,0.0
11801134532,11801134529,0.0,0.0
11801134532,11801134532,0.04479511,15.920817
11801134532,11801134534,0.0,0.0
11801134532,11801134535,0.0,0.0
11801134532,11801134537,0.0,0.0
11801134532,11801134712,0.0,0.0
11801134532,11802156405,0.0,0.0
11801134532,11802156412,0.0,0.0
11801134532,11802156416,0.18847875,66.98802
11801134532,11802156424,0.066870496,23.766724
11801134534,11801134201,0.0,0.0
11801134534,11801134506,0.0,0.0
11801134534,11801134508,0.0,0.0
11801134534,11801134514,0.0,0.0
11801134534,11801134515,0.0,0.0
11801134534,11801134523,0.11546287,51.01994
11801134534,11801134524,0.07003984,30.948723
11801134534,11801134525,0.121558815,53.713573
11801134534,11801134526,0.0,0.0
11801134534,11801134527,0.0,0.0
11801134534,11801134528,0.0,0.0
11801134534,11801134529,0.0,0.0
11801134534,11801134532,0.20304313,89.71931
11801134534,11801134534,0.0,0.0
11801134534,11801134537,0.0,0.0
11801134534,11801134701,0.0,0.0
11801134534,11801134712,0.0,0.0
11801134534,11802156412,0.48989543,216.47163
11801134535,11703132902,0.0,0.0
11801134535,11703132903,0.0,0.0
11801134535,11703132904,0.0,0.0
11801134535,11703132906,0.0,0.0
11801134535,11703132908,0.0,0.0
11801134535,11703133605,0.0,0.0
11801134535,11703133611,0.0,0.0
11801134535,11703133613,0.0,0.0
11801134535,11703133624,0.0,0.0
11801134535,11703133625,0.0,0.0
11801134535,11703133626,0.0,0.0
11801134535,11703133629,0.05697894,19.801044
11801134535,11703133630,0.0,0.0
11801134535,11703133632,0.0,0.0
11801134535,11703133634,0.0,0.0
11801134535,11703164219,0.025198221,8.756763
11801134535,11703164220,0.0167135,5.808194
11801134535,11703164221,0.0,0.0
11801134535,11703164222,0.0,0.0
11801134535,11703164725,0.0,0.0
11801134535,11703164726,0.0,0.0
11801134535,11703164731,0.0,0.0
11801134535,11801134501,0.0,0.0
11801134535,11801134502,0.0,0.0
11801134535,11801134503,0.0,0.0
11801134535,11801134510,0.10737562,37.314655
11801134535,11801134514,0.0,0.0
11801134535,11801134515,0.3072195,106.76343
11801134535,11801134522,0.0,0.0
11801134535,11801134523,0.0,0.0
11801134535,11801134524,0.18219918,63.316975
11801134535,11801134526,0.0,0.0
11801134535,11801134527,0.022715807,7.894087
11801134535,11801134528,0.0,0.0
11801134535,11801134529,0.28159916,97.85997
11801134535,11801134532,0.0,0.0
11801134535,11801134535,0.0,0.0
11801134535,11801134536,0.0,0.0
11801134535,11801134537,0.0,0.0
11801134536,11703132902,0.0,0.0
11801134536,11703132903,0.0,0.0
11801134536,11703132904,0.0,0.0
11801134536,11703132906,0.0,0.0
11801134536,11703132908,0.0,0.0
11801134536,11703132911,0.0,0.0
11801134536,11703132912,0.36475027,182.70084
11801134536,11703132913,0.23292801,116.672
11801134536,11703132923,0.0,0.0
11801134536,11703132926,0.0,0.0
11801134536,11703133611,0.0,0.0
11801134536,11703133625,0.0,0.0
11801134536,11801134501,0.032697737,16.378065
11801134536,11801134502,0.0,0.0
11801134536,11801134503,0.0,0.0
11801134536,11801134504,0.30480498,152.67467
11801134536,11801134510,0.0,0.0
11801134536,11801134514,0.0,0.0
11801134536,11801134515,0.0,0.0
11801134536,11801134522,0.0,0.0
11801134536,11801134527,0.06481898,32.46737
11801134536,11801134528,0.0,0.0
11801134536,11801134535,0.0,0.0
11801134536,11801134536,0.0,0.0
11801134537,11801134201,0.0,0.0
11801134537,11801134514,0.17903867,0.0
11801134537,11801134515,0.4274291,0.0
11801134537,11801134522,0.0,0.0
11801134537,11801134523,0.0,0.0
11801134537,11801134524,0.20754763,0.0
11801134537,11801134525,0.12219009,0.0
11801134537,11801134526,0.0,0.0
11801134537,11801134527,0.0,0.0
11801134537,11801134529,0.0,0.0
11801134537,11801134532,0.0,0.0
11801134537,11801134534,0.0,0.0
11801134537,11801134535,0.0,0.0
11801134537,11801134537,0.06379464,0.0
11801134701,11801134201,0.0,0.0
11801134701,11801134506,0.19673112,90.54119
11801134701,11801134508,0.15589157,71.74568
11801134701,11801134524,0.0,0.0
11801134701,11801134525,0.05619648,25.863201
11801134701,11801134529,0.0,0.0
11801134701,11801134534,0.31735268,146.05463
11801134701,11801134701,0.1724821,79.38111
11801134701,11801134712,0.101346046,46.6423
11801134712,11801134201,0.0,0.0
11801134712,11801134506,0.0,0.0
11801134712,11801134514,0.0,0.0
11801134712,11801134515,0.032839507,11.878671
11801134712,11801134523,0.25475082,92.148186
11801134712,11801134524,0.0,0.0
11801134712,11801134525,0.054632276,19.761526
11801134712,11801134526,0.30662373,110.9116
11801134712,11801134529,0.0,0.0
11801134712,11801134532,0.19829646,71.72758
11801134712,11801134534,0.07809484,28.24838
11801134712,11801134701,0.074762315,27.042942
11801134712,11801134712,0.0,0.0
11801165008,11703132914,0.2655208,145.5751
11801165008,11703132927,0.0,0.0
11801165008,11703133333,0.1050449,57.592182
11801165008,11703133334,0.019328296,10.59698
11801165008,11703133335,0.045290202,24.83092
11801165008,11703133346,0.0,0.0
11801165008,11801134504,0.33673137,184.61719
11801165008,11801134519,0.0,0.0
11801165008,11801165008,0.11712724,64.21648
11801165008,11801165019,0.110957086,60.83361
11801165019,11703132914,0.0,0.0
11801165019,11703132927,0.0,0.0
11801165019,11703133329,0.41436845,171.76831
11801165019,11703133333,0.0,0.0
11801165019,11703133334,0.0,0.0
11801165019,11703133335,0.0,0.0
11801165019,11703133337,0.0,0.0
11801165019,11703133346,0.0,0.0
11801165019,11703133348,0.0,0.0
11801165019,11703133349,0.158606,65.747
11801165019,11703133353,0.06449705,26.735987
11801165019,11801134519,0.15193075,62.979908
11801165019,11801165008,0.0,0.0
11801165019,11801165019,0.21059793,87.29924
11802156402,11701163404,0.0,0.0
11802156402,11701163420,0.0,0.0
11802156402,11703164307,0.18951486,77.43487
11802156402,11703164311,0.0,0.0
11802156402,11703164318,0.0,0.0
11802156402,11703164319,0.0,0.0
11802156402,11703164320,0.0,0.0
11802156402,11703164728,0.0,0.0
11802156402,11703164802,0.0,0.0
11802156402,11703164803,0.03134513,12.807469
11802156402,11703164806,0.0,0.0
11802156402,11703164811,0.012162656,4.969603
11802156402,11703164814,0.18739942,76.5705
11802156402,11703164817,0.079877734,32.63766
11802156402,11703164822,0.0,0.0
11802156402,11703164826,0.0,0.0
11802156402,11801134514,0.0,0.0
11802156402,11802156402,0.0,0.0
11802156402,11802156416,0.0,0.0
11802156402,11802156424,0.1420139,58.026203
11802156402,11802156427,0.35768646,146.14897
11802156405,11703133626,0.0,0.0
11802156405,11703133629,0.0,0.0
11802156405,11703133630,0.0,0.0
11802156405,11703133632,0.0,0.0
11802156405,11703164219,0.0,0.0
11802156405,11703164220,0.0,0.0
11802156405,11703164221,0.0,0.0
11802156405,11703164222,0.0,0.0
11802156405,11703164725,0.0,0.0
11802156405,11703164726,0.0,0.0
11802156405,11703164728,0.0,0.0
11802156405,11703164731,0.0,0.0
11802156405,11801134514,0.8462622,0.0
11802156405,11801134515,0.15373778,0.0
11802156405,11801134532,0.0,0.0
11802156405,11802156405,0.0,0.0
11802156405,11802156412,0.0,0.0
11802156405,11802156416,0.0,0.0
11802156405,11802156424,0.0,0.0
11802156412,11703133626,0.0,0.0
11802156412,11703133629,0.010692924,4.6485305
11802156412,11703133630,0.0,0.0
11802156412,11703133632,0.0,0.0
11802156412,11703164219,0.0,0.0
11802156412,11703164220,0.017322153,7.5304523
11802156412,11703164221,0.0,0.0
11802156412,11703164222,0.122792095,53.381355
11802156412,11703164725,0.03351268,14.568954
11802156412,11703164726,0.10777244,46.851868
11802156412,11703164728,0.31930086,138.80952
11802156412,11703164731,0.0,0.0
11802156412,11801134201,0.0,0.0
11802156412,11801134514,0.0,0.0
11802156412,11801134515,0.3085899,134.15317
11802156412,11801134523,0.0,0.0
11802156412,11801134525,0.0,0.0
11802156412,11801134526,0.0,0.0
11802156412,11801134532,0.0,0.0
11802156412,11801134534,0.0,0.0
11802156412,11802156405,0.0,0.0
11802156412,11802156412,0.0,0.0
11802156412,11802156416,0.08001694,34.785732
11802156412,11802156424,0.0,0.0
11802156416,11703133626,0.0,0.0
11802156416,11703133629,0.0,0.0
11802156416,11703164219,0.0,0.0
11802156416,11703164220,0.0,0.0
11802156416,11703164221,0.0,0.0
11802156416,11703164222,0.0,0.0
11802156416,11703164318,0.0,0.0
11802156416,11703164719,0.0,0.0
11802156416,11703164725,0.0,0.0
11802156416,11703164726,0.0,0.0
11802156416,11703164727,0.0,0.0
11802156416,11703164728,0.08890402,36.37736
11802156416,11703164731,0.0,0.0
11802156416,11703164802,0.0,0.0
11802156416,11703164803,0.0,0.0
11802156416,11703164804,0.0,0.0
11802156416,11703164806,0.0,0.0
11802156416,11703164811,0.17498744,71.60059
11802156416,11703164814,0.059243023,24.2408
11802156416,11703164817,0.0,0.0
11802156416,11703164819,0.0,0.0
11802156416,11703164822,0.026740372,10.941508
11802156416,11703164823,0.0,0.0
11802156416,11703164826,0.0,0.0
11802156416,11801134514,0.0,0.0
11802156416,11801134515,0.0,0.0
11802156416,11801134532,0.01787141,7.3125453
11802156416,11802156402,0.0,0.0
11802156416,11802156405,0.062286973,25.486311
11802156416,11802156412,0.20224804,82.75497
11802156416,11802156416,0.0,0.0
11802156416,11802156424,0.36771864,150.4615
11802156416,11802156427,0.0,0.0
11802156424,11703133626,0.0,0.0
11802156424,11703133629,0.072108224,27.946026
11802156424,11703133630,0.0,0.0
11802156424,11703133632,0.0,0.0
11802156424,11703164219,0.01007624,3.9051142
11802156424,11703164220,0.0,0.0
11802156424,11703164221,0.04987921,19.331022
11802156424,11703164222,0.13774575,53.38429
11802156424,11703164725,0.10527934,40.801716
11802156424,11703164726,0.1626655,63.042107
11802156424,11703164728,0.0,0.0
11802156424,11703164731,0.0601777,23.322271
11802156424,11703164803,0.0,0.0
11802156424,11703164806,0.0,0.0
11802156424,11703164811,0.0,0.0
11802156424,11703164814,0.0,0.0
11802156424,11801134514,0.11870672,46.005585
11802156424,11801134515,0.118019,45.739056
11802156424,11801134532,0.0,0.0
11802156424,11802156402,0.0,0.0
11802156424,11802156405,0.0,0.0
11802156424,11802156412,0.05913897,22.919704
11802156424,11802156416,0.10620339,41.159836
11802156424,11802156424,0.0,0.0
11802156427,11701163404,0.0,0.0
11802156427,11701163410,0.0,0.0
11802156427,11701163420,0.0,0.0
11802156427,11703164303,0.24911046,114.506714
11802156427,11703164307,0.0,0.0
11802156427,11703164309,0.0,0.0
11802156427,11703164311,0.0,0.0
11802156427,11703164316,0.0,0.0
11802156427,11703164318,0.0,0.0
11802156427,11703164319,0.0,0.0
11802156427,11703164320,0.0,0.0
11802156427,11703164803,0.20386088,93.707184
11802156427,11703164817,0.0,0.0
11802156427,11703164822,0.0,0.0
11802156427,11703164826,0.0,0.0
11802156427,11802156402,0.0,0.0
11802156427,11802156416,0.54702866,251.44852
11802156427,11802156427,0.0,0.0
12002167401,11703133101,0.0,0.0
12002167401,11703133102,0.0,0.0
12002167401,11703133114,0.0797396,37.384487
12002167401,11703133124,0.0,0.0
12002167401,11703133135,0.0,0.0
12002167401,11703133138,0.0,0.0
12002167401,11703133144,0.195905,91.84656
12002167401,11703133145,0.0504463,23.650846
12002167401,11703133146,0.3313165,155.33182
12002167401,11703133147,0.0,0.0
12002167401,11703133148,0.122535974,57.4488
12002167401,11703133149,0.0,0.0
12002167401,11703133151,0.12375191,58.01887
12002167401,12002167401,0.0,0.0
12002167401,12002167413,0.0,0.0
12002167401,12002167414,0.096304685,45.15073
12002167401,12002167421,0.0,0.0
12002167413,11703133103,0.0,0.0
12002167413,11703133106,0.14206812,60.838203
12002167413,11703133107,0.0,0.0
12002167413,11703133124,0.0,0.0
12002167413,11703133143,0.062693685,26.847483
12002167413,11703133144,0.07884595,33.76441
12002167413,11703133148,0.0,0.0
12002167413,11703133150,0.0,0.0
12002167413,11703133151,0.32243142,138.07565
12002167413,11703163810,0.0,0.0
12002167413,11703163811,0.15336594,65.6763
12002167413,11703163814,0.0,0.0
12002167413,11703163819,0.0,0.0
12002167413,11703163820,0.0,0.0
12002167413,11703163824,0.18390378,78.7536
12002167413,12002167401,0.012634844,5.410652
12002167413,12002167413,0.0,0.0
12002167413,12002167414,0.044056267,18.866331
12002167414,11703133101,0.0,0.0
12002167414,11703133103,0.0,0.0
12002167414,11703133106,0.0,0.0
12002167414,11703133107,0.12729177,40.560776
12002167414,11703133113,0.22635242,72.12587
12002167414,11703133121,0.0,0.0
12002167414,11703133124,0.0,0.0
12002167414,11703133125,0.0,0.0
12002167414,11703133143,0.0,0.0
12002167414,11703133144,0.07441017,23.710363
12002167414,11703133145,0.0,0.0
12002167414,11703133146,0.0,0.0
12002167414,11703133147,0.0,0.0
12002167414,11703133148,0.08168575,26.028687
12002167414,11703133149,0.0,0.0
12002167414,11703133151,0.10657725,33.960217
12002167414,11703133152,0.0,0.0
12002167414,11703163814,0.13768372,43.87211
12002167414,11703163820,0.0,0.0
12002167414,12002167401,0.11757061,37.463184
12002167414,12002167413,0.024616212,7.8438115
12002167414,12002167414,0.10381195,33.079067
12002167414,12002167421,0.0,0.0
12002167421,11703133101,0.0,0.0
12002167421,11703133149,0.1617865,78.14657
12002167421,11703133151,0.056706607,27.390585
12002167421,12002167401,0.5385189,260.1169
12002167421,12002167414,0.24298811,117.368805
12002167421,12002167421,0.0,0.0
