ORIGSA1_2021,DESTSA1_2021,Predicted_Prob,Predicted_Flow
11701163404,11701163404,0.0,0.0
11701163404,11701163410,0.09379619,39.832985
11701163404,11701163420,0.0,0.0
11701163404,11703164303,0.0,0.0
11701163404,11703164307,0.0,0.0
11701163404,11703164316,0.0,0.0
11701163404,11703164318,0.0,0.0
11701163404,11703164319,0.0,0.0
11701163404,11703164320,0.0,0.0
11701163404,11802156402,0.0,0.0
11701163404,11802156427,0.9062038,384.84296
11701163407,11701163407,0.5809585,259.69522
11701163407,11701163410,0.110416055,49.357265
11701163407,11701163415,0.1847632,82.59131
11701163407,11701163424,0.123862386,55.367935
11701163407,11703133035,0.0,0.0
11701163407,11703164303,0.0,0.0
11701163407,11703164305,0.0,0.0
11701163407,11703164316,0.0,0.0
11701163407,11703164320,0.0,0.0
11701163410,11701163404,0.0,0.0
11701163410,11701163407,0.21570715,102.12122
11701163410,11701163410,0.25021192,118.45665
11701163410,11701163415,0.30979088,146.66284
11701163410,11701163420,0.0,0.0
11701163410,11701163424,0.049493402,23.431429
11701163410,11703133035,0.0,0.0
11701163410,11703164303,0.0,0.0
11701163410,11703164305,0.0,0.0
11701163410,11703164307,0.0,0.0
11701163410,11703164316,0.17479667,82.75317
11701163410,11703164320,0.0,0.0
11701163410,11802156427,0.0,0.0
11701163415,11701163407,0.08787733,37.85887
11701163415,11701163410,0.05658239,24.376541
11701163415,11701163415,0.5075347,218.65353
11701163415,11701163424,0.12041682,51.87737
11701163415,11703133035,0.0,0.0
11701163415,11703164303,0.0,0.0
11701163415,11703164305,0.0,0.0
11701163415,11703164316,0.2275886,98.04858
11701163415,11703164320,0.0,0.0
11701163420,11701163404,0.168329,238.52324
11701163420,11701163410,0.0,0.0
11701163420,11701163420,0.831671,1178.483
11701163420,11703164303,0.0,0.0
11701163420,11703164307,0.0,0.0
11701163420,11703164316,0.0,0.0
11701163420,11703164318,0.0,0.0
11701163420,11703164319,0.0,0.0
11701163420,11703164320,0.0,0.0
11701163420,11802156402,0.0,0.0
11701163420,11802156427,0.0,0.0
11701163424,11701163407,0.2935207,143.50842
11701163424,11701163410,0.0,0.0
11701163424,11701163415,0.46325827,226.49667
11701163424,11701163424,0.24322104,118.91586
11701163424,11703133035,0.0,0.0
11701163424,11703164303,0.0,0.0
11701163424,11703164305,0.0,0.0
11701163424,11703164316,0.0,0.0
11701163424,11703164320,0.0,0.0
11701163503,11701163503,0.0,0.0
11701163503,11701163512,1.0,366.86057
11701163503,11702132805,0.0,0.0
11701163503,11702132815,0.0,0.0
11701163503,11702132819,0.0,0.0
11701163503,11702132820,0.0,0.0
11701163503,11703133018,0.0,0.0
11701163503,11703133022,0.0,0.0
11701163512,11701163503,0.0,0.0
11701163512,11701163512,0.9572714,869.48895
11701163512,11702132805,0.0,0.0
11701163512,11702132815,0.0,0.0
11701163512,11702132819,0.0,0.0
11701163512,11702132820,0.0,0.0
11701163512,11703133015,0.0,0.0
11701163512,11703133016,0.0,0.0
11701163512,11703133018,0.042728603,38.81036
11701163512,11703133020,0.0,0.0
11701163512,11703133022,0.0,0.0
11701163512,11703133031,0.0,0.0
11701163512,11703133032,0.0,0.0
11701163512,11703133049,0.0,0.0
11701163527,11701163527,0.5616262,403.38516
11701163527,11701163542,0.27595142,198.2007
11701163527,11703133013,0.0,0.0
11701163527,11703133018,0.0,0.0
11701163527,11703133020,0.0,0.0
11701163527,11703133035,0.16242239,116.65906
11701163527,11703133038,0.0,0.0
11701163527,11703133043,0.0,0.0
11701163527,11703164302,0.0,0.0
11701163527,11703164304,0.0,0.0
11701163527,11703164818,0.0,0.0
11701163542,11701163527,0.09336406,85.53257
11701163542,11701163542,0.4431214,405.95184
11701163542,11703133013,0.0,0.0
11701163542,11703133018,0.0,0.0
11701163542,11703133020,0.0,0.0
11701163542,11703133035,0.46351448,424.6343
11701163542,11703133038,0.0,0.0
11701163542,11703133043,0.0,0.0
11701163542,11703164302,0.0,0.0
11701163542,11703164303,0.0,0.0
11701163542,11703164304,0.0,0.0
11701163542,11703164305,0.0,0.0
11701163542,11703164818,0.0,0.0
11702132805,11701163503,0.0,0.0
11702132805,11701163512,0.25536913,103.17068
11702132805,11702132805,0.048418462,19.561354
11702132805,11702132815,0.6962125,281.27408
11702132805,11702132819,0.0,0.0
11702132805,11702132820,0.0,0.0
11702132805,11703133015,0.0,0.0
11702132805,11703133018,0.0,0.0
11702132805,11703133020,0.0,0.0
11702132805,11703133022,0.0,0.0
11702132805,11703133031,0.0,0.0
11702132805,11703133032,0.0,0.0
11702132805,11703133049,0.0,0.0
11702132815,11701163503,0.0,0.0
11702132815,11701163512,0.0,0.0
11702132815,11702132805,0.0,0.0
11702132815,11702132815,0.49649298,299.0834
11702132815,11702132819,0.15025005,90.50943
11702132815,11702132820,0.28477198,171.54437
11702132815,11703133013,0.0,0.0
11702132815,11703133014,0.0,0.0
11702132815,11703133015,0.0,0.0
11702132815,11703133016,0.0,0.0
11702132815,11703133018,0.0,0.0
11702132815,11703133020,0.0,0.0
11702132815,11703133022,0.0,0.0
11702132815,11703133031,0.0,0.0
11702132815,11703133032,0.06848505,41.25485
11702132815,11703133039,0.0,0.0
11702132815,11703133049,0.0,0.0
11702132819,11701163503,0.0,0.0
11702132819,11701163512,0.0,0.0
11702132819,11702132805,0.0,0.0
11702132819,11702132815,0.0,0.0
11702132819,11702132819,0.0,0.0
11702132819,11702132820,0.0,0.0
11702132819,11703133014,0.0,0.0
11702132819,11703133015,0.0,0.0
11702132819,11703133016,0.0,0.0
11702132819,11703133018,0.0,0.0
11702132819,11703133020,0.0,0.0
11702132819,11703133022,0.0,0.0
11702132819,11703133028,0.25068393,124.82583
11702132819,11703133029,0.19442996,96.81467
11702132819,11703133030,0.0,0.0
11702132819,11703133031,0.0,0.0
11702132819,11703133032,0.5548861,276.30057
11702132819,11703133036,0.0,0.0
11702132819,11703133039,0.0,0.0
11702132819,11703133049,0.0,0.0
11702132819,11703164001,0.0,0.0
11702132819,11703164010,0.0,0.0
11702132819,11703164020,0.0,0.0
11702132819,11703164021,0.0,0.0
11702132820,11701163503,0.0,0.0
11702132820,11701163512,0.0,0.0
11702132820,11702132805,0.0,0.0
11702132820,11702132815,0.29494476,225.14731
11702132820,11702132819,0.0,0.0
11702132820,11702132820,0.6013346,459.03122
11702132820,11703133015,0.0,0.0
11702132820,11703133016,0.0,0.0
11702132820,11703133018,0.0,0.0
11702132820,11703133020,0.0,0.0
11702132820,11703133022,0.0,0.0
11702132820,11703133029,0.016225517,12.385816
11702132820,11703133031,0.0,0.0
11702132820,11703133032,0.08749521,66.789825
11702132820,11703133039,0.0,0.0
11702132820,11703133049,0.0,0.0
11702132820,11703164020,0.0,0.0
11703132901,11703132901,0.0,0.0
11703132901,11703132906,0.0,0.0
11703132901,11703132911,0.0,0.0
11703132901,11703132913,0.0,0.0
11703132901,11703132914,0.0,0.0
11703132901,11703132921,0.0,0.0
11703132901,11703132922,0.0,0.0
11703132901,11703132923,0.0,0.0
11703132901,11703132926,0.0,0.0
11703132901,11703132927,0.0,0.0
11703132901,11703132928,0.0,0.0
11703132901,11703133333,0.5358976,260.71686
11703132901,11703133334,0.27296,132.7964
11703132901,11703133336,0.14617604,71.11537
11703132901,11703133337,0.02116859,10.298624
11703132901,11703133351,0.0,0.0
11703132901,11703133352,0.023797631,11.577666
11703132902,11703132902,0.0,0.0
11703132902,11703132903,0.0,0.0
11703132902,11703132904,0.0,0.0
11703132902,11703132905,0.0,0.0
11703132902,11703132906,0.0,0.0
11703132902,11703132907,0.19668972,1357.9927
11703132902,11703132908,0.0,0.0
11703132902,11703132909,0.0,0.0
11703132902,11703132910,0.0,0.0
11703132902,11703132911,0.024666965,170.3066
11703132902,11703132912,0.29573804,2041.8457
11703132902,11703132913,0.34118372,2355.6135
11703132902,11703132919,0.0,0.0
11703132902,11703132922,0.0,0.0
11703132902,11703132923,0.0,0.0
11703132902,11703132925,0.0,0.0
11703132902,11703132926,0.0,0.0
11703132902,11703133611,0.0,0.0
11703132902,11703133612,0.0,0.0
11703132902,11703133614,0.0,0.0
11703132902,11703133625,0.0,0.0
11703132902,11801134501,0.0,0.0
11703132902,11801134504,0.1417216,978.4797
11703132902,11801134535,0.0,0.0
11703132902,11801134536,0.0,0.0
11703132903,11703132902,0.0,0.0
11703132903,11703132903,0.0,0.0
11703132903,11703132904,0.0,0.0
11703132903,11703132905,0.0,0.0
11703132903,11703132906,0.0,0.0
11703132903,11703132907,0.0,0.0
11703132903,11703132908,0.0,0.0
11703132903,11703132909,0.0,0.0
11703132903,11703132910,0.0,0.0
11703132903,11703132911,0.0,0.0
11703132903,11703132912,0.0,0.0
11703132903,11703132913,0.0,0.0
11703132903,11703132923,0.0,0.0
11703132903,11703132926,0.06716162,89.74208
11703132903,11703133605,0.0,0.0
11703132903,11703133611,0.0,0.0
11703132903,11703133612,0.0,0.0
11703132903,11703133613,0.0,0.0
11703132903,11703133614,0.0,0.0
11703132903,11703133624,0.0,0.0
11703132903,11703133625,0.038939893,52.031906
11703132903,11703133634,0.1481294,197.93211
11703132903,11801134501,0.1211133,161.8329
11703132903,11801134502,0.0,0.0
11703132903,11801134504,0.0,0.0
11703132903,11801134514,0.0,0.0
11703132903,11801134515,0.0,0.0
11703132903,11801134522,0.0,0.0
11703132903,11801134535,0.6246558,834.6718
11703132903,11801134536,0.0,0.0
11703132904,11703132902,0.0,0.0
11703132904,11703132903,0.07000908,206.53673
11703132904,11703132904,0.0,0.0
11703132904,11703132905,0.0,0.0
11703132904,11703132906,0.0,0.0
11703132904,11703132907,0.0,0.0
11703132904,11703132908,0.0,0.0
11703132904,11703132909,0.0,0.0
11703132904,11703132910,0.0,0.0
11703132904,11703132911,0.056197017,165.78917
11703132904,11703132915,0.0,0.0
11703132904,11703132917,0.0,0.0
11703132904,11703132919,0.0,0.0
11703132904,11703133603,0.0,0.0
11703132904,11703133611,0.1906307,562.38763
11703132904,11703133612,0.08802351,259.68185
11703132904,11703133613,0.0,0.0
11703132904,11703133614,0.017552823,51.783318
11703132904,11703133615,0.0,0.0
11703132904,11703133618,0.0,0.0
11703132904,11703133619,0.0,0.0
11703132904,11703133622,0.0,0.0
11703132904,11703133624,0.0,0.0
11703132904,11703133625,0.26768848,789.719
11703132904,11703133640,0.0,0.0
11703132904,11703133642,0.0,0.0
11703132904,11801134501,0.0,0.0
11703132904,11801134535,0.3098984,914.24426
11703132904,11801134536,0.0,0.0
11703132905,11703132902,0.0,0.0
11703132905,11703132903,0.0,0.0
11703132905,11703132904,0.0,0.0
11703132905,11703132905,0.2320433,111.443214
11703132905,11703132908,0.0,0.0
11703132905,11703132909,0.0,0.0
11703132905,11703132910,0.0,0.0
11703132905,11703132915,0.0,0.0
11703132905,11703132917,0.0,0.0
11703132905,11703132919,0.0,0.0
11703132905,11703133603,0.0,0.0
11703132905,11703133611,0.0,0.0
11703132905,11703133612,0.0,0.0
11703132905,11703133613,0.0,0.0
11703132905,11703133614,0.25907043,124.42351
11703132905,11703133615,0.0,0.0
11703132905,11703133617,0.47670892,228.94853
11703132905,11703133618,0.0,0.0
11703132905,11703133619,0.0,0.0
11703132905,11703133620,0.0,0.0
11703132905,11703133622,0.0,0.0
11703132905,11703133624,0.03217739,15.453804
11703132905,11703133640,0.0,0.0
11703132905,11703133642,0.0,0.0
11703132905,11703164402,0.0,0.0
11703132905,11703164521,0.0,0.0
11703132905,11703164528,0.0,0.0
11703132905,11703164534,0.0,0.0
11703132906,11703132901,0.0,0.0
11703132906,11703132902,0.0,0.0
11703132906,11703132903,0.0,0.0
11703132906,11703132904,0.0,0.0
11703132906,11703132906,0.061882526,46.29088
11703132906,11703132907,0.0,0.0
11703132906,11703132908,0.0,0.0
11703132906,11703132910,0.0,0.0
11703132906,11703132911,0.13357082,99.91691
11703132906,11703132912,0.16446225,123.02507
11703132906,11703132913,0.0,0.0
11703132906,11703132914,0.0,0.0
11703132906,11703132921,0.0,0.0
11703132906,11703132922,0.0,0.0
11703132906,11703132923,0.2886972,215.95834
11703132906,11703132926,0.07424967,55.542053
11703132906,11703132927,0.0,0.0
11703132906,11703132928,0.0,0.0
11703132906,11703133611,0.0,0.0
11703132906,11703133625,0.0,0.0
11703132906,11801134501,0.0,0.0
11703132906,11801134502,0.0,0.0
11703132906,11801134504,0.2771375,207.31116
11703132906,11801134519,0.0,0.0
11703132906,11801134522,0.0,0.0
11703132906,11801134535,0.0,0.0
11703132906,11801134536,0.0,0.0
11703132907,11703132902,0.0,0.0
11703132907,11703132903,0.0,0.0
11703132907,11703132904,0.0,0.0
11703132907,11703132906,0.0,0.0
11703132907,11703132907,0.17022169,83.27478
11703132907,11703132908,0.0,0.0
11703132907,11703132909,0.0,0.0
11703132907,11703132910,0.0,0.0
11703132907,11703132911,0.0,0.0
11703132907,11703132919,0.0,0.0
11703132907,11703132920,0.0,0.0
11703132907,11703132921,0.09187931,44.948616
11703132907,11703132922,0.0,0.0
11703132907,11703132923,0.025875926,12.658858
11703132907,11703132924,0.0,0.0
11703132907,11703132925,0.0,0.0
11703132907,11703132926,0.5650116,276.41144
11703132907,11703132928,0.0,0.0
11703132907,11703133321,0.14701146,71.92002
11703132908,11703132902,0.0,0.0
11703132908,11703132903,0.00553751,6.2636943
11703132908,11703132904,0.0,0.0
11703132908,11703132905,0.0,0.0
11703132908,11703132906,0.05123508,57.954006
11703132908,11703132907,0.0,0.0
11703132908,11703132908,0.0,0.0
11703132908,11703132909,0.0,0.0
11703132908,11703132910,0.0,0.0
11703132908,11703132911,0.0946368,107.047386
11703132908,11703132915,0.0,0.0
11703132908,11703132917,0.0,0.0
11703132908,11703132919,0.0,0.0
11703132908,11703132922,0.021015882,23.771887
11703132908,11703132925,0.0,0.0
11703132908,11703133611,0.0,0.0
11703132908,11703133612,0.0,0.0
11703132908,11703133614,0.0,0.0
11703132908,11703133619,0.0,0.0
11703132908,11703133622,0.0,0.0
11703132908,11703133625,0.3912512,442.55957
11703132908,11703133640,0.0,0.0
11703132908,11703133642,0.0,0.0
11703132908,11801134501,0.0,0.0
11703132908,11801134535,0.4363234,493.54248
11703132908,11801134536,0.0,0.0
11703132909,11703132902,0.0,0.0
11703132909,11703132903,0.0,0.0
11703132909,11703132904,0.0,0.0
11703132909,11703132905,0.0,0.0
11703132909,11703132907,0.0,0.0
11703132909,11703132908,0.0,0.0
11703132909,11703132909,0.043597102,46.21009
11703132909,11703132910,0.0,0.0
11703132909,11703132915,0.0,0.0
11703132909,11703132916,0.0,0.0
11703132909,11703132917,0.0,0.0
11703132909,11703132918,0.0,0.0
11703132909,11703132919,0.0,0.0
11703132909,11703132920,0.0,0.0
11703132909,11703132922,0.0,0.0
11703132909,11703132925,0.0,0.0
11703132909,11703133611,0.0,0.0
11703132909,11703133612,0.0,0.0
11703132909,11703133614,0.0,0.0
11703132909,11703133617,0.7963376,844.06604
11703132909,11703133618,0.0,0.0
11703132909,11703133619,0.0,0.0
11703132909,11703133620,0.0,0.0
11703132909,11703133622,0.0,0.0
11703132909,11703133640,0.0,0.0
11703132909,11703133642,0.0,0.0
11703132909,11703164402,0.0,0.0
11703132909,11703164521,0.0,0.0
11703132909,11703164528,0.0,0.0
11703132909,11703164534,0.16006517,169.65868
11703132910,11703132902,0.0,0.0
11703132910,11703132903,0.0,0.0
11703132910,11703132904,0.0,0.0
11703132910,11703132905,0.0,0.0
11703132910,11703132906,0.0,0.0
11703132910,11703132907,0.23005717,125.263054
11703132910,11703132908,0.0,0.0
11703132910,11703132909,0.0,0.0
11703132910,11703132910,0.27859616,151.69188
11703132910,11703132911,0.0,0.0
11703132910,11703132915,0.0,0.0
11703132910,11703132917,0.0,0.0
11703132910,11703132918,0.0,0.0
11703132910,11703132919,0.0,0.0
11703132910,11703132920,0.0,0.0
11703132910,11703132921,0.0,0.0
11703132910,11703132922,0.44037476,239.77817
11703132910,11703132923,0.046621352,25.384703
11703132910,11703132924,0.0,0.0
11703132910,11703132925,0.0,0.0
11703132910,11703132928,0.0,0.0
11703132910,11703133321,0.004350692,2.3688936
11703132910,11703133619,0.0,0.0
11703132910,11703133622,0.0,0.0
11703132910,11703133642,0.0,0.0
11703132911,11703132901,0.0635587,26.243778
11703132911,11703132902,0.0,0.0
11703132911,11703132903,0.0,0.0
11703132911,11703132904,0.0,0.0
11703132911,11703132906,0.0052429438,2.1648438
11703132911,11703132907,0.0,0.0
11703132911,11703132908,0.0,0.0
11703132911,11703132910,0.0,0.0
11703132911,11703132911,0.33364928,137.76584
11703132911,11703132912,0.0,0.0
11703132911,11703132913,0.0,0.0
11703132911,11703132914,0.04892218,20.20027
11703132911,11703132921,0.0,0.0
11703132911,11703132922,0.0,0.0
11703132911,11703132923,0.1913656,79.01604
11703132911,11703132924,0.0,0.0
11703132911,11703132925,0.0,0.0
11703132911,11703132926,0.35726118,147.51534
11703132911,11703132927,0.0,0.0
11703132911,11703132928,0.0,0.0
11703132911,11801134501,0.0,0.0
11703132911,11801134504,0.0,0.0
11703132911,11801134536,0.0,0.0
11703132912,11703132902,0.0,0.0
11703132912,11703132903,0.0,0.0
11703132912,11703132906,0.0,0.0
11703132912,11703132911,0.0,0.0
11703132912,11703132912,0.34703237,180.83699
11703132912,11703132913,0.02459836,12.818093
11703132912,11703132914,0.0,0.0
11703132912,11703132923,0.0,0.0
11703132912,11703132926,0.0,0.0
11703132912,11703132927,0.0,0.0
11703132912,11703133333,0.5555085,289.47296
11703132912,11801134501,0.0,0.0
11703132912,11801134504,0.07286087,37.96747
11703132912,11801134519,0.0,0.0
11703132912,11801134536,0.0,0.0
11703132913,11703132901,0.0,0.0
11703132913,11703132902,0.0,0.0
11703132913,11703132903,0.0,0.0
11703132913,11703132906,0.0,0.0
11703132913,11703132911,0.0,0.0
11703132913,11703132912,0.30936402,163.53859
11703132913,11703132913,0.16366345,86.517136
11703132913,11703132914,0.40759295,215.4652
11703132913,11703132923,0.0,0.0
11703132913,11703132926,0.01706171,9.019304
11703132913,11703132927,0.0,0.0
11703132913,11703133333,0.10231781,54.088097
11703132913,11801134501,0.0,0.0
11703132913,11801134504,0.0,0.0
11703132913,11801134519,0.0,0.0
11703132913,11801134536,0.0,0.0
11703132914,11703132901,0.0,0.0
11703132914,11703132906,0.0,0.0
11703132914,11703132911,0.0,0.0
11703132914,11703132912,0.0,0.0
11703132914,11703132913,0.0,0.0
11703132914,11703132914,0.0,0.0
11703132914,11703132923,0.0,0.0
11703132914,11703132926,0.0,0.0
11703132914,11703132927,0.0,0.0
11703132914,11703132928,0.0,0.0
11703132914,11703133333,0.0,0.0
11703132914,11703133334,0.04265493,31.029142
11703132914,11703133335,0.22418606,163.08318
11703132914,11703133336,0.0,0.0
11703132914,11703133337,0.7331589,533.3332
11703132914,11703133346,0.0,0.0
11703132914,11703133351,0.0,0.0
11703132914,11703133352,0.0,0.0
11703132914,11801134504,0.0,0.0
11703132914,11801134519,0.0,0.0
11703132914,11801165008,0.0,0.0
11703132914,11801165019,0.0,0.0
11703132915,11703132904,0.0,0.0
11703132915,11703132905,0.0,0.0
11703132915,11703132908,0.0,0.0
11703132915,11703132909,0.044466823,87.703316
11703132915,11703132910,0.0,0.0
11703132915,11703132915,0.0,0.0
11703132915,11703132916,0.056530923,111.49772
11703132915,11703132917,0.17350122,342.2019
11703132915,11703132918,0.0,0.0
11703132915,11703132919,0.0,0.0
11703132915,11703133318,0.0,0.0
11703132915,11703133614,0.0,0.0
11703132915,11703133617,0.39952692,787.9995
11703132915,11703133618,0.0,0.0
11703132915,11703133619,0.0,0.0
11703132915,11703133620,0.0,0.0
11703132915,11703133622,0.0,0.0
11703132915,11703133640,0.0,0.0
11703132915,11703133642,0.0,0.0
11703132915,11703164402,0.0,0.0
11703132915,11703164414,0.0,0.0
11703132915,11703164418,0.0,0.0
11703132915,11703164428,0.0,0.0
11703132915,11703164502,0.0,0.0
11703132915,11703164507,0.14328298,282.60153
11703132915,11703164509,0.0,0.0
11703132915,11703164521,0.0,0.0
11703132915,11703164528,0.1826913,360.3278
11703132915,11703164534,0.0,0.0
11703132916,11703132909,0.0,0.0
11703132916,11703132915,0.0,0.0
11703132916,11703132916,0.75315523,370.94922
11703132916,11703132917,0.14483333,71.33431
11703132916,11703132918,0.0,0.0
11703132916,11703132919,0.0,0.0
11703132916,11703132920,0.0,0.0
11703132916,11703133318,0.0,0.0
11703132916,11703133319,0.10201144,50.24338
11703132916,11703133622,0.0,0.0
11703132916,11703164402,0.0,0.0
11703132916,11703164414,0.0,0.0
11703132916,11703164418,0.0,0.0
11703132916,11703164428,0.0,0.0
11703132916,11703164502,0.0,0.0
11703132916,11703164507,0.0,0.0
11703132916,11703164509,0.0,0.0
11703132916,11703164528,0.0,0.0
11703132917,11703132904,0.0,0.0
11703132917,11703132905,0.0,0.0
11703132917,11703132908,0.0,0.0
11703132917,11703132909,0.0,0.0
11703132917,11703132910,0.0,0.0
11703132917,11703132915,0.0,0.0
11703132917,11703132916,0.345313,183.85692
11703132917,11703132917,0.6546869,348.57858
11703132917,11703132918,0.0,0.0
11703132917,11703132919,0.0,0.0
11703132917,11703132920,0.0,0.0
11703132917,11703132925,0.0,0.0
11703132917,11703133318,0.0,0.0
11703132917,11703133319,0.0,0.0
11703132917,11703133619,0.0,0.0
11703132917,11703133622,0.0,0.0
11703132917,11703133642,0.0,0.0
11703132917,11703164402,0.0,0.0
11703132917,11703164528,0.0,0.0
11703132918,11703132909,0.0,0.0
11703132918,11703132910,0.0,0.0
11703132918,11703132915,0.0,0.0
11703132918,11703132916,0.39483336,1051.3931
11703132918,11703132917,0.16002622,426.1303
11703132918,11703132918,0.0,0.0
11703132918,11703132919,0.0,0.0
11703132918,11703132920,0.0,0.0
11703132918,11703132925,0.0,0.0
11703132918,11703133318,0.0,0.0
11703132918,11703133319,0.4451404,1185.3545
11703132918,11703133320,0.0,0.0
11703132918,11703133321,0.0,0.0
11703132918,11703133622,0.0,0.0
11703132918,11703164402,0.0,0.0
11703132918,11703164414,0.0,0.0
11703132918,11703164418,0.0,0.0
11703132918,11703164428,0.0,0.0
11703132918,11703164502,0.0,0.0
11703132918,11703164507,0.0,0.0
11703132918,11703164509,0.0,0.0
11703132918,11703164528,0.0,0.0
11703132919,11703132902,0.0,0.0
11703132919,11703132904,0.0,0.0
11703132919,11703132905,0.0,0.0
11703132919,11703132907,0.0,0.0
11703132919,11703132908,0.0,0.0
11703132919,11703132909,0.0,0.0
11703132919,11703132910,0.0,0.0
11703132919,11703132915,0.0,0.0
11703132919,11703132916,0.0,0.0
11703132919,11703132917,0.3221993,273.79575
11703132919,11703132918,0.0,0.0
11703132919,11703132919,0.425613,361.6737
11703132919,11703132920,0.12964031,110.16462
11703132919,11703132922,0.0,0.0
11703132919,11703132924,0.0,0.0
11703132919,11703132925,0.039482087,33.550743
11703132919,11703132928,0.0,0.0
11703132919,11703133318,0.0,0.0
11703132919,11703133319,0.0,0.0
11703132919,11703133320,0.0,0.0
11703132919,11703133321,0.0830653,70.58651
11703132919,11703133619,0.0,0.0
11703132919,11703133622,0.0,0.0
11703132919,11703133642,0.0,0.0
11703132919,11703164402,0.0,0.0
11703132920,11703132907,0.0,0.0
11703132920,11703132909,0.0,0.0
11703132920,11703132910,0.0,0.0
11703132920,11703132916,0.0,0.0
11703132920,11703132917,0.0,0.0
11703132920,11703132918,0.0,0.0
11703132920,11703132919,0.0,0.0
11703132920,11703132920,0.19061637,318.12076
11703132920,11703132922,0.0,0.0
11703132920,11703132924,0.0,0.0
11703132920,11703132925,0.0,0.0
11703132920,11703132928,0.0,0.0
11703132920,11703133318,0.0,0.0
11703132920,11703133319,0.40860218,681.9185
11703132920,11703133320,0.3583258,598.012
11703132920,11703133321,0.0,0.0
11703132920,11703133322,0.0,0.0
11703132920,11703133323,0.042455673,70.854515
11703132920,11703133328,0.0,0.0
11703132920,11703164402,0.0,0.0
11703132920,11703164418,0.0,0.0
11703132921,11703132901,0.4717788,412.80423
11703132921,11703132906,0.0,0.0
11703132921,11703132907,0.0,0.0
11703132921,11703132910,0.0,0.0
11703132921,11703132911,0.0,0.0
11703132921,11703132921,0.0,0.0
11703132921,11703132922,0.09331161,81.64722
11703132921,11703132923,0.0,0.0
11703132921,11703132924,0.0,0.0
11703132921,11703132925,0.0,0.0
11703132921,11703132926,0.35339504,309.219
11703132921,11703132927,0.0,0.0
11703132921,11703132928,0.0,0.0
11703132921,11703133321,0.0,0.0
11703132921,11703133322,0.0,0.0
11703132921,11703133352,0.08151454,71.32484
11703132922,11703132901,0.34522307,184.26486
11703132922,11703132902,0.0,0.0
11703132922,11703132906,0.0,0.0
11703132922,11703132907,0.0,0.0
11703132922,11703132908,0.0,0.0
11703132922,11703132909,0.0,0.0
11703132922,11703132910,0.0,0.0
11703132922,11703132911,0.0,0.0
11703132922,11703132919,0.0,0.0
11703132922,11703132920,0.0,0.0
11703132922,11703132921,0.31107646,166.03891
11703132922,11703132922,0.05925095,31.625546
11703132922,11703132923,0.0,0.0
11703132922,11703132924,0.0,0.0
11703132922,11703132925,0.0,0.0
11703132922,11703132926,0.28444952,151.82661
11703132922,11703132927,0.0,0.0
11703132922,11703132928,0.0,0.0
11703132922,11703133321,0.0,0.0
11703132923,11703132901,0.0,0.0
11703132923,11703132902,0.0,0.0
11703132923,11703132903,0.0,0.0
11703132923,11703132906,0.0,0.0
11703132923,11703132907,0.0,0.0
11703132923,11703132910,0.0,0.0
11703132923,11703132911,0.0,0.0
11703132923,11703132912,0.0,0.0
11703132923,11703132913,0.0,0.0
11703132923,11703132914,0.0,0.0
11703132923,11703132921,0.0,0.0
11703132923,11703132922,0.0,0.0
11703132923,11703132923,0.07621738,36.046265
11703132923,11703132924,0.0,0.0
11703132923,11703132925,0.0,0.0
11703132923,11703132926,0.0,0.0
11703132923,11703132927,0.0,0.0
11703132923,11703132928,0.0,0.0
11703132923,11703133321,0.17078742,80.77224
11703132923,11703133322,0.0,0.0
11703132923,11703133333,0.501315,237.09201
11703132923,11703133334,0.11621627,54.963345
11703132923,11703133336,0.0,0.0
11703132923,11703133337,0.024857014,11.755881
11703132923,11703133351,0.0,0.0
11703132923,11703133352,0.11060688,52.310436
11703132923,11801134501,0.0,0.0
11703132923,11801134504,0.0,0.0
11703132923,11801134536,0.0,0.0
11703132924,11703132907,0.0,0.0
11703132924,11703132910,0.0,0.0
11703132924,11703132911,0.0,0.0
11703132924,11703132919,0.0,0.0
11703132924,11703132920,0.0,0.0
11703132924,11703132921,1.0,495.058
11703132924,11703132922,0.0,0.0
11703132924,11703132923,0.0,0.0
11703132924,11703132924,0.0,0.0
11703132924,11703132925,0.0,0.0
11703132924,11703132927,0.0,0.0
11703132924,11703132928,0.0,0.0
11703132924,11703133321,0.0,0.0
11703132924,11703133322,0.0,0.0
11703132924,11703133352,0.0,0.0
11703132925,11703132902,0.0,0.0
11703132925,11703132907,0.14268726,90.930084
11703132925,11703132908,0.0,0.0
11703132925,11703132909,0.0,0.0
11703132925,11703132910,0.0,0.0
11703132925,11703132911,0.0,0.0
11703132925,11703132917,0.0,0.0
11703132925,11703132918,0.0,0.0
11703132925,11703132919,0.0,0.0
11703132925,11703132920,0.0,0.0
11703132925,11703132921,0.0,0.0
11703132925,11703132922,0.26091403,166.27228
11703132925,11703132923,0.0,0.0
11703132925,11703132924,0.0,0.0
11703132925,11703132925,0.0,0.0
11703132925,11703132927,0.0,0.0
11703132925,11703132928,0.46982378,299.40387
11703132925,11703133318,0.0,0.0
11703132925,11703133319,0.0,0.0
11703132925,11703133320,0.0,0.0
11703132925,11703133321,0.0,0.0
11703132925,11703133322,0.0,0.0
11703132925,11703133323,0.0,0.0
11703132925,11703133328,0.0,0.0
11703132925,11703133352,0.12657487,80.66217
11703132926,11703132901,0.0,0.0
11703132926,11703132902,0.0,0.0
11703132926,11703132903,0.0,0.0
11703132926,11703132906,0.0,0.0
11703132926,11703132907,0.0,0.0
11703132926,11703132911,0.0,0.0
11703132926,11703132912,0.0,0.0
11703132926,11703132913,0.0,0.0
11703132926,11703132914,0.0,0.0
11703132926,11703132921,0.0,0.0
11703132926,11703132922,0.0,0.0
11703132926,11703132923,0.0,0.0
11703132926,11703132926,0.0,0.0
11703132926,11703132927,0.0,0.0
11703132926,11703132928,0.0,0.0
11703132926,11703133333,0.41322955,261.0575
11703132926,11703133334,0.2532362,159.9818
11703132926,11703133336,0.0,0.0
11703132926,11703133337,0.33353433,210.71008
11703132926,11703133351,0.0,0.0
11703132926,11703133352,0.0,0.0
11703132926,11801134501,0.0,0.0
11703132926,11801134504,0.0,0.0
11703132926,11801134519,0.0,0.0
11703132926,11801134536,0.0,0.0
11703132927,11703132901,0.0,0.0
11703132927,11703132906,0.0,0.0
11703132927,11703132911,0.0,0.0
11703132927,11703132912,0.0,0.0
11703132927,11703132913,0.0,0.0
11703132927,11703132914,0.0,0.0
11703132927,11703132921,0.0,0.0
11703132927,11703132922,0.0,0.0
11703132927,11703132923,0.0,0.0
11703132927,11703132924,0.0,0.0
11703132927,11703132925,0.0,0.0
11703132927,11703132926,0.0,0.0
11703132927,11703132927,0.78605396,478.67838
11703132927,11703132928,0.21394604,130.28539
11703132927,11703133307,0.0,0.0
11703132927,11703133309,0.0,0.0
11703132927,11703133321,0.0,0.0
11703132927,11703133322,0.0,0.0
11703132927,11703133333,0.0,0.0
11703132927,11703133334,0.0,0.0
11703132927,11703133335,0.0,0.0
11703132927,11703133336,0.0,0.0
11703132927,11703133337,0.0,0.0
11703132927,11703133346,0.0,0.0
11703132927,11703133350,0.0,0.0
11703132927,11703133351,0.0,0.0
11703132927,11703133352,0.0,0.0
11703132927,11703133353,0.0,0.0
11703132927,11801134504,0.0,0.0
11703132927,11801134519,0.0,0.0
11703132927,11801165008,0.0,0.0
11703132927,11801165019,0.0,0.0
11703132928,11703132901,0.0,0.0
11703132928,11703132906,0.0,0.0
11703132928,11703132907,0.0,0.0
11703132928,11703132910,0.0,0.0
11703132928,11703132911,0.0,0.0
11703132928,11703132914,0.0,0.0
11703132928,11703132919,0.0,0.0
11703132928,11703132920,0.0,0.0
11703132928,11703132921,0.0,0.0
11703132928,11703132922,0.0,0.0
11703132928,11703132923,0.0,0.0
11703132928,11703132924,0.0,0.0
11703132928,11703132925,0.0,0.0
11703132928,11703132926,0.0,0.0
11703132928,11703132927,0.16606718,166.19942
11703132928,11703132928,0.8339328,834.59686
11703132928,11703133307,0.0,0.0
11703132928,11703133309,0.0,0.0
11703132928,11703133320,0.0,0.0
11703132928,11703133321,0.0,0.0
11703132928,11703133322,0.0,0.0
11703132928,11703133323,0.0,0.0
11703132928,11703133328,0.0,0.0
11703132928,11703133333,0.0,0.0
11703132928,11703133334,0.0,0.0
11703132928,11703133336,0.0,0.0
11703132928,11703133337,0.0,0.0
11703132928,11703133351,0.0,0.0
11703132928,11703133352,0.0,0.0
11703133003,11703133003,0.07579249,43.833576
11703133003,11703133004,0.32689112,189.05313
11703133003,11703133005,0.0,0.0
11703133003,11703133006,0.0,0.0
11703133003,11703133007,0.0,0.0
11703133003,11703133008,0.0,0.0
11703133003,11703133009,0.0,0.0
11703133003,11703133010,0.0,0.0
11703133003,11703133014,0.0,0.0
11703133003,11703133015,0.0,0.0
11703133003,11703133016,0.0,0.0
11703133003,11703133017,0.0,0.0
11703133003,11703133018,0.0,0.0
11703133003,11703133022,0.0,0.0
11703133003,11703133023,0.0,0.0
11703133003,11703133026,0.0,0.0
11703133003,11703133027,0.0,0.0
11703133003,11703133028,0.10655126,61.6225
11703133003,11703133030,0.0,0.0
11703133003,11703133033,0.0,0.0
11703133003,11703133036,0.0,0.0
11703133003,11703133037,0.0,0.0
11703133003,11703133039,0.0,0.0
11703133003,11703133040,0.0,0.0
11703133003,11703133042,0.0,0.0
11703133003,11703133045,0.14693794,84.9796
11703133003,11703133046,0.0,0.0
11703133003,11703133047,0.0,0.0
11703133003,11703133048,0.0,0.0
11703133003,11703133049,0.0,0.0
11703133003,11703164003,0.0,0.0
11703133003,11703164034,0.34382716,198.84785
11703133003,11703164203,0.0,0.0
11703133003,11703164207,0.0,0.0
11703133003,11703164209,0.0,0.0
11703133004,11703133003,0.09094155,52.96014
11703133004,11703133004,0.7174821,417.8283
11703133004,11703133005,0.07442099,43.339333
11703133004,11703133006,0.0,0.0
11703133004,11703133007,0.11715549,68.22593
11703133004,11703133008,0.0,0.0
11703133004,11703133009,0.0,0.0
11703133004,11703133010,0.0,0.0
11703133004,11703133016,0.0,0.0
11703133004,11703133023,0.0,0.0
11703133004,11703133027,0.0,0.0
11703133004,11703133033,0.0,0.0
11703133004,11703133040,0.0,0.0
11703133004,11703133042,0.0,0.0
11703133004,11703133045,0.0,0.0
11703133004,11703133047,0.0,0.0
11703133004,11703133048,0.0,0.0
11703133004,11703164003,0.0,0.0
11703133004,11703164034,0.0,0.0
11703133004,11703164203,0.0,0.0
11703133004,11703164207,0.0,0.0
11703133004,11703164209,0.0,0.0
11703133005,11703133003,0.10899633,50.038765
11703133005,11703133004,0.39778227,182.61655
11703133005,11703133005,0.49104783,225.43353
11703133005,11703133006,0.0,0.0
11703133005,11703133007,0.0,0.0
11703133005,11703133008,0.0,0.0
11703133005,11703133009,0.0,0.0
11703133005,11703133010,0.0,0.0
11703133005,11703133016,0.0,0.0
11703133005,11703133023,0.0,0.0
11703133005,11703133026,0.0,0.0
11703133005,11703133027,0.0021735728,0.99785835
11703133005,11703133028,0.0,0.0
11703133005,11703133033,0.0,0.0
11703133005,11703133040,0.0,0.0
11703133005,11703133042,0.0,0.0
11703133005,11703133045,0.0,0.0
11703133005,11703133048,0.0,0.0
11703133005,11703164003,0.0,0.0
11703133005,11703164034,0.0,0.0
11703133005,11703164203,0.0,0.0
11703133005,11703164207,0.0,0.0
11703133005,11703164209,0.0,0.0
11703133006,11703133003,0.0,0.0
11703133006,11703133004,0.36419344,212.92421
11703133006,11703133005,0.0,0.0
11703133006,11703133006,0.15688857,91.724266
11703133006,11703133007,0.37228343,217.65399
11703133006,11703133008,0.10663456,62.34346
11703133006,11703133009,0.0,0.0
11703133006,11703133010,0.0,0.0
11703133006,11703133014,0.0,0.0
11703133006,11703133016,0.0,0.0
11703133006,11703133023,0.0,0.0
11703133006,11703133027,0.0,0.0
11703133006,11703133033,0.0,0.0
11703133006,11703133039,0.0,0.0
11703133006,11703133042,0.0,0.0
11703133006,11703133047,0.0,0.0
11703133006,11703133048,0.0,0.0
11703133006,11703133051,0.0,0.0
11703133006,11703164203,0.0,0.0
11703133007,11703133003,0.0,0.0
11703133007,11703133004,0.2624606,127.81935
11703133007,11703133005,0.11599395,56.489513
11703133007,11703133006,0.0,0.0
11703133007,11703133007,0.41534957,202.27689
11703133007,11703133008,0.20619589,100.41822
11703133007,11703133009,0.0,0.0
11703133007,11703133010,0.0,0.0
11703133007,11703133023,0.0,0.0
11703133007,11703133027,0.0,0.0
11703133007,11703133040,0.0,0.0
11703133007,11703133042,0.0,0.0
11703133007,11703133045,0.0,0.0
11703133007,11703133047,0.0,0.0
11703133007,11703164003,0.0,0.0
11703133007,11703164034,0.0,0.0
11703133007,11703164203,0.0,0.0
11703133007,11703164207,0.0,0.0
11703133007,11703164209,0.0,0.0
11703133008,11703133003,0.0,0.0
11703133008,11703133004,0.0011450648,0.6940338
11703133008,11703133005,0.1335823,80.9654
11703133008,11703133006,0.0,0.0
11703133008,11703133007,0.28911412,175.2346
11703133008,11703133008,0.57615846,349.2147
11703133008,11703133009,0.0,0.0
11703133008,11703133010,0.0,0.0
11703133008,11703133023,0.0,0.0
11703133008,11703133027,0.0,0.0
11703133008,11703133040,0.0,0.0
11703133008,11703133042,0.0,0.0
11703133008,11703133045,0.0,0.0
11703133008,11703133047,0.0,0.0
11703133008,11703133051,0.0,0.0
11703133008,11703164003,0.0,0.0
11703133008,11703164034,0.0,0.0
11703133008,11703164203,0.0,0.0
11703133008,11703164207,0.0,0.0
11703133008,11703164209,0.0,0.0
11703133009,11703133003,0.13055977,96.052216
11703133009,11703133004,0.0,0.0
11703133009,11703133005,0.0,0.0
11703133009,11703133006,0.0,0.0
11703133009,11703133007,0.0,0.0
11703133009,11703133008,0.0,0.0
11703133009,11703133009,0.5449825,400.94107
11703133009,11703133010,0.17894605,131.64977
11703133009,11703133023,0.043387353,31.919872
11703133009,11703133027,0.0,0.0
11703133009,11703133040,0.0,0.0
11703133009,11703133045,0.0,0.0
11703133009,11703133047,0.0,0.0
11703133009,11703133050,0.0,0.0
11703133009,11703133051,0.0,0.0
11703133009,11703164003,0.0,0.0
11703133009,11703164034,0.0,0.0
11703133009,11703164201,0.0,0.0
11703133009,11703164203,0.0,0.0
11703133009,11703164207,0.0,0.0
11703133009,11703164209,0.0,0.0
11703133009,11703164210,0.0,0.0
11703133009,11703164211,0.05822599,42.836586
11703133009,11703164214,0.0,0.0
11703133009,11703164230,0.0,0.0
11703133009,11703164233,0.0,0.0
11703133009,11703164702,0.043898463,32.295895
11703133009,11703164703,0.0,0.0
11703133009,11703164707,0.0,0.0
11703133009,11703164709,0.0,0.0
11703133009,11703164718,0.0,0.0
11703133009,11703164724,0.0,0.0
11703133009,11703164732,0.0,0.0
11703133010,11703133003,0.2480134,165.60066
11703133010,11703133004,0.0,0.0
11703133010,11703133005,0.07926081,52.92312
11703133010,11703133006,0.0,0.0
11703133010,11703133007,0.0,0.0
11703133010,11703133008,0.25665486,171.37064
11703133010,11703133009,0.10211298,68.1817
11703133010,11703133010,0.2627109,175.4143
11703133010,11703133014,0.0,0.0
11703133010,11703133023,0.051246986,34.21805
11703133010,11703133027,0.0,0.0
11703133010,11703133034,0.0,0.0
11703133010,11703133039,0.0,0.0
11703133010,11703133040,0.0,0.0
11703133010,11703133042,0.0,0.0
11703133010,11703133045,0.0,0.0
11703133010,11703133047,0.0,0.0
11703133010,11703133050,0.0,0.0
11703133010,11703133051,0.0,0.0
11703133010,11703164003,0.0,0.0
11703133010,11703164034,0.0,0.0
11703133010,11703164203,0.0,0.0
11703133010,11703164207,0.0,0.0
11703133010,11703164209,0.0,0.0
11703133010,11703164211,0.0,0.0
11703133010,11703164230,0.0,0.0
11703133010,11703164709,0.0,0.0
11703133010,11703164718,0.0,0.0
11703133010,11703164732,0.0,0.0
11703133013,11701163527,0.0,0.0
11703133013,11701163542,0.0,0.0
11703133013,11702132815,0.0,0.0
11703133013,11703133013,0.0,0.0
11703133013,11703133014,0.0,0.0
11703133013,11703133015,0.0,0.0
11703133013,11703133016,0.0,0.0
11703133013,11703133018,0.0,0.0
11703133013,11703133020,0.0,0.0
11703133013,11703133022,0.0,0.0
11703133013,11703133031,0.0,0.0
11703133013,11703133032,0.0,0.0
11703133013,11703133034,0.0,0.0
11703133013,11703133035,0.0,0.0
11703133013,11703133038,0.0,0.0
11703133013,11703133039,0.08224878,374.3839
11703133013,11703133043,0.0,0.0
11703133013,11703133044,0.21370171,972.7376
11703133013,11703133047,0.0,0.0
11703133013,11703133049,0.0,0.0
11703133013,11703133050,0.0,0.0
11703133013,11703133051,0.0,0.0
11703133013,11703164302,0.0,0.0
11703133013,11703164304,0.0,0.0
11703133013,11703164702,0.0,0.0
11703133013,11703164705,0.0,0.0
11703133013,11703164709,0.0,0.0
11703133013,11703164721,0.0,0.0
11703133013,11703164730,0.1259456,573.28516
11703133013,11703164805,0.0,0.0
11703133013,11703164808,0.0,0.0
11703133013,11703164809,0.214335,975.62024
11703133013,11703164813,0.363769,1655.821
11703133013,11703164818,0.0,0.0
11703133014,11702132815,0.0,0.0
11703133014,11702132819,0.0,0.0
11703133014,11703133003,0.0,0.0
11703133014,11703133006,0.0,0.0
11703133014,11703133010,0.0,0.0
11703133014,11703133013,0.0,0.0
11703133014,11703133014,0.0,0.0
11703133014,11703133015,0.0,0.0
11703133014,11703133016,0.0,0.0
11703133014,11703133017,0.0,0.0
11703133014,11703133018,0.0,0.0
11703133014,11703133020,0.0,0.0
11703133014,11703133022,0.0,0.0
11703133014,11703133023,0.0,0.0
11703133014,11703133031,0.0,0.0
11703133014,11703133032,0.0,0.0
11703133014,11703133034,0.015173495,6.5489726
11703133014,11703133039,0.14935619,64.463036
11703133014,11703133042,0.0,0.0
11703133014,11703133044,0.68056184,293.73462
11703133014,11703133047,0.0,0.0
11703133014,11703133048,0.0,0.0
11703133014,11703133049,0.0,0.0
11703133014,11703133050,0.0,0.0
11703133014,11703133051,0.15490848,66.85944
11703133014,11703164705,0.0,0.0
11703133014,11703164709,0.0,0.0
11703133014,11703164718,0.0,0.0
11703133014,11703164813,0.0,0.0
11703133015,11701163512,0.0,0.0
11703133015,11702132805,0.0,0.0
11703133015,11702132815,0.0,0.0
11703133015,11702132819,0.0439367,23.707314
11703133015,11702132820,0.0,0.0
11703133015,11703133003,0.0,0.0
11703133015,11703133013,0.0,0.0
11703133015,11703133014,0.0,0.0
11703133015,11703133015,0.1995152,107.65418
11703133015,11703133016,0.0,0.0
11703133015,11703133017,0.058297902,31.456316
11703133015,11703133018,0.0,0.0
11703133015,11703133020,0.0,0.0
11703133015,11703133022,0.0,0.0
11703133015,11703133031,0.06223324,33.57974
11703133015,11703133032,0.15718344,84.81286
11703133015,11703133039,0.47883368,258.36853
11703133015,11703133042,0.0,0.0
11703133015,11703133048,0.0,0.0
11703133015,11703133049,0.0,0.0
11703133016,11701163512,0.0,0.0
11703133016,11702132815,0.0,0.0
11703133016,11702132819,0.0,0.0
11703133016,11702132820,0.0,0.0
11703133016,11703133003,0.68677133,530.42126
11703133016,11703133004,0.0,0.0
11703133016,11703133005,0.0,0.0
11703133016,11703133006,0.0,0.0
11703133016,11703133013,0.0,0.0
11703133016,11703133014,0.0,0.0
11703133016,11703133015,0.0,0.0
11703133016,11703133016,0.0,0.0
11703133016,11703133017,0.0,0.0
11703133016,11703133018,0.0,0.0
11703133016,11703133020,0.0,0.0
11703133016,11703133022,0.0,0.0
11703133016,11703133027,0.3132287,241.91919
11703133016,11703133031,0.0,0.0
11703133016,11703133032,0.0,0.0
11703133016,11703133033,0.0,0.0
11703133016,11703133034,0.0,0.0
11703133016,11703133036,0.0,0.0
11703133016,11703133037,0.0,0.0
11703133016,11703133039,0.0,0.0
11703133016,11703133042,0.0,0.0
11703133016,11703133044,0.0,0.0
11703133016,11703133046,0.0,0.0
11703133016,11703133047,0.0,0.0
11703133016,11703133048,0.0,0.0
11703133016,11703133049,0.0,0.0
11703133016,11703133050,0.0,0.0
11703133016,11703133051,0.0,0.0
11703133016,11703164203,0.0,0.0
11703133017,11703133003,0.0,0.0
11703133017,11703133014,0.0,0.0
11703133017,11703133015,0.28596383,138.2697
11703133017,11703133016,0.0,0.0
11703133017,11703133017,0.41586426,201.07936
11703133017,11703133018,0.0,0.0
11703133017,11703133022,0.0,0.0
11703133017,11703133032,0.17862913,86.37105
11703133017,11703133033,0.0,0.0
11703133017,11703133036,0.0,0.0
11703133017,11703133037,0.11954275,57.801506
11703133017,11703133039,0.0,0.0
11703133017,11703133042,0.0,0.0
11703133017,11703133046,0.0,0.0
11703133017,11703133048,0.0,0.0
11703133017,11703133049,0.0,0.0
11703133018,11701163503,0.0,0.0
11703133018,11701163512,0.0,0.0
11703133018,11701163527,0.0,0.0
11703133018,11701163542,0.0,0.0
11703133018,11702132805,0.0,0.0
11703133018,11702132815,0.46506143,197.61719
11703133018,11702132819,0.0,0.0
11703133018,11702132820,0.0,0.0
11703133018,11703133003,0.0,0.0
11703133018,11703133013,0.0,0.0
11703133018,11703133014,0.0,0.0
11703133018,11703133015,0.27652556,117.50319
11703133018,11703133016,0.0,0.0
11703133018,11703133017,0.0,0.0
11703133018,11703133018,0.0,0.0
11703133018,11703133020,0.0,0.0
11703133018,11703133022,0.07583976,32.226364
11703133018,11703133029,0.0,0.0
11703133018,11703133030,0.0,0.0
11703133018,11703133031,0.010978162,4.6649184
11703133018,11703133032,0.17159516,72.91543
11703133018,11703133034,0.0,0.0
11703133018,11703133035,0.0,0.0
11703133018,11703133036,0.0,0.0
11703133018,11703133038,0.0,0.0
11703133018,11703133039,0.0,0.0
11703133018,11703133042,0.0,0.0
11703133018,11703133043,0.0,0.0
11703133018,11703133044,0.0,0.0
11703133018,11703133047,0.0,0.0
11703133018,11703133048,0.0,0.0
11703133018,11703133049,0.0,0.0
11703133018,11703133050,0.0,0.0
11703133018,11703133051,0.0,0.0
11703133018,11703164020,0.0,0.0
11703133018,11703164302,0.0,0.0
11703133018,11703164304,0.0,0.0
11703133018,11703164705,0.0,0.0
11703133018,11703164813,0.0,0.0
11703133018,11703164818,0.0,0.0
11703133020,11701163512,0.0,0.0
11703133020,11701163527,0.0,0.0
11703133020,11701163542,0.066304505,129.03764
11703133020,11702132805,0.0,0.0
11703133020,11702132815,0.0,0.0
11703133020,11702132819,0.0,0.0
11703133020,11702132820,0.0,0.0
11703133020,11703133013,0.0,0.0
11703133020,11703133014,0.0,0.0
11703133020,11703133015,0.0,0.0
11703133020,11703133016,0.0,0.0
11703133020,11703133018,0.0,0.0
11703133020,11703133020,0.0,0.0
11703133020,11703133022,0.0,0.0
11703133020,11703133031,0.0,0.0
11703133020,11703133032,0.0,0.0
11703133020,11703133034,0.0,0.0
11703133020,11703133035,0.2531061,492.57907
11703133020,11703133038,0.0,0.0
11703133020,11703133039,0.0,0.0
11703133020,11703133043,0.0,0.0
11703133020,11703133044,0.0,0.0
11703133020,11703133049,0.0,0.0
11703133020,11703133050,0.0,0.0
11703133020,11703164302,0.17845586,347.29953
11703133020,11703164303,0.0,0.0
11703133020,11703164304,0.27334324,531.9633
11703133020,11703164305,0.0,0.0
11703133020,11703164313,0.0,0.0
11703133020,11703164317,0.0,0.0
11703133020,11703164702,0.0,0.0
11703133020,11703164705,0.0,0.0
11703133020,11703164709,0.0,0.0
11703133020,11703164721,0.0,0.0
11703133020,11703164730,0.0,0.0
11703133020,11703164801,0.0,0.0
11703133020,11703164805,0.0,0.0
11703133020,11703164808,0.0,0.0
11703133020,11703164809,0.0,0.0
11703133020,11703164813,0.050784916,98.8344
11703133020,11703164818,0.17800531,346.4227
11703133022,11701163503,0.0,0.0
11703133022,11701163512,0.0,0.0
11703133022,11702132805,0.0,0.0
11703133022,11702132815,0.0,0.0
11703133022,11702132819,0.24786404,146.73169
11703133022,11702132820,0.0,0.0
11703133022,11703133003,0.4089879,242.11453
11703133022,11703133013,0.0,0.0
11703133022,11703133014,0.0,0.0
11703133022,11703133015,0.0,0.0
11703133022,11703133016,0.0,0.0
11703133022,11703133017,0.0,0.0
11703133022,11703133018,0.0,0.0
11703133022,11703133020,0.0,0.0
11703133022,11703133022,0.08286041,49.052082
11703133022,11703133031,0.0,0.0
11703133022,11703133032,0.08028096,47.52509
11703133022,11703133033,0.0,0.0
11703133022,11703133036,0.0,0.0
11703133022,11703133037,0.0,0.0
11703133022,11703133039,0.18000686,106.56128
11703133022,11703133046,0.0,0.0
11703133022,11703133048,0.0,0.0
11703133022,11703133049,0.0,0.0
11703133023,11703133003,0.37440914,187.42401
11703133023,11703133004,0.0,0.0
11703133023,11703133005,0.0,0.0
11703133023,11703133006,0.0,0.0
11703133023,11703133007,0.0,0.0
11703133023,11703133008,0.0,0.0
11703133023,11703133009,0.040527225,20.287367
11703133023,11703133010,0.0,0.0
11703133023,11703133014,0.0,0.0
11703133023,11703133023,0.42418498,212.34111
11703133023,11703133027,0.0,0.0
11703133023,11703133034,0.0,0.0
11703133023,11703133040,0.0,0.0
11703133023,11703133045,0.0,0.0
11703133023,11703133047,0.0,0.0
11703133023,11703133050,0.094328314,47.219444
11703133023,11703133051,0.0,0.0
11703133023,11703164003,0.0,0.0
11703133023,11703164034,0.0,0.0
11703133023,11703164203,0.0,0.0
11703133023,11703164207,0.0,0.0
11703133023,11703164209,0.0,0.0
11703133023,11703164211,0.0,0.0
11703133023,11703164214,0.0,0.0
11703133023,11703164230,0.0,0.0
11703133023,11703164702,0.0,0.0
11703133023,11703164703,0.0,0.0
11703133023,11703164705,0.0,0.0
11703133023,11703164707,0.0,0.0
11703133023,11703164709,0.066550374,33.314194
11703133023,11703164718,0.0,0.0
11703133023,11703164721,0.0,0.0
11703133023,11703164724,0.0,0.0
11703133023,11703164732,0.0,0.0
11703133026,11703133003,0.0,0.0
11703133026,11703133005,0.16170537,89.79366
11703133026,11703133026,0.05833578,32.39338
11703133026,11703133027,0.0,0.0
11703133026,11703133028,0.15213454,84.47905
11703133026,11703133029,0.29154742,161.89388
11703133026,11703133030,0.14325541,79.548546
11703133026,11703133033,0.0,0.0
11703133026,11703133036,0.0,0.0
11703133026,11703133040,0.0018231869,1.0124006
11703133026,11703133045,0.0,0.0
11703133026,11703164001,0.0,0.0
11703133026,11703164003,0.0,0.0
11703133026,11703164004,0.096488655,53.579353
11703133026,11703164005,0.039795876,22.098322
11703133026,11703164008,0.0,0.0
11703133026,11703164013,0.05491388,30.493223
11703133026,11703164018,0.0,0.0
11703133026,11703164034,0.0,0.0
11703133026,11703164203,0.0,0.0
11703133027,11703133003,0.56287706,351.12854
11703133027,11703133004,0.0,0.0
11703133027,11703133005,0.0,0.0
11703133027,11703133006,0.0,0.0
11703133027,11703133007,0.0,0.0
11703133027,11703133008,0.0,0.0
11703133027,11703133009,0.0,0.0
11703133027,11703133010,0.0,0.0
11703133027,11703133016,0.0,0.0
11703133027,11703133023,0.0,0.0
11703133027,11703133026,0.0,0.0
11703133027,11703133027,0.0271945,16.96421
11703133027,11703133028,0.092080355,57.44068
11703133027,11703133029,0.0,0.0
11703133027,11703133030,0.0,0.0
11703133027,11703133033,0.0,0.0
11703133027,11703133036,0.0,0.0
11703133027,11703133040,0.0,0.0
11703133027,11703133042,0.0,0.0
11703133027,11703133045,0.054482162,33.986538
11703133027,11703133046,0.0,0.0
11703133027,11703133048,0.0,0.0
11703133027,11703164001,0.0,0.0
11703133027,11703164003,0.0,0.0
11703133027,11703164004,0.0,0.0
11703133027,11703164008,0.0,0.0
11703133027,11703164018,0.0,0.0
11703133027,11703164034,0.26336572,164.29027
11703133027,11703164203,0.0,0.0
11703133027,11703164207,0.0,0.0
11703133027,11703164209,0.0,0.0
11703133028,11702132819,0.4265832,258.44556
11703133028,11703133003,0.0,0.0
11703133028,11703133005,0.0,0.0
11703133028,11703133026,0.0,0.0
11703133028,11703133027,0.0,0.0
11703133028,11703133028,0.044084817,26.7088
11703133028,11703133029,0.1222488,74.06447
11703133028,11703133030,0.0,0.0
11703133028,11703133031,0.0,0.0
11703133028,11703133032,0.0,0.0
11703133028,11703133033,0.0,0.0
11703133028,11703133036,0.0,0.0
11703133028,11703133037,0.114949256,69.64204
11703133028,11703133040,0.0,0.0
11703133028,11703133045,0.0,0.0
11703133028,11703133046,0.054326087,32.913475
11703133028,11703133048,0.0,0.0
11703133028,11703133049,0.0,0.0
11703133028,11703164001,0.013330489,8.076281
11703133028,11703164008,0.0011258423,0.6820919
11703133028,11703164010,0.0,0.0
11703133028,11703164018,0.22335151,135.31758
11703133028,11703164020,0.0,0.0
11703133028,11703164021,0.0,0.0
11703133028,11703164203,0.0,0.0
11703133029,11702132819,0.54386586,292.08273
11703133029,11702132820,0.0,0.0
11703133029,11703133018,0.0,0.0
11703133029,11703133026,0.0,0.0
11703133029,11703133027,0.0,0.0
11703133029,11703133028,0.13608843,73.08618
11703133029,11703133029,0.050790578,27.277039
11703133029,11703133030,0.0,0.0
11703133029,11703133031,0.0,0.0
11703133029,11703133032,0.26925513,144.60326
11703133029,11703133033,0.0,0.0
11703133029,11703133036,0.0,0.0
11703133029,11703164001,0.0,0.0
11703133029,11703164008,0.0,0.0
11703133029,11703164010,0.0,0.0
11703133029,11703164018,0.0,0.0
11703133029,11703164020,0.0,0.0
11703133029,11703164021,0.0,0.0
11703133030,11702132819,0.4274617,249.33844
11703133030,11703133003,0.0,0.0
11703133030,11703133018,0.0,0.0
11703133030,11703133026,0.0,0.0
11703133030,11703133027,0.0,0.0
11703133030,11703133028,0.05772525,33.671143
11703133030,11703133029,0.0,0.0
11703133030,11703133030,0.060002506,34.999466
11703133030,11703133031,0.0,0.0
11703133030,11703133032,0.2140246,124.84056
11703133030,11703133033,0.0,0.0
11703133030,11703133036,0.0,0.0
11703133030,11703133037,0.24078593,140.45044
11703133030,11703133046,0.0,0.0
11703133030,11703133048,0.0,0.0
11703133030,11703133049,0.0,0.0
11703133030,11703164001,0.0,0.0
11703133030,11703164008,0.0,0.0
11703133030,11703164010,0.0,0.0
11703133030,11703164020,0.0,0.0
11703133030,11703164021,0.0,0.0
11703133031,11701163512,0.0,0.0
11703133031,11702132805,0.0,0.0
11703133031,11702132815,0.0,0.0
11703133031,11702132819,0.3082586,238.46748
11703133031,11702132820,0.0,0.0
11703133031,11703133013,0.0,0.0
11703133031,11703133014,0.0,0.0
11703133031,11703133015,0.0,0.0
11703133031,11703133016,0.0,0.0
11703133031,11703133018,0.0,0.0
11703133031,11703133020,0.0,0.0
11703133031,11703133022,0.0,0.0
11703133031,11703133028,0.30605856,236.76555
11703133031,11703133029,0.0,0.0
11703133031,11703133030,0.0,0.0
11703133031,11703133031,0.0,0.0
11703133031,11703133032,0.37757173,292.08783
11703133031,11703133033,0.0,0.0
11703133031,11703133036,0.0,0.0
11703133031,11703133037,0.0081110895,6.274703
11703133031,11703133039,0.0,0.0
11703133031,11703133046,0.0,0.0
11703133031,11703133048,0.0,0.0
11703133031,11703133049,0.0,0.0
11703133031,11703164001,0.0,0.0
11703133031,11703164010,0.0,0.0
11703133031,11703164020,0.0,0.0
11703133031,11703164021,0.0,0.0
11703133032,11701163512,0.0,0.0
11703133032,11702132805,0.0,0.0
11703133032,11702132815,0.0,0.0
11703133032,11702132819,0.389913,237.68643
11703133032,11702132820,0.0,0.0
11703133032,11703133013,0.0,0.0
11703133032,11703133014,0.0,0.0
11703133032,11703133015,0.0,0.0
11703133032,11703133016,0.0,0.0
11703133032,11703133017,0.0,0.0
11703133032,11703133018,0.0,0.0
11703133032,11703133020,0.0,0.0
11703133032,11703133022,0.016640693,10.143973
11703133032,11703133028,0.0,0.0
11703133032,11703133029,0.11745587,71.59973
11703133032,11703133030,0.08319643,50.715576
11703133032,11703133031,0.05550745,33.836697
11703133032,11703133032,0.18488136,112.70153
11703133032,11703133033,0.0,0.0
11703133032,11703133036,0.015451461,9.419031
11703133032,11703133037,0.13695374,83.48541
11703133032,11703133039,0.0,0.0
11703133032,11703133046,0.0,0.0
11703133032,11703133048,0.0,0.0
11703133032,11703133049,0.0,0.0
11703133032,11703164020,0.0,0.0
11703133033,11703133003,0.22164541,161.66266
11703133033,11703133004,0.0,0.0
11703133033,11703133005,0.0,0.0
11703133033,11703133006,0.0,0.0
11703133033,11703133016,0.0,0.0
11703133033,11703133017,0.0,0.0
11703133033,11703133022,0.0,0.0
11703133033,11703133026,0.0,0.0
11703133033,11703133027,0.0,0.0
11703133033,11703133028,0.5499908,401.1496
11703133033,11703133029,0.0,0.0
11703133033,11703133030,0.0,0.0
11703133033,11703133031,0.0,0.0
11703133033,11703133032,0.14321399,104.45672
11703133033,11703133033,0.0,0.0
11703133033,11703133036,0.0,0.0
11703133033,11703133037,0.0,0.0
11703133033,11703133040,0.0,0.0
11703133033,11703133042,0.0,0.0
11703133033,11703133045,0.085149705,62.106075
11703133033,11703133046,0.0,0.0
11703133033,11703133048,0.0,0.0
11703133033,11703133049,0.0,0.0
11703133033,11703164001,0.0,0.0
11703133033,11703164008,0.0,0.0
11703133033,11703164203,0.0,0.0
11703133034,11703133010,0.0,0.0
11703133034,11703133013,0.0,0.0
11703133034,11703133014,0.0,0.0
11703133034,11703133016,0.0,0.0
11703133034,11703133018,0.0,0.0
11703133034,11703133020,0.0,0.0
11703133034,11703133023,0.0,0.0
11703133034,11703133034,0.38776094,174.6565
11703133034,11703133039,0.08944398,40.28764
11703133034,11703133044,0.0,0.0
11703133034,11703133047,0.0,0.0
11703133034,11703133050,0.016100734,7.2521434
11703133034,11703133051,0.0,0.0
11703133034,11703164702,0.0,0.0
11703133034,11703164705,0.0,0.0
11703133034,11703164709,0.0,0.0
11703133034,11703164718,0.0,0.0
11703133034,11703164721,0.0,0.0
11703133034,11703164724,0.0,0.0
11703133034,11703164730,0.17693377,79.69506
11703133034,11703164805,0.0,0.0
11703133034,11703164809,0.3297605,148.53175
11703133034,11703164813,0.0,0.0
11703133035,11701163407,0.0,0.0
11703133035,11701163410,0.0,0.0
11703133035,11701163415,0.0,0.0
11703133035,11701163424,0.0,0.0
11703133035,11701163527,0.0,0.0
11703133035,11701163542,0.0,0.0
11703133035,11703133013,0.0,0.0
11703133035,11703133018,0.0,0.0
11703133035,11703133020,0.0,0.0
11703133035,11703133035,0.0,0.0
11703133035,11703133038,0.0,0.0
11703133035,11703133043,0.0,0.0
11703133035,11703164302,0.0,0.0
11703133035,11703164303,0.66519463,404.83698
11703133035,11703164304,0.0,0.0
11703133035,11703164305,0.0,0.0
11703133035,11703164310,0.0,0.0
11703133035,11703164316,0.33480537,203.76231
11703133035,11703164317,0.0,0.0
11703133035,11703164320,0.0,0.0
11703133035,11703164813,0.0,0.0
11703133035,11703164818,0.0,0.0
11703133036,11702132819,0.31780547,217.07906
11703133036,11703133003,0.0,0.0
11703133036,11703133016,0.0,0.0
11703133036,11703133017,0.0,0.0
11703133036,11703133018,0.0,0.0
11703133036,11703133022,0.0,0.0
11703133036,11703133026,0.0,0.0
11703133036,11703133027,0.0,0.0
11703133036,11703133028,0.32567722,222.4559
11703133036,11703133029,0.0,0.0
11703133036,11703133030,0.0,0.0
11703133036,11703133031,0.0,0.0
11703133036,11703133032,0.198273,135.43164
11703133036,11703133033,0.0,0.0
11703133036,11703133036,0.1259864,86.05582
11703133036,11703133037,0.032257915,22.033976
11703133036,11703133046,0.0,0.0
11703133036,11703133048,0.0,0.0
11703133036,11703133049,0.0,0.0
11703133036,11703164001,0.0,0.0
11703133036,11703164008,0.0,0.0
11703133036,11703164020,0.0,0.0
11703133037,11703133003,0.0,0.0
11703133037,11703133016,0.0,0.0
11703133037,11703133017,0.15484503,68.763756
11703133037,11703133022,0.0,0.0
11703133037,11703133028,0.0,0.0
11703133037,11703133030,0.0,0.0
11703133037,11703133031,0.0,0.0
11703133037,11703133032,0.056097716,24.911936
11703133037,11703133033,0.0,0.0
11703133037,11703133036,0.0,0.0
11703133037,11703133037,0.5031402,223.43507
11703133037,11703133046,0.2859172,126.97043
11703133037,11703133048,0.0,0.0
11703133037,11703133049,0.0,0.0
11703133038,11701163527,0.0,0.0
11703133038,11701163542,0.5481305,189.54463
11703133038,11703133013,0.0,0.0
11703133038,11703133018,0.0,0.0
11703133038,11703133020,0.0,0.0
11703133038,11703133035,0.4518695,156.25737
11703133038,11703133038,0.0,0.0
11703133038,11703133043,0.0,0.0
11703133038,11703164302,0.0,0.0
11703133038,11703164303,0.0,0.0
11703133038,11703164304,0.0,0.0
11703133038,11703164305,0.0,0.0
11703133038,11703164317,0.0,0.0
11703133038,11703164705,0.0,0.0
11703133038,11703164813,0.0,0.0
11703133038,11703164818,0.0,0.0
11703133039,11702132815,0.0,0.0
11703133039,11702132819,0.0,0.0
11703133039,11702132820,0.0,0.0
11703133039,11703133003,0.24208748,104.98318
11703133039,11703133006,0.0,0.0
11703133039,11703133010,0.0,0.0
11703133039,11703133013,0.0,0.0
11703133039,11703133014,0.0,0.0
11703133039,11703133015,0.0,0.0
11703133039,11703133016,0.0,0.0
11703133039,11703133017,0.0,0.0
11703133039,11703133018,0.0,0.0
11703133039,11703133020,0.0,0.0
11703133039,11703133022,0.0,0.0
11703133039,11703133031,0.0,0.0
11703133039,11703133032,0.17509711,75.93227
11703133039,11703133034,0.0,0.0
11703133039,11703133039,0.5828154,252.74257
11703133039,11703133042,0.0,0.0
11703133039,11703133044,0.0,0.0
11703133039,11703133047,0.0,0.0
11703133039,11703133048,0.0,0.0
11703133039,11703133049,0.0,0.0
11703133039,11703133050,0.0,0.0
11703133039,11703133051,0.0,0.0
11703133040,11703133003,0.0,0.0
11703133040,11703133004,0.0,0.0
11703133040,11703133005,0.14281547,73.24099
11703133040,11703133007,0.0,0.0
11703133040,11703133008,0.0,0.0
11703133040,11703133009,0.0,0.0
11703133040,11703133010,0.0,0.0
11703133040,11703133023,0.0,0.0
11703133040,11703133026,0.0,0.0
11703133040,11703133027,0.045131028,23.14484
11703133040,11703133028,0.0,0.0
11703133040,11703133033,0.0,0.0
11703133040,11703133040,0.77781177,398.8903
11703133040,11703133045,0.0,0.0
11703133040,11703164003,0.0,0.0
11703133040,11703164004,0.0,0.0
11703133040,11703164018,0.0,0.0
11703133040,11703164034,0.034241676,17.560383
11703133040,11703164203,0.0,0.0
11703133040,11703164207,0.0,0.0
11703133040,11703164209,0.0,0.0
11703133042,11703133003,0.15504953,91.45031
11703133042,11703133004,0.0,0.0
11703133042,11703133005,0.1595805,94.12274
11703133042,11703133006,0.0,0.0
11703133042,11703133007,0.0,0.0
11703133042,11703133008,0.0,0.0
11703133042,11703133010,0.0,0.0
11703133042,11703133014,0.0,0.0
11703133042,11703133015,0.543441,320.52887
11703133042,11703133016,0.0,0.0
11703133042,11703133017,0.025759757,15.193453
11703133042,11703133018,0.0,0.0
11703133042,11703133027,0.0,0.0
11703133042,11703133033,0.0,0.0
11703133042,11703133039,0.0,0.0
11703133042,11703133042,0.116169244,68.518196
11703133042,11703133047,0.0,0.0
11703133042,11703133048,0.0,0.0
11703133042,11703133051,0.0,0.0
11703133042,11703164203,0.0,0.0
11703133043,11701163527,0.0,0.0
11703133043,11701163542,0.06544709,50.05323
11703133043,11703133013,0.0,0.0
11703133043,11703133018,0.0,0.0
11703133043,11703133020,0.0,0.0
11703133043,11703133035,0.13328609,101.93577
11703133043,11703133038,0.0,0.0
11703133043,11703133043,0.0,0.0
11703133043,11703164301,0.19615558,150.01767
11703133043,11703164302,0.3040515,232.53531
11703133043,11703164303,0.0,0.0
11703133043,11703164304,0.0,0.0
11703133043,11703164305,0.0,0.0
11703133043,11703164310,0.23545876,180.07632
11703133043,11703164313,0.06560105,50.17098
11703133043,11703164316,0.0,0.0
11703133043,11703164317,0.0,0.0
11703133043,11703164705,0.0,0.0
11703133043,11703164813,0.0,0.0
11703133043,11703164818,0.0,0.0
11703133044,11703133013,0.0,0.0
11703133044,11703133014,0.0,0.0
11703133044,11703133016,0.0,0.0
11703133044,11703133018,0.0,0.0
11703133044,11703133020,0.0,0.0
11703133044,11703133034,0.0,0.0
11703133044,11703133039,0.35691488,201.26315
11703133044,11703133044,0.35025,197.50485
11703133044,11703133047,0.14430535,81.37332
11703133044,11703133050,0.0,0.0
11703133044,11703133051,0.0,0.0
11703133044,11703164702,0.0,0.0
11703133044,11703164705,0.0,0.0
11703133044,11703164709,0.0,0.0
11703133044,11703164721,0.0,0.0
11703133044,11703164730,0.0,0.0
11703133044,11703164805,0.0107393265,6.0558715
11703133044,11703164809,0.111430824,62.835484
11703133044,11703164813,0.026359558,14.86407
11703133045,11703133003,0.40016255,199.93993
11703133045,11703133004,0.0,0.0
11703133045,11703133005,0.0,0.0
11703133045,11703133007,0.0,0.0
11703133045,11703133008,0.0,0.0
11703133045,11703133009,0.0,0.0
11703133045,11703133010,0.0,0.0
11703133045,11703133023,0.0,0.0
11703133045,11703133026,0.0,0.0
11703133045,11703133027,0.07117173,35.560726
11703133045,11703133028,0.0,0.0
11703133045,11703133033,0.0,0.0
11703133045,11703133040,0.0,0.0
11703133045,11703133045,0.22302654,111.434494
11703133045,11703164001,0.0,0.0
11703133045,11703164003,0.10552263,52.724045
11703133045,11703164004,0.0,0.0
11703133045,11703164005,0.0,0.0
11703133045,11703164008,0.0,0.0
11703133045,11703164009,0.0,0.0
11703133045,11703164013,0.0,0.0
11703133045,11703164016,0.0,0.0
11703133045,11703164018,0.0,0.0
11703133045,11703164024,0.0,0.0
11703133045,11703164027,0.0,0.0
11703133045,11703164034,0.20011652,99.98757
11703133045,11703164203,0.0,0.0
11703133045,11703164207,0.0,0.0
11703133045,11703164209,0.0,0.0
11703133046,11703133003,0.0,0.0
11703133046,11703133016,0.0,0.0
11703133046,11703133017,0.0,0.0
11703133046,11703133022,0.0,0.0
11703133046,11703133027,0.0,0.0
11703133046,11703133028,0.0,0.0
11703133046,11703133030,0.0,0.0
11703133046,11703133031,0.0,0.0
11703133046,11703133032,0.0,0.0
11703133046,11703133033,0.0,0.0
11703133046,11703133036,0.048404843,27.211515
11703133046,11703133037,0.41256145,231.92767
11703133046,11703133046,0.53903365,303.02594
11703133046,11703133048,0.0,0.0
11703133046,11703133049,0.0,0.0
11703133047,11703133003,0.0,0.0
11703133047,11703133004,0.0,0.0
11703133047,11703133006,0.20901957,233.64832
11703133047,11703133007,0.0,0.0
11703133047,11703133008,0.0,0.0
11703133047,11703133009,0.0,0.0
11703133047,11703133010,0.0,0.0
11703133047,11703133013,0.0,0.0
11703133047,11703133014,0.0,0.0
11703133047,11703133016,0.0,0.0
11703133047,11703133018,0.0,0.0
11703133047,11703133023,0.0,0.0
11703133047,11703133034,0.0,0.0
11703133047,11703133039,0.17386249,194.34868
11703133047,11703133042,0.49495602,553.2766
11703133047,11703133044,0.0,0.0
11703133047,11703133047,0.0,0.0
11703133047,11703133050,0.0,0.0
11703133047,11703133051,0.122161955,136.55627
11703133047,11703164203,0.0,0.0
11703133048,11703133003,0.0,0.0
11703133048,11703133004,0.0,0.0
11703133048,11703133005,0.0,0.0
11703133048,11703133006,0.0,0.0
11703133048,11703133014,0.0,0.0
11703133048,11703133015,0.0,0.0
11703133048,11703133016,0.0,0.0
11703133048,11703133017,0.0,0.0
11703133048,11703133018,0.0,0.0
11703133048,11703133022,0.0,0.0
11703133048,11703133027,0.0,0.0
11703133048,11703133028,0.48874196,568.58185
11703133048,11703133030,0.0,0.0
11703133048,11703133031,0.0,0.0
11703133048,11703133032,0.2012923,234.175
11703133048,11703133033,0.0,0.0
11703133048,11703133036,0.08071545,93.900955
11703133048,11703133037,0.22925028,266.70013
11703133048,11703133039,0.0,0.0
11703133048,11703133042,0.0,0.0
11703133048,11703133046,0.0,0.0
11703133048,11703133048,0.0,0.0
11703133048,11703133049,0.0,0.0
11703133048,11703164203,0.0,0.0
11703133049,11701163512,0.0,0.0
11703133049,11702132805,0.0,0.0
11703133049,11702132815,0.0,0.0
11703133049,11702132819,0.0,0.0
11703133049,11702132820,0.0,0.0
11703133049,11703133003,0.056818455,45.068596
11703133049,11703133013,0.0,0.0
11703133049,11703133014,0.0,0.0
11703133049,11703133015,0.0,0.0
11703133049,11703133016,0.0,0.0
11703133049,11703133017,0.0,0.0
11703133049,11703133018,0.0,0.0
11703133049,11703133020,0.0,0.0
11703133049,11703133022,0.0,0.0
11703133049,11703133028,0.5069196,402.09042
11703133049,11703133030,0.0,0.0
11703133049,11703133031,0.0,0.0
11703133049,11703133032,0.38799345,307.75775
11703133049,11703133033,0.0,0.0
11703133049,11703133036,0.0,0.0
11703133049,11703133037,0.04826832,38.2866
11703133049,11703133039,0.0,0.0
11703133049,11703133046,0.0,0.0
11703133049,11703133048,0.0,0.0
11703133049,11703133049,0.0,0.0
11703133050,11703133009,0.0,0.0
11703133050,11703133010,0.0,0.0
11703133050,11703133013,0.0,0.0
11703133050,11703133014,0.0,0.0
11703133050,11703133016,0.0,0.0
11703133050,11703133018,0.0,0.0
11703133050,11703133020,0.0,0.0
11703133050,11703133023,0.36831135,163.46222
11703133050,11703133034,0.0,0.0
11703133050,11703133039,0.0,0.0
11703133050,11703133044,0.0,0.0
11703133050,11703133047,0.0,0.0
11703133050,11703133050,0.0740979,32.885784
11703133050,11703133051,0.0,0.0
11703133050,11703164203,0.0,0.0
11703133050,11703164702,0.0,0.0
11703133050,11703164703,0.0,0.0
11703133050,11703164705,0.041793257,18.548489
11703133050,11703164707,0.0,0.0
11703133050,11703164709,0.0,0.0
11703133050,11703164718,0.0,0.0
11703133050,11703164721,0.0,0.0
11703133050,11703164724,0.0,0.0
11703133050,11703164730,0.25261655,112.115105
11703133050,11703164732,0.0,0.0
11703133050,11703164805,0.0,0.0
11703133050,11703164809,0.26318094,116.80374
11703133050,11703164813,0.0,0.0
11703133051,11703133006,0.0,0.0
11703133051,11703133008,0.0,0.0
11703133051,11703133009,0.0,0.0
11703133051,11703133010,0.0,0.0
11703133051,11703133013,0.0,0.0
11703133051,11703133014,0.0,0.0
11703133051,11703133016,0.0,0.0
11703133051,11703133018,0.0,0.0
11703133051,11703133023,0.0,0.0
11703133051,11703133034,0.33022064,188.86966
11703133051,11703133039,0.0,0.0
11703133051,11703133042,0.0,0.0
11703133051,11703133044,0.20687476,118.322
11703133051,11703133047,0.01941362,11.103618
11703133051,11703133050,0.0,0.0
11703133051,11703133051,0.44349098,253.65462
11703133051,11703164203,0.0,0.0
11703133051,11703164705,0.0,0.0
11703133051,11703164709,0.0,0.0
11703133051,11703164718,0.0,0.0
11703133051,11703164732,0.0,0.0
11703133101,11703133101,0.0,0.0
11703133101,11703133102,0.0,0.0
11703133101,11703133105,0.0,0.0
11703133101,11703133114,0.0,0.0
11703133101,11703133135,0.3177486,114.859344
11703133101,11703133136,0.0,0.0
11703133101,11703133137,0.0,0.0
11703133101,11703133138,0.0,0.0
11703133101,11703133145,0.0,0.0
11703133101,11703133146,0.0,0.0
11703133101,11703133147,0.0,0.0
11703133101,11703133149,0.21176058,76.546936
11703133101,11703133151,0.0,0.0
11703133101,12002167401,0.47049078,170.07239
11703133101,12002167414,0.0,0.0
11703133101,12002167421,0.0,0.0
11703133102,11703133101,0.43382052,217.25717
11703133102,11703133102,0.0,0.0
11703133102,11703133105,0.052136213,26.109798
11703133102,11703133114,0.0,0.0
11703133102,11703133115,0.0,0.0
11703133102,11703133117,0.0,0.0
11703133102,11703133118,0.0,0.0
11703133102,11703133135,0.25430813,127.35743
11703133102,11703133136,0.0,0.0
11703133102,11703133137,0.0,0.0
11703133102,11703133138,0.0,0.0
11703133102,11703133149,0.0,0.0
11703133102,12002167401,0.25973514,130.07527
11703133103,11703133103,0.0,0.0
11703133103,11703133106,0.0,0.0
11703133103,11703133107,0.0,0.0
11703133103,11703133109,0.0,0.0
11703133103,11703133110,0.0,0.0
11703133103,11703133111,0.0,0.0
11703133103,11703133112,0.0,0.0
11703133103,11703133113,0.0,0.0
11703133103,11703133121,0.20754331,112.37885
11703133103,11703133124,0.0,0.0
11703133103,11703133125,0.0,0.0
11703133103,11703133143,0.0,0.0
11703133103,11703133144,0.0,0.0
11703133103,11703133147,0.031254113,16.923222
11703133103,11703133148,0.496992,269.10715
11703133103,11703133150,0.0,0.0
11703133103,11703133152,0.0,0.0
11703133103,11703163814,0.0,0.0
11703133103,11703163819,0.0,0.0
11703133103,12002167413,0.0,0.0
11703133103,12002167414,0.26421064,143.0626
11703133105,11703133101,0.051134557,24.659258
11703133105,11703133102,0.10881558,52.475502
11703133105,11703133105,0.31104803,150.00058
11703133105,11703133114,0.0,0.0
11703133105,11703133115,0.0,0.0
11703133105,11703133116,0.0,0.0
11703133105,11703133117,0.0,0.0
11703133105,11703133118,0.0,0.0
11703133105,11703133135,0.5290017,255.10712
11703133105,11703133136,0.0,0.0
11703133105,11703133137,0.0,0.0
11703133106,11703133103,0.0,0.0
11703133106,11703133106,0.0,0.0
11703133106,11703133107,0.0,0.0
11703133106,11703133113,0.0,0.0
11703133106,11703133124,0.0,0.0
11703133106,11703133143,0.0,0.0
11703133106,11703133144,0.0,0.0
11703133106,11703133150,0.0,0.0
11703133106,11703133152,0.0,0.0
11703133106,11703163814,0.0,0.0
11703133106,11703163819,0.0,0.0
11703133106,11703163820,0.16372502,166.21275
11703133106,12002167413,0.0,0.0
11703133106,12002167414,0.836275,848.9818
11703133107,11703133103,0.0,0.0
11703133107,11703133106,0.0,0.0
11703133107,11703133107,0.3582028,361.6905
11703133107,11703133108,0.2210767,223.22925
11703133107,11703133109,0.055466086,56.00614
11703133107,11703133112,0.0,0.0
11703133107,11703133133,0.0,0.0
11703133107,11703133143,0.0,0.0
11703133107,11703133144,0.0,0.0
11703133107,11703133150,0.2175084,219.62622
11703133107,11703133152,0.0,0.0
11703133107,11703163805,0.0,0.0
11703133107,11703163808,0.0,0.0
11703133107,11703163809,0.0,0.0
11703133107,11703163811,0.0,0.0
11703133107,11703163814,0.14774597,149.18452
11703133107,11703163815,0.0,0.0
11703133107,11703163819,0.0,0.0
11703133107,11703163820,0.0,0.0
11703133107,11703163824,0.0,0.0
11703133107,11703164011,0.0,0.0
11703133107,11703164015,0.0,0.0
11703133107,11703164017,0.0,0.0
11703133107,12002167413,0.0,0.0
11703133107,12002167414,0.0,0.0
11703133108,11703133107,0.0,0.0
11703133108,11703133108,0.0,0.0
11703133108,11703133109,0.0,0.0
11703133108,11703133110,0.07291371,38.059883
11703133108,11703133111,0.0,0.0
11703133108,11703133112,0.0,0.0
11703133108,11703133113,0.0,0.0
11703133108,11703133119,0.0,0.0
11703133108,11703133122,0.0,0.0
11703133108,11703133131,0.0,0.0
11703133108,11703133132,0.0,0.0
11703133108,11703133133,0.0,0.0
11703133108,11703133134,0.0,0.0
11703133108,11703133141,0.044177234,23.059866
11703133108,11703133142,0.03818971,19.934467
11703133108,11703133150,0.15874231,82.86115
11703133108,11703133152,0.0,0.0
11703133108,11703163805,0.0,0.0
11703133108,11703163808,0.0,0.0
11703133108,11703163809,0.38995916,203.55295
11703133108,11703163814,0.0,0.0
11703133108,11703163815,0.14163315,73.93042
11703133108,11703163819,0.0,0.0
11703133108,11703163824,0.0,0.0
11703133108,11703164011,0.0027584434,1.4398669
11703133108,11703164015,0.15162641,79.14675
11703133108,11703164017,0.0,0.0
11703133109,11703133103,0.0,0.0
11703133109,11703133107,0.0,0.0
11703133109,11703133108,0.2990833,332.8838
11703133109,11703133109,0.24569303,273.4597
11703133109,11703133110,0.21518576,239.5047
11703133109,11703133111,0.0,0.0
11703133109,11703133112,0.24003798,267.16556
11703133109,11703133113,0.0,0.0
11703133109,11703133121,0.0,0.0
11703133109,11703133124,0.0,0.0
11703133109,11703133133,0.0,0.0
11703133109,11703133134,0.0,0.0
11703133109,11703133142,0.0,0.0
11703133109,11703133150,0.0,0.0
11703133109,11703133152,0.0,0.0
11703133109,11703163805,0.0,0.0
11703133109,11703163808,0.0,0.0
11703133109,11703163809,0.0,0.0
11703133109,11703163814,0.0,0.0
11703133109,11703163815,0.0,0.0
11703133109,11703163819,0.0,0.0
11703133109,11703163824,0.0,0.0
11703133109,11703164011,0.0,0.0
11703133109,11703164015,0.0,0.0
11703133109,11703164017,0.0,0.0
11703133110,11703133103,0.0,0.0
11703133110,11703133108,0.0,0.0
11703133110,11703133109,0.0,0.0
11703133110,11703133110,0.0,0.0
11703133110,11703133111,0.0,0.0
11703133110,11703133112,0.0,0.0
11703133110,11703133113,0.0,0.0
11703133110,11703133119,0.0,0.0
11703133110,11703133121,0.12985629,130.2905
11703133110,11703133122,0.0,0.0
11703133110,11703133124,0.0,0.0
11703133110,11703133125,0.25661018,257.46823
11703133110,11703133133,0.0,0.0
11703133110,11703133134,0.0,0.0
11703133110,11703133139,0.5214047,523.14813
11703133110,11703133140,0.09212878,92.436844
11703133110,11703133141,0.0,0.0
11703133110,11703133142,0.0,0.0
11703133110,11703133152,0.0,0.0
11703133110,11703163819,0.0,0.0
11703133111,11703133103,0.0,0.0
11703133111,11703133108,0.0,0.0
11703133111,11703133109,0.0,0.0
11703133111,11703133110,0.030643195,17.439768
11703133111,11703133111,0.0,0.0
11703133111,11703133112,0.0,0.0
11703133111,11703133113,0.0,0.0
11703133111,11703133118,0.15391949,87.59922
11703133111,11703133119,0.0,0.0
11703133111,11703133121,0.22509941,128.1094
11703133111,11703133122,0.0,0.0
11703133111,11703133124,0.0,0.0
11703133111,11703133125,0.25706568,146.30215
11703133111,11703133134,0.0,0.0
11703133111,11703133137,0.0,0.0
11703133111,11703133138,0.06585154,37.47767
11703133111,11703133139,0.0,0.0
11703133111,11703133140,0.0,0.0
11703133111,11703133141,0.0,0.0
11703133111,11703133142,0.0,0.0
11703133111,11703133147,0.26742074,152.19547
11703133111,11703133152,0.0,0.0
11703133112,11703133103,0.08186269,142.05412
11703133112,11703133107,0.09933707,172.37694
11703133112,11703133108,0.19256866,334.1592
11703133112,11703133109,0.034428418,59.742706
11703133112,11703133110,0.05328709,92.46765
11703133112,11703133111,0.036476254,63.29626
11703133112,11703133112,0.041684628,72.33421
11703133112,11703133113,0.0,0.0
11703133112,11703133121,0.29513848,512.1459
11703133112,11703133124,0.1652169,286.6964
11703133112,11703133133,0.0,0.0
11703133112,11703133150,0.0,0.0
11703133112,11703133152,0.0,0.0
11703133112,11703163805,0.0,0.0
11703133112,11703163808,0.0,0.0
11703133112,11703163809,0.0,0.0
11703133112,11703163814,0.0,0.0
11703133112,11703163815,0.0,0.0
11703133112,11703163819,0.0,0.0
11703133112,11703163824,0.0,0.0
11703133112,11703164011,0.0,0.0
11703133112,11703164015,0.0,0.0
11703133112,11703164017,0.0,0.0
11703133113,11703133103,0.0,0.0
11703133113,11703133106,0.0,0.0
11703133113,11703133108,0.0,0.0
11703133113,11703133109,0.0,0.0
11703133113,11703133110,0.05018142,103.45839
11703133113,11703133111,0.0,0.0
11703133113,11703133112,0.0,0.0
11703133113,11703133113,0.0,0.0
11703133113,11703133121,0.0,0.0
11703133113,11703133124,0.0,0.0
11703133113,11703133125,0.04604572,94.93188
11703133113,11703133139,0.104808316,216.08197
11703133113,11703133140,0.11017512,227.14664
11703133113,11703133141,0.0,0.0
11703133113,11703133142,0.0,0.0
11703133113,11703133144,0.0,0.0
11703133113,11703133147,0.21706755,447.52542
11703133113,11703133148,0.34934598,720.2422
11703133113,11703133150,0.0,0.0
11703133113,11703133152,0.0,0.0
11703133113,11703163819,0.0,0.0
11703133113,12002167414,0.122375846,252.30072
11703133114,11703133101,0.5415985,273.67682
11703133114,11703133102,0.0,0.0
11703133114,11703133105,0.0,0.0
11703133114,11703133114,0.0,0.0
11703133114,11703133115,0.0,0.0
11703133114,11703133117,0.0,0.0
11703133114,11703133135,0.18237025,92.154076
11703133114,11703133136,0.0,0.0
11703133114,11703133149,0.0,0.0
11703133114,12002167401,0.27603123,139.4822
11703133115,11703133102,0.218714,146.87703
11703133115,11703133105,0.0034968257,2.3482878
11703133115,11703133114,0.0,0.0
11703133115,11703133115,0.01168406,7.8464117
11703133115,11703133116,0.0,0.0
11703133115,11703133117,0.0,0.0
11703133115,11703133118,0.0,0.0
11703133115,11703133119,0.0,0.0
11703133115,11703133135,0.7661052,514.4767
11703133115,11703133136,0.0,0.0
11703133115,11703133137,0.0,0.0
11703133115,11703133139,0.0,0.0
11703133116,11703133105,0.24012265,160.27087
11703133116,11703133115,0.06315318,42.151855
11703133116,11703133116,0.0,0.0
11703133116,11703133117,0.10125324,67.5819
11703133116,11703133118,0.30977282,206.75917
11703133116,11703133119,0.1597642,106.63529
11703133116,11703133122,0.0,0.0
11703133116,11703133123,0.0,0.0
11703133116,11703133127,0.04958114,33.09314
11703133116,11703133128,0.0,0.0
11703133116,11703133129,0.0,0.0
11703133116,11703133130,0.0,0.0
11703133116,11703133136,0.0,0.0
11703133116,11703133137,0.076352745,50.961964
11703133116,11703133139,0.0,0.0
11703133116,11703133141,0.0,0.0
11703133116,11703133142,0.0,0.0
11703133116,11703164103,0.0,0.0
11703133116,11703164109,0.0,0.0
11703133116,11703164118,0.0,0.0
11703133116,11703164607,0.0,0.0
11703133116,11703164609,0.0,0.0
11703133116,11703164620,0.0,0.0
11703133117,11703133102,0.4035256,244.47609
11703133117,11703133105,0.19125724,115.87325
11703133117,11703133114,0.051000655,30.898762
11703133117,11703133115,0.095263004,57.71512
11703133117,11703133116,0.0,0.0
11703133117,11703133117,0.0,0.0
11703133117,11703133118,0.0,0.0
11703133117,11703133119,0.0,0.0
11703133117,11703133127,0.0,0.0
11703133117,11703133128,0.0,0.0
11703133117,11703133136,0.0,0.0
11703133117,11703133137,0.072894454,44.163124
11703133117,11703133139,0.186059,112.7239
11703133118,11703133102,0.15880004,298.41534
11703133118,11703133105,0.0,0.0
11703133118,11703133111,0.0,0.0
11703133118,11703133115,0.0,0.0
11703133118,11703133116,0.0,0.0
11703133118,11703133117,0.0,0.0
11703133118,11703133118,0.0,0.0
11703133118,11703133119,0.0,0.0
11703133118,11703133122,0.0,0.0
11703133118,11703133123,0.0,0.0
11703133118,11703133127,0.0,0.0
11703133118,11703133128,0.0,0.0
11703133118,11703133135,0.58831817,1105.5613
11703133118,11703133136,0.0,0.0
11703133118,11703133137,0.0,0.0
11703133118,11703133138,0.13308388,250.08983
11703133118,11703133139,0.0,0.0
11703133118,11703133140,0.119797885,225.12292
11703133118,11703133141,0.0,0.0
11703133118,11703133142,0.0,0.0
11703133119,11703133108,0.0,0.0
11703133119,11703133110,0.15871853,145.06436
11703133119,11703133111,0.0,0.0
11703133119,11703133115,0.0,0.0
11703133119,11703133116,0.0,0.0
11703133119,11703133117,0.0,0.0
11703133119,11703133118,0.053753823,49.129513
11703133119,11703133119,0.0,0.0
11703133119,11703133122,0.0,0.0
11703133119,11703133123,0.0,0.0
11703133119,11703133127,0.0,0.0
11703133119,11703133128,0.0,0.0
11703133119,11703133130,0.0,0.0
11703133119,11703133131,0.0,0.0
11703133119,11703133134,0.0,0.0
11703133119,11703133136,0.0,0.0
11703133119,11703133137,0.06350839,58.044918
11703133119,11703133138,0.4035839,368.86456
11703133119,11703133139,0.0,0.0
11703133119,11703133140,0.28139246,257.18494
11703133119,11703133141,0.0,0.0
11703133119,11703133142,0.03904295,35.684177
11703133121,11703133103,0.0,0.0
11703133121,11703133109,0.0,0.0
11703133121,11703133110,0.0,0.0
11703133121,11703133111,0.0,0.0
11703133121,11703133112,0.0,0.0
11703133121,11703133113,0.0,0.0
11703133121,11703133121,0.0,0.0
11703133121,11703133124,0.0,0.0
11703133121,11703133125,0.016348898,8.703236
11703133121,11703133138,0.04036039,21.485607
11703133121,11703133139,0.0,0.0
11703133121,11703133140,0.0,0.0
11703133121,11703133141,0.0,0.0
11703133121,11703133142,0.0,0.0
11703133121,11703133144,0.0,0.0
11703133121,11703133147,0.022183418,11.809207
11703133121,11703133148,0.61857766,329.29602
11703133121,11703133152,0.0,0.0
11703133121,12002167414,0.30252966,161.0498
11703133122,11703133108,0.0,0.0
11703133122,11703133110,0.0,0.0
11703133122,11703133111,0.0,0.0
11703133122,11703133116,0.051473588,45.20789
11703133122,11703133118,0.0,0.0
11703133122,11703133119,0.0,0.0
11703133122,11703133122,0.14831012,130.25685
11703133122,11703133123,0.0,0.0
11703133122,11703133127,0.0,0.0
11703133122,11703133129,0.0,0.0
11703133122,11703133130,0.0,0.0
11703133122,11703133131,0.0,0.0
11703133122,11703133132,0.0,0.0
11703133122,11703133133,0.0,0.0
11703133122,11703133134,0.0,0.0
11703133122,11703133139,0.14759949,129.63272
11703133122,11703133141,0.3376468,296.54623
11703133122,11703133142,0.31497,276.6298
11703133123,11703133116,0.26406837,138.45384
11703133123,11703133118,0.020910293,10.963489
11703133123,11703133119,0.0,0.0
11703133123,11703133122,0.0,0.0
11703133123,11703133123,0.0,0.0
11703133123,11703133127,0.0,0.0
11703133123,11703133128,0.0,0.0
11703133123,11703133129,0.0,0.0
11703133123,11703133130,0.0,0.0
11703133123,11703133131,0.0,0.0
11703133123,11703133132,0.0,0.0
11703133123,11703133133,0.0,0.0
11703133123,11703133134,0.0,0.0
11703133123,11703133139,0.3369429,176.66273
11703133123,11703133141,0.2523955,132.33365
11703133123,11703133142,0.12568286,65.89686
11703133124,11703133103,0.0,0.0
11703133124,11703133106,0.0,0.0
11703133124,11703133109,0.0,0.0
11703133124,11703133110,0.041820973,26.18223
11703133124,11703133111,0.0,0.0
11703133124,11703133112,0.0,0.0
11703133124,11703133113,0.0,0.0
11703133124,11703133121,0.0,0.0
11703133124,11703133124,0.052679688,32.98038
11703133124,11703133125,0.0,0.0
11703133124,11703133138,0.25952637,162.47778
11703133124,11703133140,0.0,0.0
11703133124,11703133143,0.0,0.0
11703133124,11703133144,0.0,0.0
11703133124,11703133145,0.0,0.0
11703133124,11703133146,0.0,0.0
11703133124,11703133147,0.0,0.0
11703133124,11703133148,0.3102234,194.2169
11703133124,11703133149,0.0,0.0
11703133124,11703133150,0.0,0.0
11703133124,11703133151,0.14591861,91.35307
11703133124,11703133152,0.017509133,10.961679
11703133124,11703163819,0.0,0.0
11703133124,12002167401,0.1723218,107.88292
11703133124,12002167413,0.0,0.0
11703133124,12002167414,0.0,0.0
11703133125,11703133103,0.0,0.0
11703133125,11703133110,0.0,0.0
11703133125,11703133111,0.0,0.0
11703133125,11703133113,0.0,0.0
11703133125,11703133121,0.0,0.0
11703133125,11703133124,0.0,0.0
11703133125,11703133125,0.0,0.0
11703133125,11703133135,0.73570704,535.2231
11703133125,11703133137,0.0,0.0
11703133125,11703133138,0.0,0.0
11703133125,11703133139,0.0057331324,4.1708245
11703133125,11703133140,0.0,0.0
11703133125,11703133141,0.0,0.0
11703133125,11703133142,0.0,0.0
11703133125,11703133144,0.0,0.0
11703133125,11703133145,0.0,0.0
11703133125,11703133146,0.0,0.0
11703133125,11703133147,0.0,0.0
11703133125,11703133148,0.25855988,188.10098
11703133125,11703133149,0.0,0.0
11703133125,11703133152,0.0,0.0
11703133125,12002167414,0.0,0.0
11703133127,11703133116,0.042504966,46.842403
11703133127,11703133117,0.0,0.0
11703133127,11703133118,0.145239,160.05997
11703133127,11703133119,0.04412228,48.624756
11703133127,11703133122,0.0,0.0
11703133127,11703133123,0.0,0.0
11703133127,11703133127,0.112739265,124.24379
11703133127,11703133128,0.0,0.0
11703133127,11703133129,0.0,0.0
11703133127,11703133130,0.0,0.0
11703133127,11703133131,0.0,0.0
11703133127,11703133139,0.43848437,483.22968
11703133127,11703133141,0.19436766,214.202
11703133127,11703133142,0.022542417,24.842768
11703133127,11703164103,0.0,0.0
11703133127,11703164109,0.0,0.0
11703133127,11703164118,0.0,0.0
11703133127,11703164607,0.0,0.0
11703133127,11703164609,0.0,0.0
11703133127,11703164620,0.0,0.0
11703133128,11703133116,0.07893318,39.376415
11703133128,11703133117,0.0,0.0
11703133128,11703133118,0.0,0.0
11703133128,11703133119,0.0,0.0
11703133128,11703133123,0.0,0.0
11703133128,11703133127,0.0,0.0
11703133128,11703133128,0.0,0.0
11703133128,11703133129,0.269643,134.51346
11703133128,11703133130,0.0,0.0
11703133128,11703133131,0.0,0.0
11703133128,11703133132,0.0,0.0
11703133128,11703164103,0.0,0.0
11703133128,11703164104,0.0,0.0
11703133128,11703164107,0.0,0.0
11703133128,11703164109,0.0,0.0
11703133128,11703164118,0.14595252,72.809525
11703133128,11703164119,0.19766992,98.60914
11703133128,11703164124,0.0868873,43.344387
11703133128,11703164126,0.0,0.0
11703133128,11703164130,0.0,0.0
11703133128,11703164602,0.0,0.0
11703133128,11703164605,0.0,0.0
11703133128,11703164607,0.044308603,22.103682
11703133128,11703164609,0.0,0.0
11703133128,11703164613,0.047959983,23.925201
11703133128,11703164615,0.0,0.0
11703133128,11703164616,0.0,0.0
11703133128,11703164618,0.0,0.0
11703133128,11703164619,0.0,0.0
11703133128,11703164620,0.12864548,64.17577
11703133128,11703164621,0.0,0.0
11703133129,11703133116,0.11661875,247.92296
11703133129,11703133122,0.0,0.0
11703133129,11703133123,0.0,0.0
11703133129,11703133127,0.08816993,187.44284
11703133129,11703133128,0.0,0.0
11703133129,11703133129,0.22785497,484.403
11703133129,11703133130,0.0,0.0
11703133129,11703133131,0.0,0.0
11703133129,11703133132,0.035902858,76.32686
11703133129,11703133133,0.0,0.0
11703133129,11703133134,0.0,0.0
11703133129,11703163809,0.0,0.0
11703133129,11703163912,0.0,0.0
11703133129,11703164103,0.0,0.0
11703133129,11703164109,0.0,0.0
11703133129,11703164118,0.0,0.0
11703133129,11703164602,0.0,0.0
11703133129,11703164605,0.18404865,391.274
11703133129,11703164607,0.0,0.0
11703133129,11703164609,0.16075122,341.74536
11703133129,11703164612,0.0,0.0
11703133129,11703164614,0.07650238,162.63849
11703133129,11703164615,0.0,0.0
11703133129,11703164616,0.068446636,145.51256
11703133129,11703164618,0.0,0.0
11703133129,11703164619,0.0,0.0
11703133129,11703164620,0.041704655,88.66105
11703133129,11703164621,0.0,0.0
11703133130,11703133116,0.6351303,342.70288
11703133130,11703133119,0.0,0.0
11703133130,11703133122,0.07198334,38.840687
11703133130,11703133123,0.0,0.0
11703133130,11703133127,0.0,0.0
11703133130,11703133128,0.12924182,69.73615
11703133130,11703133129,0.0,0.0
11703133130,11703133130,0.0,0.0
11703133130,11703133131,0.0,0.0
11703133130,11703133132,0.0,0.0
11703133130,11703133133,0.0,0.0
11703133130,11703133134,0.0,0.0
11703133130,11703164103,0.0,0.0
11703133130,11703164109,0.0,0.0
11703133130,11703164118,0.0,0.0
11703133130,11703164607,0.0,0.0
11703133130,11703164609,0.16364443,88.29908
11703133130,11703164615,0.0,0.0
11703133130,11703164620,0.0,0.0
11703133131,11703133108,0.0,0.0
11703133131,11703133119,0.0,0.0
11703133131,11703133122,0.0,0.0
11703133131,11703133123,0.0060368776,3.3522284
11703133131,11703133127,0.0,0.0
11703133131,11703133128,0.02316475,12.863194
11703133131,11703133129,0.0,0.0
11703133131,11703133130,0.0,0.0
11703133131,11703133131,0.0,0.0
11703133131,11703133132,0.0,0.0
11703133131,11703133133,0.0,0.0
11703133131,11703133134,0.0,0.0
11703133131,11703133141,0.55818117,309.9534
11703133131,11703133142,0.29282176,162.60152
11703133131,11703163809,0.1197952,66.521286
11703133131,11703163819,0.0,0.0
11703133131,11703163912,0.0,0.0
11703133131,11703164612,0.0,0.0
11703133131,11703164615,0.0,0.0
11703133131,11703164620,0.0,0.0
11703133132,11703133108,0.0,0.0
11703133132,11703133122,0.33401984,1743.1155
11703133132,11703133123,0.339253,1770.4253
11703133132,11703133128,0.0,0.0
11703133132,11703133129,0.0,0.0
11703133132,11703133130,0.0014380813,7.504769
11703133132,11703133131,0.09308374,485.76666
11703133132,11703133132,0.0,0.0
11703133132,11703133133,0.0,0.0
11703133132,11703133134,0.23220539,1211.7867
11703133132,11703163805,0.0,0.0
11703133132,11703163809,0.0,0.0
11703133132,11703163819,0.0,0.0
11703133132,11703163909,0.0,0.0
11703133132,11703163910,0.0,0.0
11703133132,11703163912,0.0,0.0
11703133132,11703163914,0.0,0.0
11703133132,11703163918,0.0,0.0
11703133132,11703164602,0.0,0.0
11703133132,11703164612,0.0,0.0
11703133132,11703164614,0.0,0.0
11703133132,11703164615,0.0,0.0
11703133132,11703164617,0.0,0.0
11703133132,11703164620,0.0,0.0
11703133133,11703133107,0.0,0.0
11703133133,11703133108,0.39172345,599.2799
11703133133,11703133109,0.0,0.0
11703133133,11703133110,0.0039647818,6.06554
11703133133,11703133112,0.0,0.0
11703133133,11703133122,0.0,0.0
11703133133,11703133123,0.0,0.0
11703133133,11703133129,0.0,0.0
11703133133,11703133130,0.0,0.0
11703133133,11703133131,0.0,0.0
11703133133,11703133132,0.1320158,201.96497
11703133133,11703133133,0.1518248,232.26987
11703133133,11703133134,0.0,0.0
11703133133,11703133142,0.0,0.0
11703133133,11703133150,0.0,0.0
11703133133,11703133152,0.32047117,490.2743
11703133133,11703163805,0.0,0.0
11703133133,11703163808,0.0,0.0
11703133133,11703163809,0.0,0.0
11703133133,11703163814,0.0,0.0
11703133133,11703163815,0.0,0.0
11703133133,11703163819,0.0,0.0
11703133133,11703163824,0.0,0.0
11703133133,11703163912,0.0,0.0
11703133133,11703163914,0.0,0.0
11703133133,11703163918,0.0,0.0
11703133133,11703164011,0.0,0.0
11703133133,11703164015,0.0,0.0
11703133133,11703164017,0.0,0.0
11703133133,11703164612,0.0,0.0
11703133133,11703164615,0.0,0.0
11703133134,11703133108,0.0,0.0
11703133134,11703133109,0.0,0.0
11703133134,11703133110,0.3634078,327.0087
11703133134,11703133111,0.0068078637,6.125985
11703133134,11703133119,0.08123201,73.09577
11703133134,11703133122,0.05728346,51.54592
11703133134,11703133123,0.0,0.0
11703133134,11703133129,0.0,0.0
11703133134,11703133130,0.0,0.0
11703133134,11703133131,0.0,0.0
11703133134,11703133132,0.0,0.0
11703133134,11703133133,0.0,0.0
11703133134,11703133134,0.09050405,81.439125
11703133134,11703133141,0.1775043,159.72539
11703133134,11703133142,0.22326052,200.89865
11703133134,11703163809,0.0,0.0
11703133134,11703163819,0.0,0.0
11703133135,11703133101,0.53288233,253.68462
11703133135,11703133102,0.0,0.0
11703133135,11703133105,0.0,0.0
11703133135,11703133114,0.0,0.0
11703133135,11703133115,0.0,0.0
11703133135,11703133118,0.0,0.0
11703133135,11703133125,0.0,0.0
11703133135,11703133135,0.0,0.0
11703133135,11703133136,0.0,0.0
11703133135,11703133137,0.0,0.0
11703133135,11703133138,0.0,0.0
11703133135,11703133139,0.0,0.0
11703133135,11703133140,0.0,0.0
11703133135,11703133145,0.0,0.0
11703133135,11703133146,0.0,0.0
11703133135,11703133147,0.0,0.0
11703133135,11703133149,0.0,0.0
11703133135,11703133151,0.0,0.0
11703133135,12002167401,0.46711767,222.3766
11703133136,11703133101,0.20217171,106.15477
11703133136,11703133102,0.015137464,7.948263
11703133136,11703133105,0.23108307,121.33532
11703133136,11703133114,0.0,0.0
11703133136,11703133115,0.0,0.0
11703133136,11703133116,0.0038241446,2.0079525
11703133136,11703133117,0.0,0.0
11703133136,11703133118,0.0,0.0
11703133136,11703133119,0.0,0.0
11703133136,11703133135,0.3001531,157.6021
11703133136,11703133136,0.0,0.0
11703133136,11703133137,0.0,0.0
11703133136,11703133138,0.0,0.0
11703133136,11703133139,0.0,0.0
11703133136,11703133149,0.24763048,130.02391
11703133137,11703133101,0.0,0.0
11703133137,11703133102,0.038085878,17.66489
11703133137,11703133105,0.04123658,19.12624
11703133137,11703133111,0.0,0.0
11703133137,11703133115,0.0,0.0
11703133137,11703133116,0.1955306,90.690475
11703133137,11703133117,0.0,0.0
11703133137,11703133118,0.0,0.0
11703133137,11703133119,0.0,0.0
11703133137,11703133125,0.041807353,19.390974
11703133137,11703133135,0.45029786,208.85594
11703133137,11703133136,0.0,0.0
11703133137,11703133137,0.0,0.0
11703133137,11703133138,0.0,0.0
11703133137,11703133139,0.0,0.0
11703133137,11703133140,0.0,0.0
11703133137,11703133141,0.0,0.0
11703133137,11703133147,0.18209484,84.45874
11703133137,11703133149,0.05094683,23.630024
11703133138,11703133101,0.0,0.0
11703133138,11703133102,0.0,0.0
11703133138,11703133111,0.0,0.0
11703133138,11703133118,0.0,0.0
11703133138,11703133119,0.0,0.0
11703133138,11703133121,0.14913973,72.36527
11703133138,11703133124,0.0,0.0
11703133138,11703133125,0.0,0.0
11703133138,11703133135,0.0,0.0
11703133138,11703133136,0.0,0.0
11703133138,11703133137,0.0,0.0
11703133138,11703133138,0.0,0.0
11703133138,11703133139,0.0,0.0
11703133138,11703133140,0.0,0.0
11703133138,11703133141,0.0,0.0
11703133138,11703133145,0.0,0.0
11703133138,11703133146,0.0,0.0
11703133138,11703133147,0.0,0.0
11703133138,11703133148,0.4075467,197.74896
11703133138,11703133149,0.0,0.0
11703133138,11703133151,0.030981153,15.032611
11703133138,12002167401,0.41233236,200.07104
11703133139,11703133110,0.0,0.0
11703133139,11703133111,0.0,0.0
11703133139,11703133113,0.0,0.0
11703133139,11703133115,0.0,0.0
11703133139,11703133116,0.18643862,96.08735
11703133139,11703133117,0.0,0.0
11703133139,11703133118,0.0,0.0
11703133139,11703133119,0.0,0.0
11703133139,11703133121,0.16342017,84.22403
11703133139,11703133122,0.0,0.0
11703133139,11703133123,0.0,0.0
11703133139,11703133125,0.0,0.0
11703133139,11703133127,0.0,0.0
11703133139,11703133135,0.65014124,335.07193
11703133139,11703133136,0.0,0.0
11703133139,11703133137,0.0,0.0
11703133139,11703133138,0.0,0.0
11703133139,11703133139,0.0,0.0
11703133139,11703133140,0.0,0.0
11703133139,11703133141,0.0,0.0
11703133139,11703133142,0.0,0.0
11703133139,11703133147,0.0,0.0
11703133139,11703133149,0.0,0.0
11703133140,11703133110,0.0,0.0
11703133140,11703133111,0.0,0.0
11703133140,11703133113,0.0,0.0
11703133140,11703133118,0.0,0.0
11703133140,11703133119,0.0,0.0
11703133140,11703133121,0.026872993,13.114115
11703133140,11703133124,0.0,0.0
11703133140,11703133125,0.0,0.0
11703133140,11703133135,0.5904055,288.11996
11703133140,11703133137,0.0,0.0
11703133140,11703133138,0.0,0.0
11703133140,11703133139,0.0,0.0
11703133140,11703133140,0.0,0.0
11703133140,11703133141,0.0,0.0
11703133140,11703133142,0.0,0.0
11703133140,11703133145,0.0,0.0
11703133140,11703133146,0.0,0.0
11703133140,11703133147,0.0,0.0
11703133140,11703133148,0.3827214,186.76938
11703133140,11703133149,0.0,0.0
11703133141,11703133108,0.0,0.0
11703133141,11703133110,0.0,0.0
11703133141,11703133111,0.0,0.0
11703133141,11703133113,0.0,0.0
11703133141,11703133116,0.0,0.0
11703133141,11703133118,0.0,0.0
11703133141,11703133119,0.0,0.0
11703133141,11703133121,0.30049896,163.04567
11703133141,11703133122,0.0,0.0
11703133141,11703133123,0.0,0.0
11703133141,11703133125,0.36675045,198.9926
11703133141,11703133127,0.0,0.0
11703133141,11703133131,0.0,0.0
11703133141,11703133134,0.0,0.0
11703133141,11703133137,0.0,0.0
11703133141,11703133138,0.25032583,135.82257
11703133141,11703133139,0.0,0.0
11703133141,11703133140,0.08242476,44.722282
11703133141,11703133141,0.0,0.0
11703133141,11703133142,0.0,0.0
11703133142,11703133108,0.0,0.0
11703133142,11703133109,0.0,0.0
11703133142,11703133110,0.0,0.0
11703133142,11703133111,0.0,0.0
11703133142,11703133113,0.0,0.0
11703133142,11703133116,0.31876618,164.72253
11703133142,11703133118,0.0,0.0
11703133142,11703133119,0.0,0.0
11703133142,11703133121,0.3849636,198.93008
11703133142,11703133122,0.0,0.0
11703133142,11703133123,0.0,0.0
11703133142,11703133125,0.27086967,139.972
11703133142,11703133127,0.0,0.0
11703133142,11703133131,0.0,0.0
11703133142,11703133133,0.0,0.0
11703133142,11703133134,0.0,0.0
11703133142,11703133139,0.0,0.0
11703133142,11703133140,0.02540052,13.125728
11703133142,11703133141,0.0,0.0
11703133142,11703133142,0.0,0.0
11703133142,11703163819,0.0,0.0
11703133143,11703133103,0.0,0.0
11703133143,11703133106,0.0,0.0
11703133143,11703133107,0.0,0.0
11703133143,11703133124,0.0,0.0
11703133143,11703133143,0.5434315,348.12683
11703133143,11703133144,0.0,0.0
11703133143,11703133150,0.0,0.0
11703133143,11703163814,0.0,0.0
11703133143,11703163820,0.0,0.0
11703133143,12002167413,0.0,0.0
11703133143,12002167414,0.45656845,292.4816
11703133144,11703133103,0.0,0.0
11703133144,11703133106,0.0,0.0
11703133144,11703133107,0.0,0.0
11703133144,11703133113,0.0,0.0
11703133144,11703133121,0.06533459,38.165035
11703133144,11703133124,0.0,0.0
11703133144,11703133125,0.0,0.0
11703133144,11703133143,0.0,0.0
11703133144,11703133144,0.0,0.0
11703133144,11703133147,0.0,0.0
11703133144,11703133148,0.33609864,196.33116
11703133144,11703133150,0.0,0.0
11703133144,11703133151,0.36778772,214.84225
11703133144,11703133152,0.0,0.0
11703133144,11703163814,0.0,0.0
11703133144,11703163820,0.0,0.0
11703133144,12002167401,0.23077902,134.80898
11703133144,12002167413,0.0,0.0
11703133144,12002167414,0.0,0.0
11703133145,11703133101,0.0,0.0
11703133145,11703133124,0.0,0.0
11703133145,11703133125,0.0,0.0
11703133145,11703133135,0.5611274,357.2587
11703133145,11703133138,0.0,0.0
11703133145,11703133140,0.0,0.0
11703133145,11703133145,0.02606529,16.595253
11703133145,11703133146,0.0,0.0
11703133145,11703133147,0.0,0.0
11703133145,11703133148,0.19511694,124.22709
11703133145,11703133149,0.0,0.0
11703133145,11703133151,0.0,0.0
11703133145,12002167401,0.21769032,138.5991
11703133145,12002167414,0.0,0.0
11703133146,11703133101,0.0,0.0
11703133146,11703133124,0.0,0.0
11703133146,11703133125,0.0,0.0
11703133146,11703133135,0.6525212,381.78802
11703133146,11703133138,0.0,0.0
11703133146,11703133140,0.0,0.0
11703133146,11703133145,0.0,0.0
11703133146,11703133146,0.0,0.0
11703133146,11703133147,0.0,0.0
11703133146,11703133148,0.09384769,54.909977
11703133146,11703133149,0.0,0.0
11703133146,11703133151,0.0,0.0
11703133146,12002167401,0.25363111,148.39874
11703133146,12002167414,0.0,0.0
11703133147,11703133101,0.0,0.0
11703133147,11703133103,0.0,0.0
11703133147,11703133111,0.0,0.0
11703133147,11703133113,0.0,0.0
11703133147,11703133121,0.0,0.0
11703133147,11703133124,0.0,0.0
11703133147,11703133125,0.0,0.0
11703133147,11703133135,0.7264835,396.94827
11703133147,11703133137,0.0,0.0
11703133147,11703133138,0.0,0.0
11703133147,11703133139,0.0,0.0
11703133147,11703133140,0.0,0.0
11703133147,11703133144,0.0,0.0
11703133147,11703133145,0.0,0.0
11703133147,11703133146,0.0,0.0
11703133147,11703133147,0.0,0.0
11703133147,11703133148,0.029624939,16.186972
11703133147,11703133149,0.0,0.0
11703133147,11703133151,0.0,0.0
11703133147,11703133152,0.0,0.0
11703133147,12002167401,0.24389175,133.26167
11703133147,12002167414,0.0,0.0
11703133148,11703133103,0.0,0.0
11703133148,11703133113,0.0,0.0
11703133148,11703133121,0.1433422,66.337
11703133148,11703133124,0.0,0.0
11703133148,11703133125,0.0,0.0
11703133148,11703133138,0.0,0.0
11703133148,11703133140,0.0,0.0
11703133148,11703133144,0.0,0.0
11703133148,11703133145,0.0,0.0
11703133148,11703133146,0.0,0.0
11703133148,11703133147,0.0,0.0
11703133148,11703133148,0.0,0.0
11703133148,11703133149,0.05260396,24.344463
11703133148,11703133151,0.0,0.0
11703133148,11703133152,0.0,0.0
11703133148,12002167401,0.8040538,372.10617
11703133148,12002167413,0.0,0.0
11703133148,12002167414,0.0,0.0
11703133149,11703133101,0.006814122,4.4309387
11703133149,11703133102,0.0,0.0
11703133149,11703133114,0.0,0.0
11703133149,11703133124,0.0,0.0
11703133149,11703133125,0.0,0.0
11703133149,11703133135,0.0024681687,1.6049469
11703133149,11703133136,0.0,0.0
11703133149,11703133137,0.0,0.0
11703133149,11703133138,0.0,0.0
11703133149,11703133139,0.0,0.0
11703133149,11703133140,0.0,0.0
11703133149,11703133145,0.0,0.0
11703133149,11703133146,0.0,0.0
11703133149,11703133147,0.0,0.0
11703133149,11703133148,0.073313534,47.672726
11703133149,11703133149,0.21105435,137.23982
11703133149,11703133151,0.0,0.0
11703133149,12002167401,0.70634997,459.30984
11703133149,12002167414,0.0,0.0
11703133149,12002167421,0.0,0.0
11703133150,11703133103,0.0,0.0
11703133150,11703133106,0.0,0.0
11703133150,11703133107,0.13038182,79.26898
11703133150,11703133108,0.006238997,3.7931585
11703133150,11703133109,0.0,0.0
11703133150,11703133112,0.0,0.0
11703133150,11703133113,0.0,0.0
11703133150,11703133124,0.0,0.0
11703133150,11703133133,0.0,0.0
11703133150,11703133143,0.0,0.0
11703133150,11703133144,0.0,0.0
11703133150,11703133150,0.5349396,325.2303
11703133150,11703133152,0.0,0.0
11703133150,11703163805,0.0,0.0
11703133150,11703163808,0.0,0.0
11703133150,11703163809,0.0,0.0
11703133150,11703163811,0.0,0.0
11703133150,11703163814,0.32843953,199.68326
11703133150,11703163815,0.0,0.0
11703133150,11703163819,0.0,0.0
11703133150,11703163820,0.0,0.0
11703133150,11703163824,0.0,0.0
11703133150,11703164011,0.0,0.0
11703133150,11703164015,0.0,0.0
11703133150,11703164017,0.0,0.0
11703133150,12002167413,0.0,0.0
11703133151,11703133101,0.0,0.0
11703133151,11703133124,0.0,0.0
11703133151,11703133135,0.45976707,233.75978
11703133151,11703133138,0.0,0.0
11703133151,11703133144,0.0,0.0
11703133151,11703133145,0.0,0.0
11703133151,11703133146,0.0,0.0
11703133151,11703133147,0.0,0.0
11703133151,11703133148,0.05576986,28.35512
11703133151,11703133149,0.0,0.0
11703133151,11703133151,0.0,0.0
11703133151,12002167401,0.4844631,246.316
11703133151,12002167413,0.0,0.0
11703133151,12002167414,0.0,0.0
11703133151,12002167421,0.0,0.0
11703133152,11703133103,0.0,0.0
11703133152,11703133106,0.0,0.0
11703133152,11703133107,0.0,0.0
11703133152,11703133108,0.24390003,264.62872
11703133152,11703133109,0.0811159,88.00982
11703133152,11703133110,0.0,0.0
11703133152,11703133111,0.0,0.0
11703133152,11703133112,0.0,0.0
11703133152,11703133113,0.0,0.0
11703133152,11703133121,0.0,0.0
11703133152,11703133124,0.0,0.0
11703133152,11703133125,0.0,0.0
11703133152,11703133133,0.045694202,49.577686
11703133152,11703133144,0.0,0.0
11703133152,11703133147,0.0,0.0
11703133152,11703133148,0.0,0.0
11703133152,11703133150,0.0,0.0
11703133152,11703133152,0.39402848,427.5164
11703133152,11703163805,0.0,0.0
11703133152,11703163808,0.0,0.0
11703133152,11703163809,0.0,0.0
11703133152,11703163814,0.14757589,160.11815
11703133152,11703163815,0.0,0.0
11703133152,11703163819,0.0,0.0
11703133152,11703163824,0.03681764,39.946716
11703133152,11703164011,0.009420723,10.221376
11703133152,11703164015,0.0,0.0
11703133152,11703164017,0.041447043,44.969566
11703133152,12002167414,0.0,0.0
11703133301,11703133301,0.0,0.0
11703133301,11703133302,0.0,0.0
11703133301,11703133303,0.24687323,185.29451
11703133301,11703133314,0.33984056,255.07257
11703133301,11703133317,0.0,0.0
11703133301,11703133324,0.0,0.0
11703133301,11703133325,0.0,0.0
11703133301,11703133326,0.0,0.0
11703133301,11703133332,0.17007107,127.64946
11703133301,11703133338,0.0,0.0
11703133301,11703133339,0.0,0.0
11703133301,11703133341,0.23825887,178.82887
11703133301,11703133342,0.0049563646,3.7200758
11703133302,11703133301,0.0,0.0
11703133302,11703133302,0.0,0.0
11703133302,11703133303,0.20371234,552.6104
11703133302,11703133313,0.0,0.0
11703133302,11703133314,0.0,0.0
11703133302,11703133316,0.31427258,852.52716
11703133302,11703133317,0.0,0.0
11703133302,11703133323,0.0,0.0
11703133302,11703133324,0.0,0.0
11703133302,11703133325,0.0,0.0
11703133302,11703133326,0.0,0.0
11703133302,11703133327,0.0,0.0
11703133302,11703133332,0.0,0.0
11703133302,11703133338,0.0,0.0
11703133302,11703133339,0.0,0.0
11703133302,11703133340,0.15410382,418.03738
11703133302,11703133341,0.09443951,256.18604
11703133302,11703133342,0.0,0.0
11703133302,11703133344,0.23347175,633.33875
11703133303,11703133301,0.0,0.0
11703133303,11703133302,0.0,0.0
11703133303,11703133303,0.0,0.0
11703133303,11703133314,0.0,0.0
11703133303,11703133317,0.0,0.0
11703133303,11703133324,0.0,0.0
11703133303,11703133325,0.0,0.0
11703133303,11703133326,0.0,0.0
11703133303,11703133331,0.29190588,130.6749
11703133303,11703133332,0.0,0.0
11703133303,11703133338,0.0,0.0
11703133303,11703133339,0.0,0.0
11703133303,11703133341,0.4855077,217.3429
11703133303,11703133342,0.0,0.0
11703133303,11703133344,0.15367031,68.79221
11703133303,11703133345,0.06891614,30.851074
11703133304,11703133304,0.25576493,201.19785
11703133304,11703133305,0.0,0.0
11703133304,11703133307,0.0,0.0
11703133304,11703133308,0.0,0.0
11703133304,11703133309,0.0,0.0
11703133304,11703133310,0.0,0.0
11703133304,11703133311,0.0,0.0
11703133304,11703133312,0.0,0.0
11703133304,11703133313,0.0,0.0
11703133304,11703133315,0.0,0.0
11703133304,11703133316,0.0,0.0
11703133304,11703133331,0.14545065,114.41896
11703133304,11703133336,0.0,0.0
11703133304,11703133340,0.0,0.0
11703133304,11703133343,0.17812882,140.12529
11703133304,11703133344,0.0,0.0
11703133304,11703133345,0.0,0.0
11703133304,11703133346,0.0,0.0
11703133304,11703133348,0.20488805,161.17548
11703133304,11703133349,0.2157675,169.73381
11703133304,11703133350,0.0,0.0
11703133304,11703133351,0.0,0.0
11703133304,11703133352,0.0,0.0
11703133304,11703133353,0.0,0.0
11703133305,11703133304,0.0,0.0
11703133305,11703133305,0.0,0.0
11703133305,11703133307,0.0,0.0
11703133305,11703133308,0.33247814,206.32594
11703133305,11703133311,0.0,0.0
11703133305,11703133315,0.0,0.0
11703133305,11703133331,0.0,0.0
11703133305,11703133332,0.0,0.0
11703133305,11703133343,0.0,0.0
11703133305,11703133344,0.66752183,414.244
11703133305,11703133345,0.0,0.0
11703133305,11703133346,0.0,0.0
11703133305,11703133348,0.0,0.0
11703133305,11703133349,0.0,0.0
11703133305,11703133350,0.0,0.0
11703133305,11703133353,0.0,0.0
11703133307,11703132927,0.0,0.0
11703133307,11703132928,0.0,0.0
11703133307,11703133304,0.0,0.0
11703133307,11703133305,0.0,0.0
11703133307,11703133307,0.0,0.0
11703133307,11703133308,0.26122928,509.37787
11703133307,11703133309,0.0,0.0
11703133307,11703133310,0.0,0.0
11703133307,11703133311,0.0,0.0
11703133307,11703133312,0.0,0.0
11703133307,11703133313,0.0,0.0
11703133307,11703133315,0.13977079,272.54276
11703133307,11703133322,0.0,0.0
11703133307,11703133323,0.0,0.0
11703133307,11703133336,0.0,0.0
11703133307,11703133337,0.24533555,478.38626
11703133307,11703133343,0.15779571,307.69003
11703133307,11703133348,0.18736017,365.33853
11703133307,11703133350,0.0,0.0
11703133307,11703133351,0.0,0.0
11703133307,11703133352,0.0,0.0
11703133307,11703133353,0.008508563,16.591072
11703133308,11703133304,0.0,0.0
11703133308,11703133305,0.10938504,51.340767
11703133308,11703133307,0.0,0.0
11703133308,11703133308,0.0,0.0
11703133308,11703133309,0.0,0.0
11703133308,11703133310,0.0,0.0
11703133308,11703133311,0.0,0.0
11703133308,11703133312,0.0,0.0
11703133308,11703133313,0.0,0.0
11703133308,11703133314,0.0,0.0
11703133308,11703133315,0.0,0.0
11703133308,11703133316,0.0,0.0
11703133308,11703133323,0.0,0.0
11703133308,11703133324,0.0,0.0
11703133308,11703133340,0.0,0.0
11703133308,11703133341,0.3926399,184.28877
11703133308,11703133343,0.35266677,165.52704
11703133308,11703133344,0.0,0.0
11703133308,11703133348,0.09598234,45.050102
11703133308,11703133350,0.049325973,23.15155
11703133309,11703132927,0.0,0.0
11703133309,11703132928,0.0,0.0
11703133309,11703133304,0.2889768,938.1047
11703133309,11703133307,0.0,0.0
11703133309,11703133308,0.0119948685,38.93891
11703133309,11703133309,0.0,0.0
11703133309,11703133310,0.0,0.0
11703133309,11703133311,0.0,0.0
11703133309,11703133312,0.0,0.0
11703133309,11703133313,0.0,0.0
11703133309,11703133314,0.21474019,697.11053
11703133309,11703133316,0.2978893,967.0373
11703133309,11703133321,0.0,0.0
11703133309,11703133322,0.0,0.0
11703133309,11703133323,0.0,0.0
11703133309,11703133324,0.0,0.0
11703133309,11703133327,0.0,0.0
11703133309,11703133328,0.0,0.0
11703133309,11703133336,0.0,0.0
11703133309,11703133350,0.18639892,605.1064
11703133309,11703133351,0.0,0.0
11703133309,11703133352,0.0,0.0
11703133310,11703133304,0.28364912,371.1572
11703133310,11703133307,0.0,0.0
11703133310,11703133308,0.0471088,61.64225
11703133310,11703133309,0.0,0.0
11703133310,11703133310,0.0,0.0
11703133310,11703133311,0.0,0.0
11703133310,11703133312,0.0,0.0
11703133310,11703133313,0.0,0.0
11703133310,11703133314,0.033560634,43.914364
11703133310,11703133315,0.1467564,192.03194
11703133310,11703133316,0.26977676,353.0051
11703133310,11703133322,0.0,0.0
11703133310,11703133323,0.0,0.0
11703133310,11703133324,0.0,0.0
11703133310,11703133336,0.0,0.0
11703133310,11703133350,0.21914825,286.75726
11703133310,11703133351,0.0,0.0
11703133310,11703133352,0.0,0.0
11703133311,11703133304,0.063397706,58.012688
11703133311,11703133305,0.0,0.0
11703133311,11703133307,0.0,0.0
11703133311,11703133308,0.100872666,92.30452
11703133311,11703133309,0.0,0.0
11703133311,11703133310,0.0,0.0
11703133311,11703133311,0.0,0.0
11703133311,11703133312,0.0,0.0
11703133311,11703133313,0.0,0.0
11703133311,11703133315,0.09115267,83.41014
11703133311,11703133316,0.21094944,193.03134
11703133311,11703133336,0.0,0.0
11703133311,11703133343,0.10454917,95.66874
11703133311,11703133348,0.38109952,348.72882
11703133311,11703133350,0.04797876,43.90343
11703133311,11703133351,0.0,0.0
11703133311,11703133352,0.0,0.0
11703133312,11703133304,0.0,0.0
11703133312,11703133307,0.0,0.0
11703133312,11703133308,0.7724652,375.80817
11703133312,11703133309,0.0,0.0
11703133312,11703133310,0.0,0.0
11703133312,11703133311,0.0,0.0
11703133312,11703133312,0.0,0.0
11703133312,11703133313,0.0,0.0
11703133312,11703133315,0.0,0.0
11703133312,11703133316,0.22753477,110.6968
11703133313,11703133302,0.2088471,117.889
11703133313,11703133304,0.4570384,257.98682
11703133313,11703133307,0.0,0.0
11703133313,11703133308,0.0,0.0
11703133313,11703133309,0.0,0.0
11703133313,11703133310,0.0,0.0
11703133313,11703133311,0.098947376,55.853336
11703133313,11703133312,0.0,0.0
11703133313,11703133313,0.0,0.0
11703133313,11703133314,0.0,0.0
11703133313,11703133315,0.057290077,32.338825
11703133313,11703133316,0.0,0.0
11703133313,11703133317,0.0,0.0
11703133313,11703133321,0.0,0.0
11703133313,11703133322,0.0,0.0
11703133313,11703133323,0.0,0.0
11703133313,11703133324,0.0,0.0
11703133313,11703133326,0.0,0.0
11703133313,11703133327,0.0,0.0
11703133313,11703133328,0.0,0.0
11703133313,11703133340,0.0,0.0
11703133313,11703133341,0.17787719,100.40726
11703133313,11703133352,0.0,0.0
11703133314,11703133301,0.0,0.0
11703133314,11703133302,0.0,0.0
11703133314,11703133303,0.54795104,321.59192
11703133314,11703133308,0.0,0.0
11703133314,11703133309,0.0,0.0
11703133314,11703133310,0.0,0.0
11703133314,11703133313,0.0,0.0
11703133314,11703133314,0.0,0.0
11703133314,11703133315,0.12983832,76.20198
11703133314,11703133316,0.0,0.0
11703133314,11703133317,0.0,0.0
11703133314,11703133323,0.0,0.0
11703133314,11703133324,0.0,0.0
11703133314,11703133326,0.0,0.0
11703133314,11703133327,0.0,0.0
11703133314,11703133338,0.0,0.0
11703133314,11703133339,0.0011261106,0.66091317
11703133314,11703133340,0.10575089,62.06509
11703133314,11703133341,0.0,0.0
11703133314,11703133342,0.0,0.0
11703133314,11703133344,0.21533364,126.3791
11703133315,11703133304,0.25004297,106.5781
11703133315,11703133305,0.0,0.0
11703133315,11703133307,0.0,0.0
11703133315,11703133308,0.0,0.0
11703133315,11703133310,0.0,0.0
11703133315,11703133311,0.0,0.0
11703133315,11703133312,0.0,0.0
11703133315,11703133313,0.0,0.0
11703133315,11703133314,0.0,0.0
11703133315,11703133315,0.0,0.0
11703133315,11703133316,0.0,0.0
11703133315,11703133332,0.17735541,75.59582
11703133315,11703133340,0.0,0.0
11703133315,11703133341,0.23579913,100.50682
11703133315,11703133342,0.0,0.0
11703133315,11703133343,0.0,0.0
11703133315,11703133344,0.0,0.0
11703133315,11703133345,0.0,0.0
11703133315,11703133348,0.22465527,95.75687
11703133315,11703133350,0.11214733,47.801582
11703133316,11703133302,0.19993809,88.15385
11703133316,11703133304,0.34654823,152.79509
11703133316,11703133308,0.0,0.0
11703133316,11703133309,0.0,0.0
11703133316,11703133310,0.0,0.0
11703133316,11703133311,0.094940275,41.859707
11703133316,11703133312,0.0,0.0
11703133316,11703133313,0.0,0.0
11703133316,11703133314,0.0,0.0
11703133316,11703133315,0.0,0.0
11703133316,11703133316,0.0,0.0
11703133316,11703133323,0.0,0.0
11703133316,11703133324,0.0,0.0
11703133316,11703133339,0.0,0.0
11703133316,11703133340,0.0,0.0
11703133316,11703133341,0.0,0.0
11703133316,11703133342,0.0,0.0
11703133316,11703133343,0.3585734,158.09706
11703133316,11703133344,0.0,0.0
11703133317,11703133301,0.0,0.0
11703133317,11703133302,0.037406087,23.997469
11703133317,11703133303,0.207809,133.31761
11703133317,11703133313,0.0,0.0
11703133317,11703133314,0.0,0.0
11703133317,11703133317,0.07721463,49.536205
11703133317,11703133323,0.0,0.0
11703133317,11703133324,0.0,0.0
11703133317,11703133325,0.0,0.0
11703133317,11703133326,0.0,0.0
11703133317,11703133327,0.0,0.0
11703133317,11703133328,0.0,0.0
11703133317,11703133331,0.0,0.0
11703133317,11703133332,0.12434611,79.772896
11703133317,11703133338,0.0,0.0
11703133317,11703133339,0.0,0.0
11703133317,11703133341,0.3808822,244.35083
11703133317,11703133342,0.011104345,7.123872
11703133317,11703133344,0.1612376,103.44022
11703133317,11703133345,0.0,0.0
11703133317,11703164410,0.0,0.0
11703133318,11703132915,0.0,0.0
11703133318,11703132916,0.0,0.0
11703133318,11703132917,0.0,0.0
11703133318,11703132918,0.0,0.0
11703133318,11703132919,0.0,0.0
11703133318,11703132920,0.0,0.0
11703133318,11703132925,0.0,0.0
11703133318,11703133318,0.59245014,544.3432
11703133318,11703133319,0.40754992,374.45685
11703133318,11703133320,0.0,0.0
11703133318,11703133321,0.0,0.0
11703133318,11703133328,0.0,0.0
11703133318,11703133622,0.0,0.0
11703133318,11703164402,0.0,0.0
11703133318,11703164403,0.0,0.0
11703133318,11703164410,0.0,0.0
11703133318,11703164412,0.0,0.0
11703133318,11703164414,0.0,0.0
11703133318,11703164418,0.0,0.0
11703133318,11703164428,0.0,0.0
11703133318,11703164502,0.0,0.0
11703133318,11703164507,0.0,0.0
11703133318,11703164509,0.0,0.0
11703133318,11703164528,0.0,0.0
11703133319,11703132916,0.08342636,78.77821
11703133319,11703132917,0.0,0.0
11703133319,11703132918,0.0,0.0
11703133319,11703132919,0.0,0.0
11703133319,11703132920,0.0,0.0
11703133319,11703132925,0.0,0.0
11703133319,11703133318,0.0,0.0
11703133319,11703133319,0.91657364,865.5063
11703133319,11703133320,0.0,0.0
11703133319,11703133321,0.0,0.0
11703133319,11703133328,0.0,0.0
11703133319,11703164402,0.0,0.0
11703133319,11703164403,0.0,0.0
11703133319,11703164410,0.0,0.0
11703133319,11703164412,0.0,0.0
11703133319,11703164418,0.0,0.0
11703133319,11703164428,0.0,0.0
11703133320,11703132918,0.0,0.0
11703133320,11703132919,0.0,0.0
11703133320,11703132920,0.038043946,34.98045
11703133320,11703132925,0.019531757,17.958958
11703133320,11703132928,0.0,0.0
11703133320,11703133318,0.0,0.0
11703133320,11703133319,0.0988203,90.86277
11703133320,11703133320,0.4173617,383.75357
11703133320,11703133321,0.0,0.0
11703133320,11703133322,0.0,0.0
11703133320,11703133323,0.0,0.0
11703133320,11703133325,0.4027576,370.32547
11703133320,11703133326,0.0,0.0
11703133320,11703133327,0.01188013,10.92348
11703133320,11703133328,0.011604637,10.670171
11703133320,11703164402,0.0,0.0
11703133320,11703164403,0.0,0.0
11703133320,11703164410,0.0,0.0
11703133320,11703164412,0.0,0.0
11703133320,11703164418,0.0,0.0
11703133320,11703164428,0.0,0.0
11703133321,11703132907,0.0,0.0
11703133321,11703132910,0.0,0.0
11703133321,11703132918,0.0,0.0
11703133321,11703132919,0.0,0.0
11703133321,11703132920,0.0,0.0
11703133321,11703132921,0.0,0.0
11703133321,11703132922,0.0,0.0
11703133321,11703132923,0.31811243,197.3384
11703133321,11703132924,0.0,0.0
11703133321,11703132925,0.0,0.0
11703133321,11703132927,0.0,0.0
11703133321,11703132928,0.29694888,184.20976
11703133321,11703133309,0.0,0.0
11703133321,11703133313,0.0,0.0
11703133321,11703133318,0.0,0.0
11703133321,11703133319,0.0,0.0
11703133321,11703133320,0.0,0.0
11703133321,11703133321,0.0,0.0
11703133321,11703133322,0.0,0.0
11703133321,11703133323,0.018618047,11.549551
11703133321,11703133324,0.21471596,133.19725
11703133321,11703133325,0.0,0.0
11703133321,11703133326,0.0,0.0
11703133321,11703133327,0.0,0.0
11703133321,11703133328,0.12948713,80.32626
11703133321,11703133352,0.022117555,13.720441
11703133321,11703164410,0.0,0.0
11703133321,11703164418,0.0,0.0
11703133322,11703132920,0.0,0.0
11703133322,11703132921,0.0,0.0
11703133322,11703132923,0.0,0.0
11703133322,11703132924,0.0,0.0
11703133322,11703132925,0.0,0.0
11703133322,11703132927,0.0,0.0
11703133322,11703132928,0.20211911,289.77908
11703133322,11703133307,0.2876129,412.35187
11703133322,11703133309,0.0,0.0
11703133322,11703133310,0.11534566,165.37158
11703133322,11703133313,0.053947568,77.34487
11703133322,11703133320,0.0,0.0
11703133322,11703133321,0.0,0.0
11703133322,11703133322,0.0,0.0
11703133322,11703133323,0.0,0.0
11703133322,11703133324,0.22618034,324.27576
11703133322,11703133325,0.0,0.0
11703133322,11703133326,0.11479443,164.5813
11703133322,11703133327,0.0,0.0
11703133322,11703133328,0.0,0.0
11703133322,11703133351,0.0,0.0
11703133322,11703133352,0.0,0.0
11703133322,11703164410,0.0,0.0
11703133322,11703164418,0.0,0.0
11703133323,11703132920,0.0,0.0
11703133323,11703132925,0.0,0.0
11703133323,11703132928,0.0,0.0
11703133323,11703133302,0.0,0.0
11703133323,11703133307,0.0,0.0
11703133323,11703133308,0.5103972,259.2358
11703133323,11703133309,0.0,0.0
11703133323,11703133310,0.0,0.0
11703133323,11703133313,0.0,0.0
11703133323,11703133314,0.0,0.0
11703133323,11703133316,0.14203429,72.14063
11703133323,11703133317,0.16794747,85.30219
11703133323,11703133320,0.0,0.0
11703133323,11703133321,0.0,0.0
11703133323,11703133322,0.0,0.0
11703133323,11703133323,0.0,0.0
11703133323,11703133324,0.0,0.0
11703133323,11703133325,0.0,0.0
11703133323,11703133326,0.0,0.0
11703133323,11703133327,0.0,0.0
11703133323,11703133328,0.0,0.0
11703133323,11703133352,0.0,0.0
11703133323,11703164410,0.1796211,91.231346
11703133323,11703164418,0.0,0.0
11703133324,11703133301,0.0,0.0
11703133324,11703133302,0.0,0.0
11703133324,11703133303,0.21852884,109.41134
11703133324,11703133308,0.14586711,73.031624
11703133324,11703133309,0.0,0.0
11703133324,11703133310,0.0,0.0
11703133324,11703133313,0.0,0.0
11703133324,11703133314,0.0,0.0
11703133324,11703133316,0.0071755946,3.5926216
11703133324,11703133317,0.19598293,98.12323
11703133324,11703133321,0.0,0.0
11703133324,11703133322,0.0,0.0
11703133324,11703133323,0.0,0.0
11703133324,11703133324,0.0,0.0
11703133324,11703133325,0.0,0.0
11703133324,11703133326,0.0,0.0
11703133324,11703133327,0.0,0.0
11703133324,11703133328,0.0,0.0
11703133324,11703133332,0.42040697,210.48613
11703133324,11703133338,0.0,0.0
11703133324,11703133339,0.0,0.0
11703133324,11703133341,0.012038618,6.027403
11703133324,11703133342,0.0,0.0
11703133324,11703164410,0.0,0.0
11703133325,11703133301,0.0,0.0
11703133325,11703133302,0.0,0.0
11703133325,11703133303,0.62144357,304.20078
11703133325,11703133317,0.2131249,104.326065
11703133325,11703133320,0.0,0.0
11703133325,11703133321,0.0,0.0
11703133325,11703133322,0.0,0.0
11703133325,11703133323,0.0,0.0
11703133325,11703133324,0.0,0.0
11703133325,11703133325,0.0,0.0
11703133325,11703133326,0.0,0.0
11703133325,11703133327,0.0,0.0
11703133325,11703133328,0.0,0.0
11703133325,11703133332,0.0,0.0
11703133325,11703133342,0.16543159,80.979866
11703133325,11703164403,0.0,0.0
11703133325,11703164410,0.0,0.0
11703133325,11703164413,0.0,0.0
11703133325,11703164416,0.0,0.0
11703133325,11703164418,0.0,0.0
11703133326,11703133301,0.0,0.0
11703133326,11703133302,0.0,0.0
11703133326,11703133303,0.08955252,42.52702
11703133326,11703133313,0.0,0.0
11703133326,11703133314,0.0,0.0
11703133326,11703133317,0.0679307,32.25917
11703133326,11703133320,0.0,0.0
11703133326,11703133321,0.0,0.0
11703133326,11703133322,0.0,0.0
11703133326,11703133323,0.0,0.0
11703133326,11703133324,0.0,0.0
11703133326,11703133325,0.0,0.0
11703133326,11703133326,0.0,0.0
11703133326,11703133327,0.0,0.0
11703133326,11703133328,0.0,0.0
11703133326,11703133332,0.6776941,321.82578
11703133326,11703133342,0.16482258,78.27153
11703133326,11703164403,0.0,0.0
11703133326,11703164410,0.0,0.0
11703133326,11703164413,0.0,0.0
11703133326,11703164416,0.0,0.0
11703133326,11703164418,0.0,0.0
11703133327,11703133302,0.0,0.0
11703133327,11703133309,0.0,0.0
11703133327,11703133313,0.12703618,50.294975
11703133327,11703133314,0.4689643,185.66795
11703133327,11703133317,0.0,0.0
11703133327,11703133320,0.0,0.0
11703133327,11703133321,0.0,0.0
11703133327,11703133322,0.0,0.0
11703133327,11703133323,0.0,0.0
11703133327,11703133324,0.40399954,159.94771
11703133327,11703133325,0.0,0.0
11703133327,11703133326,0.0,0.0
11703133327,11703133327,0.0,0.0
11703133327,11703133328,0.0,0.0
11703133327,11703164410,0.0,0.0
11703133327,11703164418,0.0,0.0
11703133328,11703132920,0.0,0.0
11703133328,11703132925,0.0,0.0
11703133328,11703132928,0.0,0.0
11703133328,11703133309,0.0,0.0
11703133328,11703133313,0.15538612,72.57733
11703133328,11703133317,0.0,0.0
11703133328,11703133318,0.0,0.0
11703133328,11703133319,0.0,0.0
11703133328,11703133320,0.0,0.0
11703133328,11703133321,0.0,0.0
11703133328,11703133322,0.0,0.0
11703133328,11703133323,0.0,0.0
11703133328,11703133324,0.20033136,93.57024
11703133328,11703133325,0.1434448,66.99982
11703133328,11703133326,0.0,0.0
11703133328,11703133327,0.0,0.0
11703133328,11703133328,0.047652155,22.257242
11703133328,11703133352,0.1653243,77.21923
11703133328,11703164402,0.0,0.0
11703133328,11703164403,0.0,0.0
11703133328,11703164410,0.28786132,134.45349
11703133328,11703164412,0.0,0.0
11703133328,11703164413,0.0,0.0
11703133328,11703164416,0.0,0.0
11703133328,11703164418,0.0,0.0
11703133328,11703164428,0.0,0.0
11703133329,11703133329,0.0,0.0
11703133329,11703133330,0.0,0.0
11703133329,11703133331,0.02032891,11.539056
11703133329,11703133332,0.0,0.0
11703133329,11703133333,0.0,0.0
11703133329,11703133334,0.0,0.0
11703133329,11703133335,0.3488295,198.00192
11703133329,11703133337,0.4848991,275.2375
11703133329,11703133345,0.0,0.0
11703133329,11703133346,0.14594248,82.839584
11703133329,11703133348,0.0,0.0
11703133329,11703133349,0.0,0.0
11703133329,11703133353,0.0,0.0
11703133329,11801165019,0.0,0.0
11703133330,11703133329,0.0,0.0
11703133330,11703133330,0.1839982,90.71702
11703133330,11703133331,0.17447618,86.022354
11703133330,11703133332,0.0,0.0
11703133330,11703133345,0.084445626,41.634403
11703133330,11703133346,0.3799307,187.31804
11703133330,11703133348,0.17714927,87.34028
11703133330,11703133349,0.0,0.0
11703133331,11703133303,0.14915675,77.96432
11703133331,11703133304,0.28060102,146.67032
11703133331,11703133305,0.0,0.0
11703133331,11703133317,0.0,0.0
11703133331,11703133329,0.0,0.0
11703133331,11703133330,0.0,0.0
11703133331,11703133331,0.022998989,12.0215845
11703133331,11703133332,0.0,0.0
11703133331,11703133342,0.0,0.0
11703133331,11703133343,0.0,0.0
11703133331,11703133344,0.4900759,256.16293
11703133331,11703133345,0.0,0.0
11703133331,11703133346,0.0,0.0
11703133331,11703133348,0.0,0.0
11703133331,11703133349,0.0,0.0
11703133331,11703133350,0.0,0.0
11703133331,11703133353,0.05716729,29.881376
11703133332,11703133301,0.0,0.0
11703133332,11703133302,0.0,0.0
11703133332,11703133303,0.11537531,47.492886
11703133332,11703133305,0.0,0.0
11703133332,11703133315,0.0,0.0
11703133332,11703133317,0.0,0.0
11703133332,11703133324,0.0,0.0
11703133332,11703133325,0.0,0.0
11703133332,11703133326,0.0,0.0
11703133332,11703133329,0.0,0.0
11703133332,11703133330,0.0,0.0
11703133332,11703133331,0.24856448,102.31864
11703133332,11703133332,0.0,0.0
11703133332,11703133338,0.0,0.0
11703133332,11703133339,0.0,0.0
11703133332,11703133340,0.0,0.0
11703133332,11703133341,0.5790708,238.36768
11703133332,11703133342,0.0,0.0
11703133332,11703133343,0.0,0.0
11703133332,11703133344,0.05698937,23.459003
11703133332,11703133345,0.0,0.0
11703133332,11703133348,0.0,0.0
11703133332,11703133349,0.0,0.0
11703133333,11703132901,0.0,0.0
11703133333,11703132912,0.0,0.0
11703133333,11703132913,0.0,0.0
11703133333,11703132914,0.0,0.0
11703133333,11703132923,0.0,0.0
11703133333,11703132926,0.0,0.0
11703133333,11703132927,0.0,0.0
11703133333,11703132928,0.0,0.0
11703133333,11703133329,0.0,0.0
11703133333,11703133333,0.0,0.0
11703133333,11703133334,0.0,0.0
11703133333,11703133335,0.0,0.0
11703133333,11703133336,0.0,0.0
11703133333,11703133337,0.12567395,65.31488
11703133333,11703133346,0.0,0.0
11703133333,11703133348,0.3490458,181.40501
11703133333,11703133349,0.27922618,145.11858
11703133333,11703133351,0.0,0.0
11703133333,11703133352,0.0,0.0
11703133333,11703133353,0.246054,127.878426
11703133333,11801134504,0.0,0.0
11703133333,11801134519,0.0,0.0
11703133333,11801165008,0.0,0.0
11703133333,11801165019,0.0,0.0
11703133334,11703132901,0.0,0.0
11703133334,11703132914,0.0,0.0
11703133334,11703132923,0.0,0.0
11703133334,11703132926,0.0,0.0
11703133334,11703132927,0.0,0.0
11703133334,11703132928,0.0,0.0
11703133334,11703133329,0.15800107,79.025696
11703133334,11703133333,0.0,0.0
11703133334,11703133334,0.0,0.0
11703133334,11703133335,0.0,0.0
11703133334,11703133336,0.0,0.0
11703133334,11703133337,0.0,0.0
11703133334,11703133346,0.0,0.0
11703133334,11703133348,0.367292,183.7045
11703133334,11703133349,0.35923463,179.67453
11703133334,11703133351,0.0,0.0
11703133334,11703133352,0.0,0.0
11703133334,11703133353,0.07146022,35.74149
11703133334,11801134519,0.0,0.0
11703133334,11801165008,0.0,0.0
11703133334,11801165019,0.04401222,22.013119
11703133335,11703132914,0.0,0.0
11703133335,11703132927,0.0,0.0
11703133335,11703133329,0.33470145,142.51668
11703133335,11703133333,0.0,0.0
11703133335,11703133334,0.0,0.0
11703133335,11703133335,0.0,0.0
11703133335,11703133337,0.0,0.0
11703133335,11703133346,0.1675252,71.332634
11703133335,11703133348,0.22759405,96.910095
11703133335,11703133349,0.145152,61.806072
11703133335,11703133353,0.06550524,27.892286
11703133335,11801134519,0.0,0.0
11703133335,11801165008,0.0,0.0
11703133335,11801165019,0.059522063,25.344637
11703133336,11703132901,0.0,0.0
11703133336,11703132914,0.0,0.0
11703133336,11703132923,0.0,0.0
11703133336,11703132926,0.0,0.0
11703133336,11703132927,0.0,0.0
11703133336,11703132928,0.0,0.0
11703133336,11703133304,0.57543856,288.99356
11703133336,11703133307,0.0,0.0
11703133336,11703133309,0.0,0.0
11703133336,11703133310,0.0,0.0
11703133336,11703133311,0.030486166,15.310595
11703133336,11703133333,0.0043503046,2.1847858
11703133336,11703133334,0.0,0.0
11703133336,11703133336,0.0,0.0
11703133336,11703133337,0.0,0.0
11703133336,11703133346,0.0,0.0
11703133336,11703133348,0.3897249,195.7255
11703133336,11703133350,0.0,0.0
11703133336,11703133351,0.0,0.0
11703133336,11703133352,0.0,0.0
11703133336,11703133353,0.0,0.0
11703133337,11703132901,0.0,0.0
11703133337,11703132914,0.0,0.0
11703133337,11703132923,0.0,0.0
11703133337,11703132926,0.0,0.0
11703133337,11703132927,0.0,0.0
11703133337,11703132928,0.0,0.0
11703133337,11703133307,0.0,0.0
11703133337,11703133329,0.14964205,67.719734
11703133337,11703133333,0.0,0.0
11703133337,11703133334,0.0,0.0
11703133337,11703133335,0.0,0.0
11703133337,11703133336,0.0,0.0
11703133337,11703133337,0.0,0.0
11703133337,11703133346,0.52910024,239.44156
11703133337,11703133348,0.0,0.0
11703133337,11703133349,0.0,0.0
11703133337,11703133350,0.0,0.0
11703133337,11703133351,0.0,0.0
11703133337,11703133352,0.0,0.0
11703133337,11703133353,0.0,0.0
11703133337,11801165019,0.32125765,145.38348
11703133338,11703133301,0.0,0.0
11703133338,11703133302,0.0,0.0
11703133338,11703133303,0.340464,176.14565
11703133338,11703133314,0.1472705,76.193245
11703133338,11703133317,0.0,0.0
11703133338,11703133324,0.0,0.0
11703133338,11703133332,0.0,0.0
11703133338,11703133338,0.13296121,68.79006
11703133338,11703133339,0.0,0.0
11703133338,11703133341,0.37930423,196.2404
11703133338,11703133342,0.0,0.0
11703133339,11703133301,0.0,0.0
11703133339,11703133302,0.0,0.0
11703133339,11703133303,0.1240477,87.38043
11703133339,11703133314,0.0,0.0
11703133339,11703133316,0.3241819,228.35698
11703133339,11703133317,0.0,0.0
11703133339,11703133324,0.0,0.0
11703133339,11703133332,0.0,0.0
11703133339,11703133338,0.0,0.0
11703133339,11703133339,0.0,0.0
11703133339,11703133340,0.17049927,120.10138
11703133339,11703133341,0.0043952465,3.0960555
11703133339,11703133342,0.0,0.0
11703133339,11703133344,0.37687594,265.47516
11703133340,11703133302,0.0,0.0
11703133340,11703133304,0.17806022,94.22423
11703133340,11703133308,0.10778038,57.03421
11703133340,11703133313,0.0,0.0
11703133340,11703133314,0.0,0.0
11703133340,11703133315,0.0,0.0
11703133340,11703133316,0.0,0.0
11703133340,11703133332,0.0,0.0
11703133340,11703133339,0.119121596,63.035645
11703133340,11703133340,0.20626287,109.14825
11703133340,11703133341,0.0,0.0
11703133340,11703133342,0.0,0.0
11703133340,11703133343,0.09438746,49.947067
11703133340,11703133344,0.15839975,83.82049
11703133340,11703133345,0.13598768,71.960686
11703133341,11703133301,0.0,0.0
11703133341,11703133302,0.0,0.0
11703133341,11703133303,0.0,0.0
11703133341,11703133308,0.1145162,53.77205
11703133341,11703133313,0.0,0.0
11703133341,11703133314,0.087977976,41.310802
11703133341,11703133315,0.0,0.0
11703133341,11703133316,0.28972086,136.04088
11703133341,11703133317,0.0,0.0
11703133341,11703133324,0.0,0.0
11703133341,11703133332,0.0,0.0
11703133341,11703133338,0.0,0.0
11703133341,11703133339,0.0,0.0
11703133341,11703133340,0.14382878,67.53602
11703133341,11703133341,0.0,0.0
11703133341,11703133342,0.0,0.0
11703133341,11703133343,0.0,0.0
11703133341,11703133344,0.36395618,170.8987
11703133341,11703133345,0.0,0.0
11703133342,11703133301,0.0,0.0
11703133342,11703133302,0.0,0.0
11703133342,11703133303,0.0,0.0
11703133342,11703133314,0.0,0.0
11703133342,11703133315,0.0,0.0
11703133342,11703133316,0.23340344,117.57965
11703133342,11703133317,0.0,0.0
11703133342,11703133324,0.0,0.0
11703133342,11703133325,0.0,0.0
11703133342,11703133326,0.0,0.0
11703133342,11703133331,0.3655328,184.14131
11703133342,11703133332,0.0,0.0
11703133342,11703133338,0.0,0.0
11703133342,11703133339,0.0,0.0
11703133342,11703133340,0.16373253,82.48213
11703133342,11703133341,0.0,0.0
11703133342,11703133342,0.0,0.0
11703133342,11703133343,0.0,0.0
11703133342,11703133344,0.16141683,81.31557
11703133342,11703133345,0.07591444,38.242767
11703133343,11703133304,0.0,0.0
11703133343,11703133305,0.0,0.0
11703133343,11703133307,0.0,0.0
11703133343,11703133308,0.21737789,198.79094
11703133343,11703133311,0.0,0.0
11703133343,11703133315,0.0,0.0
11703133343,11703133316,0.08747141,79.99215
11703133343,11703133331,0.099691436,91.1673
11703133343,11703133332,0.0,0.0
11703133343,11703133340,0.18848951,172.37267
11703133343,11703133341,0.1474093,134.80504
11703133343,11703133342,0.0,0.0
11703133343,11703133343,0.0,0.0
11703133343,11703133344,0.25956038,237.36661
11703133343,11703133345,0.0,0.0
11703133343,11703133346,0.0,0.0
11703133343,11703133348,0.0,0.0
11703133343,11703133349,0.0,0.0
11703133343,11703133350,0.0,0.0
11703133343,11703133353,0.0,0.0
11703133344,11703133302,0.02701126,18.989445
11703133344,11703133303,0.21421753,150.59912
11703133344,11703133304,0.24812673,174.43796
11703133344,11703133305,0.09993313,70.25495
11703133344,11703133308,0.0,0.0
11703133344,11703133314,0.0,0.0
11703133344,11703133315,0.0,0.0
11703133344,11703133316,0.0,0.0
11703133344,11703133317,0.0,0.0
11703133344,11703133331,0.11141859,78.32945
11703133344,11703133332,0.0,0.0
11703133344,11703133339,0.121188626,85.197975
11703133344,11703133340,0.0,0.0
11703133344,11703133341,0.0,0.0
11703133344,11703133342,0.0,0.0
11703133344,11703133343,0.0,0.0
11703133344,11703133344,0.0,0.0
11703133344,11703133345,0.014765486,10.380426
11703133344,11703133348,0.0,0.0
11703133344,11703133349,0.16333865,114.83027
11703133345,11703133303,0.27532917,176.3782
11703133345,11703133304,0.23504946,150.57468
11703133345,11703133305,0.0,0.0
11703133345,11703133315,0.0,0.0
11703133345,11703133317,0.0,0.0
11703133345,11703133329,0.0,0.0
11703133345,11703133330,0.0,0.0
11703133345,11703133331,0.0,0.0
11703133345,11703133332,0.0,0.0
11703133345,11703133340,0.18314035,117.32126
11703133345,11703133341,0.09893724,63.380035
11703133345,11703133342,0.0,0.0
11703133345,11703133343,0.0,0.0
11703133345,11703133344,0.20754373,132.95427
11703133345,11703133345,0.0,0.0
11703133345,11703133346,0.0,0.0
11703133345,11703133348,0.0,0.0
11703133345,11703133349,0.0,0.0
11703133345,11703133350,0.0,0.0
11703133345,11703133353,0.0,0.0
11703133346,11703132914,0.0,0.0
11703133346,11703132927,0.0,0.0
11703133346,11703133304,0.0,0.0
11703133346,11703133305,0.0,0.0
11703133346,11703133329,0.0,0.0
11703133346,11703133330,0.0,0.0
11703133346,11703133331,0.0,0.0
11703133346,11703133333,0.0,0.0
11703133346,11703133334,0.0,0.0
11703133346,11703133335,0.0,0.0
11703133346,11703133336,0.0,0.0
11703133346,11703133337,0.086689234,51.77567
11703133346,11703133343,0.0,0.0
11703133346,11703133345,0.11717215,69.98177
11703133346,11703133346,0.18959096,113.234344
11703133346,11703133348,0.3453077,206.23712
11703133346,11703133349,0.019678175,11.75291
11703133346,11703133350,0.0,0.0
11703133346,11703133353,0.0,0.0
11703133346,11801134519,0.0,0.0
11703133346,11801165008,0.0,0.0
11703133346,11801165019,0.2415618,144.27425
11703133348,11703133304,0.073682696,43.0232
11703133348,11703133305,0.0,0.0
11703133348,11703133307,0.0,0.0
11703133348,11703133308,0.1650612,96.37896
11703133348,11703133311,0.0,0.0
11703133348,11703133315,0.070619345,41.234516
11703133348,11703133329,0.0,0.0
11703133348,11703133330,0.0,0.0
11703133348,11703133331,0.0,0.0
11703133348,11703133332,0.0,0.0
11703133348,11703133333,0.0,0.0
11703133348,11703133334,0.0,0.0
11703133348,11703133335,0.009169579,5.3541017
11703133348,11703133336,0.0,0.0
11703133348,11703133337,0.2689509,157.03998
11703133348,11703133343,0.0,0.0
11703133348,11703133344,0.41251636,240.8676
11703133348,11703133345,0.0,0.0
11703133348,11703133346,0.0,0.0
11703133348,11703133348,0.0,0.0
11703133348,11703133349,0.0,0.0
11703133348,11703133350,0.0,0.0
11703133348,11703133353,0.0,0.0
11703133348,11801165019,0.0,0.0
11703133349,11703133304,0.47961134,254.16492
11703133349,11703133305,0.0,0.0
11703133349,11703133329,0.0,0.0
11703133349,11703133330,0.0,0.0
11703133349,11703133331,0.0,0.0
11703133349,11703133332,0.0,0.0
11703133349,11703133333,0.0,0.0
11703133349,11703133334,0.0,0.0
11703133349,11703133335,0.0,0.0
11703133349,11703133337,0.13833529,73.30931
11703133349,11703133343,0.055658937,29.49586
11703133349,11703133344,0.32639444,172.96925
11703133349,11703133345,0.0,0.0
11703133349,11703133346,0.0,0.0
11703133349,11703133348,0.0,0.0
11703133349,11703133349,0.0,0.0
11703133349,11703133350,0.0,0.0
11703133349,11703133353,0.0,0.0
11703133349,11801165019,0.0,0.0
11703133350,11703132927,0.0,0.0
11703133350,11703133304,0.042104572,28.808947
11703133350,11703133305,0.0,0.0
11703133350,11703133307,0.0,0.0
11703133350,11703133308,0.0,0.0
11703133350,11703133309,0.0,0.0
11703133350,11703133310,0.0,0.0
11703133350,11703133311,0.0,0.0
11703133350,11703133315,0.23979217,164.07149
11703133350,11703133331,0.27491063,188.10037
11703133350,11703133336,0.0,0.0
11703133350,11703133337,0.0,0.0
11703133350,11703133343,0.24319217,166.39784
11703133350,11703133345,0.10037562,68.67938
11703133350,11703133346,0.0,0.0
11703133350,11703133348,0.0,0.0
11703133350,11703133349,0.09962484,68.16568
11703133350,11703133350,0.0,0.0
11703133350,11703133351,0.0,0.0
11703133350,11703133352,0.0,0.0
11703133350,11703133353,0.0,0.0
11703133351,11703132901,0.0,0.0
11703133351,11703132914,0.0,0.0
11703133351,11703132923,0.0,0.0
11703133351,11703132926,0.0,0.0
11703133351,11703132927,0.0,0.0
11703133351,11703132928,0.0,0.0
11703133351,11703133304,0.3612519,872.44604
11703133351,11703133307,0.0,0.0
11703133351,11703133309,0.0,0.0
11703133351,11703133310,0.0,0.0
11703133351,11703133311,0.084532976,204.15247
11703133351,11703133322,0.0,0.0
11703133351,11703133333,0.17129992,413.7001
11703133351,11703133334,0.0,0.0
11703133351,11703133336,0.0,0.0
11703133351,11703133337,0.0,0.0
11703133351,11703133350,0.21549636,520.43726
11703133351,11703133351,0.0,0.0
11703133351,11703133352,0.0,0.0
11703133351,11703133353,0.16741882,404.327
11703133352,11703132901,0.0,0.0
11703133352,11703132914,0.0,0.0
11703133352,11703132921,0.0,0.0
11703133352,11703132923,0.0,0.0
11703133352,11703132924,0.0,0.0
11703133352,11703132925,0.0,0.0
11703133352,11703132926,0.0,0.0
11703133352,11703132927,0.0,0.0
11703133352,11703132928,0.0,0.0
11703133352,11703133304,0.4095276,220.84021
11703133352,11703133307,0.0,0.0
11703133352,11703133309,0.0,0.0
11703133352,11703133310,0.0,0.0
11703133352,11703133311,0.022979558,12.391864
11703133352,11703133313,0.0,0.0
11703133352,11703133321,0.0,0.0
11703133352,11703133322,0.0,0.0
11703133352,11703133323,0.0,0.0
11703133352,11703133328,0.0,0.0
11703133352,11703133333,0.2701618,145.68637
11703133352,11703133334,0.0,0.0
11703133352,11703133336,0.0,0.0
11703133352,11703133337,0.0,0.0
11703133352,11703133350,0.2973311,160.33757
11703133352,11703133351,0.0,0.0
11703133352,11703133352,0.0,0.0
11703133353,11703132927,0.0,0.0
11703133353,11703133304,0.0,0.0
11703133353,11703133305,0.0,0.0
11703133353,11703133307,0.0,0.0
11703133353,11703133329,0.0,0.0
11703133353,11703133331,0.33847025,172.97308
11703133353,11703133333,0.0,0.0
11703133353,11703133334,0.0,0.0
11703133353,11703133335,0.0,0.0
11703133353,11703133336,0.0,0.0
11703133353,11703133337,0.0,0.0
11703133353,11703133343,0.0,0.0
11703133353,11703133345,0.0,0.0
11703133353,11703133346,0.3003693,153.50183
11703133353,11703133348,0.0,0.0
11703133353,11703133349,0.0,0.0
11703133353,11703133350,0.0,0.0
11703133353,11703133351,0.0,0.0
11703133353,11703133353,0.0,0.0
11703133353,11801165019,0.36116043,184.56876
11703133601,11703133601,0.9611754,354.06628
11703133601,11703133607,0.0,0.0
11703133601,11703133608,0.0,0.0
11703133601,11703133610,0.0,0.0
11703133601,11703133616,0.0,0.0
11703133601,11703133617,0.0,0.0
11703133601,11703133622,0.0,0.0
11703133601,11703133623,0.0,0.0
11703133601,11703133633,0.0,0.0
11703133601,11703133635,0.0,0.0
11703133601,11703133637,0.0,0.0
11703133601,11703133638,0.0,0.0
11703133601,11703163901,0.0,0.0
11703133601,11703163902,0.0,0.0
11703133601,11703163907,0.0,0.0
11703133601,11703163908,0.0,0.0
11703133601,11703163915,0.0,0.0
11703133601,11703164201,0.0,0.0
11703133601,11703164205,0.0,0.0
11703133601,11703164208,0.0,0.0
11703133601,11703164210,0.0,0.0
11703133601,11703164218,0.0,0.0
11703133601,11703164224,0.0,0.0
11703133601,11703164226,0.0,0.0
11703133601,11703164227,0.0,0.0
11703133601,11703164228,0.0,0.0
11703133601,11703164505,0.0,0.0
11703133601,11703164507,0.0,0.0
11703133601,11703164512,0.0,0.0
11703133601,11703164516,0.0,0.0
11703133601,11703164517,0.038824618,14.301748
11703133601,11703164518,0.0,0.0
11703133601,11703164519,0.0,0.0
11703133601,11703164521,0.0,0.0
11703133601,11703164525,0.0,0.0
11703133601,11703164531,0.0,0.0
11703133601,11703164534,0.0,0.0
11703133601,11703164536,0.0,0.0
11703133602,11703133602,0.0,0.0
11703133602,11703133603,0.0,0.0
11703133602,11703133605,0.0,0.0
11703133602,11703133606,0.0,0.0
11703133602,11703133607,0.0,0.0
11703133602,11703133609,0.0,0.0
11703133602,11703133610,0.0,0.0
11703133602,11703133611,0.0,0.0
11703133602,11703133613,0.0,0.0
11703133602,11703133614,0.0,0.0
11703133602,11703133615,0.0,0.0
11703133602,11703133624,0.0,0.0
11703133602,11703133625,0.0,0.0
11703133602,11703133626,0.32047406,176.65372
11703133602,11703133628,0.0,0.0
11703133602,11703133629,0.08793399,48.471523
11703133602,11703133630,0.22457719,123.79285
11703133602,11703133631,0.0,0.0
11703133602,11703133632,0.28784594,158.66824
11703133602,11703133634,0.0,0.0
11703133602,11703133635,0.0,0.0
11703133602,11703133636,0.0,0.0
11703133602,11703133637,0.0791688,43.63992
11703133602,11703133638,0.0,0.0
11703133602,11703133639,0.0,0.0
11703133602,11703133641,0.0,0.0
11703133602,11703164216,0.0,0.0
11703133602,11703164221,0.0,0.0
11703133602,11703164223,0.0,0.0
11703133602,11703164229,0.0,0.0
11703133603,11703132904,0.0,0.0
11703133603,11703132905,0.0,0.0
11703133603,11703133602,0.0,0.0
11703133603,11703133603,0.0,0.0
11703133603,11703133605,0.0,0.0
11703133603,11703133609,0.0,0.0
11703133603,11703133610,0.0,0.0
11703133603,11703133611,0.0,0.0
11703133603,11703133612,0.0,0.0
11703133603,11703133613,0.0,0.0
11703133603,11703133614,0.0,0.0
11703133603,11703133615,0.0,0.0
11703133603,11703133616,0.19968987,116.118935
11703133603,11703133618,0.0,0.0
11703133603,11703133622,0.0,0.0
11703133603,11703133623,0.0,0.0
11703133603,11703133624,0.0,0.0
11703133603,11703133625,0.0,0.0
11703133603,11703133628,0.0,0.0
11703133603,11703133630,0.34628797,201.3652
11703133603,11703133631,0.0,0.0
11703133603,11703133632,0.2201785,128.033
11703133603,11703133634,0.0,0.0
11703133603,11703133636,0.0,0.0
11703133603,11703133637,0.23384371,135.97928
11703133603,11703133638,0.0,0.0
11703133603,11703133639,0.0,0.0
11703133603,11703133640,0.0,0.0
11703133603,11703133641,0.0,0.0
11703133603,11703164521,0.0,0.0
11703133605,11703132903,0.0,0.0
11703133605,11703133602,0.0,0.0
11703133605,11703133603,0.0,0.0
11703133605,11703133605,0.0,0.0
11703133605,11703133609,0.0,0.0
11703133605,11703133610,0.0,0.0
11703133605,11703133611,0.0,0.0
11703133605,11703133613,0.0,0.0
11703133605,11703133614,0.0,0.0
11703133605,11703133615,0.0,0.0
11703133605,11703133624,0.0,0.0
11703133605,11703133625,0.0,0.0
11703133605,11703133628,0.0,0.0
11703133605,11703133629,0.04148048,26.777744
11703133605,11703133630,0.4448271,287.15836
11703133605,11703133631,0.0,0.0
11703133605,11703133632,0.51369244,331.6144
11703133605,11703133634,0.0,0.0
11703133605,11703133636,0.0,0.0
11703133605,11703133637,0.0,0.0
11703133605,11703133639,0.0,0.0
11703133605,11703133641,0.0,0.0
11703133605,11801134514,0.0,0.0
11703133605,11801134535,0.0,0.0
11703133606,11703133602,0.0,0.0
11703133606,11703133606,0.49492252,295.0966
11703133606,11703133607,0.29771912,177.51445
11703133606,11703133608,0.0,0.0
11703133606,11703133609,0.1623286,96.78811
11703133606,11703133628,0.0,0.0
11703133606,11703133631,0.0,0.0
11703133606,11703133633,0.0,0.0
11703133606,11703133635,0.0,0.0
11703133606,11703133636,0.0,0.0
11703133606,11703133638,0.0,0.0
11703133606,11703133641,0.0,0.0
11703133606,11703164205,0.0,0.0
11703133606,11703164216,0.0450297,26.848871
11703133606,11703164217,0.0,0.0
11703133606,11703164218,0.0,0.0
11703133606,11703164223,0.0,0.0
11703133606,11703164228,0.0,0.0
11703133606,11703164229,0.0,0.0
11703133607,11703133601,0.0,0.0
11703133607,11703133602,0.0,0.0
11703133607,11703133606,0.28713122,149.53323
11703133607,11703133607,0.41645616,216.88354
11703133607,11703133608,0.0,0.0
11703133607,11703133609,0.15149939,78.8984
11703133607,11703133623,0.0,0.0
11703133607,11703133633,0.14491326,75.46845
11703133607,11703133635,0.0,0.0
11703133607,11703133636,0.0,0.0
11703133607,11703133638,0.0,0.0
11703133607,11703133641,0.0,0.0
11703133607,11703164205,0.0,0.0
11703133607,11703164216,0.0,0.0
11703133607,11703164217,0.0,0.0
11703133607,11703164218,0.0,0.0
11703133607,11703164227,0.0,0.0
11703133607,11703164228,0.0,0.0
11703133608,11703133601,0.0,0.0
11703133608,11703133606,0.0,0.0
11703133608,11703133607,0.3307346,170.23712
11703133608,11703133608,0.557226,286.81772
11703133608,11703133609,0.0,0.0
11703133608,11703133623,0.0,0.0
11703133608,11703133633,0.11203942,57.669403
11703133608,11703133635,0.0,0.0
11703133608,11703133638,0.0,0.0
11703133608,11703163901,0.0,0.0
11703133608,11703164201,0.0,0.0
11703133608,11703164205,0.0,0.0
11703133608,11703164216,0.0,0.0
11703133608,11703164217,0.0,0.0
11703133608,11703164218,0.0,0.0
11703133608,11703164224,0.0,0.0
11703133608,11703164226,0.0,0.0
11703133608,11703164227,0.0,0.0
11703133608,11703164228,0.0,0.0
11703133608,11703164521,0.0,0.0
11703133609,11703133602,0.0,0.0
11703133609,11703133603,0.0,0.0
11703133609,11703133605,0.0,0.0
11703133609,11703133606,0.030429065,21.522009
11703133609,11703133607,0.30697054,217.11554
11703133609,11703133608,0.0,0.0
11703133609,11703133609,0.66260046,468.6471
11703133609,11703133623,0.0,0.0
11703133609,11703133624,0.0,0.0
11703133609,11703133628,0.0,0.0
11703133609,11703133631,0.0,0.0
11703133609,11703133633,0.0,0.0
11703133609,11703133635,0.0,0.0
11703133609,11703133636,0.0,0.0
11703133609,11703133637,0.0,0.0
11703133609,11703133638,0.0,0.0
11703133609,11703133639,0.0,0.0
11703133609,11703133641,0.0,0.0
11703133609,11703164216,0.0,0.0
11703133609,11703164223,0.0,0.0
11703133609,11703164228,0.0,0.0
11703133609,11703164229,0.0,0.0
11703133610,11703133601,0.0,0.0
11703133610,11703133602,0.0,0.0
11703133610,11703133603,0.0,0.0
11703133610,11703133605,0.0,0.0
11703133610,11703133610,0.30902094,514.6512
11703133610,11703133613,0.0,0.0
11703133610,11703133614,0.0,0.0
11703133610,11703133615,0.0,0.0
11703133610,11703133616,0.5473961,911.64716
11703133610,11703133617,0.0,0.0
11703133610,11703133618,0.0,0.0
11703133610,11703133622,0.0,0.0
11703133610,11703133623,0.0,0.0
11703133610,11703133624,0.0,0.0
11703133610,11703133633,0.0,0.0
11703133610,11703133635,0.0,0.0
11703133610,11703133637,0.143583,239.12671
11703133610,11703133638,0.0,0.0
11703133610,11703133639,0.0,0.0
11703133610,11703133641,0.0,0.0
11703133610,11703163901,0.0,0.0
11703133610,11703163915,0.0,0.0
11703133610,11703164505,0.0,0.0
11703133610,11703164507,0.0,0.0
11703133610,11703164512,0.0,0.0
11703133610,11703164516,0.0,0.0
11703133610,11703164517,0.0,0.0
11703133610,11703164518,0.0,0.0
11703133610,11703164519,0.0,0.0
11703133610,11703164521,0.0,0.0
11703133610,11703164525,0.0,0.0
11703133610,11703164531,0.0,0.0
11703133610,11703164534,0.0,0.0
11703133610,11703164536,0.0,0.0
11703133611,11703132902,0.0,0.0
11703133611,11703132903,0.0,0.0
11703133611,11703132904,0.0,0.0
11703133611,11703132905,0.0,0.0
11703133611,11703132906,0.061569393,29.418692
11703133611,11703132908,0.0,0.0
11703133611,11703132909,0.0,0.0
11703133611,11703133602,0.0,0.0
11703133611,11703133603,0.0,0.0
11703133611,11703133605,0.0,0.0
11703133611,11703133611,0.62631434,299.2615
11703133611,11703133612,0.027658522,13.215617
11703133611,11703133613,0.0,0.0
11703133611,11703133614,0.0,0.0
11703133611,11703133624,0.0011828542,0.56518376
11703133611,11703133625,0.26202336,125.19832
11703133611,11703133634,0.0,0.0
11703133611,11801134501,0.0,0.0
11703133611,11801134514,0.0,0.0
11703133611,11801134535,0.021251738,10.154368
11703133611,11801134536,0.0,0.0
11703133612,11703132902,0.0,0.0
11703133612,11703132903,0.0,0.0
11703133612,11703132904,0.0,0.0
11703133612,11703132905,0.0,0.0
11703133612,11703132908,0.0,0.0
11703133612,11703132909,0.0,0.0
11703133612,11703133603,0.0,0.0
11703133612,11703133611,0.1413979,72.81197
11703133612,11703133612,0.85860217,442.1319
11703133612,11703133613,0.0,0.0
11703133612,11703133614,0.0,0.0
11703133612,11703133615,0.0,0.0
11703133612,11703133618,0.0,0.0
11703133612,11703133622,0.0,0.0
11703133612,11703133624,0.0,0.0
11703133612,11703133625,0.0,0.0
11703133612,11703133640,0.0,0.0
11703133613,11703132903,0.0,0.0
11703133613,11703132904,0.0,0.0
11703133613,11703132905,0.0,0.0
11703133613,11703133602,0.0,0.0
11703133613,11703133603,0.0,0.0
11703133613,11703133605,0.0,0.0
11703133613,11703133610,0.0,0.0
11703133613,11703133611,0.050406367,32.027
11703133613,11703133612,0.44777784,284.50732
11703133613,11703133613,0.3070332,195.08156
11703133613,11703133614,0.0,0.0
11703133613,11703133615,0.0,0.0
11703133613,11703133618,0.0,0.0
11703133613,11703133622,0.0,0.0
11703133613,11703133624,0.0,0.0
11703133613,11703133625,0.19314376,122.718925
11703133613,11703133634,0.0,0.0
11703133613,11703133637,0.0,0.0
11703133613,11703133639,0.0,0.0
11703133613,11703133640,0.0,0.0
11703133613,11801134514,0.0,0.0
11703133613,11801134535,0.0016387999,1.0412543
11703133614,11703132902,0.0,0.0
11703133614,11703132903,0.0,0.0
11703133614,11703132904,0.0,0.0
11703133614,11703132905,0.0,0.0
11703133614,11703132908,0.0,0.0
11703133614,11703132909,0.0,0.0
11703133614,11703132915,0.0,0.0
11703133614,11703133602,0.0,0.0
11703133614,11703133603,0.010610431,5.887346
11703133614,11703133605,0.0,0.0
11703133614,11703133610,0.0,0.0
11703133614,11703133611,0.0,0.0
11703133614,11703133612,0.0,0.0
11703133614,11703133613,0.0,0.0
11703133614,11703133614,0.3017068,167.40622
11703133614,11703133615,0.0,0.0
11703133614,11703133616,0.29911488,165.96806
11703133614,11703133617,0.1926806,106.911514
11703133614,11703133618,0.0,0.0
11703133614,11703133619,0.0,0.0
11703133614,11703133620,0.0,0.0
11703133614,11703133622,0.0,0.0
11703133614,11703133624,0.113784075,63.13468
11703133614,11703133625,0.0,0.0
11703133614,11703133634,0.0,0.0
11703133614,11703133637,0.08210328,45.556152
11703133614,11703133639,0.0,0.0
11703133614,11703133640,0.0,0.0
11703133614,11703133642,0.0,0.0
11703133614,11703164402,0.0,0.0
11703133614,11703164521,0.0,0.0
11703133614,11703164528,0.0,0.0
11703133614,11703164534,0.0,0.0
11703133615,11703132904,0.0,0.0
11703133615,11703132905,0.0,0.0
11703133615,11703133602,0.0,0.0
11703133615,11703133603,0.0,0.0
11703133615,11703133605,0.0,0.0
11703133615,11703133610,0.0,0.0
11703133615,11703133612,0.0,0.0
11703133615,11703133613,0.0,0.0
11703133615,11703133614,0.0,0.0
11703133615,11703133615,0.22757697,115.519424
11703133615,11703133616,0.772423,392.08652
11703133615,11703133617,0.0,0.0
11703133615,11703133618,0.0,0.0
11703133615,11703133622,0.0,0.0
11703133615,11703133623,0.0,0.0
11703133615,11703133624,0.0,0.0
11703133615,11703133637,0.0,0.0
11703133615,11703133639,0.0,0.0
11703133615,11703133640,0.0,0.0
11703133615,11703164521,0.0,0.0
11703133616,11703133601,0.0,0.0
11703133616,11703133603,0.0,0.0
11703133616,11703133610,0.0,0.0
11703133616,11703133614,0.0,0.0
11703133616,11703133615,0.0,0.0
11703133616,11703133616,0.8743557,916.0304
11703133616,11703133617,0.12564433,131.63295
11703133616,11703133618,0.0,0.0
11703133616,11703133622,0.0,0.0
11703133616,11703133623,0.0,0.0
11703133616,11703133637,0.0,0.0
11703133616,11703133639,0.0,0.0
11703133616,11703163901,0.0,0.0
11703133616,11703163915,0.0,0.0
11703133616,11703164505,0.0,0.0
11703133616,11703164507,0.0,0.0
11703133616,11703164512,0.0,0.0
11703133616,11703164516,0.0,0.0
11703133616,11703164517,0.0,0.0
11703133616,11703164518,0.0,0.0
11703133616,11703164519,0.0,0.0
11703133616,11703164521,0.0,0.0
11703133616,11703164525,0.0,0.0
11703133616,11703164531,0.0,0.0
11703133616,11703164534,0.0,0.0
11703133616,11703164536,0.0,0.0
11703133617,11703132905,0.0,0.0
11703133617,11703132909,0.0,0.0
11703133617,11703132915,0.0,0.0
11703133617,11703133601,0.0,0.0
11703133617,11703133610,0.0,0.0
11703133617,11703133614,0.0,0.0
11703133617,11703133615,0.0,0.0
11703133617,11703133616,0.47292084,946.4181
11703133617,11703133617,0.52707916,1054.8008
11703133617,11703133618,0.0,0.0
11703133617,11703133619,0.0,0.0
11703133617,11703133620,0.0,0.0
11703133617,11703133622,0.0,0.0
11703133617,11703133623,0.0,0.0
11703133617,11703133637,0.0,0.0
11703133617,11703133640,0.0,0.0
11703133617,11703163901,0.0,0.0
11703133617,11703163915,0.0,0.0
11703133617,11703164402,0.0,0.0
11703133617,11703164505,0.0,0.0
11703133617,11703164507,0.0,0.0
11703133617,11703164512,0.0,0.0
11703133617,11703164516,0.0,0.0
11703133617,11703164517,0.0,0.0
11703133617,11703164518,0.0,0.0
11703133617,11703164519,0.0,0.0
11703133617,11703164521,0.0,0.0
11703133617,11703164525,0.0,0.0
11703133617,11703164528,0.0,0.0
11703133617,11703164531,0.0,0.0
11703133617,11703164534,0.0,0.0
11703133617,11703164536,0.0,0.0
11703133618,11703132904,0.0,0.0
11703133618,11703132905,0.0,0.0
11703133618,11703132909,0.0,0.0
11703133618,11703132915,0.0,0.0
11703133618,11703133603,0.0,0.0
11703133618,11703133610,0.0,0.0
11703133618,11703133612,0.0,0.0
11703133618,11703133613,0.0,0.0
11703133618,11703133614,0.0,0.0
11703133618,11703133615,0.0,0.0
11703133618,11703133616,0.69943666,689.896
11703133618,11703133617,0.16071826,158.52599
11703133618,11703133618,0.13984495,137.9374
11703133618,11703133619,0.0,0.0
11703133618,11703133620,0.0,0.0
11703133618,11703133622,0.0,0.0
11703133618,11703133624,0.0,0.0
11703133618,11703133640,0.0,0.0
11703133618,11703164402,0.0,0.0
11703133618,11703164521,0.0,0.0
11703133618,11703164528,0.0,0.0
11703133618,11703164534,0.0,0.0
11703133619,11703132904,0.0,0.0
11703133619,11703132905,0.0,0.0
11703133619,11703132908,0.0,0.0
11703133619,11703132909,0.0,0.0
11703133619,11703132910,0.0,0.0
11703133619,11703132915,0.0,0.0
11703133619,11703132917,0.040275753,103.03274
11703133619,11703132919,0.0,0.0
11703133619,11703133614,0.0,0.0
11703133619,11703133617,0.0,0.0
11703133619,11703133618,0.0,0.0
11703133619,11703133619,0.087794244,224.59373
11703133619,11703133620,0.30034417,768.3353
11703133619,11703133622,0.0,0.0
11703133619,11703133640,0.0,0.0
11703133619,11703133642,0.57158583,1462.2211
11703133619,11703164402,0.0,0.0
11703133619,11703164521,0.0,0.0
11703133619,11703164528,0.0,0.0
11703133619,11703164534,0.0,0.0
11703133620,11703132905,0.0,0.0
11703133620,11703132909,0.0,0.0
11703133620,11703132915,0.0,0.0
11703133620,11703133614,0.0,0.0
11703133620,11703133617,0.0,0.0
11703133620,11703133618,0.0,0.0
11703133620,11703133619,0.21766105,136.96808
11703133620,11703133620,0.3498806,220.17018
11703133620,11703133622,0.0,0.0
11703133620,11703133640,0.0,0.0
11703133620,11703133642,0.4324583,272.13406
11703133620,11703164402,0.0,0.0
11703133620,11703164521,0.0,0.0
11703133620,11703164528,0.0,0.0
11703133620,11703164534,0.0,0.0
11703133622,11703132904,0.0,0.0
11703133622,11703132905,0.0,0.0
11703133622,11703132908,0.0,0.0
11703133622,11703132909,0.0,0.0
11703133622,11703132910,0.0,0.0
11703133622,11703132915,0.0,0.0
11703133622,11703132916,0.0,0.0
11703133622,11703132917,0.0,0.0
11703133622,11703132918,0.0,0.0
11703133622,11703132919,0.0,0.0
11703133622,11703133318,0.0,0.0
11703133622,11703133601,0.0,0.0
11703133622,11703133603,0.0,0.0
11703133622,11703133610,0.0,0.0
11703133622,11703133612,0.0,0.0
11703133622,11703133613,0.0,0.0
11703133622,11703133614,0.0,0.0
11703133622,11703133615,0.0,0.0
11703133622,11703133616,0.03170389,197.70796
11703133622,11703133617,0.51168305,3190.896
11703133622,11703133618,0.0,0.0
11703133622,11703133619,0.0,0.0
11703133622,11703133620,0.0,0.0
11703133622,11703133622,0.0,0.0
11703133622,11703133623,0.0,0.0
11703133622,11703133624,0.0,0.0
11703133622,11703133637,0.0,0.0
11703133622,11703133640,0.0,0.0
11703133622,11703133642,0.0,0.0
11703133622,11703163901,0.0,0.0
11703133622,11703163915,0.0,0.0
11703133622,11703164402,0.0,0.0
11703133622,11703164414,0.0,0.0
11703133622,11703164418,0.0,0.0
11703133622,11703164428,0.0,0.0
11703133622,11703164502,0.0,0.0
11703133622,11703164505,0.0,0.0
11703133622,11703164507,0.0,0.0
11703133622,11703164509,0.0,0.0
11703133622,11703164512,0.0,0.0
11703133622,11703164516,0.0,0.0
11703133622,11703164517,0.0,0.0
11703133622,11703164518,0.0,0.0
11703133622,11703164519,0.10104269,630.11017
11703133622,11703164521,0.0,0.0
11703133622,11703164525,0.0,0.0
11703133622,11703164528,0.0,0.0
11703133622,11703164531,0.0,0.0
11703133622,11703164534,0.35557044,2217.3655
11703133622,11703164536,0.0,0.0
11703133623,11703133601,0.0,0.0
11703133623,11703133603,0.0,0.0
11703133623,11703133607,0.0,0.0
11703133623,11703133608,0.0,0.0
11703133623,11703133609,0.0,0.0
11703133623,11703133610,0.44253927,1895.8717
11703133623,11703133615,0.0,0.0
11703133623,11703133616,0.0399521,171.15782
11703133623,11703133617,0.0,0.0
11703133623,11703133622,0.0,0.0
11703133623,11703133623,0.023514152,100.736404
11703133623,11703133633,0.0,0.0
11703133623,11703133635,0.0,0.0
11703133623,11703133637,0.49399453,2116.31
11703133623,11703133638,0.0,0.0
11703133623,11703133639,0.0,0.0
11703133623,11703133641,0.0,0.0
11703133623,11703163901,0.0,0.0
11703133623,11703163915,0.0,0.0
11703133623,11703164218,0.0,0.0
11703133623,11703164224,0.0,0.0
11703133623,11703164226,0.0,0.0
11703133623,11703164227,0.0,0.0
11703133623,11703164505,0.0,0.0
11703133623,11703164507,0.0,0.0
11703133623,11703164512,0.0,0.0
11703133623,11703164516,0.0,0.0
11703133623,11703164517,0.0,0.0
11703133623,11703164518,0.0,0.0
11703133623,11703164519,0.0,0.0
11703133623,11703164521,0.0,0.0
11703133623,11703164525,0.0,0.0
11703133623,11703164531,0.0,0.0
11703133623,11703164534,0.0,0.0
11703133623,11703164536,0.0,0.0
11703133624,11703132903,0.0,0.0
11703133624,11703132904,0.0,0.0
11703133624,11703132905,0.0,0.0
11703133624,11703133602,0.0,0.0
11703133624,11703133603,0.0,0.0
11703133624,11703133605,0.0,0.0
11703133624,11703133609,0.0,0.0
11703133624,11703133610,0.0,0.0
11703133624,11703133611,0.0,0.0
11703133624,11703133612,0.0,0.0
11703133624,11703133613,0.0,0.0
11703133624,11703133614,0.07005814,31.111496
11703133624,11703133615,0.0,0.0
11703133624,11703133618,0.0,0.0
11703133624,11703133622,0.0,0.0
11703133624,11703133624,0.36922717,163.96681
11703133624,11703133625,0.20461851,90.86722
11703133624,11703133628,0.0,0.0
11703133624,11703133630,0.07841414,34.82224
11703133624,11703133631,0.0,0.0
11703133624,11703133632,0.0,0.0
11703133624,11703133634,0.2776821,123.31338
11703133624,11703133636,0.0,0.0
11703133624,11703133637,0.0,0.0
11703133624,11703133639,0.0,0.0
11703133624,11703133640,0.0,0.0
11703133624,11703133641,0.0,0.0
11703133624,11801134514,0.0,0.0
11703133624,11801134535,0.0,0.0
11703133625,11703132902,0.0,0.0
11703133625,11703132903,0.0,0.0
11703133625,11703132904,0.0,0.0
11703133625,11703132906,0.0,0.0
11703133625,11703132908,0.0,0.0
11703133625,11703133602,0.0,0.0
11703133625,11703133603,0.0,0.0
11703133625,11703133605,0.0,0.0
11703133625,11703133611,0.0,0.0
11703133625,11703133612,0.0,0.0
11703133625,11703133613,0.0,0.0
11703133625,11703133614,0.0,0.0
11703133625,11703133624,0.0,0.0
11703133625,11703133625,0.24394014,151.2268
11703133625,11703133626,0.31340405,194.28986
11703133625,11703133629,0.02886948,17.897175
11703133625,11703133630,0.18612042,115.38239
11703133625,11703133631,0.0,0.0
11703133625,11703133632,0.16310439,101.11397
11703133625,11703133634,0.0,0.0
11703133625,11703164219,0.0,0.0
11703133625,11703164220,0.0,0.0
11703133625,11703164221,0.0,0.0
11703133625,11703164222,0.0,0.0
11703133625,11703164725,0.0,0.0
11703133625,11703164726,0.0,0.0
11703133625,11703164731,0.0,0.0
11703133625,11801134501,0.0,0.0
11703133625,11801134514,0.0,0.0
11703133625,11801134515,0.0,0.0
11703133625,11801134522,0.0,0.0
11703133625,11801134532,0.0,0.0
11703133625,11801134535,0.064561516,40.023884
11703133625,11801134536,0.0,0.0
11703133626,11703133602,0.0,0.0
11703133626,11703133625,0.0,0.0
11703133626,11703133626,0.446767,223.91328
11703133626,11703133628,0.0,0.0
11703133626,11703133629,0.0,0.0
11703133626,11703133630,0.06589523,33.025753
11703133626,11703133631,0.0,0.0
11703133626,11703133632,0.11617181,58.223663
11703133626,11703133634,0.0,0.0
11703133626,11703133636,0.0,0.0
11703133626,11703164202,0.0,0.0
11703133626,11703164215,0.0,0.0
11703133626,11703164219,0.07135579,35.76251
11703133626,11703164220,0.0030435324,1.5253752
11703133626,11703164221,0.1435425,71.94147
11703133626,11703164222,0.11606702,58.171146
11703133626,11703164223,0.0,0.0
11703133626,11703164229,0.0,0.0
11703133626,11703164725,0.0,0.0
11703133626,11703164726,0.03715712,18.622622
11703133626,11703164728,0.0,0.0
11703133626,11703164731,0.0,0.0
11703133626,11801134514,0.0,0.0
11703133626,11801134515,0.0,0.0
11703133626,11801134532,0.0,0.0
11703133626,11801134535,0.0,0.0
11703133626,11802156405,0.0,0.0
11703133626,11802156412,0.0,0.0
11703133626,11802156416,0.0,0.0
11703133626,11802156424,0.0,0.0
11703133628,11703133602,0.0,0.0
11703133628,11703133603,0.0,0.0
11703133628,11703133605,0.0,0.0
11703133628,11703133606,0.0,0.0
11703133628,11703133609,0.0,0.0
11703133628,11703133624,0.0,0.0
11703133628,11703133626,0.23536037,145.22386
11703133628,11703133628,0.25567117,157.75618
11703133628,11703133629,0.014705613,9.07377
11703133628,11703133630,0.2129326,131.3853
11703133628,11703133631,0.0,0.0
11703133628,11703133636,0.0,0.0
11703133628,11703133639,0.0,0.0
11703133628,11703133641,0.0,0.0
11703133628,11703164202,0.0,0.0
11703133628,11703164215,0.0,0.0
11703133628,11703164216,0.0,0.0
11703133628,11703164220,0.16215524,100.05427
11703133628,11703164221,0.11917496,73.53424
11703133628,11703164223,0.0,0.0
11703133628,11703164229,0.0,0.0
11703133628,11801134514,0.0,0.0
11703133629,11703133602,0.0,0.0
11703133629,11703133605,0.0,0.0
11703133629,11703133625,0.0,0.0
11703133629,11703133626,0.5004316,213.96054
11703133629,11703133628,0.0,0.0
11703133629,11703133629,0.10610926,45.36723
11703133629,11703133630,0.39345914,168.22426
11703133629,11703133631,0.0,0.0
11703133629,11703133632,0.0,0.0
11703133629,11703133634,0.0,0.0
11703133629,11703133636,0.0,0.0
11703133629,11703164219,0.0,0.0
11703133629,11703164220,0.0,0.0
11703133629,11703164221,0.0,0.0
11703133629,11703164222,0.0,0.0
11703133629,11703164223,0.0,0.0
11703133629,11703164725,0.0,0.0
11703133629,11703164726,0.0,0.0
11703133629,11703164728,0.0,0.0
11703133629,11703164731,0.0,0.0
11703133629,11801134514,0.0,0.0
11703133629,11801134515,0.0,0.0
11703133629,11801134532,0.0,0.0
11703133629,11801134535,0.0,0.0
11703133629,11802156405,0.0,0.0
11703133629,11802156412,0.0,0.0
11703133629,11802156416,0.0,0.0
11703133629,11802156424,0.0,0.0
11703133630,11703133602,0.0,0.0
11703133630,11703133603,0.0,0.0
11703133630,11703133605,0.0,0.0
11703133630,11703133624,0.0,0.0
11703133630,11703133625,0.0,0.0
11703133630,11703133626,0.002432108,1.2531489
11703133630,11703133628,0.0,0.0
11703133630,11703133629,0.0,0.0
11703133630,11703133630,0.62598383,322.53955
11703133630,11703133631,0.0,0.0
11703133630,11703133632,0.30440402,156.84483
11703133630,11703133634,0.0,0.0
11703133630,11703133636,0.0,0.0
11703133630,11703164219,0.0,0.0
11703133630,11703164220,0.06718004,34.614662
11703133630,11703164221,0.0,0.0
11703133630,11703164222,0.0,0.0
11703133630,11703164725,0.0,0.0
11703133630,11703164726,0.0,0.0
11703133630,11703164728,0.0,0.0
11703133630,11703164731,0.0,0.0
11703133630,11801134514,0.0,0.0
11703133630,11801134515,0.0,0.0
11703133630,11801134532,0.0,0.0
11703133630,11801134535,0.0,0.0
11703133630,11802156405,0.0,0.0
11703133630,11802156412,0.0,0.0
11703133630,11802156424,0.0,0.0
11703133631,11703133602,0.0,0.0
11703133631,11703133603,0.0,0.0
11703133631,11703133605,0.0,0.0
11703133631,11703133606,0.0,0.0
11703133631,11703133609,0.0,0.0
11703133631,11703133624,0.0,0.0
11703133631,11703133625,0.0,0.0
11703133631,11703133626,0.0,0.0
11703133631,11703133628,0.0,0.0
11703133631,11703133629,0.1547822,76.8622
11703133631,11703133630,0.46328202,230.05794
11703133631,11703133631,0.28777322,142.90326
11703133631,11703133632,0.09273434,46.05029
11703133631,11703133634,0.0,0.0
11703133631,11703133636,0.0014283359,0.7092872
11703133631,11703133639,0.0,0.0
11703133631,11703133641,0.0,0.0
11703133631,11703164216,0.0,0.0
11703133631,11703164221,0.0,0.0
11703133631,11703164223,0.0,0.0
11703133631,11703164229,0.0,0.0
11703133631,11801134514,0.0,0.0
11703133632,11703133602,0.0,0.0
11703133632,11703133603,0.0,0.0
11703133632,11703133605,0.0,0.0
11703133632,11703133624,0.0,0.0
11703133632,11703133625,0.0,0.0
11703133632,11703133626,0.050128043,24.790861
11703133632,11703133629,0.030629456,15.14782
11703133632,11703133630,0.20867604,103.20089
11703133632,11703133631,0.0,0.0
11703133632,11703133632,0.69653505,344.47192
11703133632,11703133634,0.0,0.0
11703133632,11703164219,0.0,0.0
11703133632,11703164220,0.014031351,6.939215
11703133632,11703164221,0.0,0.0
11703133632,11703164222,0.0,0.0
11703133632,11703164725,0.0,0.0
11703133632,11703164726,0.0,0.0
11703133632,11703164728,0.0,0.0
11703133632,11703164731,0.0,0.0
11703133632,11801134514,0.0,0.0
11703133632,11801134515,0.0,0.0
11703133632,11801134532,0.0,0.0
11703133632,11801134535,0.0,0.0
11703133632,11802156405,0.0,0.0
11703133632,11802156412,0.0,0.0
11703133632,11802156424,0.0,0.0
11703133633,11703133601,0.0,0.0
11703133633,11703133606,0.0,0.0
11703133633,11703133607,0.4857742,263.73074
11703133633,11703133608,0.0,0.0
11703133633,11703133609,0.0,0.0
11703133633,11703133610,0.0,0.0
11703133633,11703133623,0.0,0.0
11703133633,11703133633,0.51422584,279.17737
11703133633,11703133635,0.0,0.0
11703133633,11703133637,0.0,0.0
11703133633,11703133638,0.0,0.0
11703133633,11703163901,0.0,0.0
11703133633,11703164218,0.0,0.0
11703133633,11703164224,0.0,0.0
11703133633,11703164226,0.0,0.0
11703133633,11703164227,0.0,0.0
11703133633,11703164228,0.0,0.0
11703133633,11703164521,0.0,0.0
11703133634,11703132903,0.0,0.0
11703133634,11703133602,0.0,0.0
11703133634,11703133603,0.0,0.0
11703133634,11703133605,0.0,0.0
11703133634,11703133611,0.0,0.0
11703133634,11703133613,0.0,0.0
11703133634,11703133614,0.0,0.0
11703133634,11703133624,0.0,0.0
11703133634,11703133625,0.0,0.0
11703133634,11703133626,0.2698582,159.91576
11703133634,11703133629,0.0118175745,7.002998
11703133634,11703133630,0.045844913,27.167318
11703133634,11703133631,0.0,0.0
11703133634,11703133632,0.32428,192.16566
11703133634,11703133634,0.34819922,206.34
11703133634,11703164219,0.0,0.0
11703133634,11703164220,0.0,0.0
11703133634,11703164221,0.0,0.0
11703133634,11703164222,0.0,0.0
11703133634,11703164725,0.0,0.0
11703133634,11703164726,0.0,0.0
11703133634,11703164728,0.0,0.0
11703133634,11703164731,0.0,0.0
11703133634,11801134514,0.0,0.0
11703133634,11801134515,0.0,0.0
11703133634,11801134532,0.0,0.0
11703133634,11801134535,0.0,0.0
11703133635,11703133601,0.0,0.0
11703133635,11703133602,0.0,0.0
11703133635,11703133606,0.0,0.0
11703133635,11703133607,0.35977024,538.0898
11703133635,11703133608,0.019447207,29.086185
11703133635,11703133609,0.3092761,462.56833
11703133635,11703133610,0.0,0.0
11703133635,11703133623,0.0,0.0
11703133635,11703133633,0.12630957,188.91472
11703133635,11703133635,0.18519694,276.9895
11703133635,11703133636,0.0,0.0
11703133635,11703133637,0.0,0.0
11703133635,11703133638,0.0,0.0
11703133635,11703133639,0.0,0.0
11703133635,11703133641,0.0,0.0
11703133635,11703164218,0.0,0.0
11703133635,11703164227,0.0,0.0
11703133635,11703164228,0.0,0.0
11703133635,11703164521,0.0,0.0
11703133636,11703133602,0.0,0.0
11703133636,11703133603,0.0,0.0
11703133636,11703133605,0.0,0.0
11703133636,11703133606,0.0,0.0
11703133636,11703133607,0.0,0.0
11703133636,11703133609,0.0,0.0
11703133636,11703133624,0.0,0.0
11703133636,11703133626,0.26451957,153.47899
11703133636,11703133628,0.0,0.0
11703133636,11703133629,0.099052414,57.471985
11703133636,11703133630,0.3073749,178.34442
11703133636,11703133631,0.0,0.0
11703133636,11703133635,0.0,0.0
11703133636,11703133636,0.0,0.0
11703133636,11703133638,0.0,0.0
11703133636,11703133639,0.0,0.0
11703133636,11703133641,0.0,0.0
11703133636,11703164202,0.0,0.0
11703133636,11703164215,0.0,0.0
11703133636,11703164216,0.0,0.0
11703133636,11703164217,0.0,0.0
11703133636,11703164220,0.32905313,190.92252
11703133636,11703164221,0.0,0.0
11703133636,11703164223,0.0,0.0
11703133636,11703164228,0.0,0.0
11703133636,11703164229,0.0,0.0
11703133636,11703164232,0.0,0.0
11703133637,11703133601,0.0,0.0
11703133637,11703133602,0.0,0.0
11703133637,11703133603,0.0,0.0
11703133637,11703133605,0.0,0.0
11703133637,11703133609,0.0,0.0
11703133637,11703133610,0.32492158,437.7499
11703133637,11703133613,0.0,0.0
11703133637,11703133614,0.0,0.0
11703133637,11703133615,0.0,0.0
11703133637,11703133616,0.059976727,80.80352
11703133637,11703133617,0.117521614,158.33075
11703133637,11703133622,0.0,0.0
11703133637,11703133623,0.0,0.0
11703133637,11703133624,0.0,0.0
11703133637,11703133633,0.0,0.0
11703133637,11703133635,0.0,0.0
11703133637,11703133637,0.49758008,670.3637
11703133637,11703133638,0.0,0.0
11703133637,11703133639,0.0,0.0
11703133637,11703133641,0.0,0.0
11703133637,11703163901,0.0,0.0
11703133637,11703163915,0.0,0.0
11703133637,11703164505,0.0,0.0
11703133637,11703164507,0.0,0.0
11703133637,11703164512,0.0,0.0
11703133637,11703164516,0.0,0.0
11703133637,11703164517,0.0,0.0
11703133637,11703164518,0.0,0.0
11703133637,11703164519,0.0,0.0
11703133637,11703164521,0.0,0.0
11703133637,11703164525,0.0,0.0
11703133637,11703164531,0.0,0.0
11703133637,11703164534,0.0,0.0
11703133637,11703164536,0.0,0.0
11703133638,11703133601,0.0,0.0
11703133638,11703133602,0.0,0.0
11703133638,11703133603,0.0,0.0
11703133638,11703133606,0.0,0.0
11703133638,11703133607,0.0,0.0
11703133638,11703133608,0.0,0.0
11703133638,11703133609,0.4499883,971.32007
11703133638,11703133610,0.0,0.0
11703133638,11703133623,0.0,0.0
11703133638,11703133633,0.0,0.0
11703133638,11703133635,0.0,0.0
11703133638,11703133636,0.0,0.0
11703133638,11703133637,0.0,0.0
11703133638,11703133638,0.2610829,563.5592
11703133638,11703133639,0.15855855,342.2558
11703133638,11703133641,0.13037026,281.4101
11703133638,11703164521,0.0,0.0
11703133639,11703133602,0.0,0.0
11703133639,11703133603,0.0,0.0
11703133639,11703133605,0.0,0.0
11703133639,11703133609,0.0,0.0
11703133639,11703133610,0.0,0.0
11703133639,11703133613,0.0,0.0
11703133639,11703133614,0.0,0.0
11703133639,11703133615,0.0,0.0
11703133639,11703133616,0.054349244,47.824013
11703133639,11703133623,0.0,0.0
11703133639,11703133624,0.0,0.0
11703133639,11703133628,0.0,0.0
11703133639,11703133631,0.0,0.0
11703133639,11703133635,0.0,0.0
11703133639,11703133636,0.0,0.0
11703133639,11703133637,0.09029037,79.450005
11703133639,11703133638,0.05660051,49.804993
11703133639,11703133639,0.570486,501.99283
11703133639,11703133641,0.22827375,200.86696
11703133639,11703164521,0.0,0.0
11703133640,11703132904,0.0,0.0
11703133640,11703132905,0.0,0.0
11703133640,11703132908,0.0,0.0
11703133640,11703132909,0.0,0.0
11703133640,11703132915,0.0,0.0
11703133640,11703133603,0.0,0.0
11703133640,11703133612,0.0,0.0
11703133640,11703133613,0.0,0.0
11703133640,11703133614,0.059001148,29.661625
11703133640,11703133615,0.0,0.0
11703133640,11703133617,0.52464014,263.75214
11703133640,11703133618,0.0,0.0
11703133640,11703133619,0.0,0.0
11703133640,11703133620,0.0,0.0
11703133640,11703133622,0.0,0.0
11703133640,11703133624,0.0,0.0
11703133640,11703133640,0.36970145,185.85986
11703133640,11703133642,0.046657205,23.45596
11703133640,11703164402,0.0,0.0
11703133640,11703164521,0.0,0.0
11703133640,11703164528,0.0,0.0
11703133640,11703164534,0.0,0.0
11703133641,11703133602,0.0,0.0
11703133641,11703133603,0.0,0.0
11703133641,11703133605,0.0,0.0
11703133641,11703133606,0.0,0.0
11703133641,11703133607,0.0,0.0
11703133641,11703133609,0.23560467,121.894646
11703133641,11703133610,0.0,0.0
11703133641,11703133623,0.0,0.0
11703133641,11703133624,0.0,0.0
11703133641,11703133628,0.0,0.0
11703133641,11703133631,0.0,0.0
11703133641,11703133635,0.0,0.0
11703133641,11703133636,0.0,0.0
11703133641,11703133637,0.15331739,79.321724
11703133641,11703133638,0.0,0.0
11703133641,11703133639,0.0,0.0
11703133641,11703133641,0.61107796,316.15305
11703133641,11703164521,0.0,0.0
11703133642,11703132904,0.0,0.0
11703133642,11703132905,0.0,0.0
11703133642,11703132908,0.0,0.0
11703133642,11703132909,0.0,0.0
11703133642,11703132910,0.0,0.0
11703133642,11703132915,0.0,0.0
11703133642,11703132917,0.0,0.0
11703133642,11703132919,0.0,0.0
11703133642,11703133614,0.0,0.0
11703133642,11703133619,0.0,0.0
11703133642,11703133620,0.0,0.0
11703133642,11703133622,0.0,0.0
11703133642,11703133640,0.0,0.0
11703133642,11703133642,1.0,465.5246
11703163801,11703163801,0.5481263,257.26758
11703163801,11703163802,0.023370504,10.969138
11703163801,11703163803,0.0,0.0
11703163801,11703163804,0.0,0.0
11703163801,11703163805,0.0,0.0
11703163801,11703163806,0.0,0.0
11703163801,11703163807,0.0,0.0
11703163801,11703163809,0.0,0.0
11703163801,11703163819,0.0,0.0
11703163801,11703163918,0.0,0.0
11703163801,11703164003,0.0,0.0
11703163801,11703164007,0.0,0.0
11703163801,11703164011,0.0,0.0
11703163801,11703164016,0.42850316,201.12148
11703163801,11703164024,0.0,0.0
11703163801,11703164203,0.0,0.0
11703163801,11703164207,0.0,0.0
11703163801,11703164209,0.0,0.0
11703163801,11703164210,0.0,0.0
11703163801,11703164212,0.0,0.0
11703163802,11703163801,0.248932,110.206535
11703163802,11703163802,0.60964704,269.90137
11703163802,11703163803,0.14142096,62.609524
11703163802,11703163804,0.0,0.0
11703163802,11703163805,0.0,0.0
11703163802,11703163806,0.0,0.0
11703163802,11703163807,0.0,0.0
11703163802,11703163809,0.0,0.0
11703163802,11703163813,0.0,0.0
11703163802,11703163819,0.0,0.0
11703163802,11703163918,0.0,0.0
11703163802,11703164003,0.0,0.0
11703163802,11703164011,0.0,0.0
11703163802,11703164016,0.0,0.0
11703163802,11703164203,0.0,0.0
11703163802,11703164207,0.0,0.0
11703163802,11703164209,0.0,0.0
11703163802,11703164210,0.0,0.0
11703163802,11703164212,0.0,0.0
11703163803,11703163801,0.0,0.0
11703163803,11703163802,0.03261608,18.42985
11703163803,11703163803,0.77351815,437.07962
11703163803,11703163804,0.0,0.0
11703163803,11703163805,0.0,0.0
11703163803,11703163806,0.0,0.0
11703163803,11703163807,0.0,0.0
11703163803,11703163809,0.0,0.0
11703163803,11703163813,0.06667262,37.67364
11703163803,11703163819,0.0,0.0
11703163803,11703163903,0.0,0.0
11703163803,11703163906,0.0,0.0
11703163803,11703163909,0.0,0.0
11703163803,11703163918,0.0,0.0
11703163803,11703164011,0.0,0.0
11703163803,11703164016,0.0,0.0
11703163803,11703164209,0.0,0.0
11703163803,11703164210,0.0,0.0
11703163803,11703164212,0.12719315,71.87102
11703163804,11703163801,0.0,0.0
11703163804,11703163802,0.0,0.0
11703163804,11703163803,0.0,0.0
11703163804,11703163804,0.0489904,50.56403
11703163804,11703163805,0.0,0.0
11703163804,11703163806,0.0,0.0
11703163804,11703163807,0.0,0.0
11703163804,11703163809,0.0,0.0
11703163804,11703163813,0.0,0.0
11703163804,11703163819,0.0,0.0
11703163804,11703163901,0.0,0.0
11703163804,11703163903,0.086262256,89.033104
11703163804,11703163906,0.21130535,218.09273
11703163804,11703163907,0.0,0.0
11703163804,11703163908,0.0,0.0
11703163804,11703163909,0.02920407,30.142141
11703163804,11703163910,0.0,0.0
11703163804,11703163911,0.0,0.0
11703163804,11703163912,0.0,0.0
11703163804,11703163914,0.0,0.0
11703163804,11703163917,0.0,0.0
11703163804,11703163918,0.07767442,80.16942
11703163804,11703164011,0.0,0.0
11703163804,11703164016,0.0,0.0
11703163804,11703164207,0.0,0.0
11703163804,11703164208,0.0,0.0
11703163804,11703164209,0.0,0.0
11703163804,11703164210,0.54656357,564.1199
11703163804,11703164212,0.0,0.0
11703163804,11703164224,0.0,0.0
11703163804,11703164233,0.0,0.0
11703163805,11703133107,0.0,0.0
11703163805,11703133108,0.0,0.0
11703163805,11703133109,0.0,0.0
11703163805,11703133112,0.0,0.0
11703163805,11703133132,0.0,0.0
11703163805,11703133133,0.0,0.0
11703163805,11703133150,0.0,0.0
11703163805,11703133152,0.0,0.0
11703163805,11703163801,0.08497289,45.393486
11703163805,11703163802,0.08485076,45.328243
11703163805,11703163803,0.36590013,195.46803
11703163805,11703163804,0.0,0.0
11703163805,11703163805,0.0,0.0
11703163805,11703163806,0.0,0.0
11703163805,11703163807,0.0,0.0
11703163805,11703163808,0.0,0.0
11703163805,11703163809,0.0,0.0
11703163805,11703163813,0.0,0.0
11703163805,11703163814,0.0,0.0
11703163805,11703163815,0.0,0.0
11703163805,11703163819,0.0,0.0
11703163805,11703163824,0.0,0.0
11703163805,11703163903,0.0,0.0
11703163805,11703163906,0.0,0.0
11703163805,11703163909,0.0,0.0
11703163805,11703163912,0.0,0.0
11703163805,11703163914,0.0,0.0
11703163805,11703163918,0.33682588,179.93623
11703163805,11703164003,0.0,0.0
11703163805,11703164007,0.0,0.0
11703163805,11703164011,0.0,0.0
11703163805,11703164015,0.0,0.0
11703163805,11703164016,0.12745038,68.08545
11703163805,11703164017,0.0,0.0
11703163805,11703164024,0.0,0.0
11703163805,11703164027,0.0,0.0
11703163805,11703164209,0.0,0.0
11703163805,11703164210,0.0,0.0
11703163805,11703164212,0.0,0.0
11703163805,11703164612,0.0,0.0
11703163806,11703163801,0.26862994,120.39924
11703163806,11703163802,0.17435148,78.14388
11703163806,11703163803,0.0,0.0
11703163806,11703163804,0.0,0.0
11703163806,11703163805,0.0,0.0
11703163806,11703163806,0.17025188,76.30645
11703163806,11703163807,0.0,0.0
11703163806,11703163809,0.0,0.0
11703163806,11703163819,0.0,0.0
11703163806,11703163918,0.0,0.0
11703163806,11703164003,0.0,0.0
11703163806,11703164007,0.0,0.0
11703163806,11703164011,0.0,0.0
11703163806,11703164016,0.3867667,173.34782
11703163806,11703164024,0.0,0.0
11703163806,11703164209,0.0,0.0
11703163807,11703163801,0.0,0.0
11703163807,11703163802,0.06793702,31.17568
11703163807,11703163803,0.20812696,95.507576
11703163807,11703163804,0.0,0.0
11703163807,11703163805,0.0,0.0
11703163807,11703163806,0.0,0.0
11703163807,11703163807,0.7142571,327.7661
11703163807,11703163813,0.0,0.0
11703163807,11703164003,0.0,0.0
11703163807,11703164016,0.0,0.0
11703163807,11703164203,0.0,0.0
11703163807,11703164207,0.0,0.0
11703163807,11703164209,0.0,0.0
11703163807,11703164210,0.0,0.0
11703163807,11703164212,0.009678841,4.441532
11703163808,11703133107,0.0,0.0
11703163808,11703133108,0.15526175,656.2028
11703163808,11703133109,0.0,0.0
11703163808,11703133112,0.0,0.0
11703163808,11703133133,0.0,0.0
11703163808,11703133150,0.07026982,296.99042
11703163808,11703133152,0.014709234,62.167538
11703163808,11703163805,0.0,0.0
11703163808,11703163808,0.0,0.0
11703163808,11703163809,0.0,0.0
11703163808,11703163810,0.37418342,1581.4597
11703163808,11703163811,0.0,0.0
11703163808,11703163814,0.0,0.0
11703163808,11703163815,0.14680791,620.4732
11703163808,11703163816,0.062559605,264.40375
11703163808,11703163817,0.0,0.0
11703163808,11703163819,0.0,0.0
11703163808,11703163820,0.16149497,682.54706
11703163808,11703163824,0.0,0.0
11703163808,11703164002,0.0,0.0
11703163808,11703164009,0.0,0.0
11703163808,11703164011,0.0,0.0
11703163808,11703164013,0.0,0.0
11703163808,11703164015,0.014713287,62.184666
11703163808,11703164017,0.0,0.0
11703163808,11703164023,0.0,0.0
11703163808,11703164027,0.0,0.0
11703163808,11703164032,0.0,0.0
11703163809,11703133107,0.0,0.0
11703163809,11703133108,0.0,0.0
11703163809,11703133109,0.0,0.0
11703163809,11703133112,0.0,0.0
11703163809,11703133129,0.0,0.0
11703163809,11703133131,0.0,0.0
11703163809,11703133132,0.0,0.0
11703163809,11703133133,0.75068593,267.37607
11703163809,11703133134,0.0,0.0
11703163809,11703133150,0.0,0.0
11703163809,11703133152,0.0,0.0
11703163809,11703163801,0.0,0.0
11703163809,11703163802,0.0,0.0
11703163809,11703163803,0.0,0.0
11703163809,11703163804,0.0,0.0
11703163809,11703163805,0.0,0.0
11703163809,11703163806,0.0,0.0
11703163809,11703163808,0.0,0.0
11703163809,11703163809,0.24931407,88.799614
11703163809,11703163814,0.0,0.0
11703163809,11703163815,0.0,0.0
11703163809,11703163819,0.0,0.0
11703163809,11703163824,0.0,0.0
11703163809,11703163909,0.0,0.0
11703163809,11703163910,0.0,0.0
11703163809,11703163912,0.0,0.0
11703163809,11703163914,0.0,0.0
11703163809,11703163918,0.0,0.0
11703163809,11703164011,0.0,0.0
11703163809,11703164015,0.0,0.0
11703163809,11703164016,0.0,0.0
11703163809,11703164017,0.0,0.0
11703163809,11703164602,0.0,0.0
11703163809,11703164612,0.0,0.0
11703163809,11703164614,0.0,0.0
11703163809,11703164615,0.0,0.0
11703163809,11703164617,0.0,0.0
11703163810,11703163808,0.0,0.0
11703163810,11703163810,0.67393863,358.61414
11703163810,11703163811,0.0,0.0
11703163810,11703163814,0.0,0.0
11703163810,11703163816,0.0,0.0
11703163810,11703163817,0.0,0.0
11703163810,11703163820,0.32606137,173.50276
11703163810,11703163824,0.0,0.0
11703163810,11703164002,0.0,0.0
11703163810,11703164013,0.0,0.0
11703163810,11703164032,0.0,0.0
11703163810,12002167413,0.0,0.0
11703163811,11703133107,0.0,0.0
11703163811,11703133150,0.0,0.0
11703163811,11703163808,0.0,0.0
11703163811,11703163810,0.14154813,230.34291
11703163811,11703163811,0.30675504,499.18604
11703163811,11703163814,0.0,0.0
11703163811,11703163815,0.0,0.0
11703163811,11703163816,0.35703188,581.00214
11703163811,11703163817,0.0,0.0
11703163811,11703163819,0.0,0.0
11703163811,11703163820,0.00032773614,0.53332883
11703163811,11703163824,0.0,0.0
11703163811,11703164002,0.19433734,316.2474
11703163811,11703164013,0.0,0.0
11703163811,11703164015,0.0,0.0
11703163811,11703164017,0.0,0.0
11703163811,11703164032,0.0,0.0
11703163811,12002167413,0.0,0.0
11703163813,11703163802,0.0,0.0
11703163813,11703163803,0.123580694,64.33135
11703163813,11703163804,0.0,0.0
11703163813,11703163805,0.0,0.0
11703163813,11703163807,0.0,0.0
11703163813,11703163813,0.75398284,392.49445
11703163813,11703163901,0.0,0.0
11703163813,11703163903,0.0,0.0
11703163813,11703163906,0.0,0.0
11703163813,11703163907,0.0,0.0
11703163813,11703163909,0.0,0.0
11703163813,11703163918,0.0,0.0
11703163813,11703164207,0.0,0.0
11703163813,11703164208,0.0,0.0
11703163813,11703164209,0.0,0.0
11703163813,11703164210,0.0,0.0
11703163813,11703164212,0.122436464,63.735714
11703163813,11703164224,0.0,0.0
11703163813,11703164233,0.0,0.0
11703163814,11703133103,0.0,0.0
11703163814,11703133106,0.0,0.0
11703163814,11703133107,0.026569158,28.886198
11703163814,11703133108,0.0,0.0
11703163814,11703133109,0.0,0.0
11703163814,11703133112,0.0,0.0
11703163814,11703133133,0.0,0.0
11703163814,11703133143,0.0,0.0
11703163814,11703133144,0.0,0.0
11703163814,11703133150,0.25164738,273.59302
11703163814,11703133152,0.0,0.0
11703163814,11703163805,0.0,0.0
11703163814,11703163808,0.0,0.0
11703163814,11703163809,0.0,0.0
11703163814,11703163810,0.0,0.0
11703163814,11703163811,0.0,0.0
11703163814,11703163814,0.36442986,396.21103
11703163814,11703163815,0.0,0.0
11703163814,11703163816,0.0,0.0
11703163814,11703163817,0.0,0.0
11703163814,11703163819,0.0,0.0
11703163814,11703163820,0.0,0.0
11703163814,11703163824,0.0,0.0
11703163814,11703164002,0.0,0.0
11703163814,11703164011,0.08807632,95.75727
11703163814,11703164015,0.0863401,93.86964
11703163814,11703164017,0.18293709,198.89064
11703163814,12002167413,0.0,0.0
11703163814,12002167414,0.0,0.0
11703163815,11703133107,0.0,0.0
11703163815,11703133108,0.0,0.0
11703163815,11703133109,0.0,0.0
11703163815,11703133112,0.0,0.0
11703163815,11703133133,0.0,0.0
11703163815,11703133150,0.0,0.0
11703163815,11703133152,0.0,0.0
11703163815,11703163805,0.0,0.0
11703163815,11703163808,0.0,0.0
11703163815,11703163809,0.45455402,174.51225
11703163815,11703163811,0.0,0.0
11703163815,11703163814,0.0,0.0
11703163815,11703163815,0.0,0.0
11703163815,11703163816,0.0,0.0
11703163815,11703163817,0.545446,209.40746
11703163815,11703163819,0.0,0.0
11703163815,11703163824,0.0,0.0
11703163815,11703164002,0.0,0.0
11703163815,11703164011,0.0,0.0
11703163815,11703164015,0.0,0.0
11703163815,11703164017,0.0,0.0
11703163816,11703163808,0.0,0.0
11703163816,11703163810,0.034608692,16.931047
11703163816,11703163811,0.12690565,62.083984
11703163816,11703163814,0.0,0.0
11703163816,11703163815,0.0073881447,3.6143818
11703163816,11703163816,0.25684953,125.65431
11703163816,11703163817,0.0,0.0
11703163816,11703163819,0.0,0.0
11703163816,11703163820,0.0,0.0
11703163816,11703163824,0.0,0.0
11703163816,11703164002,0.0,0.0
11703163816,11703164004,0.0,0.0
11703163816,11703164005,0.0,0.0
11703163816,11703164009,0.0,0.0
11703163816,11703164013,0.20782128,101.66902
11703163816,11703164015,0.0,0.0
11703163816,11703164017,0.0,0.0
11703163816,11703164018,0.28541517,139.62901
11703163816,11703164023,0.0,0.0
11703163816,11703164032,0.08101156,39.63197
11703163817,11703163808,0.48848426,168.91884
11703163817,11703163810,0.0,0.0
11703163817,11703163811,0.51151574,176.88316
11703163817,11703163814,0.0,0.0
11703163817,11703163815,0.0,0.0
11703163817,11703163816,0.0,0.0
11703163817,11703163817,0.0,0.0
11703163817,11703163819,0.0,0.0
11703163817,11703163820,0.0,0.0
11703163817,11703163824,0.0,0.0
11703163817,11703164002,0.0,0.0
11703163817,11703164015,0.0,0.0
11703163817,11703164017,0.0,0.0
11703163819,11703133103,0.0,0.0
11703163819,11703133106,0.0,0.0
11703163819,11703133107,0.0,0.0
11703163819,11703133108,0.0,0.0
11703163819,11703133109,0.0,0.0
11703163819,11703133110,0.0,0.0
11703163819,11703133112,0.14099559,157.35684
11703163819,11703133113,0.0,0.0
11703163819,11703133124,0.0,0.0
11703163819,11703133131,0.0,0.0
11703163819,11703133132,0.0,0.0
11703163819,11703133133,0.0,0.0
11703163819,11703133134,0.0,0.0
11703163819,11703133142,0.0,0.0
11703163819,11703133150,0.13511679,150.79585
11703163819,11703133152,0.42464647,473.92282
11703163819,11703163801,0.0,0.0
11703163819,11703163802,0.0,0.0
11703163819,11703163803,0.0,0.0
11703163819,11703163804,0.0,0.0
11703163819,11703163805,0.0,0.0
11703163819,11703163806,0.0,0.0
11703163819,11703163808,0.0,0.0
11703163819,11703163809,0.0,0.0
11703163819,11703163811,0.0,0.0
11703163819,11703163814,0.11867055,132.4412
11703163819,11703163815,0.0,0.0
11703163819,11703163816,0.0,0.0
11703163819,11703163817,0.0,0.0
11703163819,11703163819,0.0,0.0
11703163819,11703163820,0.0,0.0
11703163819,11703163824,0.18057069,201.52428
11703163819,11703163912,0.0,0.0
11703163819,11703163914,0.0,0.0
11703163819,11703163918,0.0,0.0
11703163819,11703164002,0.0,0.0
11703163819,11703164007,0.0,0.0
11703163819,11703164009,0.0,0.0
11703163819,11703164011,0.0,0.0
11703163819,11703164015,0.0,0.0
11703163819,11703164016,0.0,0.0
11703163819,11703164017,0.0,0.0
11703163819,11703164023,0.0,0.0
11703163819,11703164027,0.0,0.0
11703163819,11703164032,0.0,0.0
11703163819,11703164612,0.0,0.0
11703163819,12002167413,0.0,0.0
11703163820,11703133106,0.037271798,28.190279
11703163820,11703133107,0.0,0.0
11703163820,11703133143,0.107233286,81.105194
11703163820,11703133144,0.20367298,154.04672
11703163820,11703133150,0.0,0.0
11703163820,11703163808,0.0,0.0
11703163820,11703163810,0.57275397,433.1987
11703163820,11703163811,0.0,0.0
11703163820,11703163814,0.0,0.0
11703163820,11703163816,0.0,0.0
11703163820,11703163817,0.0,0.0
11703163820,11703163819,0.0,0.0
11703163820,11703163820,0.079068035,59.80259
11703163820,11703163824,0.0,0.0
11703163820,11703164002,0.0,0.0
11703163820,12002167413,0.0,0.0
11703163820,12002167414,0.0,0.0
11703163824,11703133107,0.17106579,500.12613
11703163824,11703133108,0.0,0.0
11703163824,11703133109,0.0,0.0
11703163824,11703133112,0.0,0.0
11703163824,11703133133,0.0,0.0
11703163824,11703133150,0.08697988,254.29346
11703163824,11703133152,0.0,0.0
11703163824,11703163805,0.0,0.0
11703163824,11703163808,0.0,0.0
11703163824,11703163809,0.0,0.0
11703163824,11703163810,0.0,0.0
11703163824,11703163811,0.32389608,946.93915
11703163824,11703163814,0.157451,460.32208
11703163824,11703163815,0.0,0.0
11703163824,11703163816,0.0,0.0
11703163824,11703163817,0.0,0.0
11703163824,11703163819,0.0,0.0
11703163824,11703163820,0.0,0.0
11703163824,11703163824,0.2606073,761.90875
11703163824,11703164002,0.0,0.0
11703163824,11703164011,0.0,0.0
11703163824,11703164015,0.0,0.0
11703163824,11703164017,0.0,0.0
11703163824,12002167413,0.0,0.0
11703163901,11703133601,0.0,0.0
11703163901,11703133608,0.0,0.0
11703163901,11703133610,0.0,0.0
11703163901,11703133616,0.0,0.0
11703163901,11703133617,0.0,0.0
11703163901,11703133622,0.0,0.0
11703163901,11703133623,0.0,0.0
11703163901,11703133633,0.0,0.0
11703163901,11703133637,0.0,0.0
11703163901,11703163804,0.0,0.0
11703163901,11703163813,0.0,0.0
11703163901,11703163901,1.0,345.802
11703163901,11703163902,0.0,0.0
11703163901,11703163903,0.0,0.0
11703163901,11703163904,0.0,0.0
11703163901,11703163905,0.0,0.0
11703163901,11703163906,0.0,0.0
11703163901,11703163907,0.0,0.0
11703163901,11703163908,0.0,0.0
11703163901,11703163911,0.0,0.0
11703163901,11703163913,0.0,0.0
11703163901,11703163915,0.0,0.0
11703163901,11703164201,0.0,0.0
11703163901,11703164207,0.0,0.0
11703163901,11703164208,0.0,0.0
11703163901,11703164209,0.0,0.0
11703163901,11703164210,0.0,0.0
11703163901,11703164212,0.0,0.0
11703163901,11703164218,0.0,0.0
11703163901,11703164224,0.0,0.0
11703163901,11703164226,0.0,0.0
11703163901,11703164227,0.0,0.0
11703163901,11703164233,0.0,0.0
11703163901,11703164505,0.0,0.0
11703163901,11703164507,0.0,0.0
11703163901,11703164512,0.0,0.0
11703163901,11703164516,0.0,0.0
11703163901,11703164517,0.0,0.0
11703163901,11703164518,0.0,0.0
11703163901,11703164519,0.0,0.0
11703163901,11703164521,0.0,0.0
11703163901,11703164525,0.0,0.0
11703163901,11703164531,0.0,0.0
11703163901,11703164534,0.0,0.0
11703163901,11703164536,0.0,0.0
11703163901,11703164603,0.0,0.0
11703163901,11703164608,0.0,0.0
11703163902,11703133601,0.0,0.0
11703163902,11703163901,0.0,0.0
11703163902,11703163902,0.060468376,54.283875
11703163902,11703163904,0.0,0.0
11703163902,11703163905,0.0,0.0
11703163902,11703163906,0.0,0.0
11703163902,11703163907,0.0,0.0
11703163902,11703163908,0.0,0.0
11703163902,11703163910,0.0,0.0
11703163902,11703163911,0.0,0.0
11703163902,11703163913,0.0,0.0
11703163902,11703163915,0.031039894,27.865238
11703163902,11703163916,0.0,0.0
11703163902,11703164210,0.0,0.0
11703163902,11703164224,0.0,0.0
11703163902,11703164517,0.9084916,815.57416
11703163902,11703164521,0.0,0.0
11703163902,11703164535,0.0,0.0
11703163902,11703164601,0.0,0.0
11703163902,11703164603,0.0,0.0
11703163902,11703164604,0.0,0.0
11703163902,11703164606,0.0,0.0
11703163902,11703164608,0.0,0.0
11703163902,11703164611,0.0,0.0
11703163902,11703164614,0.0,0.0
11703163902,11703164619,0.0,0.0
11703163902,11703164621,0.0,0.0
11703163903,11703163803,0.0,0.0
11703163903,11703163804,0.0,0.0
11703163903,11703163805,0.0,0.0
11703163903,11703163813,0.0,0.0
11703163903,11703163901,0.0,0.0
11703163903,11703163903,0.6628101,384.4103
11703163903,11703163906,0.09611952,55.74649
11703163903,11703163907,0.0,0.0
11703163903,11703163908,0.0,0.0
11703163903,11703163909,0.085899055,49.81892
11703163903,11703163910,0.0,0.0
11703163903,11703163911,0.0,0.0
11703163903,11703163912,0.0,0.0
11703163903,11703163914,0.0,0.0
11703163903,11703163916,0.0,0.0
11703163903,11703163917,0.0,0.0
11703163903,11703163918,0.0,0.0
11703163903,11703164207,0.0,0.0
11703163903,11703164208,0.0,0.0
11703163903,11703164209,0.0,0.0
11703163903,11703164210,0.086824,50.355362
11703163903,11703164212,0.0,0.0
11703163903,11703164224,0.0,0.0
11703163903,11703164233,0.0,0.0
11703163903,11703164601,0.068347275,39.639404
11703163903,11703164608,0.0,0.0
11703163903,11703164617,0.0,0.0
11703163904,11703163901,0.0,0.0
11703163904,11703163902,0.19545573,96.56373
11703163904,11703163904,0.54393756,268.7291
11703163904,11703163905,0.013919413,6.8768024
11703163904,11703163906,0.0,0.0
11703163904,11703163908,0.0,0.0
11703163904,11703163910,0.0,0.0
11703163904,11703163911,0.036018074,17.794514
11703163904,11703163913,0.21066934,104.079926
11703163904,11703163915,0.0,0.0
11703163904,11703163916,0.0,0.0
11703163904,11703164603,0.0,0.0
11703163904,11703164608,0.0,0.0
11703163905,11703163901,0.0,0.0
11703163905,11703163902,0.090299904,78.885605
11703163905,11703163904,0.0,0.0
11703163905,11703163905,0.41723412,364.4939
11703163905,11703163906,0.0,0.0
11703163905,11703163908,0.0,0.0
11703163905,11703163910,0.0,0.0
11703163905,11703163911,0.0,0.0
11703163905,11703163913,0.0,0.0
11703163905,11703163915,0.0,0.0
11703163905,11703163916,0.0,0.0
11703163905,11703164517,0.46394694,405.30203
11703163905,11703164535,0.0,0.0
11703163905,11703164601,0.0,0.0
11703163905,11703164603,0.028519034,24.914104
11703163905,11703164604,0.0,0.0
11703163905,11703164606,0.0,0.0
11703163905,11703164608,0.0,0.0
11703163905,11703164611,0.0,0.0
11703163905,11703164614,0.0,0.0
11703163905,11703164619,0.0,0.0
11703163905,11703164621,0.0,0.0
11703163906,11703163803,0.0,0.0
11703163906,11703163804,0.21282661,99.58517
11703163906,11703163805,0.0,0.0
11703163906,11703163813,0.0,0.0
11703163906,11703163901,0.0,0.0
11703163906,11703163902,0.0,0.0
11703163906,11703163903,0.14589843,68.26834
11703163906,11703163904,0.0,0.0
11703163906,11703163905,0.0,0.0
11703163906,11703163906,0.6018177,281.60068
11703163906,11703163907,0.0,0.0
11703163906,11703163908,0.0,0.0
11703163906,11703163909,0.0,0.0
11703163906,11703163910,0.0,0.0
11703163906,11703163911,0.0,0.0
11703163906,11703163912,0.0,0.0
11703163906,11703163913,0.0,0.0
11703163906,11703163916,0.0,0.0
11703163906,11703163917,0.0,0.0
11703163906,11703163918,0.0,0.0
11703163906,11703164207,0.0,0.0
11703163906,11703164208,0.0,0.0
11703163906,11703164209,0.0,0.0
11703163906,11703164210,0.03945732,18.462748
11703163906,11703164212,0.0,0.0
11703163906,11703164224,0.0,0.0
11703163906,11703164233,0.0,0.0
11703163906,11703164601,0.0,0.0
11703163906,11703164608,0.0,0.0
11703163906,11703164617,0.0,0.0
11703163907,11703133601,0.0,0.0
11703163907,11703163804,0.0,0.0
11703163907,11703163813,0.0,0.0
11703163907,11703163901,0.0,0.0
11703163907,11703163902,0.0,0.0
11703163907,11703163903,0.0,0.0
11703163907,11703163906,0.0,0.0
11703163907,11703163907,0.76712257,401.55795
11703163907,11703163908,0.15052384,78.793205
11703163907,11703163910,0.0,0.0
11703163907,11703163911,0.0,0.0
11703163907,11703163913,0.0,0.0
11703163907,11703163915,0.0,0.0
11703163907,11703164207,0.0,0.0
11703163907,11703164208,0.0,0.0
11703163907,11703164209,0.0,0.0
11703163907,11703164210,0.08235353,43.108776
11703163907,11703164212,0.0,0.0
11703163907,11703164224,0.0,0.0
11703163907,11703164233,0.0,0.0
11703163907,11703164521,0.0,0.0
11703163908,11703133601,0.0,0.0
11703163908,11703163804,0.0,0.0
11703163908,11703163901,0.0,0.0
11703163908,11703163902,0.34118944,212.72925
11703163908,11703163903,0.0,0.0
11703163908,11703163904,0.0,0.0
11703163908,11703163905,0.0,0.0
11703163908,11703163906,0.0,0.0
11703163908,11703163907,0.0,0.0
11703163908,11703163908,0.6588105,410.76376
11703163908,11703163910,0.0,0.0
11703163908,11703163911,0.0,0.0
11703163908,11703163913,0.0,0.0
11703163908,11703163915,0.0,0.0
11703163908,11703163916,0.0,0.0
11703163908,11703164210,0.0,0.0
11703163908,11703164224,0.0,0.0
11703163908,11703164521,0.0,0.0
11703163908,11703164603,0.0,0.0
11703163908,11703164608,0.0,0.0
11703163909,11703133132,0.0,0.0
11703163909,11703163803,0.0,0.0
11703163909,11703163804,0.0,0.0
11703163909,11703163805,0.0,0.0
11703163909,11703163809,0.0,0.0
11703163909,11703163813,0.0,0.0
11703163909,11703163903,0.0,0.0
11703163909,11703163906,0.0,0.0
11703163909,11703163909,0.70386684,346.31815
11703163909,11703163910,0.0,0.0
11703163909,11703163911,0.0,0.0
11703163909,11703163912,0.18294805,90.01451
11703163909,11703163914,0.005999565,2.9519196
11703163909,11703163916,0.0,0.0
11703163909,11703163917,0.0,0.0
11703163909,11703163918,0.10718548,52.73764
11703163909,11703164210,0.0,0.0
11703163909,11703164601,0.0,0.0
11703163909,11703164608,0.0,0.0
11703163909,11703164612,0.0,0.0
11703163909,11703164617,0.0,0.0
11703163910,11703133132,0.0,0.0
11703163910,11703163804,0.0,0.0
11703163910,11703163809,0.0,0.0
11703163910,11703163902,0.0,0.0
11703163910,11703163903,0.0,0.0
11703163910,11703163904,0.0,0.0
11703163910,11703163905,0.0,0.0
11703163910,11703163906,0.0,0.0
11703163910,11703163907,0.0,0.0
11703163910,11703163908,0.0,0.0
11703163910,11703163909,0.0292162,15.803539
11703163910,11703163910,0.0,0.0
11703163910,11703163911,0.0,0.0
11703163910,11703163912,0.16002092,86.55804
11703163910,11703163913,0.0,0.0
11703163910,11703163914,0.0,0.0
11703163910,11703163916,0.18900242,102.23463
11703163910,11703163917,0.0,0.0
11703163910,11703163918,0.0,0.0
11703163910,11703164210,0.0,0.0
11703163910,11703164517,0.12700379,68.69851
11703163910,11703164535,0.0,0.0
11703163910,11703164601,0.45947298,248.53674
11703163910,11703164603,0.0,0.0
11703163910,11703164604,0.0,0.0
11703163910,11703164606,0.0,0.0
11703163910,11703164608,0.0,0.0
11703163910,11703164611,0.0,0.0
11703163910,11703164612,0.0,0.0
11703163910,11703164614,0.0,0.0
11703163910,11703164617,0.035283834,19.085625
11703163910,11703164619,0.0,0.0
11703163910,11703164621,0.0,0.0
11703163911,11703163804,0.0,0.0
11703163911,11703163901,0.0,0.0
11703163911,11703163902,0.0,0.0
11703163911,11703163903,0.0,0.0
11703163911,11703163904,0.0,0.0
11703163911,11703163905,0.14648575,396.22656
11703163911,11703163906,0.0,0.0
11703163911,11703163907,0.0,0.0
11703163911,11703163908,0.06321275,170.983
11703163911,11703163909,0.0,0.0
11703163911,11703163910,0.0,0.0
11703163911,11703163911,0.38054395,1029.3262
11703163911,11703163912,0.0,0.0
11703163911,11703163913,0.17138833,463.58508
11703163911,11703163916,0.23836917,644.7603
11703163911,11703163917,0.0,0.0
11703163911,11703164210,0.0,0.0
11703163911,11703164601,0.0,0.0
11703163911,11703164608,0.0,0.0
11703163911,11703164617,0.0,0.0
11703163912,11703133129,0.0,0.0
11703163912,11703133131,0.0,0.0
11703163912,11703133132,0.0,0.0
11703163912,11703133133,0.0,0.0
11703163912,11703163804,0.0,0.0
11703163912,11703163805,0.0,0.0
11703163912,11703163809,0.010353386,6.4250007
11703163912,11703163819,0.0,0.0
11703163912,11703163903,0.0,0.0
11703163912,11703163906,0.0,0.0
11703163912,11703163909,0.08269614,51.31874
11703163912,11703163910,0.0,0.0
11703163912,11703163911,0.0,0.0
11703163912,11703163912,0.70607424,438.16846
11703163912,11703163914,0.0,0.0
11703163912,11703163916,0.0,0.0
11703163912,11703163917,0.0,0.0
11703163912,11703163918,0.0,0.0
11703163912,11703164601,0.0,0.0
11703163912,11703164602,0.0,0.0
11703163912,11703164608,0.0,0.0
11703163912,11703164612,0.0,0.0
11703163912,11703164614,0.07159388,44.429012
11703163912,11703164615,0.0,0.0
11703163912,11703164617,0.12928241,80.22878
11703163913,11703163901,0.0,0.0
11703163913,11703163902,0.17225808,114.449814
11703163913,11703163904,0.0,0.0
11703163913,11703163905,0.0,0.0
11703163913,11703163906,0.0,0.0
11703163913,11703163907,0.0,0.0
11703163913,11703163908,0.0,0.0
11703163913,11703163910,0.0,0.0
11703163913,11703163911,0.13270992,88.17367
11703163913,11703163913,0.69503206,461.78555
11703163913,11703163915,0.0,0.0
11703163913,11703163916,0.0,0.0
11703163913,11703164603,0.0,0.0
11703163913,11703164608,0.0,0.0
11703163914,11703133132,0.0,0.0
11703163914,11703133133,0.0,0.0
11703163914,11703163804,0.0,0.0
11703163914,11703163805,0.0,0.0
11703163914,11703163809,0.0,0.0
11703163914,11703163819,0.0,0.0
11703163914,11703163903,0.0,0.0
11703163914,11703163909,0.1878666,95.61516
11703163914,11703163910,0.0,0.0
11703163914,11703163912,0.1929746,98.21488
11703163914,11703163914,0.59859765,304.6577
11703163914,11703163917,0.0,0.0
11703163914,11703163918,0.020561218,10.464682
11703163914,11703164612,0.0,0.0
11703163914,11703164617,0.0,0.0
11703163915,11703133601,0.0,0.0
11703163915,11703133610,0.0,0.0
11703163915,11703133616,0.0,0.0
11703163915,11703133617,0.0,0.0
11703163915,11703133622,0.0,0.0
11703163915,11703133623,0.0,0.0
11703163915,11703133637,0.0,0.0
11703163915,11703163901,0.0,0.0
11703163915,11703163902,0.0,0.0
11703163915,11703163904,0.0,0.0
11703163915,11703163905,0.0,0.0
11703163915,11703163907,0.0,0.0
11703163915,11703163908,0.0,0.0
11703163915,11703163913,0.0,0.0
11703163915,11703163915,0.2744277,660.5871
11703163915,11703164210,0.0,0.0
11703163915,11703164224,0.0,0.0
11703163915,11703164505,0.0,0.0
11703163915,11703164507,0.0,0.0
11703163915,11703164512,0.0,0.0
11703163915,11703164516,0.0,0.0
11703163915,11703164517,0.72557235,1746.5574
11703163915,11703164518,0.0,0.0
11703163915,11703164519,0.0,0.0
11703163915,11703164521,0.0,0.0
11703163915,11703164525,0.0,0.0
11703163915,11703164529,0.0,0.0
11703163915,11703164531,0.0,0.0
11703163915,11703164534,0.0,0.0
11703163915,11703164535,0.0,0.0
11703163915,11703164536,0.0,0.0
11703163915,11703164603,0.0,0.0
11703163915,11703164608,0.0,0.0
11703163915,11703164611,0.0,0.0
11703163916,11703163902,0.0,0.0
11703163916,11703163903,0.0,0.0
11703163916,11703163904,0.0,0.0
11703163916,11703163905,0.0,0.0
11703163916,11703163906,0.0,0.0
11703163916,11703163908,0.0,0.0
11703163916,11703163909,0.0,0.0
11703163916,11703163910,0.0,0.0
11703163916,11703163911,0.0,0.0
11703163916,11703163912,0.0,0.0
11703163916,11703163913,0.0,0.0
11703163916,11703163916,0.27057365,201.85123
11703163916,11703163917,0.0,0.0
11703163916,11703164517,0.7294263,544.1609
11703163916,11703164535,0.0,0.0
11703163916,11703164601,0.0,0.0
11703163916,11703164603,0.0,0.0
11703163916,11703164604,0.0,0.0
11703163916,11703164606,0.0,0.0
11703163916,11703164608,0.0,0.0
11703163916,11703164611,0.0,0.0
11703163916,11703164614,0.0,0.0
11703163916,11703164617,0.0,0.0
11703163916,11703164619,0.0,0.0
11703163916,11703164621,0.0,0.0
11703163917,11703163804,0.0,0.0
11703163917,11703163903,0.0,0.0
11703163917,11703163906,0.0,0.0
11703163917,11703163909,0.44725555,179.4489
11703163917,11703163910,0.0,0.0
11703163917,11703163911,0.0,0.0
11703163917,11703163912,0.0,0.0
11703163917,11703163914,0.0,0.0
11703163917,11703163916,0.0,0.0
11703163917,11703163917,0.5527445,221.77342
11703163917,11703163918,0.0,0.0
11703163917,11703164210,0.0,0.0
11703163917,11703164601,0.0,0.0
11703163917,11703164608,0.0,0.0
11703163917,11703164617,0.0,0.0
11703163918,11703133132,0.0,0.0
11703163918,11703133133,0.0,0.0
11703163918,11703163801,0.0,0.0
11703163918,11703163802,0.0,0.0
11703163918,11703163803,0.0,0.0
11703163918,11703163804,0.0,0.0
11703163918,11703163805,0.0,0.0
11703163918,11703163806,0.0,0.0
11703163918,11703163809,0.016138375,8.64566
11703163918,11703163813,0.0,0.0
11703163918,11703163819,0.0,0.0
11703163918,11703163903,0.0,0.0
11703163918,11703163906,0.0,0.0
11703163918,11703163909,0.2114948,113.30213
11703163918,11703163910,0.0,0.0
11703163918,11703163912,0.0,0.0
11703163918,11703163914,0.0,0.0
11703163918,11703163917,0.0,0.0
11703163918,11703163918,0.7723668,413.77286
11703163918,11703164011,0.0,0.0
11703163918,11703164016,0.0,0.0
11703163918,11703164210,0.0,0.0
11703163918,11703164612,0.0,0.0
11703164001,11702132819,0.5951365,376.20224
11703164001,11703133026,0.0,0.0
11703164001,11703133027,0.0,0.0
11703164001,11703133028,0.27318028,172.6848
11703164001,11703133029,0.018041492,11.404525
11703164001,11703133030,0.0,0.0
11703164001,11703133031,0.0,0.0
11703164001,11703133033,0.0,0.0
11703164001,11703133036,0.0,0.0
11703164001,11703133045,0.0,0.0
11703164001,11703164001,0.07421243,46.911728
11703164001,11703164004,0.0,0.0
11703164001,11703164005,0.0,0.0
11703164001,11703164008,0.0,0.0
11703164001,11703164010,0.0,0.0
11703164001,11703164013,0.0,0.0
11703164001,11703164018,0.039429426,24.924429
11703164001,11703164020,0.0,0.0
11703164001,11703164021,0.0,0.0
11703164002,11703163808,0.0,0.0
11703164002,11703163810,0.0,0.0
11703164002,11703163811,0.16689116,93.436455
11703164002,11703163814,0.1126135,63.048313
11703164002,11703163815,0.25576806,143.1955
11703164002,11703163816,0.049743354,27.849545
11703164002,11703163817,0.0,0.0
11703164002,11703163819,0.0,0.0
11703164002,11703163820,0.0,0.0
11703164002,11703163824,0.0,0.0
11703164002,11703164002,0.25546736,143.02713
11703164002,11703164009,0.0,0.0
11703164002,11703164011,0.0,0.0
11703164002,11703164013,0.13384163,74.9332
11703164002,11703164015,0.018701732,10.470438
11703164002,11703164017,0.0,0.0
11703164002,11703164023,0.0,0.0
11703164002,11703164027,0.0,0.0
11703164002,11703164032,0.006973088,3.9039853
11703164003,11703133003,0.0,0.0
11703164003,11703133004,0.0,0.0
11703164003,11703133005,0.0,0.0
11703164003,11703133007,0.0,0.0
11703164003,11703133008,0.0,0.0
11703164003,11703133009,0.0,0.0
11703164003,11703133010,0.0,0.0
11703164003,11703133023,0.0,0.0
11703164003,11703133026,0.0,0.0
11703164003,11703133027,0.0,0.0
11703164003,11703133040,0.0,0.0
11703164003,11703133045,0.37909937,204.97385
11703164003,11703163801,0.0,0.0
11703164003,11703163802,0.0,0.0
11703164003,11703163805,0.0,0.0
11703164003,11703163806,0.0,0.0
11703164003,11703163807,0.0,0.0
11703164003,11703164003,0.30249417,163.55446
11703164003,11703164004,0.0,0.0
11703164003,11703164007,0.0,0.0
11703164003,11703164009,0.0,0.0
11703164003,11703164011,0.0,0.0
11703164003,11703164016,0.0,0.0
11703164003,11703164017,0.0,0.0
11703164003,11703164018,0.0,0.0
11703164003,11703164024,0.0,0.0
11703164003,11703164027,0.0,0.0
11703164003,11703164034,0.3184064,172.15799
11703164003,11703164203,0.0,0.0
11703164003,11703164207,0.0,0.0
11703164003,11703164209,0.0,0.0
11703164003,11703164210,0.0,0.0
11703164003,11703164212,0.0,0.0
11703164004,11703133026,0.0,0.0
11703164004,11703133027,0.0,0.0
11703164004,11703133040,0.0,0.0
11703164004,11703133045,0.0,0.0
11703164004,11703163816,0.100079894,96.4101
11703164004,11703164001,0.0,0.0
11703164004,11703164003,0.0,0.0
11703164004,11703164004,0.4186045,403.25482
11703164004,11703164005,0.37224647,358.5967
11703164004,11703164008,0.0,0.0
11703164004,11703164009,0.0,0.0
11703164004,11703164013,0.1090692,105.06978
11703164004,11703164017,0.0,0.0
11703164004,11703164018,0.0,0.0
11703164004,11703164023,0.0,0.0
11703164004,11703164027,0.0,0.0
11703164004,11703164032,0.0,0.0
11703164004,11703164034,0.0,0.0
11703164004,11703164203,0.0,0.0
11703164005,11703133026,0.0,0.0
11703164005,11703133045,0.0,0.0
11703164005,11703163816,0.0,0.0
11703164005,11703164001,0.0,0.0
11703164005,11703164004,0.1911928,123.2582
11703164005,11703164005,0.7063368,455.3613
11703164005,11703164008,0.0,0.0
11703164005,11703164009,0.0,0.0
11703164005,11703164013,0.10247034,66.06059
11703164005,11703164018,0.0,0.0
11703164005,11703164023,0.0,0.0
11703164005,11703164032,0.0,0.0
11703164005,11703164034,0.0,0.0
11703164007,11703163801,0.0,0.0
11703164007,11703163805,0.0,0.0
11703164007,11703163806,0.0,0.0
11703164007,11703163819,0.0,0.0
11703164007,11703164003,0.0,0.0
11703164007,11703164007,0.53540534,260.05472
11703164007,11703164009,0.0,0.0
11703164007,11703164011,0.0,0.0
11703164007,11703164015,0.0077219605,3.7506766
11703164007,11703164016,0.0,0.0
11703164007,11703164017,0.0,0.0
11703164007,11703164024,0.1789492,86.91842
11703164007,11703164027,0.08512804,41.34802
11703164007,11703164034,0.19279549,93.643776
11703164007,11703164209,0.0,0.0
11703164008,11703133026,0.0,0.0
11703164008,11703133027,0.0,0.0
11703164008,11703133028,0.5509754,323.69858
11703164008,11703133029,0.0,0.0
11703164008,11703133030,0.0,0.0
11703164008,11703133033,0.0,0.0
11703164008,11703133036,0.0,0.0
11703164008,11703133045,0.0,0.0
11703164008,11703164001,0.094647825,55.60569
11703164008,11703164004,0.0,0.0
11703164008,11703164005,0.0,0.0
11703164008,11703164008,0.35437673,208.19667
11703164008,11703164013,0.0,0.0
11703164008,11703164018,0.0,0.0
11703164008,11703164021,0.0,0.0
11703164009,11703133045,0.0,0.0
11703164009,11703163808,0.0,0.0
11703164009,11703163816,0.042787313,60.416492
11703164009,11703163819,0.0,0.0
11703164009,11703164002,0.0,0.0
11703164009,11703164003,0.0,0.0
11703164009,11703164004,0.25018227,353.2621
11703164009,11703164005,0.0,0.0
11703164009,11703164007,0.0,0.0
11703164009,11703164009,0.0052993894,7.482837
11703164009,11703164011,0.0,0.0
11703164009,11703164013,0.2388097,337.2038
11703164009,11703164015,0.0,0.0
11703164009,11703164017,0.0,0.0
11703164009,11703164018,0.0,0.0
11703164009,11703164023,0.28812146,406.83292
11703164009,11703164024,0.0,0.0
11703164009,11703164027,0.047096163,66.50066
11703164009,11703164032,0.0,0.0
11703164009,11703164034,0.12770373,180.32007
11703164009,11703164203,0.0,0.0
11703164010,11702132819,0.0,0.0
11703164010,11703133028,0.1006825,93.56317
11703164010,11703133029,0.08925855,82.94702
11703164010,11703133030,0.0,0.0
11703164010,11703133031,0.0,0.0
11703164010,11703164001,0.0,0.0
11703164010,11703164010,0.66484106,617.8297
11703164010,11703164020,0.1452179,134.94945
11703164010,11703164021,0.0,0.0
11703164011,11703133107,0.0,0.0
11703164011,11703133108,0.0,0.0
11703164011,11703133109,0.0,0.0
11703164011,11703133112,0.0,0.0
11703164011,11703133133,0.0,0.0
11703164011,11703133150,0.0,0.0
11703164011,11703133152,0.0,0.0
11703164011,11703163801,0.0,0.0
11703164011,11703163802,0.0,0.0
11703164011,11703163803,0.0,0.0
11703164011,11703163804,0.0,0.0
11703164011,11703163805,0.0,0.0
11703164011,11703163806,0.0,0.0
11703164011,11703163808,0.0,0.0
11703164011,11703163809,0.0,0.0
11703164011,11703163814,0.0,0.0
11703164011,11703163815,0.0,0.0
11703164011,11703163819,0.0,0.0
11703164011,11703163824,0.0,0.0
11703164011,11703163918,0.0,0.0
11703164011,11703164002,0.0,0.0
11703164011,11703164003,0.0,0.0
11703164011,11703164007,0.0,0.0
11703164011,11703164009,0.0,0.0
11703164011,11703164011,0.0,0.0
11703164011,11703164015,0.32335895,317.39288
11703164011,11703164016,0.0,0.0
11703164011,11703164017,0.5140593,504.57474
11703164011,11703164023,0.0,0.0
11703164011,11703164024,0.0,0.0
11703164011,11703164027,0.0,0.0
11703164011,11703164032,0.0,0.0
11703164011,11703164034,0.1625818,159.58212
11703164011,11703164209,0.0,0.0
11703164013,11703133026,0.0,0.0
11703164013,11703133045,0.0,0.0
11703164013,11703163808,0.0,0.0
11703164013,11703163810,0.0,0.0
11703164013,11703163811,0.0,0.0
11703164013,11703163816,0.3922809,311.2461
11703164013,11703164001,0.0,0.0
11703164013,11703164002,0.0,0.0
11703164013,11703164004,0.08082935,64.13216
11703164013,11703164005,0.05591193,44.36201
11703164013,11703164008,0.0,0.0
11703164013,11703164009,0.0,0.0
11703164013,11703164013,0.08868238,70.36296
11703164013,11703164017,0.0,0.0
11703164013,11703164018,0.0,0.0
11703164013,11703164023,0.07728034,61.316277
11703164013,11703164027,0.0,0.0
11703164013,11703164032,0.30501527,242.00722
11703164013,11703164034,0.0,0.0
11703164015,11703133107,0.0,0.0
11703164015,11703133108,0.033198,12.903129
11703164015,11703133109,0.0,0.0
11703164015,11703133112,0.0,0.0
11703164015,11703133133,0.0,0.0
11703164015,11703133150,0.0,0.0
11703164015,11703133152,0.0,0.0
11703164015,11703163805,0.0,0.0
11703164015,11703163808,0.0,0.0
11703164015,11703163809,0.0,0.0
11703164015,11703163811,0.0,0.0
11703164015,11703163814,0.0,0.0
11703164015,11703163815,0.0,0.0
11703164015,11703163816,0.0,0.0
11703164015,11703163817,0.0,0.0
11703164015,11703163819,0.0,0.0
11703164015,11703163824,0.0,0.0
11703164015,11703164002,0.0,0.0
11703164015,11703164007,0.0,0.0
11703164015,11703164009,0.0,0.0
11703164015,11703164011,0.051730752,20.106289
11703164015,11703164015,0.57666075,224.13182
11703164015,11703164016,0.0,0.0
11703164015,11703164017,0.33841044,131.53062
11703164015,11703164023,0.0,0.0
11703164015,11703164027,0.0,0.0
11703164015,11703164032,0.0,0.0
11703164016,11703133045,0.38778487,194.15314
11703164016,11703163801,0.0,0.0
11703164016,11703163802,0.0,0.0
11703164016,11703163803,0.0,0.0
11703164016,11703163804,0.0,0.0
11703164016,11703163805,0.0,0.0
11703164016,11703163806,0.0,0.0
11703164016,11703163807,0.0,0.0
11703164016,11703163809,0.0,0.0
11703164016,11703163819,0.0,0.0
11703164016,11703163918,0.0,0.0
11703164016,11703164003,0.0,0.0
11703164016,11703164007,0.0,0.0
11703164016,11703164011,0.0,0.0
11703164016,11703164015,0.06941858,34.75596
11703164016,11703164016,0.0,0.0
11703164016,11703164017,0.0,0.0
11703164016,11703164024,0.0,0.0
11703164016,11703164027,0.0,0.0
11703164016,11703164034,0.54279643,271.76315
11703164016,11703164203,0.0,0.0
11703164016,11703164207,0.0,0.0
11703164016,11703164209,0.0,0.0
11703164016,11703164210,0.0,0.0
11703164016,11703164212,0.0,0.0
11703164017,11703133107,0.0,0.0
11703164017,11703133108,0.0,0.0
11703164017,11703133109,0.0,0.0
11703164017,11703133112,0.0,0.0
11703164017,11703133133,0.0,0.0
11703164017,11703133150,0.0,0.0
11703164017,11703133152,0.0,0.0
11703164017,11703163805,0.0,0.0
11703164017,11703163808,0.0,0.0
11703164017,11703163809,0.0,0.0
11703164017,11703163811,0.0,0.0
11703164017,11703163814,0.0,0.0
11703164017,11703163815,0.0,0.0
11703164017,11703163816,0.0,0.0
11703164017,11703163817,0.0,0.0
11703164017,11703163819,0.0,0.0
11703164017,11703163824,0.0,0.0
11703164017,11703164002,0.0,0.0
11703164017,11703164003,0.0,0.0
11703164017,11703164004,0.0,0.0
11703164017,11703164007,0.0,0.0
11703164017,11703164009,0.0,0.0
11703164017,11703164011,0.0,0.0
11703164017,11703164013,0.0,0.0
11703164017,11703164015,0.21733284,224.30498
11703164017,11703164016,0.0,0.0
11703164017,11703164017,0.33418378,344.90454
11703164017,11703164023,0.0,0.0
11703164017,11703164024,0.0,0.0
11703164017,11703164027,0.0,0.0
11703164017,11703164032,0.0,0.0
11703164017,11703164034,0.44848338,462.8709
11703164018,11703133026,0.220267,243.89418
11703164018,11703133027,0.0,0.0
11703164018,11703133028,0.0,0.0
11703164018,11703133029,0.0,0.0
11703164018,11703133040,0.0,0.0
11703164018,11703133045,0.0,0.0
11703164018,11703163816,0.0,0.0
11703164018,11703164001,0.25103354,277.96094
11703164018,11703164003,0.0,0.0
11703164018,11703164004,0.0,0.0
11703164018,11703164005,0.22138274,245.12961
11703164018,11703164008,0.30731666,340.2813
11703164018,11703164009,0.0,0.0
11703164018,11703164013,0.0,0.0
11703164018,11703164018,0.0,0.0
11703164018,11703164021,0.0,0.0
11703164018,11703164023,0.0,0.0
11703164018,11703164032,0.0,0.0
11703164018,11703164034,0.0,0.0
11703164018,11703164203,0.0,0.0
11703164020,11702132819,0.0,0.0
11703164020,11702132820,0.0,0.0
11703164020,11703133018,0.0,0.0
11703164020,11703133028,0.10431665,67.583984
11703164020,11703133029,0.013185024,8.542227
11703164020,11703133030,0.0,0.0
11703164020,11703133031,0.0,0.0
11703164020,11703133032,0.5932596,384.35712
11703164020,11703133036,0.0,0.0
11703164020,11703164001,0.0,0.0
11703164020,11703164010,0.0,0.0
11703164020,11703164020,0.2892387,187.39006
11703164020,11703164021,0.0,0.0
11703164021,11702132819,0.0,0.0
11703164021,11703133028,0.26382372,235.53146
11703164021,11703133029,0.07489967,66.867485
11703164021,11703133030,0.0,0.0
11703164021,11703133031,0.0,0.0
11703164021,11703164001,0.0738374,65.91913
11703164021,11703164008,0.0,0.0
11703164021,11703164010,0.0,0.0
11703164021,11703164018,0.0,0.0
11703164021,11703164020,0.0,0.0
11703164021,11703164021,0.58743906,524.4425
11703164023,11703163808,0.0,0.0
11703164023,11703163816,0.0,0.0
11703164023,11703163819,0.0,0.0
11703164023,11703164002,0.0,0.0
11703164023,11703164004,0.0,0.0
11703164023,11703164005,0.0,0.0
11703164023,11703164009,0.0,0.0
11703164023,11703164011,0.0,0.0
11703164023,11703164013,0.26717234,286.5604
11703164023,11703164015,0.0,0.0
11703164023,11703164017,0.0,0.0
11703164023,11703164018,0.0,0.0
11703164023,11703164023,0.44291583,475.0572
11703164023,11703164027,0.0,0.0
11703164023,11703164032,0.28991187,310.95007
11703164023,11703164034,0.0,0.0
11703164024,11703133045,0.0,0.0
11703164024,11703163801,0.0,0.0
11703164024,11703163805,0.0,0.0
11703164024,11703163806,0.0,0.0
11703164024,11703164003,0.0,0.0
11703164024,11703164007,0.18030173,91.76499
11703164024,11703164009,0.0,0.0
11703164024,11703164011,0.0,0.0
11703164024,11703164016,0.0,0.0
11703164024,11703164017,0.0,0.0
11703164024,11703164024,0.6522893,331.9842
11703164024,11703164027,0.16740903,85.203224
11703164024,11703164034,0.0,0.0
11703164024,11703164203,0.0,0.0
11703164024,11703164209,0.0,0.0
11703164027,11703133045,0.0,0.0
11703164027,11703163805,0.0,0.0
11703164027,11703163808,0.0,0.0
11703164027,11703163819,0.0,0.0
11703164027,11703164002,0.06318292,56.938736
11703164027,11703164003,0.0,0.0
11703164027,11703164004,0.12954208,116.739815
11703164027,11703164007,0.0,0.0
11703164027,11703164009,0.0,0.0
11703164027,11703164011,0.0,0.0
11703164027,11703164013,0.023237675,20.941164
11703164027,11703164015,0.0,0.0
11703164027,11703164016,0.0,0.0
11703164027,11703164017,0.0,0.0
11703164027,11703164023,0.03221467,29.030989
11703164027,11703164024,0.06531498,58.86009
11703164027,11703164027,0.44085062,397.28262
11703164027,11703164032,0.00669989,6.0377593
11703164027,11703164034,0.23895729,215.34183
11703164027,11703164203,0.0,0.0
11703164027,11703164209,0.0,0.0
11703164032,11703163808,0.0,0.0
11703164032,11703163810,0.083198994,38.890327
11703164032,11703163811,0.0,0.0
11703164032,11703163816,0.30080837,140.6091
11703164032,11703163819,0.0,0.0
11703164032,11703164002,0.01612857,7.539098
11703164032,11703164004,0.0,0.0
11703164032,11703164005,0.0,0.0
11703164032,11703164009,0.0,0.0
11703164032,11703164011,0.0,0.0
11703164032,11703164013,0.25828338,120.73133
11703164032,11703164015,0.0,0.0
11703164032,11703164017,0.0,0.0
11703164032,11703164018,0.05573973,26.054838
11703164032,11703164023,0.030076176,14.058732
11703164032,11703164027,0.0,0.0
11703164032,11703164032,0.25576487,119.554085
11703164034,11703133003,0.46517175,207.63556
11703164034,11703133004,0.0,0.0
11703164034,11703133005,0.0,0.0
11703164034,11703133007,0.0,0.0
11703164034,11703133008,0.0,0.0
11703164034,11703133009,0.0,0.0
11703164034,11703133010,0.0,0.0
11703164034,11703133023,0.0,0.0
11703164034,11703133026,0.0,0.0
11703164034,11703133027,0.20955336,93.53691
11703164034,11703133040,0.0,0.0
11703164034,11703133045,0.025268406,11.278887
11703164034,11703164003,0.0,0.0
11703164034,11703164004,0.0,0.0
11703164034,11703164005,0.0,0.0
11703164034,11703164007,0.0,0.0
11703164034,11703164009,0.0,0.0
11703164034,11703164011,0.0,0.0
11703164034,11703164013,0.0,0.0
11703164034,11703164016,0.0,0.0
11703164034,11703164017,0.20916522,93.36366
11703164034,11703164018,0.0,0.0
11703164034,11703164023,0.0,0.0
11703164034,11703164024,0.0,0.0
11703164034,11703164027,0.0,0.0
11703164034,11703164034,0.09084126,40.5482
11703164034,11703164203,0.0,0.0
11703164034,11703164207,0.0,0.0
11703164034,11703164209,0.0,0.0
11703164101,11703164101,0.0,0.0
11703164101,11703164102,0.0,0.0
11703164101,11703164103,0.0,0.0
11703164101,11703164105,0.0,0.0
11703164101,11703164106,0.2150876,118.33946
11703164101,11703164107,0.32572106,179.2091
11703164101,11703164108,0.21305966,117.22372
11703164101,11703164109,0.0,0.0
11703164101,11703164110,0.0,0.0
11703164101,11703164111,0.0,0.0
11703164101,11703164115,0.0,0.0
11703164101,11703164116,0.0,0.0
11703164101,11703164121,0.0,0.0
11703164101,11703164123,0.0,0.0
11703164101,11703164124,0.0,0.0
11703164101,11703164126,0.0,0.0
11703164101,11703164127,0.0,0.0
11703164101,11703164128,0.0,0.0
11703164101,11703164129,0.24613172,135.4197
11703164101,11703164530,0.0,0.0
11703164102,11703164101,0.0,0.0
11703164102,11703164102,0.56464285,215.7612
11703164102,11703164111,0.41864747,159.97348
11703164102,11703164115,0.0,0.0
11703164102,11703164116,0.0,0.0
11703164102,11703164123,0.0,0.0
11703164102,11703164124,0.0,0.0
11703164102,11703164127,0.016709745,6.385124
11703164102,11703164129,0.0,0.0
11703164102,11703164530,0.0,0.0
11703164103,11703133116,0.0,0.0
11703164103,11703133127,0.0,0.0
11703164103,11703133128,0.0,0.0
11703164103,11703133129,0.0,0.0
11703164103,11703133130,0.0,0.0
11703164103,11703164101,0.0,0.0
11703164103,11703164103,0.36240676,259.07648
11703164103,11703164104,0.0,0.0
11703164103,11703164106,0.0,0.0
11703164103,11703164107,0.0,0.0
11703164103,11703164108,0.0,0.0
11703164103,11703164109,0.0,0.0
11703164103,11703164110,0.0,0.0
11703164103,11703164114,0.0,0.0
11703164103,11703164115,0.0,0.0
11703164103,11703164116,0.0,0.0
11703164103,11703164118,0.0053079426,3.7945294
11703164103,11703164119,0.26407292,188.77983
11703164103,11703164121,0.0,0.0
11703164103,11703164124,0.16177014,115.64585
11703164103,11703164126,0.0,0.0
11703164103,11703164128,0.0,0.0
11703164103,11703164129,0.0,0.0
11703164103,11703164130,0.0,0.0
11703164103,11703164607,0.0,0.0
11703164103,11703164609,0.0,0.0
11703164103,11703164613,0.20644227,147.58096
11703164103,11703164620,0.0,0.0
11703164104,11703133128,0.0,0.0
11703164104,11703164103,0.0,0.0
11703164104,11703164104,0.24247363,120.58318
11703164104,11703164106,0.14733967,73.27266
11703164104,11703164109,0.0,0.0
11703164104,11703164114,0.0,0.0
11703164104,11703164115,0.0,0.0
11703164104,11703164117,0.0,0.0
11703164104,11703164118,0.0,0.0
11703164104,11703164119,0.0,0.0
11703164104,11703164121,0.077677935,38.629574
11703164104,11703164124,0.0,0.0
11703164104,11703164125,0.31143656,154.87875
11703164104,11703164126,0.0,0.0
11703164104,11703164128,0.22107229,109.9402
11703164104,11703164510,0.0,0.0
11703164104,11703164604,0.0,0.0
11703164104,11703164605,0.0,0.0
11703164104,11703164606,0.0,0.0
11703164104,11703164607,0.0,0.0
11703164104,11703164610,0.0,0.0
11703164104,11703164613,0.0,0.0
11703164104,11703164618,0.0,0.0
11703164105,11703164101,0.0,0.0
11703164105,11703164105,0.4823319,774.45404
11703164105,11703164115,0.0,0.0
11703164105,11703164117,0.21836066,350.6098
11703164105,11703164121,0.2993074,480.5816
11703164105,11703164123,0.0,0.0
11703164105,11703164124,0.0,0.0
11703164105,11703164125,0.0,0.0
11703164105,11703164128,0.0,0.0
11703164105,11703164407,0.0,0.0
11703164105,11703164510,0.0,0.0
11703164105,11703164530,0.0,0.0
11703164106,11703164101,0.0,0.0
11703164106,11703164103,0.0,0.0
11703164106,11703164104,0.0,0.0
11703164106,11703164106,0.0,0.0
11703164106,11703164107,0.06546736,30.853903
11703164106,11703164108,0.13175857,62.09608
11703164106,11703164109,0.0,0.0
11703164106,11703164110,0.0,0.0
11703164106,11703164114,0.0,0.0
11703164106,11703164115,0.0,0.0
11703164106,11703164116,0.3094976,145.86214
11703164106,11703164117,0.0,0.0
11703164106,11703164118,0.0,0.0
11703164106,11703164119,0.0,0.0
11703164106,11703164121,0.0,0.0
11703164106,11703164124,0.0,0.0
11703164106,11703164125,0.0,0.0
11703164106,11703164126,0.0,0.0
11703164106,11703164128,0.0,0.0
11703164106,11703164129,0.49327645,232.4747
11703164107,11703133128,0.0,0.0
11703164107,11703164101,0.090390205,51.25454
11703164107,11703164103,0.0,0.0
11703164107,11703164106,0.64792216,367.39548
11703164107,11703164107,0.0,0.0
11703164107,11703164108,0.0,0.0
11703164107,11703164109,0.0,0.0
11703164107,11703164110,0.0,0.0
11703164107,11703164111,0.0,0.0
11703164107,11703164112,0.0,0.0
11703164107,11703164113,0.0,0.0
11703164107,11703164115,0.0,0.0
11703164107,11703164116,0.2616876,148.38641
11703164107,11703164120,0.0,0.0
11703164107,11703164121,0.0,0.0
11703164107,11703164122,0.0,0.0
11703164107,11703164124,0.0,0.0
11703164107,11703164126,0.0,0.0
11703164107,11703164127,0.0,0.0
11703164107,11703164128,0.0,0.0
11703164107,11703164129,0.0,0.0
11703164107,11703164130,0.0,0.0
11703164108,11703164101,0.0,0.0
11703164108,11703164103,0.0,0.0
11703164108,11703164106,0.619186,295.42627
11703164108,11703164107,0.0,0.0
11703164108,11703164108,0.21569172,102.91092
11703164108,11703164109,0.0,0.0
11703164108,11703164110,0.0,0.0
11703164108,11703164111,0.0,0.0
11703164108,11703164112,0.16512224,78.783195
11703164108,11703164113,0.0,0.0
11703164108,11703164115,0.0,0.0
11703164108,11703164116,0.0,0.0
11703164108,11703164120,0.0,0.0
11703164108,11703164121,0.0,0.0
11703164108,11703164122,0.0,0.0
11703164108,11703164124,0.0,0.0
11703164108,11703164126,0.0,0.0
11703164108,11703164127,0.0,0.0
11703164108,11703164128,0.0,0.0
11703164108,11703164129,0.0,0.0
11703164108,11703164130,0.0,0.0
11703164109,11703133116,0.4135115,1923.2847
11703164109,11703133127,0.0,0.0
11703164109,11703133128,0.44416738,2065.8682
11703164109,11703133129,0.0,0.0
11703164109,11703133130,0.0,0.0
11703164109,11703164101,0.0,0.0
11703164109,11703164103,0.0,0.0
11703164109,11703164104,0.0,0.0
11703164109,11703164106,0.0,0.0
11703164109,11703164107,0.0,0.0
11703164109,11703164108,0.0,0.0
11703164109,11703164109,0.0,0.0
11703164109,11703164110,0.0,0.0
11703164109,11703164112,0.13617015,633.3414
11703164109,11703164113,0.0,0.0
11703164109,11703164114,0.0,0.0
11703164109,11703164115,0.0,0.0
11703164109,11703164116,0.0,0.0
11703164109,11703164118,0.0,0.0
11703164109,11703164121,0.0,0.0
11703164109,11703164122,0.006150961,28.608753
11703164109,11703164124,0.0,0.0
11703164109,11703164126,0.0,0.0
11703164109,11703164128,0.0,0.0
11703164109,11703164129,0.0,0.0
11703164109,11703164130,0.0,0.0
11703164109,11703164607,0.0,0.0
11703164109,11703164609,0.0,0.0
11703164109,11703164620,0.0,0.0
11703164110,11703164101,0.1067414,74.64997
11703164110,11703164103,0.0,0.0
11703164110,11703164106,0.515742,360.68597
11703164110,11703164107,0.0,0.0
11703164110,11703164108,0.0,0.0
11703164110,11703164109,0.0,0.0
11703164110,11703164110,0.25076252,175.37166
11703164110,11703164112,0.0,0.0
11703164110,11703164113,0.0,0.0
11703164110,11703164115,0.0,0.0
11703164110,11703164116,0.12675413,88.64595
11703164110,11703164121,0.0,0.0
11703164110,11703164122,0.0,0.0
11703164110,11703164124,0.0,0.0
11703164110,11703164126,0.0,0.0
11703164110,11703164128,0.0,0.0
11703164110,11703164129,0.0,0.0
11703164110,11703164130,0.0,0.0
11703164111,11703164101,0.0,0.0
11703164111,11703164102,0.7561472,434.51544
11703164111,11703164107,0.0,0.0
11703164111,11703164108,0.0,0.0
11703164111,11703164111,0.10795683,62.03674
11703164111,11703164113,0.0,0.0
11703164111,11703164116,0.0,0.0
11703164111,11703164120,0.13589591,78.09177
11703164111,11703164122,0.0,0.0
11703164111,11703164123,0.0,0.0
11703164111,11703164124,0.0,0.0
11703164111,11703164127,0.0,0.0
11703164111,11703164129,0.0,0.0
11703164111,11703164130,0.0,0.0
11703164112,11703164107,0.0,0.0
11703164112,11703164108,0.0,0.0
11703164112,11703164109,0.0,0.0
11703164112,11703164110,0.0,0.0
11703164112,11703164112,0.5798674,229.34044
11703164112,11703164113,0.0,0.0
11703164112,11703164122,0.30697334,121.40947
11703164112,11703164124,0.0,0.0
11703164112,11703164129,0.11315924,44.75504
11703164112,11703164130,0.0,0.0
11703164113,11703164107,0.0,0.0
11703164113,11703164108,0.0,0.0
11703164113,11703164109,0.0,0.0
11703164113,11703164110,0.001042366,0.8571611
11703164113,11703164111,0.0,0.0
11703164113,11703164112,0.77312076,635.75464
11703164113,11703164113,0.032363415,26.613167
11703164113,11703164116,0.0,0.0
11703164113,11703164120,0.15431643,126.89788
11703164113,11703164122,0.039156914,32.199615
11703164113,11703164124,0.0,0.0
11703164113,11703164127,0.0,0.0
11703164113,11703164129,0.0,0.0
11703164113,11703164130,0.0,0.0
11703164114,11703164103,0.0,0.0
11703164114,11703164104,0.058521748,33.822235
11703164114,11703164106,0.56093293,324.18726
11703164114,11703164109,0.0,0.0
11703164114,11703164114,0.38054523,219.93344
11703164114,11703164115,0.0,0.0
11703164114,11703164117,0.0,0.0
11703164114,11703164118,0.0,0.0
11703164114,11703164119,0.0,0.0
11703164114,11703164121,0.0,0.0
11703164114,11703164124,0.0,0.0
11703164114,11703164125,0.0,0.0
11703164114,11703164126,0.0,0.0
11703164114,11703164128,0.0,0.0
11703164114,11703164510,0.0,0.0
11703164114,11703164613,0.0,0.0
11703164115,11703164101,0.55212927,2787.0688
11703164115,11703164102,0.0,0.0
11703164115,11703164103,0.0,0.0
11703164115,11703164104,0.0,0.0
11703164115,11703164105,0.021222472,107.127975
11703164115,11703164106,0.4266482,2153.6584
11703164115,11703164107,0.0,0.0
11703164115,11703164108,0.0,0.0
11703164115,11703164109,0.0,0.0
11703164115,11703164110,0.0,0.0
11703164115,11703164114,0.0,0.0
11703164115,11703164115,0.0,0.0
11703164115,11703164116,0.0,0.0
11703164115,11703164117,0.0,0.0
11703164115,11703164119,0.0,0.0
11703164115,11703164121,0.0,0.0
11703164115,11703164123,0.0,0.0
11703164115,11703164124,0.0,0.0
11703164115,11703164125,0.0,0.0
11703164115,11703164126,0.0,0.0
11703164115,11703164127,0.0,0.0
11703164115,11703164128,0.0,0.0
11703164115,11703164129,0.0,0.0
11703164115,11703164407,0.0,0.0
11703164115,11703164510,0.0,0.0
11703164115,11703164530,0.0,0.0
11703164116,11703164101,0.0,0.0
11703164116,11703164102,0.0,0.0
11703164116,11703164103,0.0,0.0
11703164116,11703164106,0.6775096,350.6723
11703164116,11703164107,0.23637119,122.3434
11703164116,11703164108,0.086119235,44.574467
11703164116,11703164109,0.0,0.0
11703164116,11703164110,0.0,0.0
11703164116,11703164111,0.0,0.0
11703164116,11703164113,0.0,0.0
11703164116,11703164115,0.0,0.0
11703164116,11703164116,0.0,0.0
11703164116,11703164120,0.0,0.0
11703164116,11703164121,0.0,0.0
11703164116,11703164122,0.0,0.0
11703164116,11703164123,0.0,0.0
11703164116,11703164124,0.0,0.0
11703164116,11703164126,0.0,0.0
11703164116,11703164127,0.0,0.0
11703164116,11703164128,0.0,0.0
11703164116,11703164129,0.0,0.0
11703164117,11703164104,0.0,0.0
11703164117,11703164105,0.0,0.0
11703164117,11703164106,0.0,0.0
11703164117,11703164114,0.0,0.0
11703164117,11703164115,0.0,0.0
11703164117,11703164117,0.5243147,372.74548
11703164117,11703164119,0.0,0.0
11703164117,11703164121,0.0,0.0
11703164117,11703164123,0.0,0.0
11703164117,11703164124,0.0,0.0
11703164117,11703164125,0.18422532,130.96935
11703164117,11703164128,0.0,0.0
11703164117,11703164407,0.0,0.0
11703164117,11703164501,0.0,0.0
11703164117,11703164503,0.0,0.0
11703164117,11703164506,0.0,0.0
11703164117,11703164510,0.0,0.0
11703164117,11703164511,0.0,0.0
11703164117,11703164513,0.0,0.0
11703164117,11703164515,0.09655687,68.64415
11703164117,11703164516,0.0,0.0
11703164117,11703164524,0.19490314,138.56041
11703164117,11703164530,0.0,0.0
11703164117,11703164604,0.0,0.0
11703164117,11703164610,0.0,0.0
11703164117,11703164613,0.0,0.0
11703164118,11703133116,0.0,0.0
11703164118,11703133127,0.0,0.0
11703164118,11703133128,0.0,0.0
11703164118,11703133129,0.0,0.0
11703164118,11703133130,0.0,0.0
11703164118,11703164103,0.20835242,1360.4542
11703164118,11703164104,0.0,0.0
11703164118,11703164106,0.0,0.0
11703164118,11703164109,0.0,0.0
11703164118,11703164114,0.0,0.0
11703164118,11703164118,0.46784583,3054.8376
11703164118,11703164119,0.0,0.0
11703164118,11703164124,0.0,0.0
11703164118,11703164125,0.0,0.0
11703164118,11703164126,0.32380167,2114.2896
11703164118,11703164128,0.0,0.0
11703164118,11703164510,0.0,0.0
11703164118,11703164604,0.0,0.0
11703164118,11703164605,0.0,0.0
11703164118,11703164606,0.0,0.0
11703164118,11703164607,0.0,0.0
11703164118,11703164609,0.0,0.0
11703164118,11703164610,0.0,0.0
11703164118,11703164613,0.0,0.0
11703164118,11703164618,0.0,0.0
11703164118,11703164620,0.0,0.0
11703164119,11703133128,0.0,0.0
11703164119,11703164103,0.0,0.0
11703164119,11703164104,0.0,0.0
11703164119,11703164106,0.0,0.0
11703164119,11703164114,0.0,0.0
11703164119,11703164115,0.0,0.0
11703164119,11703164117,0.0,0.0
11703164119,11703164118,0.0,0.0
11703164119,11703164119,0.6555843,518.5041
11703164119,11703164121,0.0,0.0
11703164119,11703164124,0.0,0.0
11703164119,11703164125,0.091650605,72.48682
11703164119,11703164126,0.0,0.0
11703164119,11703164128,0.0,0.0
11703164119,11703164407,0.0,0.0
11703164119,11703164501,0.0,0.0
11703164119,11703164503,0.11294806,89.33105
11703164119,11703164506,0.0,0.0
11703164119,11703164510,0.0,0.0
11703164119,11703164511,0.0,0.0
11703164119,11703164513,0.0,0.0
11703164119,11703164515,0.08629233,68.24893
11703164119,11703164516,0.0,0.0
11703164119,11703164524,0.028268397,22.357582
11703164119,11703164530,0.0,0.0
11703164119,11703164604,0.0,0.0
11703164119,11703164605,0.0,0.0
11703164119,11703164606,0.0,0.0
11703164119,11703164607,0.0,0.0
11703164119,11703164610,0.0,0.0
11703164119,11703164613,0.025256276,19.975285
11703164119,11703164618,0.0,0.0
11703164120,11703164107,0.0,0.0
11703164120,11703164108,0.0,0.0
11703164120,11703164111,0.0,0.0
11703164120,11703164113,0.0,0.0
11703164120,11703164116,0.0,0.0
11703164120,11703164120,0.7231771,366.1809
11703164120,11703164122,0.2768229,140.16934
11703164120,11703164124,0.0,0.0
11703164120,11703164127,0.0,0.0
11703164120,11703164129,0.0,0.0
11703164120,11703164130,0.0,0.0
11703164121,11703164101,0.0,0.0
11703164121,11703164103,0.0,0.0
11703164121,11703164104,0.0,0.0
11703164121,11703164105,0.0,0.0
11703164121,11703164106,0.0,0.0
11703164121,11703164107,0.07924482,40.78923
11703164121,11703164108,0.13249946,68.20068
11703164121,11703164109,0.0,0.0
11703164121,11703164110,0.0,0.0
11703164121,11703164114,0.0,0.0
11703164121,11703164115,0.0,0.0
11703164121,11703164116,0.2632596,135.50609
11703164121,11703164117,0.0,0.0
11703164121,11703164119,0.0,0.0
11703164121,11703164121,0.0,0.0
11703164121,11703164123,0.0,0.0
11703164121,11703164124,0.0,0.0
11703164121,11703164125,0.16124901,82.99878
11703164121,11703164126,0.0,0.0
11703164121,11703164128,0.0,0.0
11703164121,11703164129,0.36374715,187.22948
11703164121,11703164510,0.0,0.0
11703164121,11703164530,0.0,0.0
11703164122,11703164107,0.0,0.0
11703164122,11703164108,0.0,0.0
11703164122,11703164109,0.0,0.0
11703164122,11703164110,0.0,0.0
11703164122,11703164111,0.0,0.0
11703164122,11703164112,0.5375407,278.6779
11703164122,11703164113,0.0,0.0
11703164122,11703164116,0.0,0.0
11703164122,11703164120,0.15493453,80.32291
11703164122,11703164122,0.30752474,159.43045
11703164122,11703164124,0.0,0.0
11703164122,11703164127,0.0,0.0
11703164122,11703164129,0.0,0.0
11703164122,11703164130,0.0,0.0
11703164123,11703164101,0.18281454,563.9892
11703164123,11703164102,0.81718546,2521.0454
11703164123,11703164105,0.0,0.0
11703164123,11703164111,0.0,0.0
11703164123,11703164115,0.0,0.0
11703164123,11703164116,0.0,0.0
11703164123,11703164117,0.0,0.0
11703164123,11703164121,0.0,0.0
11703164123,11703164123,0.0,0.0
11703164123,11703164124,0.0,0.0
11703164123,11703164127,0.0,0.0
11703164123,11703164128,0.0,0.0
11703164123,11703164129,0.0,0.0
11703164123,11703164407,0.0,0.0
11703164123,11703164510,0.0,0.0
11703164123,11703164530,0.0,0.0
11703164124,11703133128,0.0,0.0
11703164124,11703164101,0.049123183,105.75201
11703164124,11703164102,0.0,0.0
11703164124,11703164103,0.23226191,500.01163
11703164124,11703164104,0.0,0.0
11703164124,11703164105,0.0,0.0
11703164124,11703164106,0.271811,585.15265
11703164124,11703164107,0.0,0.0
11703164124,11703164108,0.0,0.0
11703164124,11703164109,0.0,0.0
11703164124,11703164110,0.0,0.0
11703164124,11703164111,0.0,0.0
11703164124,11703164112,0.0,0.0
11703164124,11703164113,0.0,0.0
11703164124,11703164114,0.0,0.0
11703164124,11703164115,0.0,0.0
11703164124,11703164116,0.035187736,75.751884
11703164124,11703164117,0.0,0.0
11703164124,11703164118,0.0,0.0
11703164124,11703164119,0.014662206,31.564684
11703164124,11703164120,0.0,0.0
11703164124,11703164121,0.0,0.0
11703164124,11703164122,0.0,0.0
11703164124,11703164123,0.0,0.0
11703164124,11703164124,0.0,0.0
11703164124,11703164125,0.20336749,437.80795
11703164124,11703164126,0.1935864,416.75128
11703164124,11703164127,0.0,0.0
11703164124,11703164128,0.0,0.0
11703164124,11703164129,0.0,0.0
11703164124,11703164130,0.0,0.0
11703164124,11703164530,0.0,0.0
11703164125,11703164104,0.0,0.0
11703164125,11703164105,0.0,0.0
11703164125,11703164106,0.0,0.0
11703164125,11703164114,0.0,0.0
11703164125,11703164115,0.0,0.0
11703164125,11703164117,0.11465025,59.805004
11703164125,11703164118,0.0,0.0
11703164125,11703164119,0.26790464,139.74709
11703164125,11703164121,0.0,0.0
11703164125,11703164124,0.0,0.0
11703164125,11703164125,0.5497087,286.74454
11703164125,11703164128,0.0,0.0
11703164125,11703164407,0.0,0.0
11703164125,11703164501,0.0,0.0
11703164125,11703164503,0.0,0.0
11703164125,11703164506,0.0,0.0
11703164125,11703164510,0.0,0.0
11703164125,11703164511,0.0,0.0
11703164125,11703164513,0.0,0.0
11703164125,11703164515,0.0,0.0
11703164125,11703164516,0.0,0.0
11703164125,11703164524,0.04826796,25.178013
11703164125,11703164530,0.0,0.0
11703164125,11703164604,0.0,0.0
11703164125,11703164610,0.019468307,10.155252
11703164125,11703164613,0.0,0.0
11703164126,11703133128,0.0,0.0
11703164126,11703164101,0.0,0.0
11703164126,11703164103,0.0,0.0
11703164126,11703164104,0.0,0.0
11703164126,11703164106,0.0,0.0
11703164126,11703164107,0.0,0.0
11703164126,11703164108,0.0,0.0
11703164126,11703164109,0.0,0.0
11703164126,11703164110,0.0,0.0
11703164126,11703164114,0.0,0.0
11703164126,11703164115,0.0,0.0
11703164126,11703164116,0.0,0.0
11703164126,11703164118,0.11578044,65.89339
11703164126,11703164119,0.0,0.0
11703164126,11703164121,0.0,0.0
11703164126,11703164124,0.28443822,161.88052
11703164126,11703164126,0.33146378,188.64388
11703164126,11703164128,0.0,0.0
11703164126,11703164129,0.26831755,152.70587
11703164126,11703164130,0.0,0.0
11703164126,11703164607,0.0,0.0
11703164126,11703164613,0.0,0.0
11703164127,11703164101,0.0,0.0
11703164127,11703164102,0.66218746,349.78137
11703164127,11703164107,0.0,0.0
11703164127,11703164108,0.0,0.0
11703164127,11703164111,0.0,0.0
11703164127,11703164113,0.0,0.0
11703164127,11703164115,0.0,0.0
11703164127,11703164116,0.0,0.0
11703164127,11703164120,0.17762017,93.822716
11703164127,11703164122,0.16019237,84.61698
11703164127,11703164123,0.0,0.0
11703164127,11703164124,0.0,0.0
11703164127,11703164127,0.0,0.0
11703164127,11703164129,0.0,0.0
11703164127,11703164530,0.0,0.0
11703164128,11703164101,0.0,0.0
11703164128,11703164103,0.0,0.0
11703164128,11703164104,0.0,0.0
11703164128,11703164105,0.0,0.0
11703164128,11703164106,0.0,0.0
11703164128,11703164107,0.25973365,395.49185
11703164128,11703164108,0.20327944,309.53
11703164128,11703164109,0.0,0.0
11703164128,11703164110,0.0,0.0
11703164128,11703164114,0.0,0.0
11703164128,11703164115,0.0,0.0
11703164128,11703164116,0.31571144,480.72824
11703164128,11703164117,0.0,0.0
11703164128,11703164118,0.0,0.0
11703164128,11703164119,0.0,0.0
11703164128,11703164121,0.0,0.0
11703164128,11703164123,0.0,0.0
11703164128,11703164124,0.0,0.0
11703164128,11703164125,0.0,0.0
11703164128,11703164126,0.0,0.0
11703164128,11703164128,0.0,0.0
11703164128,11703164129,0.22127542,336.9322
11703164128,11703164510,0.0,0.0
11703164128,11703164530,0.0,0.0
11703164128,11703164613,0.0,0.0
11703164129,11703164101,0.0,0.0
11703164129,11703164102,0.0,0.0
11703164129,11703164103,0.0,0.0
11703164129,11703164106,0.625838,303.48608
11703164129,11703164107,0.0,0.0
11703164129,11703164108,0.0,0.0
11703164129,11703164109,0.0,0.0
11703164129,11703164110,0.0,0.0
11703164129,11703164111,0.0,0.0
11703164129,11703164112,0.17374238,84.25247
11703164129,11703164113,0.0,0.0
11703164129,11703164115,0.0,0.0
11703164129,11703164116,0.0,0.0
11703164129,11703164120,0.0,0.0
11703164129,11703164121,0.0,0.0
11703164129,11703164122,0.0,0.0
11703164129,11703164123,0.0,0.0
11703164129,11703164124,0.0,0.0
11703164129,11703164126,0.0,0.0
11703164129,11703164127,0.0,0.0
11703164129,11703164128,0.0,0.0
11703164129,11703164129,0.20041957,97.18897
11703164129,11703164130,0.0,0.0
11703164130,11703133128,0.0,0.0
11703164130,11703164103,0.0,0.0
11703164130,11703164107,0.0,0.0
11703164130,11703164108,0.0,0.0
11703164130,11703164109,0.0,0.0
11703164130,11703164110,0.0,0.0
11703164130,11703164111,0.0,0.0
11703164130,11703164112,0.25578424,1462.5519
11703164130,11703164113,0.13022241,744.6003
11703164130,11703164120,0.09120759,521.517
11703164130,11703164122,0.15005276,857.98846
11703164130,11703164124,0.0,0.0
11703164130,11703164126,0.0,0.0
11703164130,11703164129,0.0,0.0
11703164130,11703164130,0.37273297,2131.2544
11703164201,11703133009,0.0,0.0
11703164201,11703133601,0.0,0.0
11703164201,11703133608,0.0,0.0
11703164201,11703163901,0.0,0.0
11703164201,11703164201,0.0,0.0
11703164201,11703164205,0.0,0.0
11703164201,11703164206,0.0,0.0
11703164201,11703164207,0.0,0.0
11703164201,11703164208,0.24917898,491.4612
11703164201,11703164210,0.0,0.0
11703164201,11703164211,0.107908994,212.8313
11703164201,11703164213,0.28211728,556.42615
11703164201,11703164214,0.0,0.0
11703164201,11703164217,0.0,0.0
11703164201,11703164218,0.1317266,259.80728
11703164201,11703164224,0.0,0.0
11703164201,11703164225,0.0,0.0
11703164201,11703164226,0.0,0.0
11703164201,11703164227,0.0,0.0
11703164201,11703164228,0.0,0.0
11703164201,11703164230,0.1512163,298.24725
11703164201,11703164231,0.07785192,153.54907
11703164201,11703164232,0.0,0.0
11703164201,11703164233,0.0,0.0
11703164201,11703164703,0.0,0.0
11703164201,11703164704,0.0,0.0
11703164201,11703164707,0.0,0.0
11703164201,11703164720,0.0,0.0
11703164201,11703164722,0.0,0.0
11703164201,11703164732,0.0,0.0
11703164202,11703133626,0.45251164,258.43857
11703164202,11703133628,0.0,0.0
11703164202,11703133636,0.0,0.0
11703164202,11703164202,0.0,0.0
11703164202,11703164204,0.0,0.0
11703164202,11703164205,0.0,0.0
11703164202,11703164215,0.0,0.0
11703164202,11703164216,0.0,0.0
11703164202,11703164217,0.0,0.0
11703164202,11703164219,0.07508293,42.88138
11703164202,11703164220,0.18844649,107.6256
11703164202,11703164221,0.037581235,21.463404
11703164202,11703164222,0.23275828,132.93297
11703164202,11703164223,0.0,0.0
11703164202,11703164225,0.0,0.0
11703164202,11703164229,0.0,0.0
11703164202,11703164232,0.0,0.0
11703164202,11703164704,0.0,0.0
11703164202,11703164712,0.0,0.0
11703164202,11703164713,0.0,0.0
11703164202,11703164716,0.0,0.0
11703164202,11703164722,0.0,0.0
11703164202,11703164726,0.013619572,7.7784133
11703164203,11703133003,0.0,0.0
11703164203,11703133004,0.40890893,4073.5923
11703164203,11703133005,0.0,0.0
11703164203,11703133006,0.0,0.0
11703164203,11703133007,0.21056744,2097.6943
11703164203,11703133008,0.28407046,2829.9387
11703164203,11703133009,0.049283355,490.9658
11703164203,11703133010,0.0,0.0
11703164203,11703133016,0.0,0.0
11703164203,11703133023,0.0,0.0
11703164203,11703133026,0.0,0.0
11703164203,11703133027,0.0,0.0
11703164203,11703133028,0.0,0.0
11703164203,11703133033,0.0,0.0
11703164203,11703133040,0.047169775,469.9101
11703164203,11703133042,0.0,0.0
11703164203,11703133045,0.0,0.0
11703164203,11703133047,0.0,0.0
11703164203,11703133048,0.0,0.0
11703164203,11703133050,0.0,0.0
11703164203,11703133051,0.0,0.0
11703164203,11703163801,0.0,0.0
11703164203,11703163802,0.0,0.0
11703164203,11703163807,0.0,0.0
11703164203,11703164003,0.0,0.0
11703164203,11703164004,0.0,0.0
11703164203,11703164009,0.0,0.0
11703164203,11703164016,0.0,0.0
11703164203,11703164018,0.0,0.0
11703164203,11703164024,0.0,0.0
11703164203,11703164027,0.0,0.0
11703164203,11703164034,0.0,0.0
11703164203,11703164203,0.0,0.0
11703164203,11703164207,0.0,0.0
11703164203,11703164209,0.0,0.0
11703164203,11703164210,0.0,0.0
11703164203,11703164211,0.0,0.0
11703164203,11703164212,0.0,0.0
11703164203,11703164230,0.0,0.0
11703164203,11703164233,0.0,0.0
11703164203,11703164709,0.0,0.0
11703164203,11703164718,0.0,0.0
11703164203,11703164732,0.0,0.0
11703164204,11703164202,0.0,0.0
11703164204,11703164204,0.3617478,157.54657
11703164204,11703164215,0.0,0.0
11703164204,11703164219,0.0,0.0
11703164204,11703164220,0.0,0.0
11703164204,11703164222,0.0,0.0
11703164204,11703164223,0.0,0.0
11703164204,11703164229,0.0,0.0
11703164204,11703164712,0.0,0.0
11703164204,11703164713,0.0,0.0
11703164204,11703164716,0.0,0.0
11703164204,11703164722,0.0,0.0
11703164204,11703164725,0.0,0.0
11703164204,11703164726,0.0,0.0
11703164204,11703164729,0.63825214,277.96832
11703164204,11801134514,0.0,0.0
11703164205,11703133601,0.044472337,23.875614
11703164205,11703133606,0.0,0.0
11703164205,11703133607,0.05953622,31.962875
11703164205,11703133608,0.0,0.0
11703164205,11703164201,0.0,0.0
11703164205,11703164202,0.0,0.0
11703164205,11703164205,0.0,0.0
11703164205,11703164206,0.0,0.0
11703164205,11703164208,0.7242496,388.82382
11703164205,11703164211,0.0,0.0
11703164205,11703164213,0.0,0.0
11703164205,11703164214,0.0,0.0
11703164205,11703164216,0.0,0.0
11703164205,11703164217,0.0,0.0
11703164205,11703164218,0.057673812,30.963015
11703164205,11703164224,0.0,0.0
11703164205,11703164225,0.0,0.0
11703164205,11703164226,0.0,0.0
11703164205,11703164227,0.0,0.0
11703164205,11703164228,0.0,0.0
11703164205,11703164229,0.0,0.0
11703164205,11703164230,0.0,0.0
11703164205,11703164231,0.043662906,23.44106
11703164205,11703164232,0.0,0.0
11703164205,11703164233,0.0,0.0
11703164205,11703164704,0.0,0.0
11703164205,11703164707,0.0,0.0
11703164205,11703164710,0.07040501,37.79794
11703164205,11703164711,0.0,0.0
11703164205,11703164712,0.0,0.0
11703164205,11703164716,0.0,0.0
11703164205,11703164720,0.0,0.0
11703164205,11703164722,0.0,0.0
11703164205,11703164723,0.0,0.0
11703164205,11703164724,0.0,0.0
11703164206,11703164201,0.0,0.0
11703164206,11703164205,0.0,0.0
11703164206,11703164206,0.45608807,253.78175
11703164206,11703164211,0.0,0.0
11703164206,11703164213,0.3485283,193.93211
11703164206,11703164214,0.0,0.0
11703164206,11703164231,0.0,0.0
11703164206,11703164703,0.0,0.0
11703164206,11703164704,0.0,0.0
11703164206,11703164707,0.19538364,108.717606
11703164206,11703164711,0.0,0.0
11703164206,11703164718,0.0,0.0
11703164206,11703164720,0.0,0.0
11703164206,11703164724,0.0,0.0
11703164206,11703164732,0.0,0.0
11703164207,11703133003,0.0,0.0
11703164207,11703133004,0.0,0.0
11703164207,11703133005,0.0,0.0
11703164207,11703133007,0.0,0.0
11703164207,11703133008,0.0,0.0
11703164207,11703133009,0.2096718,821.0691
11703164207,11703133010,0.0,0.0
11703164207,11703133023,0.0,0.0
11703164207,11703133027,0.0,0.0
11703164207,11703133040,0.0,0.0
11703164207,11703133045,0.0,0.0
11703164207,11703163801,0.0,0.0
11703164207,11703163802,0.0,0.0
11703164207,11703163804,0.0,0.0
11703164207,11703163807,0.0,0.0
11703164207,11703163813,0.0,0.0
11703164207,11703163901,0.0,0.0
11703164207,11703163903,0.0,0.0
11703164207,11703163906,0.0,0.0
11703164207,11703163907,0.0,0.0
11703164207,11703164003,0.0,0.0
11703164207,11703164016,0.0,0.0
11703164207,11703164034,0.0,0.0
11703164207,11703164201,0.0,0.0
11703164207,11703164203,0.0,0.0
11703164207,11703164207,0.0,0.0
11703164207,11703164208,0.0,0.0
11703164207,11703164209,0.0,0.0
11703164207,11703164210,0.63228124,2475.9963
11703164207,11703164211,0.0,0.0
11703164207,11703164212,0.0,0.0
11703164207,11703164224,0.0,0.0
11703164207,11703164230,0.1580469,618.9074
11703164207,11703164233,0.0,0.0
11703164207,11703164718,0.0,0.0
11703164207,11703164732,0.0,0.0
11703164208,11703133601,0.0,0.0
11703164208,11703163804,0.0,0.0
11703164208,11703163813,0.08967784,45.782337
11703164208,11703163901,0.0,0.0
11703164208,11703163903,0.0,0.0
11703164208,11703163906,0.0,0.0
11703164208,11703163907,0.0,0.0
11703164208,11703164201,0.0,0.0
11703164208,11703164205,0.0,0.0
11703164208,11703164207,0.0,0.0
11703164208,11703164208,0.15596595,79.62375
11703164208,11703164209,0.0,0.0
11703164208,11703164210,0.0,0.0
11703164208,11703164211,0.3094963,158.00409
11703164208,11703164212,0.0,0.0
11703164208,11703164213,0.0,0.0
11703164208,11703164214,0.0,0.0
11703164208,11703164218,0.0,0.0
11703164208,11703164224,0.0,0.0
11703164208,11703164226,0.0,0.0
11703164208,11703164227,0.17428485,88.975914
11703164208,11703164230,0.14885119,75.991516
11703164208,11703164231,0.06349161,32.413742
11703164208,11703164233,0.058232337,29.728777
11703164209,11703133003,0.49377856,213.5278
11703164209,11703133004,0.0,0.0
11703164209,11703133005,0.0,0.0
11703164209,11703133007,0.0,0.0
11703164209,11703133008,0.0,0.0
11703164209,11703133009,0.0,0.0
11703164209,11703133010,0.0,0.0
11703164209,11703133023,0.047330648,20.467493
11703164209,11703133027,0.0,0.0
11703164209,11703133040,0.0,0.0
11703164209,11703133045,0.0,0.0
11703164209,11703163801,0.0,0.0
11703164209,11703163802,0.0,0.0
11703164209,11703163803,0.0,0.0
11703164209,11703163804,0.0,0.0
11703164209,11703163805,0.0,0.0
11703164209,11703163806,0.0,0.0
11703164209,11703163807,0.0,0.0
11703164209,11703163813,0.0,0.0
11703164209,11703163901,0.0,0.0
11703164209,11703163903,0.0,0.0
11703164209,11703163906,0.0,0.0
11703164209,11703163907,0.0,0.0
11703164209,11703164003,0.42606685,184.2468
11703164209,11703164007,0.0,0.0
11703164209,11703164011,0.03282395,14.19427
11703164209,11703164016,0.0,0.0
11703164209,11703164024,0.0,0.0
11703164209,11703164027,0.0,0.0
11703164209,11703164034,0.0,0.0
11703164209,11703164203,0.0,0.0
11703164209,11703164207,0.0,0.0
11703164209,11703164208,0.0,0.0
11703164209,11703164209,0.0,0.0
11703164209,11703164210,0.0,0.0
11703164209,11703164212,0.0,0.0
11703164209,11703164224,0.0,0.0
11703164209,11703164230,0.0,0.0
11703164209,11703164233,0.0,0.0
11703164210,11703133009,0.0,0.0
11703164210,11703133601,0.0,0.0
11703164210,11703163801,0.0,0.0
11703164210,11703163802,0.0,0.0
11703164210,11703163803,0.0,0.0
11703164210,11703163804,0.0,0.0
11703164210,11703163805,0.0,0.0
11703164210,11703163807,0.0,0.0
11703164210,11703163813,0.0,0.0
11703164210,11703163901,1.0,680.5514
11703164210,11703163902,0.0,0.0
11703164210,11703163903,0.0,0.0
11703164210,11703163906,0.0,0.0
11703164210,11703163907,0.0,0.0
11703164210,11703163908,0.0,0.0
11703164210,11703163909,0.0,0.0
11703164210,11703163910,0.0,0.0
11703164210,11703163911,0.0,0.0
11703164210,11703163915,0.0,0.0
11703164210,11703163917,0.0,0.0
11703164210,11703163918,0.0,0.0
11703164210,11703164003,0.0,0.0
11703164210,11703164016,0.0,0.0
11703164210,11703164201,0.0,0.0
11703164210,11703164203,0.0,0.0
11703164210,11703164207,0.0,0.0
11703164210,11703164208,0.0,0.0
11703164210,11703164209,0.0,0.0
11703164210,11703164210,0.0,0.0
11703164210,11703164212,0.0,0.0
11703164210,11703164224,0.0,0.0
11703164210,11703164226,0.0,0.0
11703164210,11703164230,0.0,0.0
11703164210,11703164233,0.0,0.0
11703164210,11703164521,0.0,0.0
11703164211,11703133009,0.09714985,44.664997
11703164211,11703133010,0.0,0.0
11703164211,11703133023,0.10609567,48.77787
11703164211,11703164201,0.0,0.0
11703164211,11703164203,0.0,0.0
11703164211,11703164205,0.0,0.0
11703164211,11703164206,0.0,0.0
11703164211,11703164207,0.0,0.0
11703164211,11703164208,0.0,0.0
11703164211,11703164211,0.6747041,310.19766
11703164211,11703164213,0.0,0.0
11703164211,11703164214,0.0,0.0
11703164211,11703164218,0.0,0.0
11703164211,11703164224,0.0,0.0
11703164211,11703164226,0.0,0.0
11703164211,11703164227,0.0,0.0
11703164211,11703164230,0.0,0.0
11703164211,11703164231,0.0,0.0
11703164211,11703164233,0.0,0.0
11703164211,11703164703,0.0,0.0
11703164211,11703164707,0.0,0.0
11703164211,11703164718,0.0,0.0
11703164211,11703164732,0.122050405,56.113117
11703164212,11703163801,0.0,0.0
11703164212,11703163802,0.0,0.0
11703164212,11703163803,0.18465632,88.28413
11703164212,11703163804,0.0,0.0
11703164212,11703163805,0.0,0.0
11703164212,11703163807,0.0,0.0
11703164212,11703163813,0.09476179,45.30558
11703164212,11703163901,0.0,0.0
11703164212,11703163903,0.0,0.0
11703164212,11703163906,0.0,0.0
11703164212,11703163907,0.0,0.0
11703164212,11703164003,0.0,0.0
11703164212,11703164016,0.0,0.0
11703164212,11703164203,0.0,0.0
11703164212,11703164207,0.0,0.0
11703164212,11703164208,0.0,0.0
11703164212,11703164209,0.0,0.0
11703164212,11703164210,0.0,0.0
11703164212,11703164212,0.7205818,344.50995
11703164212,11703164224,0.0,0.0
11703164212,11703164233,0.0,0.0
11703164213,11703164201,0.0,0.0
11703164213,11703164205,0.0,0.0
11703164213,11703164206,0.13992831,61.44272
11703164213,11703164208,0.0,0.0
11703164213,11703164211,0.0,0.0
11703164213,11703164213,0.29394993,129.07382
11703164213,11703164214,0.0,0.0
11703164213,11703164218,0.0,0.0
11703164213,11703164224,0.0,0.0
11703164213,11703164226,0.0,0.0
11703164213,11703164227,0.0,0.0
11703164213,11703164230,0.0,0.0
11703164213,11703164231,0.0,0.0
11703164213,11703164233,0.0,0.0
11703164213,11703164703,0.4488978,197.11166
11703164213,11703164707,0.0,0.0
11703164213,11703164720,0.0,0.0
11703164213,11703164732,0.11722395,51.4732
11703164214,11703133009,0.0,0.0
11703164214,11703133023,0.0,0.0
11703164214,11703164201,0.0,0.0
11703164214,11703164205,0.0,0.0
11703164214,11703164206,0.0,0.0
11703164214,11703164208,0.0,0.0
11703164214,11703164211,0.049280792,21.907116
11703164214,11703164213,0.0043420196,1.9301866
11703164214,11703164214,0.0,0.0
11703164214,11703164218,0.0,0.0
11703164214,11703164224,0.0,0.0
11703164214,11703164226,0.0,0.0
11703164214,11703164227,0.0,0.0
11703164214,11703164230,0.0,0.0
11703164214,11703164231,0.0,0.0
11703164214,11703164233,0.0,0.0
11703164214,11703164703,0.0,0.0
11703164214,11703164707,0.5108108,227.07408
11703164214,11703164711,0.0,0.0
11703164214,11703164718,0.0,0.0
11703164214,11703164720,0.0,0.0
11703164214,11703164724,0.0,0.0
11703164214,11703164732,0.43556637,193.62518
11703164215,11703133626,0.070331395,36.74026
11703164215,11703133628,0.0,0.0
11703164215,11703133636,0.0,0.0
11703164215,11703164202,0.0,0.0
11703164215,11703164204,0.0,0.0
11703164215,11703164215,0.0,0.0
11703164215,11703164216,0.0,0.0
11703164215,11703164217,0.0,0.0
11703164215,11703164219,0.28733444,150.09999
11703164215,11703164220,0.46089253,240.76462
11703164215,11703164221,0.0,0.0
11703164215,11703164222,0.15399173,80.4434
11703164215,11703164223,0.0,0.0
11703164215,11703164229,0.0,0.0
11703164215,11703164232,0.0,0.0
11703164215,11703164712,0.0,0.0
11703164215,11703164713,0.0,0.0
11703164215,11703164716,0.0,0.0
11703164215,11703164722,0.0,0.0
11703164215,11703164725,0.0,0.0
11703164215,11703164726,0.027449816,14.339448
11703164215,11703164729,0.0,0.0
11703164215,11801134514,0.0,0.0
11703164216,11703133602,0.0,0.0
11703164216,11703133606,0.34301946,173.40619
11703164216,11703133607,0.0,0.0
11703164216,11703133608,0.0,0.0
11703164216,11703133609,0.0,0.0
11703164216,11703133628,0.0,0.0
11703164216,11703133631,0.0,0.0
11703164216,11703133636,0.05989337,30.277819
11703164216,11703164202,0.0,0.0
11703164216,11703164205,0.0,0.0
11703164216,11703164215,0.0,0.0
11703164216,11703164216,0.5970872,301.84473
11703164216,11703164217,0.0,0.0
11703164216,11703164218,0.0,0.0
11703164216,11703164223,0.0,0.0
11703164216,11703164225,0.0,0.0
11703164216,11703164228,0.0,0.0
11703164216,11703164229,0.0,0.0
11703164216,11703164232,0.0,0.0
11703164217,11703133606,0.08775577,41.41822
11703164217,11703133607,0.3105758,146.58293
11703164217,11703133608,0.0,0.0
11703164217,11703133636,0.0,0.0
11703164217,11703164201,0.0,0.0
11703164217,11703164202,0.0,0.0
11703164217,11703164205,0.12679705,59.844593
11703164217,11703164215,0.0,0.0
11703164217,11703164216,0.048627943,22.951002
11703164217,11703164217,0.23394546,110.41559
11703164217,11703164218,0.0,0.0
11703164217,11703164223,0.0,0.0
11703164217,11703164225,0.19229802,90.759186
11703164217,11703164228,0.0,0.0
11703164217,11703164229,0.0,0.0
11703164217,11703164231,0.0,0.0
11703164217,11703164232,0.0,0.0
11703164217,11703164704,0.0,0.0
11703164217,11703164720,0.0,0.0
11703164217,11703164722,0.0,0.0
11703164218,11703133601,0.6060228,347.7422
11703164218,11703133606,0.0,0.0
11703164218,11703133607,0.0,0.0
11703164218,11703133608,0.0,0.0
11703164218,11703133623,0.0,0.0
11703164218,11703133633,0.0,0.0
11703164218,11703133635,0.0,0.0
11703164218,11703163901,0.0,0.0
11703164218,11703164201,0.0,0.0
11703164218,11703164205,0.0,0.0
11703164218,11703164208,0.0,0.0
11703164218,11703164211,0.0,0.0
11703164218,11703164213,0.0,0.0
11703164218,11703164214,0.0,0.0
11703164218,11703164216,0.0,0.0
11703164218,11703164217,0.0,0.0
11703164218,11703164218,0.39397725,226.06825
11703164218,11703164224,0.0,0.0
11703164218,11703164225,0.0,0.0
11703164218,11703164226,0.0,0.0
11703164218,11703164227,0.0,0.0
11703164218,11703164228,0.0,0.0
11703164218,11703164230,0.0,0.0
11703164218,11703164231,0.0,0.0
11703164218,11703164232,0.0,0.0
11703164218,11703164233,0.0,0.0
11703164218,11703164521,0.0,0.0
11703164218,11703164704,0.0,0.0
11703164218,11703164720,0.0,0.0
11703164218,11703164722,0.0,0.0
11703164219,11703133625,0.0,0.0
11703164219,11703133626,0.10460764,59.230297
11703164219,11703133629,0.16242987,91.97005
11703164219,11703133630,0.0,0.0
11703164219,11703133632,0.0,0.0
11703164219,11703133634,0.0,0.0
11703164219,11703164202,0.0,0.0
11703164219,11703164204,0.0,0.0
11703164219,11703164215,0.0,0.0
11703164219,11703164219,0.4178545,236.595
11703164219,11703164220,0.14762259,83.58595
11703164219,11703164221,0.0,0.0
11703164219,11703164222,0.0,0.0
11703164219,11703164223,0.0,0.0
11703164219,11703164229,0.0,0.0
11703164219,11703164716,0.0,0.0
11703164219,11703164725,0.0,0.0
11703164219,11703164726,0.0,0.0
11703164219,11703164728,0.0,0.0
11703164219,11703164731,0.0,0.0
11703164219,11801134201,0.0,0.0
11703164219,11801134514,0.0,0.0
11703164219,11801134515,0.0,0.0
11703164219,11801134532,0.1674853,94.8325
11703164219,11801134535,0.0,0.0
11703164219,11802156405,0.0,0.0
11703164219,11802156412,0.0,0.0
11703164219,11802156416,0.0,0.0
11703164219,11802156424,0.0,0.0
11703164220,11703133625,0.0,0.0
11703164220,11703133626,0.0,0.0
11703164220,11703133628,0.0,0.0
11703164220,11703133629,0.12869874,67.61661
11703164220,11703133630,0.1329155,69.83204
11703164220,11703133632,0.25138348,132.07355
11703164220,11703133634,0.0,0.0
11703164220,11703133636,0.0,0.0
11703164220,11703164202,0.0,0.0
11703164220,11703164204,0.0,0.0
11703164220,11703164215,0.0,0.0
11703164220,11703164219,0.0,0.0
11703164220,11703164220,0.030110985,15.819912
11703164220,11703164221,0.0,0.0
11703164220,11703164222,0.0,0.0
11703164220,11703164223,0.0,0.0
11703164220,11703164229,0.0,0.0
11703164220,11703164716,0.0,0.0
11703164220,11703164725,0.0,0.0
11703164220,11703164726,0.0,0.0
11703164220,11703164728,0.0,0.0
11703164220,11703164731,0.0,0.0
11703164220,11801134201,0.0,0.0
11703164220,11801134514,0.0,0.0
11703164220,11801134515,0.0,0.0
11703164220,11801134532,0.45689136,240.04465
11703164220,11801134535,0.0,0.0
11703164220,11802156405,0.0,0.0
11703164220,11802156412,0.0,0.0
11703164220,11802156416,0.0,0.0
11703164220,11802156424,0.0,0.0
11703164221,11703133602,0.0,0.0
11703164221,11703133625,0.0,0.0
11703164221,11703133626,0.04322362,23.500542
11703164221,11703133628,0.0,0.0
11703164221,11703133629,0.0,0.0
11703164221,11703133630,0.15030667,81.72125
11703164221,11703133631,0.0,0.0
11703164221,11703133632,0.30627784,166.52228
11703164221,11703133634,0.0,0.0
11703164221,11703133636,0.0,0.0
11703164221,11703164202,0.0,0.0
11703164221,11703164215,0.0,0.0
11703164221,11703164219,0.0,0.0
11703164221,11703164220,0.0,0.0
11703164221,11703164221,0.04323706,23.50785
11703164221,11703164222,0.05031109,27.353977
11703164221,11703164223,0.0,0.0
11703164221,11703164229,0.0,0.0
11703164221,11703164725,0.0,0.0
11703164221,11703164726,0.0,0.0
11703164221,11703164728,0.0,0.0
11703164221,11703164731,0.0,0.0
11703164221,11801134514,0.0,0.0
11703164221,11801134515,0.0,0.0
11703164221,11801134532,0.40664384,221.09094
11703164221,11801134535,0.0,0.0
11703164221,11802156405,0.0,0.0
11703164221,11802156412,0.0,0.0
11703164221,11802156416,0.0,0.0
11703164221,11802156424,0.0,0.0
11703164222,11703133625,0.0,0.0
11703164222,11703133626,0.0,0.0
11703164222,11703133629,0.15308276,105.85846
11703164222,11703133630,0.0,0.0
11703164222,11703133632,0.18060702,124.89179
11703164222,11703133634,0.0,0.0
11703164222,11703164202,0.0,0.0
11703164222,11703164204,0.0,0.0
11703164222,11703164215,0.0,0.0
11703164222,11703164219,0.0,0.0
11703164222,11703164220,0.0,0.0
11703164222,11703164221,0.0,0.0
11703164222,11703164222,0.0,0.0
11703164222,11703164223,0.0,0.0
11703164222,11703164229,0.0,0.0
11703164222,11703164713,0.0,0.0
11703164222,11703164716,0.0,0.0
11703164222,11703164725,0.0,0.0
11703164222,11703164726,0.0,0.0
11703164222,11703164728,0.0,0.0
11703164222,11703164729,0.0,0.0
11703164222,11703164731,0.0,0.0
11703164222,11801134201,0.0,0.0
11703164222,11801134514,0.0,0.0
11703164222,11801134515,0.0,0.0
11703164222,11801134532,0.20268291,140.15752
11703164222,11801134535,0.0,0.0
11703164222,11802156405,0.0,0.0
11703164222,11802156412,0.21839684,151.02388
11703164222,11802156416,0.09803215,67.79034
11703164222,11802156424,0.14719829,101.789276
11703164223,11703133602,0.0,0.0
11703164223,11703133606,0.0,0.0
11703164223,11703133609,0.0,0.0
11703164223,11703133626,0.39271748,296.68146
11703164223,11703133628,0.0,0.0
11703164223,11703133629,0.39620143,299.31345
11703164223,11703133631,0.0,0.0
11703164223,11703133636,0.0,0.0
11703164223,11703164202,0.0,0.0
11703164223,11703164204,0.13896948,104.98557
11703164223,11703164215,0.0,0.0
11703164223,11703164216,0.0,0.0
11703164223,11703164217,0.0,0.0
11703164223,11703164219,0.0,0.0
11703164223,11703164220,0.02868694,21.671772
11703164223,11703164221,0.0,0.0
11703164223,11703164222,0.043424606,32.805454
11703164223,11703164223,0.0,0.0
11703164223,11703164229,0.0,0.0
11703164223,11703164232,0.0,0.0
11703164223,11703164716,0.0,0.0
11703164223,11703164722,0.0,0.0
11703164223,11703164726,0.0,0.0
11703164223,11801134514,0.0,0.0
11703164224,11703133601,0.6544092,299.3803
11703164224,11703133608,0.0,0.0
11703164224,11703133623,0.0,0.0
11703164224,11703133633,0.0,0.0
11703164224,11703163804,0.0,0.0
11703164224,11703163813,0.0,0.0
11703164224,11703163901,0.0,0.0
11703164224,11703163902,0.0,0.0
11703164224,11703163903,0.0,0.0
11703164224,11703163906,0.0,0.0
11703164224,11703163907,0.0,0.0
11703164224,11703163908,0.0,0.0
11703164224,11703163915,0.0,0.0
11703164224,11703164201,0.0,0.0
11703164224,11703164205,0.0,0.0
11703164224,11703164207,0.0,0.0
11703164224,11703164208,0.0,0.0
11703164224,11703164209,0.0,0.0
11703164224,11703164210,0.0,0.0
11703164224,11703164211,0.0,0.0
11703164224,11703164212,0.0,0.0
11703164224,11703164213,0.0,0.0
11703164224,11703164214,0.0,0.0
11703164224,11703164218,0.0,0.0
11703164224,11703164224,0.34559077,158.10149
11703164224,11703164226,0.0,0.0
11703164224,11703164227,0.0,0.0
11703164224,11703164230,0.0,0.0
11703164224,11703164231,0.0,0.0
11703164224,11703164233,0.0,0.0
11703164224,11703164521,0.0,0.0
11703164225,11703164201,0.0,0.0
11703164225,11703164202,0.0,0.0
11703164225,11703164205,0.0,0.0
11703164225,11703164216,0.25347567,121.93435
11703164225,11703164217,0.0,0.0
11703164225,11703164218,0.0,0.0
11703164225,11703164225,0.74652433,359.11517
11703164225,11703164228,0.0,0.0
11703164225,11703164229,0.0,0.0
11703164225,11703164231,0.0,0.0
11703164225,11703164232,0.0,0.0
11703164225,11703164704,0.0,0.0
11703164225,11703164720,0.0,0.0
11703164225,11703164722,0.0,0.0
11703164226,11703133601,0.013801336,8.89201
11703164226,11703133608,0.0,0.0
11703164226,11703133623,0.0,0.0
11703164226,11703133633,0.0,0.0
11703164226,11703163901,0.0,0.0
11703164226,11703164201,0.0,0.0
11703164226,11703164205,0.0,0.0
11703164226,11703164208,0.0,0.0
11703164226,11703164210,0.0,0.0
11703164226,11703164211,0.015554309,10.021425
11703164226,11703164213,0.0914948,58.94883
11703164226,11703164214,0.0,0.0
11703164226,11703164218,0.0,0.0
11703164226,11703164224,0.0,0.0
11703164226,11703164226,0.8791497,566.42395
11703164226,11703164227,0.0,0.0
11703164226,11703164230,0.0,0.0
11703164226,11703164231,0.0,0.0
11703164226,11703164233,0.0,0.0
11703164226,11703164521,0.0,0.0
11703164227,11703133601,0.0,0.0
11703164227,11703133607,0.0,0.0
11703164227,11703133608,0.5086188,1299.6007
11703164227,11703133623,0.0,0.0
11703164227,11703133633,0.0,0.0
11703164227,11703133635,0.0,0.0
11703164227,11703163901,0.0,0.0
11703164227,11703164201,0.0,0.0
11703164227,11703164205,0.0,0.0
11703164227,11703164208,0.0,0.0
11703164227,11703164211,0.0,0.0
11703164227,11703164213,0.0,0.0
11703164227,11703164214,0.0,0.0
11703164227,11703164218,0.0,0.0
11703164227,11703164224,0.0,0.0
11703164227,11703164226,0.1617687,413.3444
11703164227,11703164227,0.32961255,842.21173
11703164227,11703164228,0.0,0.0
11703164227,11703164230,0.0,0.0
11703164227,11703164231,0.0,0.0
11703164227,11703164233,0.0,0.0
11703164227,11703164521,0.0,0.0
11703164228,11703133601,0.0,0.0
11703164228,11703133606,0.34344578,225.7087
11703164228,11703133607,0.26741302,175.74081
11703164228,11703133608,0.0,0.0
11703164228,11703133609,0.0,0.0
11703164228,11703133633,0.0,0.0
11703164228,11703133635,0.0,0.0
11703164228,11703133636,0.0,0.0
11703164228,11703164201,0.0,0.0
11703164228,11703164205,0.0,0.0
11703164228,11703164216,0.06079912,39.956497
11703164228,11703164217,0.0,0.0
11703164228,11703164218,0.0,0.0
11703164228,11703164225,0.0,0.0
11703164228,11703164227,0.0,0.0
11703164228,11703164228,0.32834202,215.78267
11703164228,11703164229,0.0,0.0
11703164228,11703164231,0.0,0.0
11703164228,11703164232,0.0,0.0
11703164228,11703164704,0.0,0.0
11703164228,11703164720,0.0,0.0
11703164228,11703164722,0.0,0.0
11703164229,11703133602,0.0,0.0
11703164229,11703133606,0.0,0.0
11703164229,11703133609,0.0,0.0
11703164229,11703133626,0.25912556,416.94846
11703164229,11703133628,0.0,0.0
11703164229,11703133631,0.0,0.0
11703164229,11703133636,0.0,0.0
11703164229,11703164202,0.0,0.0
11703164229,11703164204,0.06930074,111.50902
11703164229,11703164205,0.0,0.0
11703164229,11703164215,0.0,0.0
11703164229,11703164216,0.0,0.0
11703164229,11703164217,0.0,0.0
11703164229,11703164219,0.17743608,285.50522
11703164229,11703164220,0.0017887056,2.8781338
11703164229,11703164221,0.0,0.0
11703164229,11703164222,0.38338146,616.8836
11703164229,11703164223,0.0,0.0
11703164229,11703164225,0.0,0.0
11703164229,11703164228,0.0,0.0
11703164229,11703164229,0.0,0.0
11703164229,11703164232,0.0,0.0
11703164229,11703164704,0.0,0.0
11703164229,11703164716,0.0,0.0
11703164229,11703164722,0.0,0.0
11703164229,11703164726,0.10896745,175.33513
11703164230,11703133009,0.12811959,98.2613
11703164230,11703133010,0.0,0.0
11703164230,11703133023,0.0,0.0
11703164230,11703164201,0.0,0.0
11703164230,11703164203,0.0,0.0
11703164230,11703164205,0.0,0.0
11703164230,11703164207,0.0,0.0
11703164230,11703164208,0.0,0.0
11703164230,11703164209,0.0,0.0
11703164230,11703164210,0.0,0.0
11703164230,11703164211,0.0,0.0
11703164230,11703164213,0.0,0.0
11703164230,11703164214,0.0,0.0
11703164230,11703164218,0.0,0.0
11703164230,11703164224,0.0,0.0
11703164230,11703164226,0.0,0.0
11703164230,11703164227,0.0,0.0
11703164230,11703164230,0.8718804,668.68854
11703164230,11703164231,0.0,0.0
11703164230,11703164233,0.0,0.0
11703164230,11703164718,0.0,0.0
11703164230,11703164732,0.0,0.0
11703164231,11703164201,0.0,0.0
11703164231,11703164205,0.0,0.0
11703164231,11703164206,0.0,0.0
11703164231,11703164208,0.0,0.0
11703164231,11703164211,0.18771034,116.318405
11703164231,11703164213,0.23099458,143.14034
11703164231,11703164214,0.0,0.0
11703164231,11703164217,0.0,0.0
11703164231,11703164218,0.0,0.0
11703164231,11703164224,0.0,0.0
11703164231,11703164225,0.0,0.0
11703164231,11703164226,0.0,0.0
11703164231,11703164227,0.0,0.0
11703164231,11703164228,0.0,0.0
11703164231,11703164230,0.0,0.0
11703164231,11703164231,0.39828902,246.80763
11703164231,11703164232,0.0,0.0
11703164231,11703164233,0.0,0.0
11703164231,11703164703,0.0,0.0
11703164231,11703164704,0.0,0.0
11703164231,11703164707,0.002822578,1.749066
11703164231,11703164711,0.0,0.0
11703164231,11703164718,0.0,0.0
11703164231,11703164720,0.18018347,111.654236
11703164231,11703164722,0.0,0.0
11703164231,11703164724,0.0,0.0
11703164232,11703133636,0.0,0.0
11703164232,11703164201,0.0,0.0
11703164232,11703164202,0.0,0.0
11703164232,11703164205,0.0,0.0
11703164232,11703164215,0.0,0.0
11703164232,11703164216,0.0,0.0
11703164232,11703164217,0.0,0.0
11703164232,11703164218,0.0,0.0
11703164232,11703164223,0.0,0.0
11703164232,11703164225,0.0,0.0
11703164232,11703164228,0.0,0.0
11703164232,11703164229,0.0,0.0
11703164232,11703164231,0.0,0.0
11703164232,11703164232,0.0,0.0
11703164232,11703164704,0.0,0.0
11703164232,11703164710,1.0,668.10834
11703164232,11703164711,0.0,0.0
11703164232,11703164712,0.0,0.0
11703164232,11703164716,0.0,0.0
11703164232,11703164720,0.0,0.0
11703164232,11703164722,0.0,0.0
11703164232,11703164723,0.0,0.0
11703164233,11703133009,0.0,0.0
11703164233,11703163804,0.0,0.0
11703164233,11703163813,0.0,0.0
11703164233,11703163901,0.0,0.0
11703164233,11703163903,0.0,0.0
11703164233,11703163906,0.0,0.0
11703164233,11703163907,0.0,0.0
11703164233,11703164201,0.0,0.0
11703164233,11703164203,0.0,0.0
11703164233,11703164205,0.0,0.0
11703164233,11703164207,0.0,0.0
11703164233,11703164208,0.0,0.0
11703164233,11703164209,0.0,0.0
11703164233,11703164210,0.16124421,72.26923
11703164233,11703164211,0.0,0.0
11703164233,11703164212,0.0,0.0
11703164233,11703164213,0.0,0.0
11703164233,11703164214,0.0,0.0
11703164233,11703164218,0.0,0.0
11703164233,11703164224,0.0,0.0
11703164233,11703164226,0.0,0.0
11703164233,11703164227,0.0,0.0
11703164233,11703164230,0.0,0.0
11703164233,11703164231,0.0,0.0
11703164233,11703164233,0.8387558,375.92816
11703164301,11703133043,0.0,0.0
11703164301,11703164301,0.0,0.0
11703164301,11703164302,0.0,0.0
11703164301,11703164304,0.0,0.0
11703164301,11703164305,0.0,0.0
11703164301,11703164306,0.0,0.0
11703164301,11703164308,0.0,0.0
11703164301,11703164309,0.6697587,371.68893
11703164301,11703164310,0.0,0.0
11703164301,11703164312,0.0,0.0
11703164301,11703164313,0.0,0.0
11703164301,11703164314,0.0,0.0
11703164301,11703164316,0.33024132,183.27055
11703164301,11703164317,0.0,0.0
11703164301,11703164321,0.0,0.0
11703164301,11703164801,0.0,0.0
11703164301,11703164809,0.0,0.0
11703164301,11703164818,0.0,0.0
11703164301,11703164821,0.0,0.0
11703164301,11703164826,0.0,0.0
11703164301,11703164827,0.0,0.0
11703164302,11701163527,0.0,0.0
11703164302,11701163542,0.0,0.0
11703164302,11703133013,0.0,0.0
11703164302,11703133018,0.0,0.0
11703164302,11703133020,0.0,0.0
11703164302,11703133035,0.003197819,5.653458
11703164302,11703133038,0.0,0.0
11703164302,11703133043,0.261457,462.2326
11703164302,11703164301,0.0,0.0
11703164302,11703164302,0.36802125,650.62866
11703164302,11703164304,0.0,0.0
11703164302,11703164305,0.0,0.0
11703164302,11703164310,0.0,0.0
11703164302,11703164313,0.36732394,649.3959
11703164302,11703164316,0.0,0.0
11703164302,11703164317,0.0,0.0
11703164302,11703164705,0.0,0.0
11703164302,11703164801,0.0,0.0
11703164302,11703164813,0.0,0.0
11703164302,11703164818,0.0,0.0
11703164303,11701163404,0.0,0.0
11703164303,11701163407,0.2650805,286.79962
11703164303,11701163410,0.0,0.0
11703164303,11701163415,0.07592255,82.14318
11703164303,11701163420,0.0,0.0
11703164303,11701163424,0.0,0.0
11703164303,11701163542,0.0,0.0
11703164303,11703133020,0.0,0.0
11703164303,11703133035,0.2226898,240.93567
11703164303,11703133038,0.0,0.0
11703164303,11703133043,0.0,0.0
11703164303,11703164303,0.0,0.0
11703164303,11703164305,0.0,0.0
11703164303,11703164307,0.0,0.0
11703164303,11703164309,0.4363072,472.05557
11703164303,11703164310,0.0,0.0
11703164303,11703164316,0.0,0.0
11703164303,11703164317,0.0,0.0
11703164303,11703164320,0.0,0.0
11703164303,11802156427,0.0,0.0
11703164304,11701163527,0.0,0.0
11703164304,11701163542,0.0,0.0
11703164304,11703133013,0.0,0.0
11703164304,11703133018,0.0,0.0
11703164304,11703133020,0.0,0.0
11703164304,11703133035,0.17703319,139.64581
11703164304,11703133038,0.0,0.0
11703164304,11703133043,0.0,0.0
11703164304,11703164301,0.22111827,174.42064
11703164304,11703164302,0.0,0.0
11703164304,11703164304,0.0,0.0
11703164304,11703164308,0.064998984,51.271946
11703164304,11703164313,0.25894845,204.26152
11703164304,11703164317,0.0,0.0
11703164304,11703164705,0.0126007795,9.93964
11703164304,11703164801,0.0,0.0
11703164304,11703164808,0.044270635,34.92119
11703164304,11703164809,0.09697199,76.49262
11703164304,11703164813,0.0,0.0
11703164304,11703164818,0.0,0.0
11703164304,11703164821,0.044648528,35.219273
11703164304,11703164826,0.0,0.0
11703164304,11703164827,0.07940912,62.638832
11703164305,11701163407,0.0,0.0
11703164305,11701163410,0.0,0.0
11703164305,11701163415,0.0,0.0
11703164305,11701163424,0.0,0.0
11703164305,11701163542,0.0,0.0
11703164305,11703133020,0.0,0.0
11703164305,11703133035,0.0,0.0
11703164305,11703133038,0.0,0.0
11703164305,11703133043,0.0,0.0
11703164305,11703164301,0.0,0.0
11703164305,11703164302,0.0,0.0
11703164305,11703164303,0.0,0.0
11703164305,11703164305,0.0,0.0
11703164305,11703164306,0.23127803,145.12686
11703164305,11703164307,0.0,0.0
11703164305,11703164309,0.056015193,35.14951
11703164305,11703164310,0.33463466,209.98311
11703164305,11703164313,0.0,0.0
11703164305,11703164314,0.25448108,159.68677
11703164305,11703164316,0.10028404,62.928192
11703164305,11703164317,0.0,0.0
11703164305,11703164320,0.0,0.0
11703164305,11703164321,0.023307025,14.625149
11703164306,11703164301,0.0,0.0
11703164306,11703164305,0.0,0.0
11703164306,11703164306,0.2334894,109.86194
11703164306,11703164308,0.0,0.0
11703164306,11703164309,0.58776027,276.55426
11703164306,11703164310,0.0,0.0
11703164306,11703164312,0.0,0.0
11703164306,11703164313,0.0,0.0
11703164306,11703164314,0.0,0.0
11703164306,11703164315,0.0,0.0
11703164306,11703164316,0.1787503,84.10599
11703164306,11703164317,0.0,0.0
11703164306,11703164321,0.0,0.0
11703164306,11703164801,0.0,0.0
11703164306,11703164826,0.0,0.0
11703164307,11701163404,0.0,0.0
11703164307,11701163410,0.105980396,58.274662
11703164307,11701163420,0.0,0.0
11703164307,11703164303,0.0,0.0
11703164307,11703164305,0.0,0.0
11703164307,11703164307,0.0,0.0
11703164307,11703164309,0.23838717,131.0802
11703164307,11703164310,0.0,0.0
11703164307,11703164311,0.0767352,42.19382
11703164307,11703164314,0.14815408,81.4644
11703164307,11703164315,0.0,0.0
11703164307,11703164316,0.0,0.0
11703164307,11703164317,0.0,0.0
11703164307,11703164318,0.0,0.0
11703164307,11703164319,0.0,0.0
11703164307,11703164320,0.0,0.0
11703164307,11703164321,0.0,0.0
11703164307,11703164826,0.0,0.0
11703164307,11802156402,0.0,0.0
11703164307,11802156427,0.43074316,236.84958
11703164308,11703164301,0.0,0.0
11703164308,11703164304,0.0,0.0
11703164308,11703164306,0.0,0.0
11703164308,11703164308,0.036939144,18.712126
11703164308,11703164309,0.53773844,272.40018
11703164308,11703164310,0.0,0.0
11703164308,11703164311,0.0,0.0
11703164308,11703164312,0.0,0.0
11703164308,11703164313,0.0,0.0
11703164308,11703164314,0.0,0.0
11703164308,11703164315,0.0,0.0
11703164308,11703164317,0.0,0.0
11703164308,11703164318,0.0,0.0
11703164308,11703164321,0.0,0.0
11703164308,11703164801,0.0,0.0
11703164308,11703164802,0.0,0.0
11703164308,11703164803,0.0,0.0
11703164308,11703164809,0.25546753,129.41124
11703164308,11703164815,0.0,0.0
11703164308,11703164817,0.0,0.0
11703164308,11703164818,0.0,0.0
11703164308,11703164821,0.0,0.0
11703164308,11703164822,0.0,0.0
11703164308,11703164826,0.0,0.0
11703164308,11703164827,0.16985476,86.042694
11703164309,11703164301,0.0,0.0
11703164309,11703164303,0.0,0.0
11703164309,11703164305,0.0,0.0
11703164309,11703164306,0.0,0.0
11703164309,11703164307,0.015883654,13.666788
11703164309,11703164308,0.0,0.0
11703164309,11703164309,0.0,0.0
11703164309,11703164310,0.23981163,206.34135
11703164309,11703164311,0.0,0.0
11703164309,11703164312,0.0,0.0
11703164309,11703164314,0.3548407,305.31592
11703164309,11703164315,0.0,0.0
11703164309,11703164316,0.25581485,220.11102
11703164309,11703164317,0.0,0.0
11703164309,11703164318,0.0,0.0
11703164309,11703164319,0.0,0.0
11703164309,11703164320,0.0,0.0
11703164309,11703164321,0.13364905,114.99578
11703164309,11703164826,0.0,0.0
11703164309,11802156427,0.0,0.0
11703164310,11703133035,0.1325568,82.71877
11703164310,11703133043,0.0,0.0
11703164310,11703164301,0.0,0.0
11703164310,11703164302,0.0,0.0
11703164310,11703164303,0.4878129,304.40753
11703164310,11703164305,0.0,0.0
11703164310,11703164306,0.0,0.0
11703164310,11703164307,0.0,0.0
11703164310,11703164308,0.0,0.0
11703164310,11703164309,0.17933095,111.90702
11703164310,11703164310,0.0,0.0
11703164310,11703164311,0.0,0.0
11703164310,11703164312,0.0,0.0
11703164310,11703164313,0.0,0.0
11703164310,11703164314,0.0,0.0
11703164310,11703164315,0.0,0.0
11703164310,11703164316,0.20029932,124.99181
11703164310,11703164317,0.0,0.0
11703164310,11703164319,0.0,0.0
11703164310,11703164320,0.0,0.0
11703164310,11703164321,0.0,0.0
11703164310,11703164801,0.0,0.0
11703164311,11703164307,0.08645597,46.85342
11703164311,11703164308,0.0,0.0
11703164311,11703164309,0.14696994,79.647995
11703164311,11703164310,0.18203709,98.65207
11703164311,11703164311,0.0,0.0
11703164311,11703164312,0.0,0.0
11703164311,11703164314,0.4872574,264.0613
11703164311,11703164315,0.0,0.0
11703164311,11703164316,0.0,0.0
11703164311,11703164318,0.0,0.0
11703164311,11703164319,0.0,0.0
11703164311,11703164320,0.0,0.0
11703164311,11703164321,0.09727949,52.71905
11703164311,11703164801,0.0,0.0
11703164311,11703164802,0.0,0.0
11703164311,11703164803,0.0,0.0
11703164311,11703164815,0.0,0.0
11703164311,11703164817,0.0,0.0
11703164311,11703164821,0.0,0.0
11703164311,11703164822,0.0,0.0
11703164311,11703164826,0.0,0.0
11703164311,11802156402,0.0,0.0
11703164311,11802156427,0.0,0.0
11703164312,11703164301,0.01796478,11.304739
11703164312,11703164306,0.0,0.0
11703164312,11703164308,0.0,0.0
11703164312,11703164309,0.7151016,449.99365
11703164312,11703164310,0.23283726,146.51805
11703164312,11703164311,0.0,0.0
11703164312,11703164312,0.0,0.0
11703164312,11703164314,0.0340963,21.455858
11703164312,11703164315,0.0,0.0
11703164312,11703164318,0.0,0.0
11703164312,11703164321,0.0,0.0
11703164312,11703164801,0.0,0.0
11703164312,11703164802,0.0,0.0
11703164312,11703164803,0.0,0.0
11703164312,11703164815,0.0,0.0
11703164312,11703164817,0.0,0.0
11703164312,11703164821,0.0,0.0
11703164312,11703164822,0.0,0.0
11703164312,11703164826,0.0,0.0
11703164313,11703133020,0.0,0.0
11703164313,11703133043,0.0,0.0
11703164313,11703164301,0.33971834,1145.7847
11703164313,11703164302,0.2544631,858.2402
11703164313,11703164304,0.0,0.0
11703164313,11703164305,0.0,0.0
11703164313,11703164306,0.030500978,102.87215
11703164313,11703164308,0.0,0.0
11703164313,11703164310,0.04260379,143.6919
11703164313,11703164313,0.30802757,1038.8997
11703164313,11703164316,0.024686277,83.26062
11703164313,11703164317,0.0,0.0
11703164313,11703164801,0.0,0.0
11703164313,11703164809,0.0,0.0
11703164313,11703164818,0.0,0.0
11703164313,11703164821,0.0,0.0
11703164313,11703164826,0.0,0.0
11703164313,11703164827,0.0,0.0
11703164314,11703164301,0.0,0.0
11703164314,11703164305,0.0,0.0
11703164314,11703164306,0.0,0.0
11703164314,11703164307,0.0,0.0
11703164314,11703164308,0.0,0.0
11703164314,11703164309,0.39103842,194.58154
11703164314,11703164310,0.066236556,32.95945
11703164314,11703164311,0.0,0.0
11703164314,11703164312,0.0,0.0
11703164314,11703164314,0.04541698,22.599586
11703164314,11703164315,0.0,0.0
11703164314,11703164316,0.49730805,247.46153
11703164314,11703164317,0.0,0.0
11703164314,11703164318,0.0,0.0
11703164314,11703164319,0.0,0.0
11703164314,11703164321,0.0,0.0
11703164314,11703164826,0.0,0.0
11703164315,11703164306,0.0,0.0
11703164315,11703164307,0.0,0.0
11703164315,11703164308,0.0,0.0
11703164315,11703164309,0.8359959,449.8924
11703164315,11703164310,0.11514521,61.965557
11703164315,11703164311,0.0,0.0
11703164315,11703164312,0.0,0.0
11703164315,11703164314,0.0,0.0
11703164315,11703164315,0.04885888,26.293476
11703164315,11703164318,0.0,0.0
11703164315,11703164319,0.0,0.0
11703164315,11703164321,0.0,0.0
11703164315,11703164801,0.0,0.0
11703164315,11703164802,0.0,0.0
11703164315,11703164803,0.0,0.0
11703164315,11703164815,0.0,0.0
11703164315,11703164817,0.0,0.0
11703164315,11703164821,0.0,0.0
11703164315,11703164822,0.0,0.0
11703164315,11703164826,0.0,0.0
11703164316,11701163404,0.0,0.0
11703164316,11701163407,0.1579794,98.86975
11703164316,11701163410,0.030962199,19.377369
11703164316,11701163415,0.14479473,90.61827
11703164316,11701163420,0.0,0.0
11703164316,11701163424,0.051101595,31.9814
11703164316,11703133035,0.23203668,145.21773
11703164316,11703133043,0.0,0.0
11703164316,11703164301,0.0,0.0
11703164316,11703164302,0.0,0.0
11703164316,11703164303,0.0,0.0
11703164316,11703164305,0.0,0.0
11703164316,11703164306,0.0,0.0
11703164316,11703164307,0.0,0.0
11703164316,11703164309,0.3565558,223.14671
11703164316,11703164310,0.0,0.0
11703164316,11703164311,0.0,0.0
11703164316,11703164313,0.0,0.0
11703164316,11703164314,0.0,0.0
11703164316,11703164316,0.026569635,16.628328
11703164316,11703164317,0.0,0.0
11703164316,11703164319,0.0,0.0
11703164316,11703164320,0.0,0.0
11703164316,11703164321,0.0,0.0
11703164316,11802156427,0.0,0.0
11703164317,11703133020,0.0,0.0
11703164317,11703133035,0.0,0.0
11703164317,11703133038,0.0,0.0
11703164317,11703133043,0.0,0.0
11703164317,11703164301,0.0,0.0
11703164317,11703164302,0.0,0.0
11703164317,11703164303,0.0,0.0
11703164317,11703164304,0.0,0.0
11703164317,11703164305,0.0,0.0
11703164317,11703164306,0.37608352,216.4281
11703164317,11703164307,0.0,0.0
11703164317,11703164308,0.0,0.0
11703164317,11703164309,0.13480583,77.577896
11703164317,11703164310,0.07515606,43.25072
11703164317,11703164313,0.0,0.0
11703164317,11703164314,0.41395462,238.2221
11703164317,11703164316,0.0,0.0
11703164317,11703164317,0.0,0.0
11703164317,11703164320,0.0,0.0
11703164317,11703164321,0.0,0.0
11703164317,11703164801,0.0,0.0
11703164318,11701163404,0.0,0.0
11703164318,11701163420,0.0,0.0
11703164318,11703164307,0.0,0.0
11703164318,11703164308,0.0,0.0
11703164318,11703164309,0.0038279593,4.183328
11703164318,11703164311,0.0,0.0
11703164318,11703164312,0.2557812,279.52667
11703164318,11703164314,0.22956595,250.87772
11703164318,11703164315,0.0,0.0
11703164318,11703164318,0.0,0.0
11703164318,11703164319,0.26081064,285.023
11703164318,11703164320,0.0,0.0
11703164318,11703164801,0.0,0.0
11703164318,11703164802,0.14916077,163.00812
11703164318,11703164803,0.00973776,10.641766
11703164318,11703164815,0.0,0.0
11703164318,11703164817,0.081073105,88.59953
11703164318,11703164821,0.010042578,10.974881
11703164318,11703164822,0.0,0.0
11703164318,11703164826,0.0,0.0
11703164318,11802156402,0.0,0.0
11703164318,11802156416,0.0,0.0
11703164318,11802156427,0.0,0.0
11703164319,11701163404,0.0,0.0
11703164319,11701163420,0.0,0.0
11703164319,11703164307,0.0,0.0
11703164319,11703164309,0.024757981,49.2148
11703164319,11703164310,0.0,0.0
11703164319,11703164311,0.04949844,98.39477
11703164319,11703164314,0.0,0.0
11703164319,11703164315,0.0,0.0
11703164319,11703164316,0.0,0.0
11703164319,11703164318,0.0,0.0
11703164319,11703164319,0.77386403,1538.3147
11703164319,11703164320,0.0,0.0
11703164319,11703164321,0.15187955,301.91162
11703164319,11703164822,0.0,0.0
11703164319,11703164826,0.0,0.0
11703164319,11802156402,0.0,0.0
11703164319,11802156427,0.0,0.0
11703164320,11701163404,0.025945842,18.001688
11703164320,11701163407,0.0,0.0
11703164320,11701163410,0.0,0.0
11703164320,11701163415,0.029198706,20.258583
11703164320,11701163420,0.0,0.0
11703164320,11701163424,0.0,0.0
11703164320,11703133035,0.080052316,55.54172
11703164320,11703164303,0.0,0.0
11703164320,11703164305,0.0,0.0
11703164320,11703164307,0.0,0.0
11703164320,11703164309,0.78626406,545.524
11703164320,11703164310,0.0,0.0
11703164320,11703164311,0.0,0.0
11703164320,11703164316,0.0,0.0
11703164320,11703164317,0.0,0.0
11703164320,11703164318,0.0,0.0
11703164320,11703164319,0.0,0.0
11703164320,11703164320,0.0,0.0
11703164320,11802156402,0.0,0.0
11703164320,11802156427,0.07853913,54.491848
11703164321,11703164301,0.0,0.0
11703164321,11703164305,0.0,0.0
11703164321,11703164306,0.0,0.0
11703164321,11703164307,0.0,0.0
11703164321,11703164308,0.0,0.0
11703164321,11703164309,0.5304166,433.4243
11703164321,11703164310,0.0,0.0
11703164321,11703164311,0.0,0.0
11703164321,11703164312,0.0037044287,3.0270345
11703164321,11703164314,0.0,0.0
11703164321,11703164315,0.0,0.0
11703164321,11703164316,0.1326018,108.35415
11703164321,11703164317,0.0,0.0
11703164321,11703164319,0.0,0.0
11703164321,11703164321,0.33327702,272.33377
11703164321,11703164801,0.0,0.0
11703164321,11703164826,0.0,0.0
11703164401,11703164401,0.0,0.0
11703164401,11703164403,0.0,0.0
11703164401,11703164404,0.37686482,184.85648
11703164401,11703164406,0.0,0.0
11703164401,11703164408,0.0,0.0
11703164401,11703164409,0.0,0.0
11703164401,11703164411,0.33159223,162.64975
11703164401,11703164412,0.0,0.0
11703164401,11703164415,0.043987185,21.576214
11703164401,11703164417,0.0,0.0
11703164401,11703164421,0.15363827,75.36132
11703164401,11703164423,0.0,0.0
11703164401,11703164429,0.09391752,46.067608
11703164402,11703132905,0.0,0.0
11703164402,11703132909,0.0,0.0
11703164402,11703132915,0.0,0.0
11703164402,11703132916,0.0,0.0
11703164402,11703132917,0.0,0.0
11703164402,11703132918,0.0,0.0
11703164402,11703132919,0.0,0.0
11703164402,11703132920,0.0,0.0
11703164402,11703133318,0.0,0.0
11703164402,11703133319,0.0,0.0
11703164402,11703133320,0.0,0.0
11703164402,11703133328,0.0,0.0
11703164402,11703133614,0.0,0.0
11703164402,11703133617,0.0,0.0
11703164402,11703133618,0.0,0.0
11703164402,11703133619,0.0,0.0
11703164402,11703133620,0.0,0.0
11703164402,11703133622,0.0,0.0
11703164402,11703133640,0.0,0.0
11703164402,11703164402,0.0,0.0
11703164402,11703164403,0.0,0.0
11703164402,11703164407,0.0,0.0
11703164402,11703164410,0.0,0.0
11703164402,11703164412,0.0,0.0
11703164402,11703164414,0.0,0.0
11703164402,11703164418,0.0,0.0
11703164402,11703164423,0.0,0.0
11703164402,11703164425,0.0,0.0
11703164402,11703164428,0.0,0.0
11703164402,11703164502,0.0,0.0
11703164402,11703164504,0.0,0.0
11703164402,11703164507,0.6737167,278.17972
11703164402,11703164509,0.0,0.0
11703164402,11703164512,0.32628328,134.72337
11703164402,11703164519,0.0,0.0
11703164402,11703164521,0.0,0.0
11703164402,11703164527,0.0,0.0
11703164402,11703164528,0.0,0.0
11703164402,11703164534,0.0,0.0
11703164403,11703133318,0.0,0.0
11703164403,11703133319,0.0,0.0
11703164403,11703133320,0.0,0.0
11703164403,11703133325,0.0,0.0
11703164403,11703133326,0.0,0.0
11703164403,11703133328,0.0,0.0
11703164403,11703164401,1.0,10668.657
11703164403,11703164402,0.0,0.0
11703164403,11703164403,0.0,0.0
11703164403,11703164405,0.0,0.0
11703164403,11703164406,0.0,0.0
11703164403,11703164408,0.0,0.0
11703164403,11703164409,0.0,0.0
11703164403,11703164410,0.0,0.0
11703164403,11703164411,0.0,0.0
11703164403,11703164412,0.0,0.0
11703164403,11703164413,0.0,0.0
11703164403,11703164415,0.0,0.0
11703164403,11703164416,0.0,0.0
11703164403,11703164417,0.0,0.0
11703164403,11703164418,0.0,0.0
11703164403,11703164421,0.0,0.0
11703164403,11703164423,0.0,0.0
11703164403,11703164428,0.0,0.0
11703164403,11703164429,0.0,0.0
11703164404,11703164401,0.0,0.0
11703164404,11703164404,0.34895188,179.06242
11703164404,11703164405,0.0,0.0
11703164404,11703164406,0.0,0.0
11703164404,11703164408,0.0,0.0
11703164404,11703164411,0.0,0.0
11703164404,11703164415,0.0,0.0
11703164404,11703164421,0.0,0.0
11703164404,11703164424,0.6510481,334.08118
11703164404,11703164426,0.0,0.0
11703164404,11703164429,0.0,0.0
11703164405,11703164403,0.0,0.0
11703164405,11703164404,0.0,0.0
11703164405,11703164405,0.3170181,1410.0516
11703164405,11703164406,0.0,0.0
11703164405,11703164408,0.0,0.0
11703164405,11703164410,0.0,0.0
11703164405,11703164411,0.0,0.0
11703164405,11703164413,0.0,0.0
11703164405,11703164415,0.0,0.0
11703164405,11703164416,0.0,0.0
11703164405,11703164420,0.1384952,616.0071
11703164405,11703164421,0.0,0.0
11703164405,11703164424,0.5444867,2421.7998
11703164405,11703164426,0.0,0.0
11703164405,11703164429,0.0,0.0
11703164406,11703164401,0.0,0.0
11703164406,11703164403,0.0,0.0
11703164406,11703164404,0.5967905,2783.7656
11703164406,11703164405,0.0,0.0
11703164406,11703164406,0.0,0.0
11703164406,11703164408,0.0,0.0
11703164406,11703164409,0.0,0.0
11703164406,11703164411,0.0,0.0
11703164406,11703164412,0.0,0.0
11703164406,11703164415,0.0,0.0
11703164406,11703164417,0.0,0.0
11703164406,11703164420,0.0,0.0
11703164406,11703164421,0.0,0.0
11703164406,11703164423,0.0,0.0
11703164406,11703164424,0.07378048,344.15353
11703164406,11703164426,0.2356292,1099.1068
11703164406,11703164429,0.09379989,437.5353
11703164407,11703164105,0.0,0.0
11703164407,11703164115,0.0,0.0
11703164407,11703164117,0.0,0.0
11703164407,11703164119,0.0,0.0
11703164407,11703164123,0.0,0.0
11703164407,11703164125,0.0,0.0
11703164407,11703164402,0.0,0.0
11703164407,11703164407,0.0,0.0
11703164407,11703164412,0.0,0.0
11703164407,11703164414,0.0,0.0
11703164407,11703164417,0.0,0.0
11703164407,11703164418,0.0,0.0
11703164407,11703164423,0.0,0.0
11703164407,11703164425,0.0,0.0
11703164407,11703164428,0.0,0.0
11703164407,11703164501,0.0,0.0
11703164407,11703164503,0.0,0.0
11703164407,11703164504,0.0010418892,6.935223
11703164407,11703164506,0.0,0.0
11703164407,11703164507,0.0,0.0
11703164407,11703164508,0.0,0.0
11703164407,11703164509,0.0,0.0
11703164407,11703164510,0.0,0.0
11703164407,11703164511,0.48973474,3259.8665
11703164407,11703164512,0.0,0.0
11703164407,11703164513,0.0,0.0
11703164407,11703164515,0.09608412,639.57355
11703164407,11703164516,0.0,0.0
11703164407,11703164520,0.0,0.0
11703164407,11703164524,0.08016136,533.58545
11703164407,11703164526,0.1313807,874.5215
11703164407,11703164527,0.20159724,1341.9103
11703164407,11703164530,0.0,0.0
11703164407,11703164532,0.0,0.0
11703164407,11703164533,0.0,0.0
11703164407,11703164604,0.0,0.0
11703164407,11703164610,0.0,0.0
11703164407,11703164613,0.0,0.0
11703164408,11703164401,0.0,0.0
11703164408,11703164403,0.0,0.0
11703164408,11703164404,0.0,0.0
11703164408,11703164405,0.0,0.0
11703164408,11703164406,0.0,0.0
11703164408,11703164408,0.83632517,1894.0922
11703164408,11703164409,0.0,0.0
11703164408,11703164410,0.0,0.0
11703164408,11703164411,0.0,0.0
11703164408,11703164412,0.0,0.0
11703164408,11703164413,0.0,0.0
11703164408,11703164415,0.0,0.0
11703164408,11703164416,0.0,0.0
11703164408,11703164417,0.0,0.0
11703164408,11703164418,0.0,0.0
11703164408,11703164420,0.0,0.0
11703164408,11703164421,0.0,0.0
11703164408,11703164423,0.0,0.0
11703164408,11703164424,0.16367483,370.6874
11703164408,11703164426,0.0,0.0
11703164408,11703164429,0.0,0.0
11703164409,11703164401,0.0,0.0
11703164409,11703164403,0.0,0.0
11703164409,11703164406,0.0,0.0
11703164409,11703164408,0.0,0.0
11703164409,11703164409,0.46595722,2965.1208
11703164409,11703164411,0.0,0.0
11703164409,11703164412,0.0,0.0
11703164409,11703164415,0.0,0.0
11703164409,11703164417,0.5340428,3398.3835
11703164409,11703164421,0.0,0.0
11703164409,11703164422,0.0,0.0
11703164409,11703164423,0.0,0.0
11703164409,11703164425,0.0,0.0
11703164409,11703164426,0.0,0.0
11703164409,11703164429,0.0,0.0
11703164410,11703133317,0.0,0.0
11703164410,11703133318,0.0,0.0
11703164410,11703133319,0.0,0.0
11703164410,11703133320,0.0,0.0
11703164410,11703133321,0.0,0.0
11703164410,11703133322,0.0,0.0
11703164410,11703133323,0.0,0.0
11703164410,11703133324,0.0,0.0
11703164410,11703133325,0.07877731,54.404995
11703164410,11703133326,0.0,0.0
11703164410,11703133327,0.0,0.0
11703164410,11703133328,0.0,0.0
11703164410,11703164402,0.0,0.0
11703164410,11703164403,0.0,0.0
11703164410,11703164405,0.0,0.0
11703164410,11703164408,0.0,0.0
11703164410,11703164410,0.9212227,636.2126
11703164410,11703164412,0.0,0.0
11703164410,11703164413,0.0,0.0
11703164410,11703164416,0.0,0.0
11703164410,11703164418,0.0,0.0
11703164410,11703164421,0.0,0.0
11703164410,11703164428,0.0,0.0
11703164411,11703164401,0.0,0.0
11703164411,11703164403,0.0,0.0
11703164411,11703164404,0.12272596,287.9262
11703164411,11703164405,0.0,0.0
11703164411,11703164406,0.0,0.0
11703164411,11703164408,0.0,0.0
11703164411,11703164409,0.0,0.0
11703164411,11703164411,0.0,0.0
11703164411,11703164413,0.0,0.0
11703164411,11703164415,0.030172408,70.78719
11703164411,11703164416,0.0,0.0
11703164411,11703164420,0.0,0.0
11703164411,11703164421,0.0,0.0
11703164411,11703164424,0.5747609,1348.441
11703164411,11703164426,0.27234077,638.93604
11703164411,11703164429,0.0,0.0
11703164412,11703133318,0.0,0.0
11703164412,11703133319,0.0,0.0
11703164412,11703133320,0.0,0.0
11703164412,11703133328,0.0,0.0
11703164412,11703164401,0.3340082,4041.9854
11703164412,11703164402,0.0,0.0
11703164412,11703164403,0.0,0.0
11703164412,11703164406,0.0,0.0
11703164412,11703164407,0.0,0.0
11703164412,11703164408,0.0,0.0
11703164412,11703164409,0.0,0.0
11703164412,11703164410,0.0,0.0
11703164412,11703164412,0.0,0.0
11703164412,11703164414,0.0,0.0
11703164412,11703164415,0.1727216,2090.1829
11703164412,11703164416,0.0,0.0
11703164412,11703164417,0.0,0.0
11703164412,11703164418,0.0,0.0
11703164412,11703164421,0.0,0.0
11703164412,11703164422,0.45851836,5548.7397
11703164412,11703164423,0.0,0.0
11703164412,11703164425,0.0,0.0
11703164412,11703164428,0.0,0.0
11703164412,11703164429,0.034751862,420.54813
11703164413,11703133325,0.0,0.0
11703164413,11703133326,0.0,0.0
11703164413,11703133328,0.0,0.0
11703164413,11703164403,0.0,0.0
11703164413,11703164405,0.0,0.0
11703164413,11703164408,0.0,0.0
11703164413,11703164410,0.0,0.0
11703164413,11703164411,0.0,0.0
11703164413,11703164413,0.0,0.0
11703164413,11703164415,0.0,0.0
11703164413,11703164416,0.0,0.0
11703164413,11703164418,0.0,0.0
11703164413,11703164420,0.14802045,810.8826
11703164413,11703164421,0.0,0.0
11703164413,11703164424,0.8519796,4667.2974
11703164414,11703132915,0.0,0.0
11703164414,11703132916,0.0,0.0
11703164414,11703132918,0.0,0.0
11703164414,11703133318,0.0,0.0
11703164414,11703133622,0.0,0.0
11703164414,11703164402,0.0,0.0
11703164414,11703164407,0.0,0.0
11703164414,11703164412,0.0,0.0
11703164414,11703164414,0.0,0.0
11703164414,11703164417,0.0,0.0
11703164414,11703164418,0.0,0.0
11703164414,11703164423,0.0,0.0
11703164414,11703164425,0.0,0.0
11703164414,11703164428,0.0,0.0
11703164414,11703164502,0.0,0.0
11703164414,11703164504,0.0,0.0
11703164414,11703164507,0.0,0.0
11703164414,11703164508,0.3964509,5053.931
11703164414,11703164509,0.0,0.0
11703164414,11703164510,0.0,0.0
11703164414,11703164511,0.17384061,2216.1094
11703164414,11703164512,0.0,0.0
11703164414,11703164520,0.0,0.0
11703164414,11703164526,0.1290096,1644.6063
11703164414,11703164527,0.30069885,3833.29
11703164414,11703164528,0.0,0.0
11703164414,11703164530,0.0,0.0
11703164414,11703164532,0.0,0.0
11703164414,11703164533,0.0,0.0
11703164415,11703164401,0.0,0.0
11703164415,11703164403,0.0,0.0
11703164415,11703164404,0.119496524,53.99908
11703164415,11703164405,0.0,0.0
11703164415,11703164406,0.0,0.0
11703164415,11703164408,0.0,0.0
11703164415,11703164409,0.0,0.0
11703164415,11703164411,0.0,0.0
11703164415,11703164412,0.0,0.0
11703164415,11703164413,0.0,0.0
11703164415,11703164415,0.08260852,37.329826
11703164415,11703164416,0.0,0.0
11703164415,11703164417,0.0,0.0
11703164415,11703164421,0.0,0.0
11703164415,11703164423,0.0,0.0
11703164415,11703164424,0.7978948,360.55933
11703164415,11703164426,0.0,0.0
11703164415,11703164429,0.0,0.0
11703164416,11703133325,0.0,0.0
11703164416,11703133326,0.0,0.0
11703164416,11703133328,0.0,0.0
11703164416,11703164403,0.0,0.0
11703164416,11703164405,0.0,0.0
11703164416,11703164408,0.6268675,6463.998
11703164416,11703164410,0.0,0.0
11703164416,11703164411,0.0,0.0
11703164416,11703164412,0.0,0.0
11703164416,11703164413,0.0,0.0
11703164416,11703164415,0.27430308,2828.4998
11703164416,11703164416,0.09882939,1019.0877
11703164416,11703164418,0.0,0.0
11703164416,11703164421,0.0,0.0
11703164417,11703164401,0.0,0.0
11703164417,11703164403,0.0,0.0
11703164417,11703164406,0.0,0.0
11703164417,11703164407,0.0,0.0
11703164417,11703164408,0.0,0.0
11703164417,11703164409,0.0,0.0
11703164417,11703164412,0.0,0.0
11703164417,11703164414,0.0,0.0
11703164417,11703164415,0.0,0.0
11703164417,11703164417,1.0,2974.0232
11703164417,11703164421,0.0,0.0
11703164417,11703164422,0.0,0.0
11703164417,11703164423,0.0,0.0
11703164417,11703164425,0.0,0.0
11703164417,11703164428,0.0,0.0
11703164417,11703164429,0.0,0.0
11703164418,11703132915,0.0,0.0
11703164418,11703132916,0.0,0.0
11703164418,11703132918,0.0,0.0
11703164418,11703132920,0.0,0.0
11703164418,11703133318,0.023753613,21.983454
11703164418,11703133319,0.39313015,363.8334
11703164418,11703133320,0.216862,200.70107
11703164418,11703133321,0.0,0.0
11703164418,11703133322,0.0,0.0
11703164418,11703133323,0.0,0.0
11703164418,11703133325,0.0,0.0
11703164418,11703133326,0.0,0.0
11703164418,11703133327,0.0,0.0
11703164418,11703133328,0.23900244,221.19156
11703164418,11703133622,0.0,0.0
11703164418,11703164402,0.0,0.0
11703164418,11703164403,0.0,0.0
11703164418,11703164407,0.0,0.0
11703164418,11703164408,0.0,0.0
11703164418,11703164410,0.12725183,117.76881
11703164418,11703164412,0.0,0.0
11703164418,11703164413,0.0,0.0
11703164418,11703164414,0.0,0.0
11703164418,11703164416,0.0,0.0
11703164418,11703164418,0.0,0.0
11703164418,11703164421,0.0,0.0
11703164418,11703164423,0.0,0.0
11703164418,11703164425,0.0,0.0
11703164418,11703164428,0.0,0.0
11703164418,11703164502,0.0,0.0
11703164418,11703164507,0.0,0.0
11703164418,11703164509,0.0,0.0
11703164418,11703164528,0.0,0.0
11703164420,11703164405,0.0,0.0
11703164420,11703164406,0.0,0.0
11703164420,11703164408,0.0,0.0
11703164420,11703164411,0.0,0.0
11703164420,11703164413,0.0,0.0
11703164420,11703164420,0.27152997,628.3827
11703164420,11703164424,0.72846997,1685.8467
11703164420,11703164426,0.0,0.0
11703164421,11703164401,1.0,8332.086
11703164421,11703164403,0.0,0.0
11703164421,11703164404,0.0,0.0
11703164421,11703164405,0.0,0.0
11703164421,11703164406,0.0,0.0
11703164421,11703164408,0.0,0.0
11703164421,11703164409,0.0,0.0
11703164421,11703164410,0.0,0.0
11703164421,11703164411,0.0,0.0
11703164421,11703164412,0.0,0.0
11703164421,11703164413,0.0,0.0
11703164421,11703164415,0.0,0.0
11703164421,11703164416,0.0,0.0
11703164421,11703164417,0.0,0.0
11703164421,11703164418,0.0,0.0
11703164421,11703164421,0.0,0.0
11703164421,11703164422,0.0,0.0
11703164421,11703164423,0.0,0.0
11703164421,11703164425,0.0,0.0
11703164421,11703164426,0.0,0.0
11703164421,11703164428,0.0,0.0
11703164421,11703164429,0.0,0.0
11703164422,11703164409,0.0,0.0
11703164422,11703164412,0.0,0.0
11703164422,11703164417,0.27391255,144.05762
11703164422,11703164421,0.0,0.0
11703164422,11703164422,0.72608745,381.86798
11703164422,11703164423,0.0,0.0
11703164422,11703164425,0.0,0.0
11703164422,11703164428,0.0,0.0
11703164423,11703164401,0.122953385,828.4164
11703164423,11703164402,0.0,0.0
11703164423,11703164403,0.0,0.0
11703164423,11703164406,0.0,0.0
11703164423,11703164407,0.0,0.0
11703164423,11703164408,0.0,0.0
11703164423,11703164409,0.0,0.0
11703164423,11703164412,0.0,0.0
11703164423,11703164414,0.0,0.0
11703164423,11703164415,0.0,0.0
11703164423,11703164417,0.4832385,3255.89
11703164423,11703164418,0.0,0.0
11703164423,11703164421,0.0,0.0
11703164423,11703164422,0.39380807,2653.3394
11703164423,11703164423,0.0,0.0
11703164423,11703164425,0.0,0.0
11703164423,11703164428,0.0,0.0
11703164423,11703164429,0.0,0.0
11703164424,11703164404,0.0,0.0
11703164424,11703164405,0.0,0.0
11703164424,11703164406,0.0,0.0
11703164424,11703164408,0.0,0.0
11703164424,11703164411,0.0,0.0
11703164424,11703164413,0.0,0.0
11703164424,11703164415,0.0,0.0
11703164424,11703164420,0.0,0.0
11703164424,11703164424,1.0,724.6247
11703164424,11703164426,0.0,0.0
11703164424,11703164429,0.0,0.0
11703164425,11703164402,0.0,0.0
11703164425,11703164407,0.0,0.0
11703164425,11703164409,0.0,0.0
11703164425,11703164412,0.0,0.0
11703164425,11703164414,0.0,0.0
11703164425,11703164417,0.88159823,11799.011
11703164425,11703164418,0.0,0.0
11703164425,11703164421,0.0,0.0
11703164425,11703164422,0.118401766,1584.6489
11703164425,11703164423,0.0,0.0
11703164425,11703164425,0.0,0.0
11703164425,11703164428,0.0,0.0
11703164425,11703164504,0.0,0.0
11703164425,11703164509,0.0,0.0
11703164425,11703164510,0.0,0.0
11703164425,11703164511,0.0,0.0
11703164425,11703164526,0.0,0.0
11703164425,11703164527,0.0,0.0
11703164425,11703164530,0.0,0.0
11703164426,11703164404,0.0,0.0
11703164426,11703164405,0.0,0.0
11703164426,11703164406,0.0,0.0
11703164426,11703164408,0.0,0.0
11703164426,11703164409,0.0,0.0
11703164426,11703164411,0.0,0.0
11703164426,11703164415,0.0,0.0
11703164426,11703164420,0.0,0.0
11703164426,11703164421,0.0,0.0
11703164426,11703164424,0.6084267,1044.6339
11703164426,11703164426,0.3915733,672.309
11703164426,11703164429,0.0,0.0
11703164428,11703132915,0.0,0.0
11703164428,11703132916,0.0,0.0
11703164428,11703132918,0.0,0.0
11703164428,11703133318,0.0,0.0
11703164428,11703133319,0.0,0.0
11703164428,11703133320,0.0,0.0
11703164428,11703133328,0.0,0.0
11703164428,11703133622,0.0,0.0
11703164428,11703164402,0.0,0.0
11703164428,11703164403,0.0,0.0
11703164428,11703164407,0.0,0.0
11703164428,11703164410,0.0,0.0
11703164428,11703164412,0.0,0.0
11703164428,11703164414,0.0,0.0
11703164428,11703164417,0.0,0.0
11703164428,11703164418,0.0,0.0
11703164428,11703164421,0.0,0.0
11703164428,11703164422,0.20264047,1896.8331
11703164428,11703164423,0.0,0.0
11703164428,11703164425,0.0,0.0
11703164428,11703164428,0.0,0.0
11703164428,11703164502,0.0,0.0
11703164428,11703164504,0.0,0.0
11703164428,11703164507,0.0,0.0
11703164428,11703164509,0.0,0.0
11703164428,11703164510,0.0,0.0
11703164428,11703164511,0.35245395,3299.1748
11703164428,11703164526,0.44490552,4164.5757
11703164428,11703164527,0.0,0.0
11703164428,11703164528,0.0,0.0
11703164428,11703164530,0.0,0.0
11703164429,11703164401,0.0,0.0
11703164429,11703164403,0.0,0.0
11703164429,11703164404,0.0,0.0
11703164429,11703164405,0.0,0.0
11703164429,11703164406,0.0,0.0
11703164429,11703164408,0.0,0.0
11703164429,11703164409,0.0,0.0
11703164429,11703164411,0.0,0.0
11703164429,11703164412,0.0,0.0
11703164429,11703164415,0.0,0.0
11703164429,11703164417,0.0,0.0
11703164429,11703164421,0.0,0.0
11703164429,11703164423,0.0,0.0
11703164429,11703164424,0.5962328,219.93407
11703164429,11703164426,0.0,0.0
11703164429,11703164429,0.4037673,148.93878
11703164501,11703164117,0.0,0.0
11703164501,11703164119,0.0,0.0
11703164501,11703164125,0.0,0.0
11703164501,11703164407,0.0,0.0
11703164501,11703164501,0.0,0.0
11703164501,11703164503,0.7056818,272.87634
11703164501,11703164506,0.0,0.0
11703164501,11703164510,0.0,0.0
11703164501,11703164511,0.0,0.0
11703164501,11703164513,0.0,0.0
11703164501,11703164514,0.0,0.0
11703164501,11703164515,0.0,0.0
11703164501,11703164516,0.0,0.0
11703164501,11703164517,0.0,0.0
11703164501,11703164522,0.0,0.0
11703164501,11703164524,0.0,0.0
11703164501,11703164525,0.0,0.0
11703164501,11703164529,0.0,0.0
11703164501,11703164530,0.0,0.0
11703164501,11703164535,0.0,0.0
11703164501,11703164604,0.0,0.0
11703164501,11703164606,0.163831,63.350937
11703164501,11703164608,0.0,0.0
11703164501,11703164610,0.1304872,50.457405
11703164501,11703164613,0.0,0.0
11703164502,11703132915,0.0,0.0
11703164502,11703132916,0.02079922,56.985516
11703164502,11703132918,0.0,0.0
11703164502,11703133318,0.0,0.0
11703164502,11703133622,0.0,0.0
11703164502,11703164402,0.0,0.0
11703164502,11703164414,0.0,0.0
11703164502,11703164418,0.0,0.0
11703164502,11703164428,0.0,0.0
11703164502,11703164502,0.59205997,1622.1206
11703164502,11703164504,0.0,0.0
11703164502,11703164507,0.0,0.0
11703164502,11703164509,0.016056597,43.991722
11703164502,11703164512,0.0,0.0
11703164502,11703164519,0.0,0.0
11703164502,11703164521,0.0,0.0
11703164502,11703164528,0.3710842,1016.6932
11703164502,11703164534,0.0,0.0
11703164503,11703164117,0.0,0.0
11703164503,11703164119,0.0,0.0
11703164503,11703164125,0.0,0.0
11703164503,11703164407,0.0,0.0
11703164503,11703164501,0.0,0.0
11703164503,11703164503,0.72104084,2482.2493
11703164503,11703164506,0.0,0.0
11703164503,11703164510,0.0,0.0
11703164503,11703164511,0.0,0.0
11703164503,11703164513,0.042459488,146.17068
11703164503,11703164514,0.10812855,372.24246
11703164503,11703164515,0.0,0.0
11703164503,11703164516,0.0,0.0
11703164503,11703164517,0.0,0.0
11703164503,11703164522,0.0,0.0
11703164503,11703164524,0.0,0.0
11703164503,11703164525,0.0,0.0
11703164503,11703164529,0.0,0.0
11703164503,11703164530,0.0,0.0
11703164503,11703164535,0.128371,441.92896
11703164503,11703164604,0.0,0.0
11703164503,11703164608,0.0,0.0
11703164503,11703164610,0.0,0.0
11703164503,11703164613,0.0,0.0
11703164504,11703164402,0.0,0.0
11703164504,11703164407,0.0,0.0
11703164504,11703164414,0.0,0.0
11703164504,11703164425,0.0,0.0
11703164504,11703164428,0.0,0.0
11703164504,11703164502,0.0,0.0
11703164504,11703164504,0.67535275,15625.373
11703164504,11703164507,0.0,0.0
11703164504,11703164508,0.19653621,4547.1816
11703164504,11703164509,0.0,0.0
11703164504,11703164510,0.0,0.0
11703164504,11703164511,0.0,0.0
11703164504,11703164512,0.0,0.0
11703164504,11703164516,0.0,0.0
11703164504,11703164519,0.0,0.0
11703164504,11703164520,0.0,0.0
11703164504,11703164521,0.0,0.0
11703164504,11703164523,0.0,0.0
11703164504,11703164524,0.0,0.0
11703164504,11703164526,0.0,0.0
11703164504,11703164527,0.0,0.0
11703164504,11703164530,0.0,0.0
11703164504,11703164531,0.12811095,2964.053
11703164504,11703164532,0.0,0.0
11703164504,11703164533,0.0,0.0
11703164504,11703164534,0.0,0.0
11703164505,11703133601,0.0,0.0
11703164505,11703133610,0.0,0.0
11703164505,11703133616,0.0,0.0
11703164505,11703133617,0.0,0.0
11703164505,11703133622,0.0,0.0
11703164505,11703133623,0.0,0.0
11703164505,11703133637,0.0,0.0
11703164505,11703163901,0.0,0.0
11703164505,11703163915,0.0,0.0
11703164505,11703164505,0.56616503,245.0613
11703164505,11703164507,0.0,0.0
11703164505,11703164512,0.0,0.0
11703164505,11703164516,0.0,0.0
11703164505,11703164517,0.0,0.0
11703164505,11703164518,0.43383497,187.78297
11703164505,11703164519,0.0,0.0
11703164505,11703164521,0.0,0.0
11703164505,11703164525,0.0,0.0
11703164505,11703164531,0.0,0.0
11703164505,11703164534,0.0,0.0
11703164505,11703164536,0.0,0.0
11703164506,11703164117,0.0,0.0
11703164506,11703164119,0.0,0.0
11703164506,11703164125,0.0,0.0
11703164506,11703164407,0.0,0.0
11703164506,11703164501,0.0,0.0
11703164506,11703164503,0.0,0.0
11703164506,11703164506,0.26811567,521.2567
11703164506,11703164508,0.0,0.0
11703164506,11703164510,0.0,0.0
11703164506,11703164511,0.11962119,232.56136
11703164506,11703164513,0.0,0.0
11703164506,11703164515,0.0,0.0
11703164506,11703164516,0.0,0.0
11703164506,11703164523,0.0,0.0
11703164506,11703164524,0.6122632,1190.3306
11703164506,11703164526,0.0,0.0
11703164506,11703164527,0.0,0.0
11703164506,11703164530,0.0,0.0
11703164506,11703164532,0.0,0.0
11703164506,11703164533,0.0,0.0
11703164506,11703164604,0.0,0.0
11703164506,11703164610,0.0,0.0
11703164506,11703164613,0.0,0.0
11703164507,11703132915,0.0,0.0
11703164507,11703132916,0.0,0.0
11703164507,11703132918,0.0,0.0
11703164507,11703133318,0.0,0.0
11703164507,11703133601,0.0,0.0
11703164507,11703133610,0.0,0.0
11703164507,11703133616,0.0,0.0
11703164507,11703133617,0.0,0.0
11703164507,11703133622,0.0,0.0
11703164507,11703133623,0.0,0.0
11703164507,11703133637,0.0,0.0
11703164507,11703163901,0.0,0.0
11703164507,11703163915,0.0,0.0
11703164507,11703164402,0.0,0.0
11703164507,11703164407,0.0,0.0
11703164507,11703164414,0.0,0.0
11703164507,11703164418,0.0,0.0
11703164507,11703164428,0.0,0.0
11703164507,11703164502,0.0,0.0
11703164507,11703164504,0.0,0.0
11703164507,11703164505,0.0,0.0
11703164507,11703164507,0.27807343,472.8822
11703164507,11703164509,0.0,0.0
11703164507,11703164512,0.35519087,604.0255
11703164507,11703164516,0.0,0.0
11703164507,11703164517,0.0,0.0
11703164507,11703164518,0.0,0.0
11703164507,11703164519,0.14638329,248.93443
11703164507,11703164520,0.0,0.0
11703164507,11703164521,0.0,0.0
11703164507,11703164525,0.0,0.0
11703164507,11703164527,0.0,0.0
11703164507,11703164528,0.0,0.0
11703164507,11703164531,0.0,0.0
11703164507,11703164533,0.0,0.0
11703164507,11703164534,0.22035241,374.7238
11703164507,11703164536,0.0,0.0
11703164508,11703164407,0.0,0.0
11703164508,11703164414,0.0,0.0
11703164508,11703164504,0.0,0.0
11703164508,11703164506,0.16555732,150.8388
11703164508,11703164508,0.78510004,715.30237
11703164508,11703164510,0.0,0.0
11703164508,11703164511,0.0,0.0
11703164508,11703164512,0.0,0.0
11703164508,11703164515,0.0,0.0
11703164508,11703164516,0.0,0.0
11703164508,11703164523,0.0,0.0
11703164508,11703164524,0.049342513,44.955822
11703164508,11703164526,0.0,0.0
11703164508,11703164527,0.0,0.0
11703164508,11703164531,0.0,0.0
11703164508,11703164532,0.0,0.0
11703164508,11703164533,0.0,0.0
11703164509,11703132915,0.0,0.0
11703164509,11703132916,0.0,0.0
11703164509,11703132918,0.0,0.0
11703164509,11703133318,0.0,0.0
11703164509,11703133622,0.0,0.0
11703164509,11703164402,0.0,0.0
11703164509,11703164407,0.0,0.0
11703164509,11703164414,0.0,0.0
11703164509,11703164418,0.0,0.0
11703164509,11703164425,0.0,0.0
11703164509,11703164428,0.0,0.0
11703164509,11703164502,0.0,0.0
11703164509,11703164504,0.0,0.0
11703164509,11703164507,0.108819366,72.03541
11703164509,11703164509,0.16319501,108.03059
11703164509,11703164512,0.6700796,443.57416
11703164509,11703164516,0.0,0.0
11703164509,11703164519,0.048864722,32.347095
11703164509,11703164520,0.0,0.0
11703164509,11703164521,0.0,0.0
11703164509,11703164527,0.0,0.0
11703164509,11703164528,0.0,0.0
11703164509,11703164531,0.00904125,5.9850574
11703164509,11703164533,0.0,0.0
11703164509,11703164534,0.0,0.0
11703164510,11703164104,0.0,0.0
11703164510,11703164105,0.0,0.0
11703164510,11703164114,0.0,0.0
11703164510,11703164115,0.0,0.0
11703164510,11703164117,0.0,0.0
11703164510,11703164118,0.0,0.0
11703164510,11703164119,0.0,0.0
11703164510,11703164121,0.0,0.0
11703164510,11703164123,0.0,0.0
11703164510,11703164125,0.0,0.0
11703164510,11703164128,0.0,0.0
11703164510,11703164407,0.0,0.0
11703164510,11703164414,0.0,0.0
11703164510,11703164425,0.0,0.0
11703164510,11703164428,0.0,0.0
11703164510,11703164501,0.0,0.0
11703164510,11703164503,0.0,0.0
11703164510,11703164504,0.0,0.0
11703164510,11703164506,0.0,0.0
11703164510,11703164508,0.0,0.0
11703164510,11703164510,0.0,0.0
11703164510,11703164511,0.0,0.0
11703164510,11703164512,0.35571483,1347.5266
11703164510,11703164513,0.0,0.0
11703164510,11703164514,0.0,0.0
11703164510,11703164515,0.0,0.0
11703164510,11703164516,0.0,0.0
11703164510,11703164521,0.0,0.0
11703164510,11703164522,0.0,0.0
11703164510,11703164523,0.0,0.0
11703164510,11703164524,0.0,0.0
11703164510,11703164525,0.0,0.0
11703164510,11703164526,0.0,0.0
11703164510,11703164527,0.0,0.0
11703164510,11703164530,0.14102712,534.242
11703164510,11703164531,0.19068614,722.3613
11703164510,11703164532,0.0,0.0
11703164510,11703164533,0.0,0.0
11703164510,11703164535,0.0,0.0
11703164510,11703164604,0.0,0.0
11703164510,11703164605,0.0,0.0
11703164510,11703164606,0.0,0.0
11703164510,11703164607,0.0,0.0
11703164510,11703164608,0.0,0.0
11703164510,11703164610,0.0,0.0
11703164510,11703164613,0.3125719,1184.0917
11703164510,11703164618,0.0,0.0
11703164511,11703164117,0.0,0.0
11703164511,11703164119,0.26086932,225.3388
11703164511,11703164125,0.045504898,39.30711
11703164511,11703164407,0.0,0.0
11703164511,11703164414,0.0,0.0
11703164511,11703164425,0.0,0.0
11703164511,11703164428,0.0,0.0
11703164511,11703164501,0.0,0.0
11703164511,11703164503,0.11732972,101.34936
11703164511,11703164504,0.0,0.0
11703164511,11703164506,0.06806448,58.794067
11703164511,11703164508,0.0,0.0
11703164511,11703164510,0.0,0.0
11703164511,11703164511,0.50823164,439.01025
11703164511,11703164513,0.0,0.0
11703164511,11703164515,0.0,0.0
11703164511,11703164516,0.0,0.0
11703164511,11703164524,0.0,0.0
11703164511,11703164526,0.0,0.0
11703164511,11703164527,0.0,0.0
11703164511,11703164530,0.0,0.0
11703164511,11703164532,0.0,0.0
11703164511,11703164604,0.0,0.0
11703164511,11703164610,0.0,0.0
11703164511,11703164613,0.0,0.0
11703164512,11703133601,0.0,0.0
11703164512,11703133610,0.0,0.0
11703164512,11703133616,0.0,0.0
11703164512,11703133617,0.25154465,143.30685
11703164512,11703133622,0.0,0.0
11703164512,11703133623,0.0,0.0
11703164512,11703133637,0.13205725,75.23399
11703164512,11703163901,0.0,0.0
11703164512,11703163915,0.0,0.0
11703164512,11703164402,0.0,0.0
11703164512,11703164407,0.0,0.0
11703164512,11703164414,0.0,0.0
11703164512,11703164502,0.0,0.0
11703164512,11703164504,0.0,0.0
11703164512,11703164505,0.0,0.0
11703164512,11703164507,0.0,0.0
11703164512,11703164508,0.0,0.0
11703164512,11703164509,0.0,0.0
11703164512,11703164510,0.0,0.0
11703164512,11703164512,0.23277825,132.6155
11703164512,11703164513,0.0,0.0
11703164512,11703164514,0.0,0.0
11703164512,11703164515,0.0,0.0
11703164512,11703164516,0.0,0.0
11703164512,11703164517,0.33195287,189.11601
11703164512,11703164518,0.0,0.0
11703164512,11703164519,0.0,0.0
11703164512,11703164520,0.0,0.0
11703164512,11703164521,0.0,0.0
11703164512,11703164522,0.0,0.0
11703164512,11703164523,0.0,0.0
11703164512,11703164524,0.0,0.0
11703164512,11703164525,0.0,0.0
11703164512,11703164526,0.0,0.0
11703164512,11703164527,0.0,0.0
11703164512,11703164531,0.0,0.0
11703164512,11703164532,0.0,0.0
11703164512,11703164533,0.0,0.0
11703164512,11703164534,0.051666915,29.435024
11703164512,11703164536,0.0,0.0
11703164513,11703164117,0.0,0.0
11703164513,11703164119,0.0,0.0
11703164513,11703164125,0.0,0.0
11703164513,11703164407,0.0,0.0
11703164513,11703164501,0.0,0.0
11703164513,11703164503,0.07713768,68.92423
11703164513,11703164506,0.0,0.0
11703164513,11703164510,0.0,0.0
11703164513,11703164511,0.0,0.0
11703164513,11703164512,0.24603733,219.83984
11703164513,11703164513,0.32928857,294.22668
11703164513,11703164514,0.0,0.0
11703164513,11703164515,0.0,0.0
11703164513,11703164516,0.0,0.0
11703164513,11703164521,0.0,0.0
11703164513,11703164522,0.0,0.0
11703164513,11703164523,0.0,0.0
11703164513,11703164524,0.0,0.0
11703164513,11703164525,0.0,0.0
11703164513,11703164530,0.0,0.0
11703164513,11703164531,0.3475364,310.53152
11703164513,11703164535,0.0,0.0
11703164513,11703164604,0.0,0.0
11703164513,11703164610,0.0,0.0
11703164513,11703164613,0.0,0.0
11703164514,11703164501,0.0,0.0
11703164514,11703164503,0.43824917,302.07166
11703164514,11703164510,0.0,0.0
11703164514,11703164512,0.0,0.0
11703164514,11703164513,0.0,0.0
11703164514,11703164514,0.5617509,387.19757
11703164514,11703164515,0.0,0.0
11703164514,11703164516,0.0,0.0
11703164514,11703164517,0.0,0.0
11703164514,11703164521,0.0,0.0
11703164514,11703164522,0.0,0.0
11703164514,11703164523,0.0,0.0
11703164514,11703164525,0.0,0.0
11703164514,11703164529,0.0,0.0
11703164514,11703164531,0.0,0.0
11703164514,11703164535,0.0,0.0
11703164514,11703164604,0.0,0.0
11703164514,11703164608,0.0,0.0
11703164515,11703164117,0.0,0.0
11703164515,11703164119,0.10493019,67.67441
11703164515,11703164125,0.0,0.0
11703164515,11703164407,0.0,0.0
11703164515,11703164501,0.0,0.0
11703164515,11703164503,0.0,0.0
11703164515,11703164506,0.0,0.0
11703164515,11703164508,0.0,0.0
11703164515,11703164510,0.0,0.0
11703164515,11703164511,0.0,0.0
11703164515,11703164512,0.27223095,175.57452
11703164515,11703164513,0.0,0.0
11703164515,11703164514,0.0,0.0
11703164515,11703164515,0.57595134,371.45807
11703164515,11703164516,0.0,0.0
11703164515,11703164521,0.0,0.0
11703164515,11703164522,0.0,0.0
11703164515,11703164523,0.0,0.0
11703164515,11703164524,0.023247719,14.993546
11703164515,11703164525,0.0,0.0
11703164515,11703164530,0.0,0.0
11703164515,11703164531,0.023639739,15.246378
11703164515,11703164533,0.0,0.0
11703164515,11703164604,0.0,0.0
11703164515,11703164610,0.0,0.0
11703164515,11703164613,0.0,0.0
11703164516,11703133601,0.0,0.0
11703164516,11703133610,0.0,0.0
11703164516,11703133616,0.0,0.0
11703164516,11703133617,0.0,0.0
11703164516,11703133622,0.0,0.0
11703164516,11703133623,0.0,0.0
11703164516,11703133637,0.0,0.0
11703164516,11703163901,0.0,0.0
11703164516,11703163915,0.0,0.0
11703164516,11703164117,0.0,0.0
11703164516,11703164119,0.0,0.0
11703164516,11703164125,0.0,0.0
11703164516,11703164407,0.0,0.0
11703164516,11703164501,0.0,0.0
11703164516,11703164503,0.0,0.0
11703164516,11703164504,0.0,0.0
11703164516,11703164505,0.0,0.0
11703164516,11703164506,0.0,0.0
11703164516,11703164507,0.0,0.0
11703164516,11703164508,0.0,0.0
11703164516,11703164509,0.0,0.0
11703164516,11703164510,0.0,0.0
11703164516,11703164511,0.0,0.0
11703164516,11703164512,0.52161735,4901.5444
11703164516,11703164513,0.0,0.0
11703164516,11703164514,0.0,0.0
11703164516,11703164515,0.0,0.0
11703164516,11703164516,0.0,0.0
11703164516,11703164517,0.25948906,2438.372
11703164516,11703164518,0.0,0.0
11703164516,11703164519,0.0,0.0
11703164516,11703164520,0.0,0.0
11703164516,11703164521,0.0,0.0
11703164516,11703164522,0.0,0.0
11703164516,11703164523,0.0,0.0
11703164516,11703164524,0.0,0.0
11703164516,11703164525,0.0,0.0
11703164516,11703164527,0.0,0.0
11703164516,11703164529,0.0,0.0
11703164516,11703164530,0.0,0.0
11703164516,11703164531,0.21889359,2056.9038
11703164516,11703164533,0.0,0.0
11703164516,11703164534,0.0,0.0
11703164516,11703164535,0.0,0.0
11703164516,11703164536,0.0,0.0
11703164516,11703164604,0.0,0.0
11703164516,11703164610,0.0,0.0
11703164516,11703164613,0.0,0.0
11703164517,11703133601,0.0,0.0
11703164517,11703133610,0.018681407,10.856902
11703164517,11703133616,0.0,0.0
11703164517,11703133617,0.11278021,65.54344
11703164517,11703133622,0.0,0.0
11703164517,11703133623,0.0,0.0
11703164517,11703133637,0.21187401,123.13287
11703164517,11703163901,0.0,0.0
11703164517,11703163902,0.0,0.0
11703164517,11703163905,0.0,0.0
11703164517,11703163910,0.0,0.0
11703164517,11703163915,0.0,0.0
11703164517,11703163916,0.0,0.0
11703164517,11703164501,0.0,0.0
11703164517,11703164503,0.0,0.0
11703164517,11703164505,0.0,0.0
11703164517,11703164507,0.0,0.0
11703164517,11703164512,0.34950256,203.1172
11703164517,11703164514,0.0,0.0
11703164517,11703164516,0.0,0.0
11703164517,11703164517,0.3071618,178.5104
11703164517,11703164518,0.0,0.0
11703164517,11703164519,0.0,0.0
11703164517,11703164521,0.0,0.0
11703164517,11703164522,0.0,0.0
11703164517,11703164525,0.0,0.0
11703164517,11703164529,0.0,0.0
11703164517,11703164531,0.0,0.0
11703164517,11703164534,0.0,0.0
11703164517,11703164535,0.0,0.0
11703164517,11703164536,0.0,0.0
11703164517,11703164601,0.0,0.0
11703164517,11703164603,0.0,0.0
11703164517,11703164604,0.0,0.0
11703164517,11703164606,0.0,0.0
11703164517,11703164608,0.0,0.0
11703164517,11703164611,0.0,0.0
11703164517,11703164614,0.0,0.0
11703164517,11703164619,0.0,0.0
11703164517,11703164621,0.0,0.0
11703164518,11703133601,0.0,0.0
11703164518,11703133610,0.0,0.0
11703164518,11703133616,0.0,0.0
11703164518,11703133617,0.0,0.0
11703164518,11703133622,0.0,0.0
11703164518,11703133623,0.0,0.0
11703164518,11703133637,0.0,0.0
11703164518,11703163901,0.0,0.0
11703164518,11703163915,0.0,0.0
11703164518,11703164505,0.33808097,149.43149
11703164518,11703164507,0.0,0.0
11703164518,11703164512,0.0,0.0
11703164518,11703164516,0.0,0.0
11703164518,11703164517,0.0,0.0
11703164518,11703164518,0.661919,292.5676
11703164518,11703164519,0.0,0.0
11703164518,11703164521,0.0,0.0
11703164518,11703164525,0.0,0.0
11703164518,11703164531,0.0,0.0
11703164518,11703164534,0.0,0.0
11703164518,11703164536,0.0,0.0
11703164519,11703133601,0.0,0.0
11703164519,11703133610,0.0,0.0
11703164519,11703133616,0.043813586,40.00036
11703164519,11703133617,0.14768064,134.82756
11703164519,11703133622,0.0,0.0
11703164519,11703133623,0.0,0.0
11703164519,11703133637,0.0,0.0
11703164519,11703163901,0.0,0.0
11703164519,11703163915,0.0,0.0
11703164519,11703164402,0.0,0.0
11703164519,11703164502,0.0,0.0
11703164519,11703164504,0.0,0.0
11703164519,11703164505,0.0,0.0
11703164519,11703164507,0.0,0.0
11703164519,11703164509,0.0,0.0
11703164519,11703164512,0.0,0.0
11703164519,11703164516,0.0,0.0
11703164519,11703164517,0.07948768,72.56963
11703164519,11703164518,0.0,0.0
11703164519,11703164519,0.66260564,604.93713
11703164519,11703164520,0.0,0.0
11703164519,11703164521,0.0,0.0
11703164519,11703164525,0.0,0.0
11703164519,11703164527,0.0,0.0
11703164519,11703164531,0.06641221,60.63216
11703164519,11703164533,0.0,0.0
11703164519,11703164534,0.0,0.0
11703164519,11703164536,0.0,0.0
11703164520,11703164407,0.0,0.0
11703164520,11703164414,0.0,0.0
11703164520,11703164504,0.0,0.0
11703164520,11703164507,0.0,0.0
11703164520,11703164509,0.0,0.0
11703164520,11703164512,0.6356006,570.25696
11703164520,11703164516,0.0,0.0
11703164520,11703164519,0.22848162,204.99231
11703164520,11703164520,0.0,0.0
11703164520,11703164521,0.0,0.0
11703164520,11703164527,0.0,0.0
11703164520,11703164531,0.0,0.0
11703164520,11703164533,0.13591775,121.94457
11703164521,11703132905,0.0,0.0
11703164521,11703132909,0.0,0.0
11703164521,11703132915,0.0,0.0
11703164521,11703133601,0.0,0.0
11703164521,11703133603,0.0,0.0
11703164521,11703133608,0.0,0.0
11703164521,11703133610,0.0,0.0
11703164521,11703133614,0.0,0.0
11703164521,11703133615,0.0,0.0
11703164521,11703133616,0.0,0.0
11703164521,11703133617,0.0,0.0
11703164521,11703133618,0.0,0.0
11703164521,11703133619,0.0,0.0
11703164521,11703133620,0.0,0.0
11703164521,11703133622,0.0,0.0
11703164521,11703133623,0.0,0.0
11703164521,11703133633,0.0,0.0
11703164521,11703133635,0.0,0.0
11703164521,11703133637,0.0,0.0
11703164521,11703133638,0.0,0.0
11703164521,11703133639,0.0,0.0
11703164521,11703133640,0.0,0.0
11703164521,11703133641,0.0,0.0
11703164521,11703163901,0.91109884,18771.14
11703164521,11703163902,0.0,0.0
11703164521,11703163907,0.0,0.0
11703164521,11703163908,0.0,0.0
11703164521,11703163915,0.0,0.0
11703164521,11703164210,0.0,0.0
11703164521,11703164218,0.0,0.0
11703164521,11703164224,0.0,0.0
11703164521,11703164226,0.0,0.0
11703164521,11703164227,0.0,0.0
11703164521,11703164402,0.0,0.0
11703164521,11703164502,0.0,0.0
11703164521,11703164504,0.0,0.0
11703164521,11703164505,0.0889011,1831.607
11703164521,11703164507,0.0,0.0
11703164521,11703164509,0.0,0.0
11703164521,11703164510,0.0,0.0
11703164521,11703164512,0.0,0.0
11703164521,11703164513,0.0,0.0
11703164521,11703164514,0.0,0.0
11703164521,11703164515,0.0,0.0
11703164521,11703164516,0.0,0.0
11703164521,11703164517,0.0,0.0
11703164521,11703164518,0.0,0.0
11703164521,11703164519,0.0,0.0
11703164521,11703164520,0.0,0.0
11703164521,11703164521,0.0,0.0
11703164521,11703164522,0.0,0.0
11703164521,11703164523,0.0,0.0
11703164521,11703164525,0.0,0.0
11703164521,11703164527,0.0,0.0
11703164521,11703164528,0.0,0.0
11703164521,11703164529,0.0,0.0
11703164521,11703164531,0.0,0.0
11703164521,11703164533,0.0,0.0
11703164521,11703164534,0.0,0.0
11703164521,11703164535,0.0,0.0
11703164521,11703164536,0.0,0.0
11703164521,11703164603,0.0,0.0
11703164521,11703164608,0.0,0.0
11703164521,11703164611,0.0,0.0
11703164522,11703164501,0.0,0.0
11703164522,11703164503,0.0,0.0
11703164522,11703164510,0.0,0.0
11703164522,11703164512,0.0,0.0
11703164522,11703164513,0.0,0.0
11703164522,11703164514,0.30435115,230.33183
11703164522,11703164515,0.059844553,45.29014
11703164522,11703164516,0.0,0.0
11703164522,11703164517,0.0,0.0
11703164522,11703164521,0.0,0.0
11703164522,11703164522,0.63580424,481.17432
11703164522,11703164523,0.0,0.0
11703164522,11703164525,0.0,0.0
11703164522,11703164529,0.0,0.0
11703164522,11703164531,0.0,0.0
11703164522,11703164535,0.0,0.0
11703164522,11703164604,0.0,0.0
11703164522,11703164608,0.0,0.0
11703164523,11703164504,0.0,0.0
11703164523,11703164506,0.0,0.0
11703164523,11703164508,0.0,0.0
11703164523,11703164510,0.0,0.0
11703164523,11703164512,0.0,0.0
11703164523,11703164513,0.0,0.0
11703164523,11703164514,0.0,0.0
11703164523,11703164515,0.20088267,107.617
11703164523,11703164516,0.0,0.0
11703164523,11703164521,0.0,0.0
11703164523,11703164522,0.0,0.0
11703164523,11703164523,0.31971785,171.27945
11703164523,11703164524,0.47939953,256.82422
11703164523,11703164525,0.0,0.0
11703164523,11703164527,0.0,0.0
11703164523,11703164531,0.0,0.0
11703164523,11703164532,0.0,0.0
11703164523,11703164533,0.0,0.0
11703164524,11703164117,0.0,0.0
11703164524,11703164119,0.0,0.0
11703164524,11703164125,0.0,0.0
11703164524,11703164407,0.0,0.0
11703164524,11703164501,0.0,0.0
11703164524,11703164503,0.0,0.0
11703164524,11703164504,0.0,0.0
11703164524,11703164506,0.14947045,83.59747
11703164524,11703164508,0.0,0.0
11703164524,11703164510,0.0,0.0
11703164524,11703164511,0.0,0.0
11703164524,11703164512,0.3070455,171.72777
11703164524,11703164513,0.0,0.0
11703164524,11703164515,0.021929383,12.264906
11703164524,11703164516,0.0,0.0
11703164524,11703164523,0.0,0.0
11703164524,11703164524,0.5215548,291.7009
11703164524,11703164526,0.0,0.0
11703164524,11703164527,0.0,0.0
11703164524,11703164530,0.0,0.0
11703164524,11703164531,0.0,0.0
11703164524,11703164532,0.0,0.0
11703164524,11703164533,0.0,0.0
11703164524,11703164604,0.0,0.0
11703164524,11703164610,0.0,0.0
11703164524,11703164613,0.0,0.0
11703164525,11703133601,0.0,0.0
11703164525,11703133610,0.0,0.0
11703164525,11703133616,0.0,0.0
11703164525,11703133617,0.0,0.0
11703164525,11703133622,0.0,0.0
11703164525,11703133623,0.0,0.0
11703164525,11703133637,0.0,0.0
11703164525,11703163901,0.0,0.0
11703164525,11703163915,0.0,0.0
11703164525,11703164501,0.0,0.0
11703164525,11703164503,0.0,0.0
11703164525,11703164505,0.0,0.0
11703164525,11703164507,0.0,0.0
11703164525,11703164510,0.0,0.0
11703164525,11703164512,0.12494835,217.37039
11703164525,11703164513,0.0,0.0
11703164525,11703164514,0.0,0.0
11703164525,11703164515,0.0,0.0
11703164525,11703164516,0.0,0.0
11703164525,11703164517,0.4700291,817.7011
11703164525,11703164518,0.0,0.0
11703164525,11703164519,0.0,0.0
11703164525,11703164521,0.0,0.0
11703164525,11703164522,0.0,0.0
11703164525,11703164523,0.0,0.0
11703164525,11703164525,0.4050226,704.6105
11703164525,11703164529,0.0,0.0
11703164525,11703164531,0.0,0.0
11703164525,11703164534,0.0,0.0
11703164525,11703164535,0.0,0.0
11703164525,11703164536,0.0,0.0
11703164525,11703164603,0.0,0.0
11703164525,11703164604,0.0,0.0
11703164525,11703164608,0.0,0.0
11703164525,11703164611,0.0,0.0
11703164526,11703164407,0.0,0.0
11703164526,11703164414,0.0,0.0
11703164526,11703164425,0.0,0.0
11703164526,11703164428,0.0,0.0
11703164526,11703164504,0.0,0.0
11703164526,11703164506,0.25825024,175.8578
11703164526,11703164508,0.0,0.0
11703164526,11703164510,0.0,0.0
11703164526,11703164511,0.0,0.0
11703164526,11703164512,0.0,0.0
11703164526,11703164524,0.06484151,44.154404
11703164526,11703164526,0.67690825,460.94672
11703164526,11703164527,0.0,0.0
11703164526,11703164530,0.0,0.0
11703164526,11703164532,0.0,0.0
11703164526,11703164533,0.0,0.0
11703164527,11703164402,0.0,0.0
11703164527,11703164407,0.0,0.0
11703164527,11703164414,0.0,0.0
11703164527,11703164425,0.0,0.0
11703164527,11703164428,0.0,0.0
11703164527,11703164504,0.0,0.0
11703164527,11703164506,0.0,0.0
11703164527,11703164507,0.0,0.0
11703164527,11703164508,0.039472878,74.55279
11703164527,11703164509,0.0,0.0
11703164527,11703164510,0.0,0.0
11703164527,11703164511,0.0,0.0
11703164527,11703164512,0.36140138,682.5821
11703164527,11703164516,0.0,0.0
11703164527,11703164519,0.21504521,406.15787
11703164527,11703164520,0.0,0.0
11703164527,11703164521,0.0,0.0
11703164527,11703164523,0.0,0.0
11703164527,11703164524,0.0,0.0
11703164527,11703164526,0.0,0.0
11703164527,11703164527,0.2054277,387.9932
11703164527,11703164530,0.0,0.0
11703164527,11703164531,0.17865288,337.42334
11703164527,11703164532,0.0,0.0
11703164527,11703164533,0.0,0.0
11703164528,11703132905,0.0,0.0
11703164528,11703132909,0.0,0.0
11703164528,11703132915,0.0,0.0
11703164528,11703132916,0.0,0.0
11703164528,11703132917,0.0,0.0
11703164528,11703132918,0.0,0.0
11703164528,11703133318,0.0,0.0
11703164528,11703133614,0.0,0.0
11703164528,11703133617,0.46593434,260.86014
11703164528,11703133618,0.0,0.0
11703164528,11703133619,0.0,0.0
11703164528,11703133620,0.0,0.0
11703164528,11703133622,0.0,0.0
11703164528,11703133640,0.0,0.0
11703164528,11703164402,0.0,0.0
11703164528,11703164414,0.0,0.0
11703164528,11703164418,0.0,0.0
11703164528,11703164428,0.0,0.0
11703164528,11703164502,0.0,0.0
11703164528,11703164507,0.0,0.0
11703164528,11703164509,0.0,0.0
11703164528,11703164521,0.0,0.0
11703164528,11703164528,0.53406566,299.0045
11703164528,11703164534,0.0,0.0
11703164529,11703163915,0.0,0.0
11703164529,11703164501,0.50002,4227.759
11703164529,11703164503,0.0,0.0
11703164529,11703164514,0.036927223,312.22626
11703164529,11703164516,0.0,0.0
11703164529,11703164517,0.0,0.0
11703164529,11703164521,0.0,0.0
11703164529,11703164522,0.46305275,3915.1938
11703164529,11703164525,0.0,0.0
11703164529,11703164529,0.0,0.0
11703164529,11703164535,0.0,0.0
11703164529,11703164603,0.0,0.0
11703164529,11703164604,0.0,0.0
11703164529,11703164608,0.0,0.0
11703164529,11703164611,0.0,0.0
11703164530,11703164101,0.0,0.0
11703164530,11703164102,0.0,0.0
11703164530,11703164105,0.0,0.0
11703164530,11703164115,0.0,0.0
11703164530,11703164117,0.2908317,1050.1051
11703164530,11703164119,0.0,0.0
11703164530,11703164121,0.0,0.0
11703164530,11703164123,0.0,0.0
11703164530,11703164124,0.0,0.0
11703164530,11703164125,0.0,0.0
11703164530,11703164127,0.0,0.0
11703164530,11703164128,0.0,0.0
11703164530,11703164407,0.0,0.0
11703164530,11703164414,0.0,0.0
11703164530,11703164425,0.0,0.0
11703164530,11703164428,0.0,0.0
11703164530,11703164501,0.0,0.0
11703164530,11703164503,0.0,0.0
11703164530,11703164504,0.0,0.0
11703164530,11703164506,0.0,0.0
11703164530,11703164510,0.0,0.0
11703164530,11703164511,0.0,0.0
11703164530,11703164513,0.0,0.0
11703164530,11703164515,0.0,0.0
11703164530,11703164516,0.0,0.0
11703164530,11703164524,0.0,0.0
11703164530,11703164526,0.0,0.0
11703164530,11703164527,0.0,0.0
11703164530,11703164530,0.70916826,2560.5913
11703164530,11703164604,0.0,0.0
11703164530,11703164610,0.0,0.0
11703164530,11703164613,0.0,0.0
11703164531,11703133601,0.0,0.0
11703164531,11703133610,0.0,0.0
11703164531,11703133616,0.0,0.0
11703164531,11703133617,0.0,0.0
11703164531,11703133622,0.0,0.0
11703164531,11703133623,0.0,0.0
11703164531,11703133637,0.0,0.0
11703164531,11703163901,0.0,0.0
11703164531,11703163915,0.0,0.0
11703164531,11703164504,0.0,0.0
11703164531,11703164505,0.0,0.0
11703164531,11703164507,0.0,0.0
11703164531,11703164508,0.0,0.0
11703164531,11703164509,0.0,0.0
11703164531,11703164510,0.0,0.0
11703164531,11703164512,0.0,0.0
11703164531,11703164513,0.0,0.0
11703164531,11703164514,0.0,0.0
11703164531,11703164515,0.0,0.0
11703164531,11703164516,0.0,0.0
11703164531,11703164517,0.0,0.0
11703164531,11703164518,0.0,0.0
11703164531,11703164519,0.0,0.0
11703164531,11703164520,0.0,0.0
11703164531,11703164521,0.0,0.0
11703164531,11703164522,0.0,0.0
11703164531,11703164523,0.0,0.0
11703164531,11703164524,0.0,0.0
11703164531,11703164525,0.0,0.0
11703164531,11703164527,0.0,0.0
11703164531,11703164531,1.0,4790.4126
11703164531,11703164533,0.0,0.0
11703164531,11703164534,0.0,0.0
11703164531,11703164536,0.0,0.0
11703164532,11703164407,0.0,0.0
11703164532,11703164414,0.0,0.0
11703164532,11703164504,0.0,0.0
11703164532,11703164506,0.15853715,1336.3438
11703164532,11703164508,0.40095222,3379.7124
11703164532,11703164510,0.0,0.0
11703164532,11703164511,0.0,0.0
11703164532,11703164512,0.0,0.0
11703164532,11703164523,0.0,0.0
11703164532,11703164524,0.0,0.0
11703164532,11703164526,0.44051063,3713.1587
11703164532,11703164527,0.0,0.0
11703164532,11703164532,0.0,0.0
11703164532,11703164533,0.0,0.0
11703164533,11703164407,0.0,0.0
11703164533,11703164414,0.0,0.0
11703164533,11703164504,0.0,0.0
11703164533,11703164506,0.0,0.0
11703164533,11703164507,0.0,0.0
11703164533,11703164508,0.0,0.0
11703164533,11703164509,0.0,0.0
11703164533,11703164510,0.0,0.0
11703164533,11703164512,0.13482666,128.47734
11703164533,11703164515,0.0,0.0
11703164533,11703164516,0.0,0.0
11703164533,11703164519,0.0,0.0
11703164533,11703164520,0.0,0.0
11703164533,11703164521,0.0,0.0
11703164533,11703164523,0.11463517,109.23672
11703164533,11703164524,0.6546029,623.776
11703164533,11703164526,0.0,0.0
11703164533,11703164527,0.0,0.0
11703164533,11703164531,0.017230093,16.418686
11703164533,11703164532,0.0,0.0
11703164533,11703164533,0.07870537,74.99894
11703164534,11703132905,0.0,0.0
11703164534,11703132909,0.0,0.0
11703164534,11703132915,0.0,0.0
11703164534,11703133601,0.0,0.0
11703164534,11703133610,0.0,0.0
11703164534,11703133614,0.0,0.0
11703164534,11703133616,0.12618113,486.817
11703164534,11703133617,0.18083191,697.6641
11703164534,11703133618,0.0,0.0
11703164534,11703133619,0.0,0.0
11703164534,11703133620,0.0,0.0
11703164534,11703133622,0.0,0.0
11703164534,11703133623,0.0,0.0
11703164534,11703133637,0.0,0.0
11703164534,11703133640,0.0,0.0
11703164534,11703163901,0.0,0.0
11703164534,11703163915,0.0,0.0
11703164534,11703164402,0.0,0.0
11703164534,11703164502,0.0,0.0
11703164534,11703164504,0.0,0.0
11703164534,11703164505,0.0,0.0
11703164534,11703164507,0.024457216,94.35792
11703164534,11703164509,0.0,0.0
11703164534,11703164512,0.02783823,107.40214
11703164534,11703164516,0.0,0.0
11703164534,11703164517,0.0,0.0
11703164534,11703164518,0.0,0.0
11703164534,11703164519,0.0,0.0
11703164534,11703164521,0.0,0.0
11703164534,11703164525,0.0,0.0
11703164534,11703164528,0.0,0.0
11703164534,11703164531,0.08814597,340.07428
11703164534,11703164534,0.55254555,2131.7654
11703164534,11703164536,0.0,0.0
11703164535,11703163902,0.0,0.0
11703164535,11703163905,0.0,0.0
11703164535,11703163910,0.0,0.0
11703164535,11703163915,0.0,0.0
11703164535,11703163916,0.0,0.0
11703164535,11703164501,0.0,0.0
11703164535,11703164503,0.09138948,260.11853
11703164535,11703164510,0.0,0.0
11703164535,11703164513,0.0,0.0
11703164535,11703164514,0.0,0.0
11703164535,11703164516,0.0,0.0
11703164535,11703164517,0.06422526,182.802
11703164535,11703164521,0.0,0.0
11703164535,11703164522,0.0,0.0
11703164535,11703164525,0.12264097,349.0685
11703164535,11703164529,0.0,0.0
11703164535,11703164535,0.72174436,2054.2747
11703164535,11703164601,0.0,0.0
11703164535,11703164603,0.0,0.0
11703164535,11703164604,0.0,0.0
11703164535,11703164606,0.0,0.0
11703164535,11703164608,0.0,0.0
11703164535,11703164611,0.0,0.0
11703164535,11703164613,0.0,0.0
11703164535,11703164614,0.0,0.0
11703164535,11703164619,0.0,0.0
11703164535,11703164621,0.0,0.0
11703164536,11703133601,0.0,0.0
11703164536,11703133610,0.0,0.0
11703164536,11703133616,0.0,0.0
11703164536,11703133617,0.0,0.0
11703164536,11703133622,0.0,0.0
11703164536,11703133623,0.0,0.0
11703164536,11703133637,0.0,0.0
11703164536,11703163901,0.0,0.0
11703164536,11703163915,0.0,0.0
11703164536,11703164505,0.5032371,574.4956
11703164536,11703164507,0.0,0.0
11703164536,11703164512,0.0,0.0
11703164536,11703164516,0.0,0.0
11703164536,11703164517,0.0,0.0
11703164536,11703164518,0.49676287,567.1046
11703164536,11703164519,0.0,0.0
11703164536,11703164521,0.0,0.0
11703164536,11703164525,0.0,0.0
11703164536,11703164531,0.0,0.0
11703164536,11703164534,0.0,0.0
11703164536,11703164536,0.0,0.0
11703164601,11703163902,0.0,0.0
11703164601,11703163903,0.0,0.0
11703164601,11703163905,0.0,0.0
11703164601,11703163906,0.0,0.0
11703164601,11703163909,0.0,0.0
11703164601,11703163910,0.0,0.0
11703164601,11703163911,0.0,0.0
11703164601,11703163912,0.0,0.0
11703164601,11703163916,0.0,0.0
11703164601,11703163917,0.0,0.0
11703164601,11703164517,0.6898118,373.73734
11703164601,11703164535,0.0,0.0
11703164601,11703164601,0.31018814,168.05872
11703164601,11703164602,0.0,0.0
11703164601,11703164603,0.0,0.0
11703164601,11703164604,0.0,0.0
11703164601,11703164606,0.0,0.0
11703164601,11703164608,0.0,0.0
11703164601,11703164611,0.0,0.0
11703164601,11703164612,0.0,0.0
11703164601,11703164614,0.0,0.0
11703164601,11703164615,0.0,0.0
11703164601,11703164617,0.0,0.0
11703164601,11703164619,0.0,0.0
11703164601,11703164621,0.0,0.0
11703164602,11703133128,0.0,0.0
11703164602,11703133129,0.0,0.0
11703164602,11703133132,0.0,0.0
11703164602,11703163809,0.0,0.0
11703164602,11703163912,0.0,0.0
11703164602,11703164601,0.0,0.0
11703164602,11703164602,0.62416035,880.90717
11703164602,11703164605,0.0,0.0
11703164602,11703164608,0.0,0.0
11703164602,11703164609,0.0,0.0
11703164602,11703164612,0.0,0.0
11703164602,11703164614,0.37583965,530.44037
11703164602,11703164615,0.0,0.0
11703164602,11703164616,0.0,0.0
11703164602,11703164617,0.0,0.0
11703164602,11703164618,0.0,0.0
11703164602,11703164619,0.0,0.0
11703164602,11703164620,0.0,0.0
11703164602,11703164621,0.0,0.0
11703164603,11703163901,0.0,0.0
11703164603,11703163902,0.055242598,25.87546
11703164603,11703163904,0.0,0.0
11703164603,11703163905,0.0,0.0
11703164603,11703163908,0.0,0.0
11703164603,11703163910,0.0,0.0
11703164603,11703163913,0.0,0.0
11703164603,11703163915,0.0,0.0
11703164603,11703163916,0.0,0.0
11703164603,11703164517,0.67047995,314.0507
11703164603,11703164521,0.0,0.0
11703164603,11703164525,0.051981986,24.348198
11703164603,11703164529,0.0,0.0
11703164603,11703164535,0.0,0.0
11703164603,11703164601,0.0,0.0
11703164603,11703164603,0.16399735,76.81584
11703164603,11703164604,0.0,0.0
11703164603,11703164606,0.0,0.0
11703164603,11703164608,0.0,0.0
11703164603,11703164611,0.0,0.0
11703164603,11703164614,0.0,0.0
11703164603,11703164619,0.05142361,24.086657
11703164603,11703164621,0.0068745017,3.219995
11703164604,11703163902,0.0,0.0
11703164604,11703163905,0.0,0.0
11703164604,11703163910,0.0,0.0
11703164604,11703163916,0.0,0.0
11703164604,11703164104,0.0,0.0
11703164604,11703164117,0.0,0.0
11703164604,11703164118,0.0,0.0
11703164604,11703164119,0.0,0.0
11703164604,11703164125,0.0,0.0
11703164604,11703164407,0.0,0.0
11703164604,11703164501,0.0,0.0
11703164604,11703164503,0.0,0.0
11703164604,11703164506,0.0,0.0
11703164604,11703164510,0.0,0.0
11703164604,11703164511,0.0,0.0
11703164604,11703164513,0.0,0.0
11703164604,11703164514,0.0,0.0
11703164604,11703164515,0.0,0.0
11703164604,11703164516,0.0,0.0
11703164604,11703164517,0.6384753,4872.5815
11703164604,11703164522,0.0,0.0
11703164604,11703164524,0.0,0.0
11703164604,11703164525,0.009544432,72.839195
11703164604,11703164529,0.0,0.0
11703164604,11703164530,0.0,0.0
11703164604,11703164535,0.029070318,221.85274
11703164604,11703164601,0.0,0.0
11703164604,11703164603,0.0,0.0
11703164604,11703164604,0.0,0.0
11703164604,11703164605,0.0,0.0
11703164604,11703164606,0.0,0.0
11703164604,11703164607,0.0,0.0
11703164604,11703164608,0.0,0.0
11703164604,11703164610,0.0,0.0
11703164604,11703164611,0.0,0.0
11703164604,11703164613,0.32291,2464.3167
11703164604,11703164614,0.0,0.0
11703164604,11703164616,0.0,0.0
11703164604,11703164618,0.0,0.0
11703164604,11703164619,0.0,0.0
11703164604,11703164621,0.0,0.0
11703164605,11703133128,0.0,0.0
11703164605,11703133129,0.0,0.0
11703164605,11703164104,0.4235356,218.45148
11703164605,11703164118,0.0,0.0
11703164605,11703164119,0.21892345,112.91649
11703164605,11703164510,0.0,0.0
11703164605,11703164602,0.0,0.0
11703164605,11703164604,0.0,0.0
11703164605,11703164605,0.26192373,135.0952
11703164605,11703164606,0.0,0.0
11703164605,11703164607,0.0,0.0
11703164605,11703164608,0.0,0.0
11703164605,11703164609,0.0,0.0
11703164605,11703164610,0.05977887,30.832787
11703164605,11703164613,0.0,0.0
11703164605,11703164615,0.0,0.0
11703164605,11703164616,0.0,0.0
11703164605,11703164618,0.013082445,6.7476726
11703164605,11703164619,0.0,0.0
11703164605,11703164620,0.022755802,11.737003
11703164605,11703164621,0.0,0.0
11703164606,11703163902,0.0,0.0
11703164606,11703163905,0.0,0.0
11703164606,11703163910,0.0,0.0
11703164606,11703163916,0.0,0.0
11703164606,11703164104,0.0,0.0
11703164606,11703164118,0.0,0.0
11703164606,11703164119,0.16790551,490.48224
11703164606,11703164501,0.0,0.0
11703164606,11703164510,0.0,0.0
11703164606,11703164517,0.17796335,519.863
11703164606,11703164535,0.0,0.0
11703164606,11703164601,0.0,0.0
11703164606,11703164603,0.0,0.0
11703164606,11703164604,0.0,0.0
11703164606,11703164605,0.26637378,778.1258
11703164606,11703164606,0.0,0.0
11703164606,11703164607,0.0,0.0
11703164606,11703164608,0.0,0.0
11703164606,11703164609,0.0,0.0
11703164606,11703164610,0.0,0.0
11703164606,11703164611,0.0,0.0
11703164606,11703164613,0.29168978,852.0784
11703164606,11703164614,0.0,0.0
11703164606,11703164616,0.0,0.0
11703164606,11703164618,0.09606764,280.6309
11703164606,11703164619,0.0,0.0
11703164606,11703164620,0.0,0.0
11703164606,11703164621,0.0,0.0
11703164607,11703133116,0.39463946,891.308
11703164607,11703133127,0.15183136,342.9168
11703164607,11703133128,0.0,0.0
11703164607,11703133129,0.0,0.0
11703164607,11703133130,0.0,0.0
11703164607,11703164103,0.0,0.0
11703164607,11703164104,0.0,0.0
11703164607,11703164109,0.0,0.0
11703164607,11703164118,0.0,0.0
11703164607,11703164119,0.0,0.0
11703164607,11703164126,0.36496553,824.28827
11703164607,11703164510,0.0,0.0
11703164607,11703164604,0.0,0.0
11703164607,11703164605,0.08856365,200.0243
11703164607,11703164606,0.0,0.0
11703164607,11703164607,0.0,0.0
11703164607,11703164609,0.0,0.0
11703164607,11703164610,0.0,0.0
11703164607,11703164613,0.0,0.0
11703164607,11703164618,0.0,0.0
11703164607,11703164620,0.0,0.0
11703164608,11703163901,0.0,0.0
11703164608,11703163902,0.0,0.0
11703164608,11703163903,0.0,0.0
11703164608,11703163904,0.0,0.0
11703164608,11703163905,0.0,0.0
11703164608,11703163906,0.0,0.0
11703164608,11703163908,0.0,0.0
11703164608,11703163909,0.0,0.0
11703164608,11703163910,0.0,0.0
11703164608,11703163911,0.0,0.0
11703164608,11703163912,0.0,0.0
11703164608,11703163913,0.0,0.0
11703164608,11703163915,0.0,0.0
11703164608,11703163916,0.0,0.0
11703164608,11703163917,0.0,0.0
11703164608,11703164501,0.0,0.0
11703164608,11703164503,0.0,0.0
11703164608,11703164510,0.0,0.0
11703164608,11703164514,0.0,0.0
11703164608,11703164517,0.45482755,752.4139
11703164608,11703164521,0.0,0.0
11703164608,11703164522,0.0,0.0
11703164608,11703164525,0.0,0.0
11703164608,11703164529,0.0,0.0
11703164608,11703164535,0.47266012,781.914
11703164608,11703164601,0.017516911,28.977942
11703164608,11703164602,0.0,0.0
11703164608,11703164603,0.0,0.0
11703164608,11703164604,0.0,0.0
11703164608,11703164605,0.0,0.0
11703164608,11703164606,0.0,0.0
11703164608,11703164608,0.0,0.0
11703164608,11703164611,0.0,0.0
11703164608,11703164612,0.0,0.0
11703164608,11703164613,0.0,0.0
11703164608,11703164614,0.0,0.0
11703164608,11703164615,0.0,0.0
11703164608,11703164616,0.0,0.0
11703164608,11703164617,0.0,0.0
11703164608,11703164618,0.0,0.0
11703164608,11703164619,0.054995358,90.97793
11703164608,11703164620,0.0,0.0
11703164608,11703164621,0.0,0.0
11703164609,11703133116,0.0,0.0
11703164609,11703133127,0.0,0.0
11703164609,11703133128,0.0,0.0
11703164609,11703133129,0.0,0.0
11703164609,11703133130,0.0,0.0
11703164609,11703164103,0.0,0.0
11703164609,11703164109,0.0,0.0
11703164609,11703164118,0.0,0.0
11703164609,11703164602,0.0,0.0
11703164609,11703164605,0.41258854,277.92386
11703164609,11703164606,0.0,0.0
11703164609,11703164607,0.0,0.0
11703164609,11703164609,0.21188486,142.72781
11703164609,11703164613,0.0,0.0
11703164609,11703164615,0.0,0.0
11703164609,11703164616,0.0,0.0
11703164609,11703164618,0.33217913,223.75926
11703164609,11703164619,0.0,0.0
11703164609,11703164620,0.043347478,29.199305
11703164609,11703164621,0.0,0.0
11703164610,11703164104,0.019680977,80.3667
11703164610,11703164117,0.0,0.0
11703164610,11703164118,0.0,0.0
11703164610,11703164119,0.0,0.0
11703164610,11703164125,0.17630482,719.93567
11703164610,11703164407,0.0,0.0
11703164610,11703164501,0.0,0.0
11703164610,11703164503,0.0053874254,21.999397
11703164610,11703164506,0.0,0.0
11703164610,11703164510,0.0,0.0
11703164610,11703164511,0.0,0.0
11703164610,11703164513,0.0,0.0
11703164610,11703164515,0.0,0.0
11703164610,11703164516,0.0,0.0
11703164610,11703164524,0.111827135,456.64288
11703164610,11703164530,0.0,0.0
11703164610,11703164604,0.0,0.0
11703164610,11703164605,0.0,0.0
11703164610,11703164606,0.0,0.0
11703164610,11703164607,0.0,0.0
11703164610,11703164610,0.6867995,2804.5261
11703164610,11703164613,0.0,0.0
11703164610,11703164618,0.0,0.0
11703164611,11703163902,0.0,0.0
11703164611,11703163905,0.0,0.0
11703164611,11703163910,0.0,0.0
11703164611,11703163915,0.0,0.0
11703164611,11703163916,0.0,0.0
11703164611,11703164517,0.88253754,360.1033
11703164611,11703164521,0.0,0.0
11703164611,11703164525,0.0,0.0
11703164611,11703164529,0.0,0.0
11703164611,11703164535,0.0,0.0
11703164611,11703164601,0.0,0.0
11703164611,11703164603,0.117462456,47.928406
11703164611,11703164604,0.0,0.0
11703164611,11703164606,0.0,0.0
11703164611,11703164608,0.0,0.0
11703164611,11703164611,0.0,0.0
11703164611,11703164614,0.0,0.0
11703164611,11703164619,0.0,0.0
11703164611,11703164621,0.0,0.0
11703164612,11703133129,0.0,0.0
11703164612,11703133131,0.0,0.0
11703164612,11703133132,0.0,0.0
11703164612,11703133133,0.0,0.0
11703164612,11703163805,0.0,0.0
11703164612,11703163809,0.0,0.0
11703164612,11703163819,0.0,0.0
11703164612,11703163909,0.0,0.0
11703164612,11703163910,0.0,0.0
11703164612,11703163912,0.14811471,351.91687
11703164612,11703163914,0.0,0.0
11703164612,11703163918,0.0,0.0
11703164612,11703164601,0.0,0.0
11703164612,11703164602,0.16787875,398.87573
11703164612,11703164608,0.0,0.0
11703164612,11703164612,0.14167926,336.62637
11703164612,11703164614,0.2894862,687.812
11703164612,11703164615,0.0,0.0
11703164612,11703164617,0.2528411,600.74414
11703164612,11703164620,0.0,0.0
11703164612,11703164621,0.0,0.0
11703164613,11703133128,0.0,0.0
11703164613,11703164103,0.0,0.0
11703164613,11703164104,0.0,0.0
11703164613,11703164114,0.0,0.0
11703164613,11703164117,0.0,0.0
11703164613,11703164118,0.10507965,292.54858
11703164613,11703164119,0.41830754,1164.5953
11703164613,11703164125,0.0,0.0
11703164613,11703164126,0.0,0.0
11703164613,11703164128,0.0,0.0
11703164613,11703164407,0.0,0.0
11703164613,11703164501,0.0,0.0
11703164613,11703164503,0.0,0.0
11703164613,11703164506,0.0,0.0
11703164613,11703164510,0.0,0.0
11703164613,11703164511,0.0,0.0
11703164613,11703164513,0.0,0.0
11703164613,11703164515,0.0,0.0
11703164613,11703164516,0.0,0.0
11703164613,11703164524,0.0,0.0
11703164613,11703164530,0.0,0.0
11703164613,11703164535,0.0,0.0
11703164613,11703164604,0.0,0.0
11703164613,11703164605,0.0,0.0
11703164613,11703164606,0.0,0.0
11703164613,11703164607,0.0,0.0
11703164613,11703164608,0.0,0.0
11703164613,11703164609,0.0,0.0
11703164613,11703164610,0.0,0.0
11703164613,11703164613,0.4766128,1326.921
11703164613,11703164616,0.0,0.0
11703164613,11703164618,0.0,0.0
11703164613,11703164619,0.0,0.0
11703164613,11703164620,0.0,0.0
11703164614,11703133129,0.0,0.0
11703164614,11703133132,0.0,0.0
11703164614,11703163809,0.0,0.0
11703164614,11703163902,0.0,0.0
11703164614,11703163905,0.0,0.0
11703164614,11703163910,0.0,0.0
11703164614,11703163912,0.0,0.0
11703164614,11703163916,0.0,0.0
11703164614,11703164517,0.83872557,415.2178
11703164614,11703164535,0.0,0.0
11703164614,11703164601,0.0,0.0
11703164614,11703164602,0.0,0.0
11703164614,11703164603,0.0,0.0
11703164614,11703164604,0.0,0.0
11703164614,11703164606,0.0,0.0
11703164614,11703164608,0.0,0.0
11703164614,11703164611,0.0,0.0
11703164614,11703164612,0.0,0.0
11703164614,11703164614,0.07258487,35.93372
11703164614,11703164615,0.0,0.0
11703164614,11703164616,0.0,0.0
11703164614,11703164617,0.0,0.0
11703164614,11703164619,0.0,0.0
11703164614,11703164620,0.0,0.0
11703164614,11703164621,0.08868945,43.90642
11703164615,11703133128,0.0,0.0
11703164615,11703133129,0.23238468,115.516624
11703164615,11703133130,0.0,0.0
11703164615,11703133131,0.0,0.0
11703164615,11703133132,0.0,0.0
11703164615,11703133133,0.0,0.0
11703164615,11703163809,0.0,0.0
11703164615,11703163912,0.0,0.0
11703164615,11703164601,0.0,0.0
11703164615,11703164602,0.18011671,89.53462
11703164615,11703164605,0.0,0.0
11703164615,11703164608,0.0,0.0
11703164615,11703164609,0.0,0.0
11703164615,11703164612,0.0,0.0
11703164615,11703164614,0.51515996,256.08203
11703164615,11703164615,0.0,0.0
11703164615,11703164616,0.0,0.0
11703164615,11703164617,0.0,0.0
11703164615,11703164618,0.0,0.0
11703164615,11703164619,0.0,0.0
11703164615,11703164620,0.07233876,35.959038
11703164615,11703164621,0.0,0.0
11703164616,11703133128,0.0,0.0
11703164616,11703133129,0.0,0.0
11703164616,11703164602,0.0,0.0
11703164616,11703164604,0.0,0.0
11703164616,11703164605,0.080311626,34.62017
11703164616,11703164606,0.0,0.0
11703164616,11703164608,0.0,0.0
11703164616,11703164609,0.0,0.0
11703164616,11703164613,0.0,0.0
11703164616,11703164614,0.12786314,55.118343
11703164616,11703164615,0.0,0.0
11703164616,11703164616,0.4117013,177.4733
11703164616,11703164618,0.17967567,77.45332
11703164616,11703164619,0.116765946,50.334644
11703164616,11703164620,0.0,0.0
11703164616,11703164621,0.08368227,36.073162
11703164617,11703133132,0.0,0.0
11703164617,11703163809,0.0,0.0
11703164617,11703163903,0.0,0.0
11703164617,11703163906,0.0,0.0
11703164617,11703163909,0.0,0.0
11703164617,11703163910,0.0,0.0
11703164617,11703163911,0.0,0.0
11703164617,11703163912,0.0,0.0
11703164617,11703163914,0.0,0.0
11703164617,11703163916,0.0,0.0
11703164617,11703163917,0.0,0.0
11703164617,11703164601,0.20718753,242.59476
11703164617,11703164602,0.0,0.0
11703164617,11703164608,0.0,0.0
11703164617,11703164612,0.0,0.0
11703164617,11703164614,0.21959257,257.11975
11703164617,11703164615,0.0,0.0
11703164617,11703164617,0.57321984,671.18
11703164617,11703164621,0.0,0.0
11703164618,11703133128,0.0,0.0
11703164618,11703133129,0.0,0.0
11703164618,11703164104,0.34038764,182.35269
11703164618,11703164118,0.0,0.0
11703164618,11703164119,0.340329,182.32126
11703164618,11703164510,0.0,0.0
11703164618,11703164602,0.0,0.0
11703164618,11703164604,0.0,0.0
11703164618,11703164605,0.03226763,17.286436
11703164618,11703164606,0.0,0.0
11703164618,11703164607,0.0,0.0
11703164618,11703164608,0.0,0.0
11703164618,11703164609,0.0,0.0
11703164618,11703164610,0.0053349137,2.8580234
11703164618,11703164613,0.0,0.0
11703164618,11703164615,0.0,0.0
11703164618,11703164616,0.0,0.0
11703164618,11703164618,0.28168088,150.90227
11703164618,11703164619,0.0,0.0
11703164618,11703164620,0.0,0.0
11703164618,11703164621,0.0,0.0
11703164619,11703133128,0.0,0.0
11703164619,11703133129,0.0,0.0
11703164619,11703163902,0.0,0.0
11703164619,11703163905,0.0,0.0
11703164619,11703163910,0.0,0.0
11703164619,11703163916,0.0,0.0
11703164619,11703164517,0.4826356,221.4771
11703164619,11703164535,0.0,0.0
11703164619,11703164601,0.08047101,36.927418
11703164619,11703164602,0.0,0.0
11703164619,11703164603,0.03698966,16.974218
11703164619,11703164604,0.0,0.0
11703164619,11703164605,0.0,0.0
11703164619,11703164606,0.0,0.0
11703164619,11703164608,0.0,0.0
11703164619,11703164609,0.0,0.0
11703164619,11703164611,0.0,0.0
11703164619,11703164613,0.0,0.0
11703164619,11703164614,0.012605637,5.7846127
11703164619,11703164615,0.0,0.0
11703164619,11703164616,0.0,0.0
11703164619,11703164618,0.0,0.0
11703164619,11703164619,0.38729796,177.72752
11703164619,11703164620,0.0,0.0
11703164619,11703164621,0.0,0.0
11703164620,11703133116,0.0,0.0
11703164620,11703133127,0.2238748,796.5632
11703164620,11703133128,0.0,0.0
11703164620,11703133129,0.0,0.0
11703164620,11703133130,0.0,0.0
11703164620,11703133131,0.0,0.0
11703164620,11703133132,0.0,0.0
11703164620,11703164103,0.0,0.0
11703164620,11703164109,0.0,0.0
11703164620,11703164118,0.0,0.0
11703164620,11703164602,0.06987825,248.632
11703164620,11703164605,0.35425627,1260.4701
11703164620,11703164606,0.0,0.0
11703164620,11703164607,0.0,0.0
11703164620,11703164608,0.0,0.0
11703164620,11703164609,0.0,0.0
11703164620,11703164612,0.0,0.0
11703164620,11703164613,0.0,0.0
11703164620,11703164614,0.0,0.0
11703164620,11703164615,0.0,0.0
11703164620,11703164616,0.18509749,658.5906
11703164620,11703164618,0.16689315,593.81824
11703164620,11703164619,0.0,0.0
11703164620,11703164620,0.0,0.0
11703164620,11703164621,0.0,0.0
11703164621,11703133128,0.0,0.0
11703164621,11703133129,0.0,0.0
11703164621,11703163902,0.0,0.0
11703164621,11703163905,0.0,0.0
11703164621,11703163910,0.0,0.0
11703164621,11703163916,0.0,0.0
11703164621,11703164517,0.5045137,224.50484
11703164621,11703164535,0.0,0.0
11703164621,11703164601,0.0,0.0
11703164621,11703164602,0.0,0.0
11703164621,11703164603,0.0,0.0
11703164621,11703164604,0.0,0.0
11703164621,11703164605,0.0,0.0
11703164621,11703164606,0.0,0.0
11703164621,11703164608,0.0,0.0
11703164621,11703164609,0.0,0.0
11703164621,11703164611,0.0,0.0
11703164621,11703164612,0.0,0.0
11703164621,11703164614,0.09353253,41.62128
11703164621,11703164615,0.0,0.0
11703164621,11703164616,0.0,0.0
11703164621,11703164617,0.0,0.0
11703164621,11703164618,0.0,0.0
11703164621,11703164619,0.0,0.0
11703164621,11703164620,0.0,0.0
11703164621,11703164621,0.4019537,178.86641
11703164701,11703164701,0.4814876,404.5545
11703164701,11703164704,0.0,0.0
11703164701,11703164706,0.0,0.0
11703164701,11703164712,0.0,0.0
11703164701,11703164713,0.0,0.0
11703164701,11703164714,0.0,0.0
11703164701,11703164716,0.0,0.0
11703164701,11703164717,0.0,0.0
11703164701,11703164719,0.08959207,75.27686
11703164701,11703164722,0.0,0.0
11703164701,11703164723,0.0,0.0
11703164701,11703164725,0.031911254,26.812407
11703164701,11703164726,0.036640763,30.786224
11703164701,11703164727,0.0,0.0
11703164701,11703164728,0.08467266,71.143486
11703164701,11703164729,0.27569568,231.64444
11703164701,11703164731,0.0,0.0
11703164701,11703164733,0.0,0.0
11703164701,11801134514,0.0,0.0
11703164702,11703133009,0.0,0.0
11703164702,11703133013,0.0,0.0
11703164702,11703133020,0.0,0.0
11703164702,11703133023,0.0,0.0
11703164702,11703133034,0.0,0.0
11703164702,11703133044,0.0,0.0
11703164702,11703133050,0.0,0.0
11703164702,11703164702,0.0,0.0
11703164702,11703164703,0.0,0.0
11703164702,11703164704,0.0,0.0
11703164702,11703164705,0.0,0.0
11703164702,11703164707,0.0,0.0
11703164702,11703164708,0.0,0.0
11703164702,11703164709,0.0,0.0
11703164702,11703164710,0.0,0.0
11703164702,11703164711,0.0,0.0
11703164702,11703164715,0.0,0.0
11703164702,11703164717,0.0,0.0
11703164702,11703164718,0.0,0.0
11703164702,11703164720,0.0,0.0
11703164702,11703164721,0.0,0.0
11703164702,11703164723,0.0,0.0
11703164702,11703164724,0.0,0.0
11703164702,11703164730,0.21610475,134.05092
11703164702,11703164732,0.0,0.0
11703164702,11703164805,0.0,0.0
11703164702,11703164809,0.5872313,364.26266
11703164702,11703164813,0.19666398,121.99171
11703164703,11703133009,0.0,0.0
11703164703,11703133023,0.0,0.0
11703164703,11703133050,0.0,0.0
11703164703,11703164201,0.0,0.0
11703164703,11703164206,0.47736233,201.60182
11703164703,11703164211,0.0,0.0
11703164703,11703164213,0.16716856,70.59938
11703164703,11703164214,0.0,0.0
11703164703,11703164231,0.0,0.0
11703164703,11703164702,0.005594671,2.3627667
11703164703,11703164703,0.34987444,147.76056
11703164703,11703164707,0.0,0.0
11703164703,11703164709,0.0,0.0
11703164703,11703164711,0.0,0.0
11703164703,11703164718,0.0,0.0
11703164703,11703164720,0.0,0.0
11703164703,11703164724,0.0,0.0
11703164703,11703164732,0.0,0.0
11703164704,11703164201,0.0,0.0
11703164704,11703164202,0.0,0.0
11703164704,11703164205,0.0,0.0
11703164704,11703164206,0.0,0.0
11703164704,11703164217,0.0,0.0
11703164704,11703164218,0.25329202,147.26622
11703164704,11703164225,0.0,0.0
11703164704,11703164228,0.0,0.0
11703164704,11703164229,0.0,0.0
11703164704,11703164231,0.0,0.0
11703164704,11703164232,0.0,0.0
11703164704,11703164701,0.0,0.0
11703164704,11703164702,0.2903884,168.83438
11703164704,11703164704,0.0,0.0
11703164704,11703164707,0.0,0.0
11703164704,11703164710,0.2419551,140.67484
11703164704,11703164711,0.0,0.0
11703164704,11703164712,0.0,0.0
11703164704,11703164713,0.0,0.0
11703164704,11703164714,0.0,0.0
11703164704,11703164715,0.0,0.0
11703164704,11703164716,0.0,0.0
11703164704,11703164717,0.0,0.0
11703164704,11703164720,0.0,0.0
11703164704,11703164721,0.21436447,124.63339
11703164704,11703164722,0.0,0.0
11703164704,11703164723,0.0,0.0
11703164704,11703164724,0.0,0.0
11703164705,11703133013,0.0,0.0
11703164705,11703133014,0.0,0.0
11703164705,11703133018,0.0,0.0
11703164705,11703133020,0.0,0.0
11703164705,11703133023,0.19769579,133.44324
11703164705,11703133034,0.0,0.0
11703164705,11703133038,0.0,0.0
11703164705,11703133043,0.0,0.0
11703164705,11703133044,0.0,0.0
11703164705,11703133050,0.059313655,40.03629
11703164705,11703133051,0.0,0.0
11703164705,11703164302,0.0,0.0
11703164705,11703164304,0.0,0.0
11703164705,11703164702,0.28936705,195.32068
11703164705,11703164705,0.0,0.0
11703164705,11703164708,0.0,0.0
11703164705,11703164709,0.079297364,53.52515
11703164705,11703164710,0.0,0.0
11703164705,11703164711,0.0,0.0
11703164705,11703164715,0.0,0.0
11703164705,11703164717,0.0,0.0
11703164705,11703164718,0.0,0.0
11703164705,11703164721,0.0,0.0
11703164705,11703164723,0.0,0.0
11703164705,11703164724,0.0,0.0
11703164705,11703164730,0.038163155,25.759855
11703164705,11703164801,0.0,0.0
11703164705,11703164805,0.0,0.0
11703164705,11703164808,0.0,0.0
11703164705,11703164809,0.336163,226.90761
11703164705,11703164813,0.0,0.0
11703164705,11703164818,0.0,0.0
11703164705,11703164827,0.0,0.0
11703164706,11703164701,0.0,0.0
11703164706,11703164706,0.4108739,441.44803
11703164706,11703164708,0.0,0.0
11703164706,11703164712,0.0,0.0
11703164706,11703164714,0.0,0.0
11703164706,11703164715,0.0,0.0
11703164706,11703164717,0.0,0.0
11703164706,11703164719,0.0,0.0
11703164706,11703164721,0.0,0.0
11703164706,11703164723,0.0,0.0
11703164706,11703164727,0.0,0.0
11703164706,11703164730,0.0,0.0
11703164706,11703164733,0.0,0.0
11703164706,11703164807,0.38572356,414.4262
11703164706,11703164809,0.0,0.0
11703164706,11703164812,0.0,0.0
11703164706,11703164816,0.0,0.0
11703164706,11703164820,0.10454467,112.3241
11703164706,11703164823,0.0,0.0
11703164706,11703164824,0.0,0.0
11703164706,11703164825,0.09885785,106.2141
11703164706,11703164827,0.0,0.0
11703164707,11703133009,0.0,0.0
11703164707,11703133023,0.0,0.0
11703164707,11703133050,0.0,0.0
11703164707,11703164201,0.0,0.0
11703164707,11703164205,0.0,0.0
11703164707,11703164206,0.0,0.0
11703164707,11703164211,0.0,0.0
11703164707,11703164213,0.0147743225,8.334747
11703164707,11703164214,0.0,0.0
11703164707,11703164231,0.0,0.0
11703164707,11703164702,0.0,0.0
11703164707,11703164703,0.32928133,185.75989
11703164707,11703164704,0.0,0.0
11703164707,11703164707,0.0,0.0
11703164707,11703164709,0.0,0.0
11703164707,11703164710,0.65594435,370.0427
11703164707,11703164711,0.0,0.0
11703164707,11703164718,0.0,0.0
11703164707,11703164720,0.0,0.0
11703164707,11703164723,0.0,0.0
11703164707,11703164724,0.0,0.0
11703164707,11703164732,0.0,0.0
11703164708,11703164702,0.0,0.0
11703164708,11703164705,0.0,0.0
11703164708,11703164706,0.0,0.0
11703164708,11703164708,0.13203818,73.7594
11703164708,11703164709,0.0,0.0
11703164708,11703164710,0.0,0.0
11703164708,11703164712,0.0,0.0
11703164708,11703164714,0.0,0.0
11703164708,11703164715,0.0,0.0
11703164708,11703164717,0.0,0.0
11703164708,11703164721,0.0,0.0
11703164708,11703164723,0.0,0.0
11703164708,11703164730,0.15859109,88.59244
11703164708,11703164733,0.0,0.0
11703164708,11703164801,0.0,0.0
11703164708,11703164805,0.0,0.0
11703164708,11703164807,0.0,0.0
11703164708,11703164808,0.0,0.0
11703164708,11703164809,0.4942142,276.07883
11703164708,11703164810,0.0,0.0
11703164708,11703164816,0.0,0.0
11703164708,11703164818,0.0,0.0
11703164708,11703164820,0.0,0.0
11703164708,11703164821,0.0,0.0
11703164708,11703164824,0.0,0.0
11703164708,11703164825,0.0,0.0
11703164708,11703164827,0.2151565,120.1911
11703164709,11703133009,0.16488323,100.96696
11703164709,11703133010,0.0,0.0
11703164709,11703133013,0.0,0.0
11703164709,11703133014,0.0,0.0
11703164709,11703133020,0.0,0.0
11703164709,11703133023,0.0,0.0
11703164709,11703133034,0.0,0.0
11703164709,11703133044,0.0,0.0
11703164709,11703133050,0.0,0.0
11703164709,11703133051,0.0,0.0
11703164709,11703164203,0.0,0.0
11703164709,11703164702,0.0,0.0
11703164709,11703164703,0.0,0.0
11703164709,11703164705,0.0,0.0
11703164709,11703164707,0.0,0.0
11703164709,11703164708,0.0,0.0
11703164709,11703164709,0.0,0.0
11703164709,11703164710,0.0,0.0
11703164709,11703164711,0.0,0.0
11703164709,11703164715,0.0,0.0
11703164709,11703164717,0.0,0.0
11703164709,11703164718,0.0,0.0
11703164709,11703164720,0.0,0.0
11703164709,11703164721,0.0,0.0
11703164709,11703164723,0.0,0.0
11703164709,11703164724,0.0,0.0
11703164709,11703164730,0.34959865,214.07823
11703164709,11703164732,0.0,0.0
11703164709,11703164805,0.0,0.0
11703164709,11703164809,0.4855181,297.3091
11703164709,11703164813,0.0,0.0
11703164710,11703164205,0.0,0.0
11703164710,11703164232,0.0,0.0
11703164710,11703164702,0.0,0.0
11703164710,11703164704,0.0,0.0
11703164710,11703164705,0.0,0.0
11703164710,11703164707,0.0,0.0
11703164710,11703164708,0.0,0.0
11703164710,11703164709,0.0,0.0
11703164710,11703164710,0.6238899,258.46722
11703164710,11703164711,0.0,0.0
11703164710,11703164712,0.0,0.0
11703164710,11703164715,0.25216615,104.46825
11703164710,11703164717,0.0,0.0
11703164710,11703164718,0.0,0.0
11703164710,11703164720,0.0,0.0
11703164710,11703164721,0.123943925,51.347908
11703164710,11703164722,0.0,0.0
11703164710,11703164723,0.0,0.0
11703164710,11703164724,0.0,0.0
11703164710,11703164730,0.0,0.0
11703164711,11703164205,0.0,0.0
11703164711,11703164206,0.0,0.0
11703164711,11703164214,0.0,0.0
11703164711,11703164231,0.0,0.0
11703164711,11703164232,0.0,0.0
11703164711,11703164702,0.2962623,155.46605
11703164711,11703164703,0.24065903,126.28778
11703164711,11703164704,0.0,0.0
11703164711,11703164705,0.2671471,140.1876
11703164711,11703164707,0.0,0.0
11703164711,11703164709,0.0,0.0
11703164711,11703164710,0.035131246,18.435406
11703164711,11703164711,0.075825125,39.78985
11703164711,11703164712,0.0,0.0
11703164711,11703164715,0.08497515,44.5914
11703164711,11703164717,0.0,0.0
11703164711,11703164718,0.0,0.0
11703164711,11703164720,0.0,0.0
11703164711,11703164721,0.0,0.0
11703164711,11703164722,0.0,0.0
11703164711,11703164723,0.0,0.0
11703164711,11703164724,0.0,0.0
11703164712,11703164202,0.0,0.0
11703164712,11703164204,0.0,0.0
11703164712,11703164205,0.0,0.0
11703164712,11703164215,0.0,0.0
11703164712,11703164232,0.0,0.0
11703164712,11703164701,0.10185331,871.3259
11703164712,11703164704,0.0,0.0
11703164712,11703164706,0.0,0.0
11703164712,11703164708,0.0,0.0
11703164712,11703164710,0.0,0.0
11703164712,11703164711,0.0,0.0
11703164712,11703164712,0.0,0.0
11703164712,11703164713,0.21385139,1829.4375
11703164712,11703164714,0.1709181,1462.1555
11703164712,11703164715,0.0,0.0
11703164712,11703164716,0.0,0.0
11703164712,11703164717,0.322412,2758.1426
11703164712,11703164719,0.0,0.0
11703164712,11703164720,0.0,0.0
11703164712,11703164721,0.0,0.0
11703164712,11703164722,0.0,0.0
11703164712,11703164723,0.0,0.0
11703164712,11703164726,0.0748108,639.985
11703164712,11703164729,0.0,0.0
11703164712,11703164731,0.11615443,993.6679
11703164712,11703164733,0.0,0.0
11703164713,11703164202,0.0,0.0
11703164713,11703164204,0.007517636,5.37419
11703164713,11703164215,0.0,0.0
11703164713,11703164222,0.40254003,287.76685
11703164713,11703164701,0.0,0.0
11703164713,11703164704,0.0,0.0
11703164713,11703164712,0.0,0.0
11703164713,11703164713,0.25146902,179.76958
11703164713,11703164714,0.0,0.0
11703164713,11703164716,0.0,0.0
11703164713,11703164717,0.0,0.0
11703164713,11703164719,0.0,0.0
11703164713,11703164722,0.0,0.0
11703164713,11703164723,0.0,0.0
11703164713,11703164725,0.0,0.0
11703164713,11703164726,0.18714266,133.7841
11703164713,11703164729,0.15133059,108.18285
11703164713,11703164731,0.0,0.0
11703164713,11801134514,0.0,0.0
11703164714,11703164701,0.0,0.0
11703164714,11703164704,0.0,0.0
11703164714,11703164706,0.0,0.0
11703164714,11703164708,0.0,0.0
11703164714,11703164712,0.0,0.0
11703164714,11703164713,0.0,0.0
11703164714,11703164714,0.26333284,194.84492
11703164714,11703164715,0.0,0.0
11703164714,11703164716,0.0,0.0
11703164714,11703164717,0.0,0.0
11703164714,11703164719,0.0,0.0
11703164714,11703164721,0.0,0.0
11703164714,11703164722,0.0,0.0
11703164714,11703164723,0.0,0.0
11703164714,11703164727,0.0,0.0
11703164714,11703164728,0.44913217,332.32135
11703164714,11703164729,0.0,0.0
11703164714,11703164731,0.28753504,212.7526
11703164714,11703164733,0.0,0.0
11703164714,11703164807,0.0,0.0
11703164714,11703164816,0.0,0.0
11703164714,11703164823,0.0,0.0
11703164714,11703164825,0.0,0.0
11703164715,11703164702,0.0,0.0
11703164715,11703164704,0.0,0.0
11703164715,11703164705,0.0,0.0
11703164715,11703164706,0.0,0.0
11703164715,11703164708,0.016411483,7.446631
11703164715,11703164709,0.0,0.0
11703164715,11703164710,0.31879145,144.65007
11703164715,11703164711,0.0,0.0
11703164715,11703164712,0.0,0.0
11703164715,11703164714,0.0,0.0
11703164715,11703164715,0.39670157,180.00142
11703164715,11703164717,0.0,0.0
11703164715,11703164721,0.0,0.0
11703164715,11703164723,0.0,0.0
11703164715,11703164724,0.0,0.0
11703164715,11703164730,0.26809543,121.647
11703164716,11703164202,0.20416191,332.51965
11703164716,11703164204,0.39423043,642.0853
11703164716,11703164205,0.0,0.0
11703164716,11703164215,0.14318511,233.2064
11703164716,11703164219,0.10178593,165.77933
11703164716,11703164220,0.05661127,92.203094
11703164716,11703164222,0.0,0.0
11703164716,11703164223,0.0,0.0
11703164716,11703164229,0.0,0.0
11703164716,11703164232,0.0,0.0
11703164716,11703164701,0.0,0.0
11703164716,11703164704,0.0,0.0
11703164716,11703164712,0.0,0.0
11703164716,11703164713,0.022784084,37.108566
11703164716,11703164714,0.0,0.0
11703164716,11703164716,0.073410064,119.563385
11703164716,11703164717,0.0,0.0
11703164716,11703164722,0.0,0.0
11703164716,11703164723,0.0,0.0
11703164716,11703164725,0.0,0.0
11703164716,11703164726,0.0038312376,6.2399583
11703164716,11703164729,0.0,0.0
11703164716,11801134514,0.0,0.0
11703164717,11703164701,0.0,0.0
11703164717,11703164702,0.04556802,89.594025
11703164717,11703164704,0.0,0.0
11703164717,11703164705,0.0,0.0
11703164717,11703164706,0.0,0.0
11703164717,11703164708,0.0,0.0
11703164717,11703164709,0.0,0.0
11703164717,11703164710,0.0,0.0
11703164717,11703164711,0.0,0.0
11703164717,11703164712,0.0,0.0
11703164717,11703164713,0.0,0.0
11703164717,11703164714,0.0,0.0
11703164717,11703164715,0.03640011,71.56844
11703164717,11703164716,0.0,0.0
11703164717,11703164717,0.061635226,121.18472
11703164717,11703164719,0.0,0.0
11703164717,11703164721,0.09714952,191.01152
11703164717,11703164722,0.0,0.0
11703164717,11703164723,0.0,0.0
11703164717,11703164730,0.15946653,313.53674
11703164717,11703164733,0.0,0.0
11703164717,11703164807,0.0,0.0
11703164717,11703164809,0.27078837,532.4133
11703164717,11703164816,0.0,0.0
11703164717,11703164825,0.0,0.0
11703164717,11703164827,0.32899228,646.8515
11703164718,11703133009,0.0,0.0
11703164718,11703133010,0.0,0.0
11703164718,11703133014,0.0,0.0
11703164718,11703133023,0.0,0.0
11703164718,11703133034,0.0,0.0
11703164718,11703133050,0.0,0.0
11703164718,11703133051,0.0,0.0
11703164718,11703164203,0.0,0.0
11703164718,11703164206,0.0,0.0
11703164718,11703164207,0.0,0.0
11703164718,11703164211,0.0,0.0
11703164718,11703164214,0.0,0.0
11703164718,11703164230,0.0,0.0
11703164718,11703164231,0.0,0.0
11703164718,11703164702,0.0,0.0
11703164718,11703164703,0.29644644,136.60681
11703164718,11703164705,0.0,0.0
11703164718,11703164707,0.0,0.0
11703164718,11703164709,0.0,0.0
11703164718,11703164710,0.38523197,177.52048
11703164718,11703164711,0.0,0.0
11703164718,11703164718,0.0,0.0
11703164718,11703164720,0.0,0.0
11703164718,11703164721,0.3183216,146.6872
11703164718,11703164724,0.0,0.0
11703164718,11703164732,0.0,0.0
11703164719,11703164701,0.0,0.0
11703164719,11703164706,0.0,0.0
11703164719,11703164712,0.0,0.0
11703164719,11703164713,0.0,0.0
11703164719,11703164714,0.0,0.0
11703164719,11703164717,0.0,0.0
11703164719,11703164719,0.37201682,223.31654
11703164719,11703164725,0.00579831,3.4806452
11703164719,11703164727,0.0,0.0
11703164719,11703164728,0.12798113,76.825294
11703164719,11703164729,0.0,0.0
11703164719,11703164731,0.0,0.0
11703164719,11703164733,0.14309785,85.89965
11703164719,11703164807,0.0,0.0
11703164719,11703164814,0.0,0.0
11703164719,11703164823,0.0,0.0
11703164719,11801134514,0.0,0.0
11703164719,11802156416,0.35110587,210.76398
11703164720,11703164201,0.0,0.0
11703164720,11703164205,0.06009242,28.507662
11703164720,11703164206,0.0,0.0
11703164720,11703164213,0.0,0.0
11703164720,11703164214,0.0,0.0
11703164720,11703164217,0.0,0.0
11703164720,11703164218,0.0,0.0
11703164720,11703164225,0.0,0.0
11703164720,11703164228,0.0,0.0
11703164720,11703164231,0.0,0.0
11703164720,11703164232,0.0,0.0
11703164720,11703164702,0.27291927,129.47208
11703164720,11703164703,0.030125469,14.291431
11703164720,11703164704,0.0,0.0
11703164720,11703164707,0.0,0.0
11703164720,11703164709,0.41609702,197.39516
11703164720,11703164710,0.15038571,71.34252
11703164720,11703164711,0.0,0.0
11703164720,11703164712,0.0,0.0
11703164720,11703164718,0.0,0.0
11703164720,11703164720,0.07038018,33.388145
11703164720,11703164722,0.0,0.0
11703164720,11703164723,0.0,0.0
11703164720,11703164724,0.0,0.0
11703164721,11703133013,0.0,0.0
11703164721,11703133020,0.0,0.0
11703164721,11703133023,0.0,0.0
11703164721,11703133034,0.0,0.0
11703164721,11703133044,0.0,0.0
11703164721,11703133050,0.0,0.0
11703164721,11703164702,0.3015471,204.79797
11703164721,11703164704,0.0,0.0
11703164721,11703164705,0.0,0.0
11703164721,11703164706,0.0,0.0
11703164721,11703164708,0.0,0.0
11703164721,11703164709,0.19200754,130.40335
11703164721,11703164710,0.0,0.0
11703164721,11703164711,0.0,0.0
11703164721,11703164712,0.0,0.0
11703164721,11703164714,0.0,0.0
11703164721,11703164715,0.0,0.0
11703164721,11703164717,0.0,0.0
11703164721,11703164718,0.0,0.0
11703164721,11703164721,0.5064454,343.95618
11703164721,11703164723,0.0,0.0
11703164721,11703164724,0.0,0.0
11703164721,11703164730,0.0,0.0
11703164721,11703164805,0.0,0.0
11703164721,11703164809,0.0,0.0
11703164721,11703164813,0.0,0.0
11703164721,11703164816,0.0,0.0
11703164721,11703164827,0.0,0.0
11703164722,11703164201,0.0,0.0
11703164722,11703164202,0.3000859,426.24963
11703164722,11703164204,0.0,0.0
11703164722,11703164205,0.0,0.0
11703164722,11703164215,0.0,0.0
11703164722,11703164217,0.0,0.0
11703164722,11703164218,0.0,0.0
11703164722,11703164223,0.0,0.0
11703164722,11703164225,0.0,0.0
11703164722,11703164228,0.0,0.0
11703164722,11703164229,0.0,0.0
11703164722,11703164231,0.0,0.0
11703164722,11703164232,0.23228866,329.9487
11703164722,11703164701,0.0,0.0
11703164722,11703164704,0.0,0.0
11703164722,11703164710,0.0,0.0
11703164722,11703164711,0.0,0.0
11703164722,11703164712,0.0,0.0
11703164722,11703164713,0.0,0.0
11703164722,11703164714,0.0,0.0
11703164722,11703164716,0.0,0.0
11703164722,11703164717,0.0,0.0
11703164722,11703164720,0.0,0.0
11703164722,11703164722,0.12377834,175.8179
11703164722,11703164723,0.0,0.0
11703164722,11703164726,0.34384704,488.40906
11703164723,11703164205,0.0,0.0
11703164723,11703164232,0.0,0.0
11703164723,11703164701,0.0,0.0
11703164723,11703164702,0.0,0.0
11703164723,11703164704,0.0,0.0
11703164723,11703164705,0.0073572993,3.7269597
11703164723,11703164706,0.0,0.0
11703164723,11703164707,0.0,0.0
11703164723,11703164708,0.0,0.0
11703164723,11703164709,0.0,0.0
11703164723,11703164710,0.0,0.0
11703164723,11703164711,0.13106424,66.39272
11703164723,11703164712,0.0,0.0
11703164723,11703164713,0.0,0.0
11703164723,11703164714,0.0,0.0
11703164723,11703164715,0.026302457,13.323937
11703164723,11703164716,0.0,0.0
11703164723,11703164717,0.0,0.0
11703164723,11703164720,0.0,0.0
11703164723,11703164721,0.0,0.0
11703164723,11703164722,0.0,0.0
11703164723,11703164723,0.33526358,169.83322
11703164723,11703164724,0.0,0.0
11703164723,11703164730,0.5000124,253.28943
11703164724,11703133009,0.0,0.0
11703164724,11703133023,0.0,0.0
11703164724,11703133034,0.0,0.0
11703164724,11703133050,0.0,0.0
11703164724,11703164205,0.0,0.0
11703164724,11703164206,0.0,0.0
11703164724,11703164214,0.0,0.0
11703164724,11703164231,0.0,0.0
11703164724,11703164702,0.0,0.0
11703164724,11703164703,0.016176522,10.0652895
11703164724,11703164704,0.0,0.0
11703164724,11703164705,0.0,0.0
11703164724,11703164707,0.0,0.0
11703164724,11703164709,0.0,0.0
11703164724,11703164710,0.36340517,226.11649
11703164724,11703164711,0.0,0.0
11703164724,11703164715,0.2527433,157.26091
11703164724,11703164718,0.0,0.0
11703164724,11703164720,0.0,0.0
11703164724,11703164721,0.367675,228.77325
11703164724,11703164723,0.0,0.0
11703164724,11703164724,0.0,0.0
11703164724,11703164732,0.0,0.0
11703164725,11703133625,0.0,0.0
11703164725,11703133626,0.02346626,16.160778
11703164725,11703133629,0.0,0.0
11703164725,11703133630,0.0,0.0
11703164725,11703133632,0.0,0.0
11703164725,11703133634,0.0,0.0
11703164725,11703164204,0.0,0.0
11703164725,11703164215,0.0,0.0
11703164725,11703164219,0.0,0.0
11703164725,11703164220,0.14387682,99.0853
11703164725,11703164221,0.0,0.0
11703164725,11703164222,0.0,0.0
11703164725,11703164701,0.0,0.0
11703164725,11703164713,0.0,0.0
11703164725,11703164716,0.0,0.0
11703164725,11703164719,0.0,0.0
11703164725,11703164725,0.2683585,184.81352
11703164725,11703164726,0.0,0.0
11703164725,11703164728,0.0,0.0
11703164725,11703164729,0.0,0.0
11703164725,11703164731,0.0,0.0
11703164725,11801134201,0.0,0.0
11703164725,11801134514,0.0,0.0
11703164725,11801134515,0.0,0.0
11703164725,11801134532,0.26569286,182.97775
11703164725,11801134535,0.0,0.0
11703164725,11802156405,0.0,0.0
11703164725,11802156412,0.0,0.0
11703164725,11802156416,0.2986056,205.64413
11703164725,11802156424,0.0,0.0
11703164726,11703133625,0.0,0.0
11703164726,11703133626,0.22038943,150.5384
11703164726,11703133629,0.0,0.0
11703164726,11703133630,0.0,0.0
11703164726,11703133632,0.0,0.0
11703164726,11703133634,0.0,0.0
11703164726,11703164202,0.0,0.0
11703164726,11703164204,0.0,0.0
11703164726,11703164215,0.0,0.0
11703164726,11703164219,0.0,0.0
11703164726,11703164220,0.020985782,14.334473
11703164726,11703164221,0.017535985,11.978066
11703164726,11703164222,0.0009905696,0.6766149
11703164726,11703164223,0.0,0.0
11703164726,11703164229,0.0,0.0
11703164726,11703164701,0.0,0.0
11703164726,11703164712,0.0,0.0
11703164726,11703164713,0.0,0.0
11703164726,11703164716,0.0,0.0
11703164726,11703164722,0.0,0.0
11703164726,11703164725,0.0,0.0
11703164726,11703164726,0.28917128,197.5203
11703164726,11703164728,0.0,0.0
11703164726,11703164729,0.0,0.0
11703164726,11703164731,0.0,0.0
11703164726,11801134201,0.0,0.0
11703164726,11801134514,0.0,0.0
11703164726,11801134515,0.0,0.0
11703164726,11801134532,0.23390406,159.76967
11703164726,11801134535,0.0,0.0
11703164726,11802156405,0.0,0.0
11703164726,11802156412,0.0,0.0
11703164726,11802156416,0.21702272,148.23875
11703164726,11802156424,0.0,0.0
11703164727,11703164701,0.0,0.0
11703164727,11703164706,0.0,0.0
11703164727,11703164714,0.0,0.0
11703164727,11703164719,0.0,0.0
11703164727,11703164727,0.21000195,122.74556
11703164727,11703164728,0.3025996,176.86864
11703164727,11703164731,0.0,0.0
11703164727,11703164733,0.0,0.0
11703164727,11703164804,0.0,0.0
11703164727,11703164806,0.0,0.0
11703164727,11703164807,0.0,0.0
11703164727,11703164812,0.0,0.0
11703164727,11703164814,0.043014526,25.141872
11703164727,11703164823,0.06719011,39.272434
11703164727,11801134514,0.0,0.0
11703164727,11802156416,0.37719378,220.46873
11703164728,11703133626,0.0,0.0
11703164728,11703133629,0.0,0.0
11703164728,11703133630,0.0,0.0
11703164728,11703133632,0.0,0.0
11703164728,11703133634,0.0,0.0
11703164728,11703164219,0.01784134,37.362602
11703164728,11703164220,0.0,0.0
11703164728,11703164221,0.0,0.0
11703164728,11703164222,0.26217735,549.0411
11703164728,11703164701,0.0,0.0
11703164728,11703164714,0.0,0.0
11703164728,11703164719,0.0,0.0
11703164728,11703164725,0.0,0.0
11703164728,11703164726,0.11443269,239.64027
11703164728,11703164727,0.0,0.0
11703164728,11703164728,0.25811958,540.5435
11703164728,11703164729,0.0,0.0
11703164728,11703164731,0.0,0.0
11703164728,11703164733,0.0,0.0
11703164728,11703164803,0.0,0.0
11703164728,11703164806,0.0,0.0
11703164728,11703164811,0.0,0.0
11703164728,11703164814,0.0,0.0
11703164728,11703164823,0.0,0.0
11703164728,11801134514,0.0,0.0
11703164728,11801134515,0.0,0.0
11703164728,11801134532,0.0,0.0
11703164728,11802156402,0.0,0.0
11703164728,11802156405,0.0,0.0
11703164728,11802156412,0.0,0.0
11703164728,11802156416,0.34742904,727.5717
11703164728,11802156424,0.0,0.0
11703164729,11703164204,0.0,0.0
11703164729,11703164215,0.0,0.0
11703164729,11703164222,0.0,0.0
11703164729,11703164701,0.0,0.0
11703164729,11703164712,0.0,0.0
11703164729,11703164713,0.0,0.0
11703164729,11703164714,0.0,0.0
11703164729,11703164716,0.0,0.0
11703164729,11703164719,0.0,0.0
11703164729,11703164725,0.0792945,39.416683
11703164729,11703164726,0.0,0.0
11703164729,11703164728,0.0,0.0
11703164729,11703164729,0.9061067,450.41864
11703164729,11703164731,0.014598727,7.256914
11703164729,11801134514,0.0,0.0
11703164730,11703133013,0.0,0.0
11703164730,11703133020,0.0,0.0
11703164730,11703133034,0.0,0.0
11703164730,11703133044,0.0,0.0
11703164730,11703133050,0.0,0.0
11703164730,11703164702,0.0,0.0
11703164730,11703164705,0.0,0.0
11703164730,11703164706,0.0,0.0
11703164730,11703164708,0.0,0.0
11703164730,11703164709,0.0,0.0
11703164730,11703164710,0.0,0.0
11703164730,11703164715,0.0,0.0
11703164730,11703164717,0.0,0.0
11703164730,11703164721,0.0,0.0
11703164730,11703164723,0.0,0.0
11703164730,11703164730,0.18859175,88.28292
11703164730,11703164801,0.0,0.0
11703164730,11703164805,0.0,0.0
11703164730,11703164808,0.0,0.0
11703164730,11703164809,0.45561877,213.28268
11703164730,11703164810,0.0,0.0
11703164730,11703164813,0.0,0.0
11703164730,11703164816,0.0,0.0
11703164730,11703164818,0.0,0.0
11703164730,11703164820,0.0,0.0
11703164730,11703164821,0.0,0.0
11703164730,11703164824,0.0,0.0
11703164730,11703164825,0.0,0.0
11703164730,11703164827,0.35578948,166.55095
11703164731,11703133625,0.0,0.0
11703164731,11703133626,0.009999245,6.9358897
11703164731,11703133629,0.0,0.0
11703164731,11703133630,0.0,0.0
11703164731,11703133632,0.0,0.0
11703164731,11703133634,0.0,0.0
11703164731,11703164219,0.007077545,4.9092774
11703164731,11703164220,0.21468624,148.91525
11703164731,11703164221,0.0,0.0
11703164731,11703164222,0.043892473,30.445631
11703164731,11703164701,0.0,0.0
11703164731,11703164712,0.0,0.0
11703164731,11703164713,0.0,0.0
11703164731,11703164714,0.0,0.0
11703164731,11703164719,0.0,0.0
11703164731,11703164725,0.0,0.0
11703164731,11703164726,0.0,0.0
11703164731,11703164727,0.0,0.0
11703164731,11703164728,0.031315714,21.721872
11703164731,11703164729,0.0,0.0
11703164731,11703164731,0.12583134,87.281815
11703164731,11703164733,0.0,0.0
11703164731,11703164814,0.0,0.0
11703164731,11801134201,0.0,0.0
11703164731,11801134514,0.0,0.0
11703164731,11801134515,0.0,0.0
11703164731,11801134532,0.1505638,104.43727
11703164731,11801134535,0.0,0.0
11703164731,11802156405,0.0,0.0
11703164731,11802156412,0.0,0.0
11703164731,11802156416,0.4166337,288.99432
11703164731,11802156424,0.0,0.0
11703164732,11703133009,0.0,0.0
11703164732,11703133010,0.0,0.0
11703164732,11703133023,0.0,0.0
11703164732,11703133050,0.0,0.0
11703164732,11703133051,0.13645571,81.61206
11703164732,11703164201,0.0,0.0
11703164732,11703164203,0.0,0.0
11703164732,11703164206,0.0,0.0
11703164732,11703164207,0.0,0.0
11703164732,11703164211,0.0,0.0
11703164732,11703164213,0.17823595,106.600174
11703164732,11703164214,0.0,0.0
11703164732,11703164230,0.0,0.0
11703164732,11703164702,0.23293823,139.31677
11703164732,11703164703,0.26341397,157.54384
11703164732,11703164707,0.0,0.0
11703164732,11703164709,0.0,0.0
11703164732,11703164718,0.0,0.0
11703164732,11703164724,0.0,0.0
11703164732,11703164732,0.1889562,113.011795
11703164733,11703164701,0.0,0.0
11703164733,11703164706,0.0,0.0
11703164733,11703164708,0.0,0.0
11703164733,11703164712,0.0,0.0
11703164733,11703164714,0.0,0.0
11703164733,11703164717,0.0,0.0
11703164733,11703164719,0.0,0.0
11703164733,11703164727,0.0,0.0
11703164733,11703164728,0.24121809,146.0546
11703164733,11703164731,0.21105975,127.79409
11703164733,11703164733,0.28945026,175.25858
11703164733,11703164804,0.0,0.0
11703164733,11703164806,0.0,0.0
11703164733,11703164807,0.17422152,105.48899
11703164733,11703164812,0.0,0.0
11703164733,11703164814,0.0,0.0
11703164733,11703164816,0.0,0.0
11703164733,11703164820,0.0840503,50.891422
11703164733,11703164823,0.0,0.0
11703164733,11703164824,0.0,0.0
11703164733,11703164825,0.0,0.0
11703164801,11703133020,0.0,0.0
11703164801,11703164301,0.0,0.0
11703164801,11703164302,0.0,0.0
11703164801,11703164304,0.0,0.0
11703164801,11703164306,0.0,0.0
11703164801,11703164308,0.0,0.0
11703164801,11703164310,0.0,0.0
11703164801,11703164311,0.0,0.0
11703164801,11703164312,0.0,0.0
11703164801,11703164313,0.0,0.0
11703164801,11703164315,0.0,0.0
11703164801,11703164317,0.0,0.0
11703164801,11703164318,0.0,0.0
11703164801,11703164321,0.0,0.0
11703164801,11703164705,0.16902173,170.53757
11703164801,11703164708,0.0,0.0
11703164801,11703164730,0.28898525,291.57697
11703164801,11703164801,0.0,0.0
11703164801,11703164802,0.0,0.0
11703164801,11703164803,0.0,0.0
11703164801,11703164805,0.0,0.0
11703164801,11703164808,0.0,0.0
11703164801,11703164809,0.32286912,325.7647
11703164801,11703164810,0.0,0.0
11703164801,11703164813,0.0,0.0
11703164801,11703164815,0.0,0.0
11703164801,11703164816,0.0,0.0
11703164801,11703164817,0.0,0.0
11703164801,11703164818,0.0,0.0
11703164801,11703164820,0.0,0.0
11703164801,11703164821,0.037068903,37.40135
11703164801,11703164822,0.0,0.0
11703164801,11703164824,0.0,0.0
11703164801,11703164825,0.0,0.0
11703164801,11703164826,0.0,0.0
11703164801,11703164827,0.18205492,183.68765
11703164802,11703164308,0.27448583,156.0563
11703164802,11703164311,0.0,0.0
11703164802,11703164312,0.0,0.0
11703164802,11703164315,0.17000267,96.6534
11703164802,11703164318,0.0,0.0
11703164802,11703164801,0.0,0.0
11703164802,11703164802,0.01389429,7.899466
11703164802,11703164803,0.0,0.0
11703164802,11703164804,0.0,0.0
11703164802,11703164806,0.0,0.0
11703164802,11703164810,0.0,0.0
11703164802,11703164811,0.0,0.0
11703164802,11703164812,0.0,0.0
11703164802,11703164815,0.0,0.0
11703164802,11703164817,0.0,0.0
11703164802,11703164819,0.0,0.0
11703164802,11703164820,0.044118136,25.082945
11703164802,11703164821,0.0,0.0
11703164802,11703164822,0.0,0.0
11703164802,11703164826,0.0,0.0
11703164802,11802156402,0.0,0.0
11703164802,11802156416,0.4974993,282.84848
11703164803,11703164308,0.0,0.0
11703164803,11703164311,0.0,0.0
11703164803,11703164312,0.0,0.0
11703164803,11703164315,0.0,0.0
11703164803,11703164318,0.0,0.0
11703164803,11703164728,0.13764733,95.575806
11703164803,11703164801,0.0,0.0
11703164803,11703164802,0.0,0.0
11703164803,11703164803,0.0,0.0
11703164803,11703164804,0.0,0.0
11703164803,11703164806,0.0,0.0
11703164803,11703164811,0.0,0.0
11703164803,11703164814,0.0,0.0
11703164803,11703164815,0.0,0.0
11703164803,11703164817,0.0,0.0
11703164803,11703164819,0.0,0.0
11703164803,11703164821,0.0,0.0
11703164803,11703164822,0.0,0.0
11703164803,11703164826,0.0,0.0
11703164803,11801134514,0.0,0.0
11703164803,11802156402,0.0,0.0
11703164803,11802156416,0.32496578,225.64088
11703164803,11802156424,0.53738695,373.13614
11703164803,11802156427,0.0,0.0
11703164804,11703164727,0.0,0.0
11703164804,11703164733,0.0,0.0
11703164804,11703164802,0.0,0.0
11703164804,11703164803,0.0,0.0
11703164804,11703164804,0.29811603,166.05128
11703164804,11703164806,0.0,0.0
11703164804,11703164807,0.026753187,14.901584
11703164804,11703164810,0.0,0.0
11703164804,11703164811,0.0,0.0
11703164804,11703164812,0.29901963,166.5546
11703164804,11703164814,0.0,0.0
11703164804,11703164815,0.0,0.0
11703164804,11703164819,0.31917524,177.78131
11703164804,11703164820,0.056935906,31.713425
11703164804,11703164823,0.0,0.0
11703164804,11802156416,0.0,0.0
11703164805,11703133013,0.0,0.0
11703164805,11703133020,0.0,0.0
11703164805,11703133034,0.10816148,63.740707
11703164805,11703133044,0.0,0.0
11703164805,11703133050,0.0,0.0
11703164805,11703164702,0.0,0.0
11703164805,11703164705,0.0,0.0
11703164805,11703164708,0.0,0.0
11703164805,11703164709,0.0,0.0
11703164805,11703164721,0.0,0.0
11703164805,11703164730,0.116149575,68.44817
11703164805,11703164801,0.0,0.0
11703164805,11703164805,0.5241973,308.915
11703164805,11703164808,0.0,0.0
11703164805,11703164809,0.0,0.0
11703164805,11703164813,0.0,0.0
11703164805,11703164818,0.0,0.0
11703164805,11703164827,0.2514917,148.20673
11703164806,11703164727,0.0,0.0
11703164806,11703164728,0.0,0.0
11703164806,11703164733,0.0,0.0
11703164806,11703164802,0.0,0.0
11703164806,11703164803,0.0,0.0
11703164806,11703164804,0.40312505,201.62672
11703164806,11703164806,0.0,0.0
11703164806,11703164807,0.0,0.0
11703164806,11703164811,0.0,0.0
11703164806,11703164812,0.0,0.0
11703164806,11703164814,0.09561324,47.82185
11703164806,11703164819,0.16487908,82.465805
11703164806,11703164823,0.33638263,168.24489
11703164806,11801134514,0.0,0.0
11703164806,11802156402,0.0,0.0
11703164806,11802156416,0.0,0.0
11703164806,11802156424,0.0,0.0
11703164807,11703164706,0.0,0.0
11703164807,11703164708,0.0,0.0
11703164807,11703164714,0.0,0.0
11703164807,11703164717,0.0,0.0
11703164807,11703164719,0.0,0.0
11703164807,11703164727,0.0,0.0
11703164807,11703164733,0.0,0.0
11703164807,11703164804,0.0,0.0
11703164807,11703164806,0.0,0.0
11703164807,11703164807,0.42835397,268.56274
11703164807,11703164810,0.0,0.0
11703164807,11703164812,0.07030377,44.07797
11703164807,11703164814,0.0,0.0
11703164807,11703164815,0.0,0.0
11703164807,11703164816,0.0,0.0
11703164807,11703164819,0.28995147,181.78929
11703164807,11703164820,0.023660928,14.834563
11703164807,11703164823,0.0,0.0
11703164807,11703164824,0.18772966,117.69984
11703164807,11703164825,0.0,0.0
11703164807,11703164827,0.0,0.0
11703164808,11703133013,0.0,0.0
11703164808,11703133020,0.0,0.0
11703164808,11703164304,0.0,0.0
11703164808,11703164705,0.0,0.0
11703164808,11703164708,0.0,0.0
11703164808,11703164730,0.0,0.0
11703164808,11703164801,0.0,0.0
11703164808,11703164805,0.33144015,157.16716
11703164808,11703164808,0.5959069,282.5759
11703164808,11703164809,0.0,0.0
11703164808,11703164813,0.072652936,34.451633
11703164808,11703164818,0.0,0.0
11703164808,11703164827,0.0,0.0
11703164809,11703133013,0.0,0.0
11703164809,11703133020,0.0,0.0
11703164809,11703133034,0.0,0.0
11703164809,11703133044,0.0,0.0
11703164809,11703133050,0.057626784,27.14249
11703164809,11703164301,0.0,0.0
11703164809,11703164304,0.0,0.0
11703164809,11703164308,0.066583216,31.361013
11703164809,11703164313,0.0,0.0
11703164809,11703164702,0.0,0.0
11703164809,11703164705,0.05687505,26.788422
11703164809,11703164706,0.0,0.0
11703164809,11703164708,0.0,0.0
11703164809,11703164709,0.061656296,29.040411
11703164809,11703164717,0.0,0.0
11703164809,11703164721,0.0,0.0
11703164809,11703164730,0.3625935,170.78328
11703164809,11703164801,0.0,0.0
11703164809,11703164805,0.0,0.0
11703164809,11703164808,0.0,0.0
11703164809,11703164809,0.39466533,185.88927
11703164809,11703164810,0.0,0.0
11703164809,11703164813,0.0,0.0
11703164809,11703164816,0.0,0.0
11703164809,11703164818,0.0,0.0
11703164809,11703164820,0.0,0.0
11703164809,11703164821,0.0,0.0
11703164809,11703164824,0.0,0.0
11703164809,11703164825,0.0,0.0
11703164809,11703164826,0.0,0.0
11703164809,11703164827,0.0,0.0
11703164810,11703164708,0.0,0.0
11703164810,11703164730,0.027459025,13.3589525
11703164810,11703164801,0.0,0.0
11703164810,11703164802,0.0,0.0
11703164810,11703164804,0.0,0.0
11703164810,11703164807,0.0,0.0
11703164810,11703164809,0.0,0.0
11703164810,11703164810,0.11585784,56.365414
11703164810,11703164812,0.4549969,221.35826
11703164810,11703164815,0.19953474,97.074646
11703164810,11703164816,0.0,0.0
11703164810,11703164819,0.037488103,18.238148
11703164810,11703164820,0.0,0.0
11703164810,11703164821,0.0,0.0
11703164810,11703164823,0.0,0.0
11703164810,11703164824,0.06919873,33.665524
11703164810,11703164825,0.0,0.0
11703164810,11703164826,0.0,0.0
11703164810,11703164827,0.09546462,46.44401
11703164811,11703164728,0.0,0.0
11703164811,11703164802,0.2334288,516.0622
11703164811,11703164803,0.0,0.0
11703164811,11703164804,0.25234005,557.871
11703164811,11703164806,0.0,0.0
11703164811,11703164811,0.04542783,100.43141
11703164811,11703164812,0.0,0.0
11703164811,11703164814,0.0,0.0
11703164811,11703164815,0.0,0.0
11703164811,11703164817,0.0,0.0
11703164811,11703164819,0.21353492,472.081
11703164811,11703164823,0.0,0.0
11703164811,11703164826,0.0,0.0
11703164811,11801134514,0.0,0.0
11703164811,11802156402,0.0,0.0
11703164811,11802156416,0.0,0.0
11703164811,11802156424,0.25526848,564.34515
11703164812,11703164706,0.0,0.0
11703164812,11703164727,0.0,0.0
11703164812,11703164733,0.0,0.0
11703164812,11703164802,0.0,0.0
11703164812,11703164804,0.0,0.0
11703164812,11703164806,0.0,0.0
11703164812,11703164807,0.13267535,58.522274
11703164812,11703164810,0.0,0.0
11703164812,11703164811,0.0,0.0
11703164812,11703164812,0.42010874,185.30736
11703164812,11703164814,0.0,0.0
11703164812,11703164815,0.20813915,91.80889
11703164812,11703164819,0.22214839,97.98828
11703164812,11703164820,0.016928256,7.466949
11703164812,11703164821,0.0,0.0
11703164812,11703164823,0.0,0.0
11703164812,11703164824,0.0,0.0
11703164812,11703164825,0.0,0.0
11703164812,11703164826,0.0,0.0
11703164812,11703164827,0.0,0.0
11703164813,11703133013,0.050385416,28.629005
11703164813,11703133014,0.0,0.0
11703164813,11703133018,0.0,0.0
11703164813,11703133020,0.0,0.0
11703164813,11703133034,0.0,0.0
11703164813,11703133035,0.0,0.0
11703164813,11703133038,0.0,0.0
11703164813,11703133043,0.0,0.0
11703164813,11703133044,0.0,0.0
11703164813,11703133050,0.0,0.0
11703164813,11703164302,0.0,0.0
11703164813,11703164304,0.0,0.0
11703164813,11703164702,0.0045878887,2.6068397
11703164813,11703164705,0.0,0.0
11703164813,11703164709,0.0,0.0
11703164813,11703164721,0.0,0.0
11703164813,11703164730,0.21932247,124.61909
11703164813,11703164801,0.005738914,3.2608523
11703164813,11703164805,0.0,0.0
11703164813,11703164808,0.0,0.0
11703164813,11703164809,0.21739236,123.52239
11703164813,11703164813,0.34313694,194.97049
11703164813,11703164818,0.15943596,90.59155
11703164814,11703164719,0.0,0.0
11703164814,11703164727,0.0,0.0
11703164814,11703164728,0.0,0.0
11703164814,11703164731,0.0,0.0
11703164814,11703164733,0.0,0.0
11703164814,11703164803,0.0,0.0
11703164814,11703164804,0.0,0.0
11703164814,11703164806,0.0,0.0
11703164814,11703164807,0.0,0.0
11703164814,11703164811,0.0,0.0
11703164814,11703164812,0.0,0.0
11703164814,11703164814,0.11243558,65.51648
11703164814,11703164823,0.0,0.0
11703164814,11801134514,0.0,0.0
11703164814,11802156402,0.0,0.0
11703164814,11802156416,0.1627407,94.8294
11703164814,11802156424,0.7248237,422.3565
11703164815,11703164308,0.0,0.0
11703164815,11703164311,0.0,0.0
11703164815,11703164312,0.0,0.0
11703164815,11703164315,0.07202694,42.83968
11703164815,11703164318,0.0,0.0
11703164815,11703164801,0.008585542,5.106449
11703164815,11703164802,0.03164044,18.81888
11703164815,11703164803,0.0,0.0
11703164815,11703164804,0.0,0.0
11703164815,11703164807,0.0,0.0
11703164815,11703164810,0.025911897,15.411697
11703164815,11703164811,0.0,0.0
11703164815,11703164812,0.0,0.0
11703164815,11703164815,0.09256914,55.05763
11703164815,11703164817,0.0,0.0
11703164815,11703164819,0.239907,142.6902
11703164815,11703164820,0.26080635,155.12057
11703164815,11703164821,0.0027606785,1.6419771
11703164815,11703164822,0.0,0.0
11703164815,11703164823,0.0,0.0
11703164815,11703164824,0.0,0.0
11703164815,11703164826,0.0,0.0
11703164815,11703164827,0.2657921,158.08597
11703164816,11703164706,0.0,0.0
11703164816,11703164708,0.0,0.0
11703164816,11703164714,0.0,0.0
11703164816,11703164717,0.0,0.0
11703164816,11703164721,0.0,0.0
11703164816,11703164730,0.06880614,41.857513
11703164816,11703164733,0.0,0.0
11703164816,11703164801,0.0,0.0
11703164816,11703164807,0.0,0.0
11703164816,11703164809,0.0,0.0
11703164816,11703164810,0.08479026,51.581287
11703164816,11703164816,0.37085643,225.60672
11703164816,11703164820,0.22419733,136.38815
11703164816,11703164821,0.057108104,34.74113
11703164816,11703164824,0.14836976,90.259224
11703164816,11703164825,0.045871913,27.90571
11703164816,11703164827,0.0,0.0
11703164817,11703164308,0.09941812,54.811314
11703164817,11703164311,0.0,0.0
11703164817,11703164312,0.0,0.0
11703164817,11703164315,0.20788978,114.61404
11703164817,11703164318,0.0,0.0
11703164817,11703164801,0.0,0.0
11703164817,11703164802,0.0,0.0
11703164817,11703164803,0.0,0.0
11703164817,11703164811,0.0,0.0
11703164817,11703164815,0.10234167,56.423126
11703164817,11703164817,0.23933361,131.94969
11703164817,11703164821,0.0,0.0
11703164817,11703164822,0.15081151,83.14558
11703164817,11703164826,0.0,0.0
11703164817,11802156402,0.0,0.0
11703164817,11802156416,0.20020531,110.377426
11703164817,11802156427,0.0,0.0
11703164818,11701163527,0.0,0.0
11703164818,11701163542,0.0,0.0
11703164818,11703133013,0.0,0.0
11703164818,11703133018,0.0,0.0
11703164818,11703133020,0.0,0.0
11703164818,11703133035,0.0,0.0
11703164818,11703133038,0.0,0.0
11703164818,11703133043,0.0,0.0
11703164818,11703164301,0.16388729,2608.5994
11703164818,11703164302,0.0,0.0
11703164818,11703164304,0.020177037,321.15854
11703164818,11703164308,0.0,0.0
11703164818,11703164313,0.0,0.0
11703164818,11703164705,0.0,0.0
11703164818,11703164708,0.0,0.0
11703164818,11703164730,0.0,0.0
11703164818,11703164801,0.0,0.0
11703164818,11703164805,0.063676864,1013.5467
11703164818,11703164808,0.45891228,7304.5215
11703164818,11703164809,0.0,0.0
11703164818,11703164813,0.0,0.0
11703164818,11703164818,0.29334655,4669.2065
11703164818,11703164821,0.0,0.0
11703164818,11703164826,0.0,0.0
11703164818,11703164827,0.0,0.0
11703164819,11703164802,0.0,0.0
11703164819,11703164803,0.0,0.0
11703164819,11703164804,0.0,0.0
11703164819,11703164806,0.0,0.0
11703164819,11703164807,0.03205502,18.139135
11703164819,11703164810,0.0,0.0
11703164819,11703164811,0.0,0.0
11703164819,11703164812,0.28594205,161.80745
11703164819,11703164815,0.21190417,119.91127
11703164819,11703164819,0.46355802,262.3159
11703164819,11703164820,0.006540954,3.7013624
11703164819,11703164821,0.0,0.0
11703164819,11703164823,0.0,0.0
11703164819,11703164826,0.0,0.0
11703164819,11802156416,0.0,0.0
11703164820,11703164706,0.0,0.0
11703164820,11703164708,0.0,0.0
11703164820,11703164730,0.0,0.0
11703164820,11703164733,0.0,0.0
11703164820,11703164801,0.0,0.0
11703164820,11703164802,0.0,0.0
11703164820,11703164804,0.0,0.0
11703164820,11703164807,0.08683556,49.441257
11703164820,11703164809,0.0,0.0
11703164820,11703164810,0.0,0.0
11703164820,11703164812,0.34967428,199.0928
11703164820,11703164815,0.13984245,79.6216
11703164820,11703164816,0.0,0.0
11703164820,11703164819,0.21801415,124.129944
11703164820,11703164820,0.0,0.0
11703164820,11703164821,0.0,0.0
11703164820,11703164823,0.0,0.0
11703164820,11703164824,0.20563355,117.08085
11703164820,11703164825,0.0,0.0
11703164820,11703164826,0.0,0.0
11703164820,11703164827,0.0,0.0
11703164821,11703164301,0.0,0.0
11703164821,11703164304,0.0,0.0
11703164821,11703164308,0.0,0.0
11703164821,11703164311,0.0,0.0
11703164821,11703164312,0.0,0.0
11703164821,11703164313,0.0,0.0
11703164821,11703164315,0.0,0.0
11703164821,11703164318,0.0,0.0
11703164821,11703164708,0.0,0.0
11703164821,11703164730,0.22004363,140.75734
11703164821,11703164801,0.17837396,114.10211
11703164821,11703164802,0.0,0.0
11703164821,11703164803,0.0,0.0
11703164821,11703164809,0.3272459,209.33238
11703164821,11703164810,0.0,0.0
11703164821,11703164812,0.0,0.0
11703164821,11703164815,0.0,0.0
11703164821,11703164816,0.0,0.0
11703164821,11703164817,0.0,0.0
11703164821,11703164818,0.0,0.0
11703164821,11703164819,0.0,0.0
11703164821,11703164820,0.0,0.0
11703164821,11703164821,0.06462252,41.337685
11703164821,11703164822,0.0,0.0
11703164821,11703164824,0.0,0.0
11703164821,11703164825,0.0,0.0
11703164821,11703164826,0.0,0.0
11703164821,11703164827,0.20971408,134.14973
11703164822,11703164308,0.17038614,83.1845
11703164822,11703164311,0.0,0.0
11703164822,11703164312,0.0,0.0
11703164822,11703164315,0.16456825,80.34415
11703164822,11703164318,0.0,0.0
11703164822,11703164319,0.0,0.0
11703164822,11703164801,0.0,0.0
11703164822,11703164802,0.09428489,46.030987
11703164822,11703164803,0.0,0.0
11703164822,11703164815,0.06797391,33.185658
11703164822,11703164817,0.0,0.0
11703164822,11703164821,0.0,0.0
11703164822,11703164822,0.15798748,77.13133
11703164822,11703164826,0.0,0.0
11703164822,11802156402,0.0,0.0
11703164822,11802156416,0.3447993,168.33505
11703164822,11802156427,0.0,0.0
11703164823,11703164706,0.0,0.0
11703164823,11703164714,0.0,0.0
11703164823,11703164719,0.0,0.0
11703164823,11703164727,0.0,0.0
11703164823,11703164728,0.0,0.0
11703164823,11703164733,0.0,0.0
11703164823,11703164804,0.0,0.0
11703164823,11703164806,0.15364134,108.937645
11703164823,11703164807,0.05498284,38.98496
11703164823,11703164810,0.0,0.0
11703164823,11703164811,0.0,0.0
11703164823,11703164812,0.0,0.0
11703164823,11703164814,0.0,0.0
11703164823,11703164815,0.05432844,38.520966
11703164823,11703164819,0.37806988,268.06616
11703164823,11703164820,0.0,0.0
11703164823,11703164823,0.008410156,5.963125
11703164823,11703164824,0.0,0.0
11703164823,11703164825,0.0,0.0
11703164823,11802156416,0.35056728,248.56575
11703164824,11703164706,0.0,0.0
11703164824,11703164708,0.0,0.0
11703164824,11703164730,0.0,0.0
11703164824,11703164733,0.0,0.0
11703164824,11703164801,0.0,0.0
11703164824,11703164807,0.26411137,117.16669
11703164824,11703164809,0.0,0.0
11703164824,11703164810,0.017583191,7.800362
11703164824,11703164812,0.0,0.0
11703164824,11703164815,0.0,0.0
11703164824,11703164816,0.0,0.0
11703164824,11703164820,0.3156496,140.0304
11703164824,11703164821,0.0,0.0
11703164824,11703164823,0.0,0.0
11703164824,11703164824,0.40265578,178.6286
11703164824,11703164825,0.0,0.0
11703164824,11703164827,0.0,0.0
11703164825,11703164706,0.0,0.0
11703164825,11703164708,0.0,0.0
11703164825,11703164714,0.0,0.0
11703164825,11703164717,0.0,0.0
11703164825,11703164730,0.0,0.0
11703164825,11703164733,0.0,0.0
11703164825,11703164801,0.0,0.0
11703164825,11703164807,0.27031413,193.83675
11703164825,11703164809,0.0,0.0
11703164825,11703164810,0.0,0.0
11703164825,11703164812,0.0,0.0
11703164825,11703164816,0.0,0.0
11703164825,11703164820,0.0,0.0
11703164825,11703164821,0.0,0.0
11703164825,11703164823,0.0,0.0
11703164825,11703164824,0.25039685,179.55447
11703164825,11703164825,0.47928897,343.68832
11703164825,11703164827,0.0,0.0
11703164826,11703164301,0.0,0.0
11703164826,11703164304,0.0,0.0
11703164826,11703164306,0.0,0.0
11703164826,11703164307,0.0,0.0
11703164826,11703164308,0.0,0.0
11703164826,11703164309,0.0,0.0
11703164826,11703164311,0.0,0.0
11703164826,11703164312,0.0,0.0
11703164826,11703164313,0.0,0.0
11703164826,11703164314,0.025671959,13.004549
11703164826,11703164315,0.0,0.0
11703164826,11703164318,0.0,0.0
11703164826,11703164319,0.0,0.0
11703164826,11703164321,0.0,0.0
11703164826,11703164801,0.0,0.0
11703164826,11703164802,0.21270695,107.75017
11703164826,11703164803,0.14006835,70.9539
11703164826,11703164809,0.0,0.0
11703164826,11703164810,0.054529786,27.622952
11703164826,11703164811,0.0,0.0
11703164826,11703164812,0.0,0.0
11703164826,11703164815,0.0,0.0
11703164826,11703164817,0.27049172,137.02199
11703164826,11703164818,0.0,0.0
11703164826,11703164819,0.0,0.0
11703164826,11703164820,0.0,0.0
11703164826,11703164821,0.29653117,150.21269
11703164826,11703164822,0.0,0.0
11703164826,11703164826,0.0,0.0
11703164826,11703164827,0.0,0.0
11703164826,11802156402,0.0,0.0
11703164826,11802156416,0.0,0.0
11703164826,11802156427,0.0,0.0
11703164827,11703164301,0.0,0.0
11703164827,11703164304,0.0,0.0
11703164827,11703164308,0.0,0.0
11703164827,11703164313,0.0,0.0
11703164827,11703164705,0.0,0.0
11703164827,11703164706,0.0,0.0
11703164827,11703164708,0.0,0.0
11703164827,11703164717,0.0,0.0
11703164827,11703164721,0.0,0.0
11703164827,11703164730,0.4368846,211.08043
11703164827,11703164801,0.0,0.0
11703164827,11703164805,0.0,0.0
11703164827,11703164807,0.0,0.0
11703164827,11703164808,0.0,0.0
11703164827,11703164809,0.10445991,50.469715
11703164827,11703164810,0.0,0.0
11703164827,11703164812,0.0,0.0
11703164827,11703164815,0.0,0.0
11703164827,11703164816,0.0,0.0
11703164827,11703164818,0.0,0.0
11703164827,11703164820,0.0,0.0
11703164827,11703164821,0.0,0.0
11703164827,11703164824,0.14778104,71.40028
11703164827,11703164825,0.0,0.0
11703164827,11703164826,0.0,0.0
11703164827,11703164827,0.3108744,150.1987
11801134201,11703164219,0.0,0.0
11801134201,11703164220,0.0,0.0
11801134201,11703164222,0.0,0.0
11801134201,11703164725,0.0,0.0
11801134201,11703164726,0.0,0.0
11801134201,11703164731,0.0,0.0
11801134201,11801134201,0.0,0.0
11801134201,11801134506,0.0,0.0
11801134201,11801134514,0.44167066,169.37712
11801134201,11801134515,0.55832934,214.11479
11801134201,11801134522,0.0,0.0
11801134201,11801134523,0.0,0.0
11801134201,11801134524,0.0,0.0
11801134201,11801134525,0.0,0.0
11801134201,11801134526,0.0,0.0
11801134201,11801134527,0.0,0.0
11801134201,11801134529,0.0,0.0
11801134201,11801134532,0.0,0.0
11801134201,11801134534,0.0,0.0
11801134201,11801134537,0.0,0.0
11801134201,11801134701,0.0,0.0
11801134201,11801134712,0.0,0.0
11801134201,11802156412,0.0,0.0
11801134501,11703132902,0.0,0.0
11801134501,11703132903,0.0,0.0
11801134501,11703132904,0.0,0.0
11801134501,11703132906,0.0,0.0
11801134501,11703132908,0.0,0.0
11801134501,11703132911,0.0,0.0
11801134501,11703132912,0.0025278032,3.2648957
11801134501,11703132913,0.10429737,134.70987
11801134501,11703132923,0.19773403,255.3921
11801134501,11703132926,0.466533,602.5713
11801134501,11703133611,0.0,0.0
11801134501,11703133625,0.0,0.0
11801134501,11801134501,0.052964896,68.40915
11801134501,11801134502,0.0,0.0
11801134501,11801134503,0.0,0.0
11801134501,11801134504,0.016817063,21.72082
11801134501,11801134510,0.0,0.0
11801134501,11801134515,0.0,0.0
11801134501,11801134522,0.0,0.0
11801134501,11801134527,0.15912578,205.52591
11801134501,11801134528,0.0,0.0
11801134501,11801134535,0.0,0.0
11801134501,11801134536,0.0,0.0
11801134502,11703132903,0.0,0.0
11801134502,11703132906,0.0,0.0
11801134502,11801134501,0.0,0.0
11801134502,11801134502,0.5868111,480.39124
11801134502,11801134503,0.41318887,338.25586
11801134502,11801134510,0.0,0.0
11801134502,11801134515,0.0,0.0
11801134502,11801134522,0.0,0.0
11801134502,11801134527,0.0,0.0
11801134502,11801134528,0.0,0.0
11801134502,11801134535,0.0,0.0
11801134502,11801134536,0.0,0.0
11801134503,11801134501,0.0,0.0
11801134503,11801134502,0.0,0.0
11801134503,11801134503,0.9066789,631.44403
11801134503,11801134509,0.0,0.0
11801134503,11801134510,0.093321085,64.99218
11801134503,11801134515,0.0,0.0
11801134503,11801134522,0.0,0.0
11801134503,11801134527,0.0,0.0
11801134503,11801134528,0.0,0.0
11801134503,11801134535,0.0,0.0
11801134503,11801134536,0.0,0.0
11801134504,11703132902,0.0,0.0
11801134504,11703132903,0.0,0.0
11801134504,11703132906,0.0,0.0
11801134504,11703132911,0.0,0.0
11801134504,11703132912,0.0802961,41.79906
11801134504,11703132913,0.0,0.0
11801134504,11703132914,0.0009472072,0.49307963
11801134504,11703132923,0.0,0.0
11801134504,11703132926,0.0,0.0
11801134504,11703132927,0.0,0.0
11801134504,11703133333,0.47557878,247.56802
11801134504,11801134501,0.0,0.0
11801134504,11801134504,0.38467655,200.2478
11801134504,11801134519,0.058501333,30.453543
11801134504,11801134536,0.0,0.0
11801134504,11801165008,0.0,0.0
11801134506,11801134201,0.0,0.0
11801134506,11801134506,0.60243607,562.1793
11801134506,11801134508,0.1362167,127.11426
11801134506,11801134509,0.0,0.0
11801134506,11801134515,0.0,0.0
11801134506,11801134524,0.0,0.0
11801134506,11801134525,0.0,0.0
11801134506,11801134527,0.0,0.0
11801134506,11801134528,0.0,0.0
11801134506,11801134529,0.0,0.0
11801134506,11801134534,0.013727188,12.809893
11801134506,11801134701,0.2476201,231.07333
11801134506,11801134712,0.0,0.0
11801134508,11801134506,0.25947094,269.08878
11801134508,11801134508,0.6720106,696.9201
11801134508,11801134509,0.06851852,71.058304
11801134508,11801134510,0.0,0.0
11801134508,11801134515,0.0,0.0
11801134508,11801134522,0.0,0.0
11801134508,11801134524,0.0,0.0
11801134508,11801134527,0.0,0.0
11801134508,11801134528,0.0,0.0
11801134508,11801134529,0.0,0.0
11801134508,11801134534,0.0,0.0
11801134508,11801134701,0.0,0.0
11801134509,11801134503,0.0,0.0
11801134509,11801134506,0.0,0.0
11801134509,11801134508,0.19322482,198.31996
11801134509,11801134509,0.63944834,656.31
11801134509,11801134510,0.1673269,171.73915
11801134509,11801134522,0.0,0.0
11801134509,11801134527,0.0,0.0
11801134509,11801134528,0.0,0.0
11801134509,11801134529,0.0,0.0
11801134510,11801134501,0.0,0.0
11801134510,11801134502,0.0,0.0
11801134510,11801134503,0.24659318,189.67886
11801134510,11801134508,0.0,0.0
11801134510,11801134509,0.20114237,154.71822
11801134510,11801134510,0.50973964,392.09045
11801134510,11801134515,0.0,0.0
11801134510,11801134522,0.0,0.0
11801134510,11801134527,0.0,0.0
11801134510,11801134528,0.042524874,32.710026
11801134510,11801134529,0.0,0.0
11801134510,11801134535,0.0,0.0
11801134510,11801134536,0.0,0.0
11801134514,11703132903,0.0,0.0
11801134514,11703133605,0.0,0.0
11801134514,11703133611,0.0,0.0
11801134514,11703133613,0.0,0.0
11801134514,11703133624,0.0,0.0
11801134514,11703133625,0.0,0.0
11801134514,11703133626,0.043121696,19.351414
11801134514,11703133628,0.0,0.0
11801134514,11703133629,0.0,0.0
11801134514,11703133630,0.0,0.0
11801134514,11703133631,0.0,0.0
11801134514,11703133632,0.0,0.0
11801134514,11703133634,0.0,0.0
11801134514,11703164204,0.0,0.0
11801134514,11703164215,0.0,0.0
11801134514,11703164219,0.11662698,52.337852
11801134514,11703164220,0.060453176,27.129137
11801134514,11703164221,0.0,0.0
11801134514,11703164222,0.14368057,64.4785
11801134514,11703164223,0.0,0.0
11801134514,11703164701,0.0,0.0
11801134514,11703164713,0.0,0.0
11801134514,11703164716,0.0,0.0
11801134514,11703164719,0.0,0.0
11801134514,11703164725,0.060474634,27.138767
11801134514,11703164726,0.07665551,34.400143
11801134514,11703164727,0.0,0.0
11801134514,11703164728,0.0,0.0
11801134514,11703164729,0.0,0.0
11801134514,11703164731,0.07652557,34.34183
11801134514,11703164803,0.0,0.0
11801134514,11703164806,0.0,0.0
11801134514,11703164811,0.0,0.0
11801134514,11703164814,0.0,0.0
11801134514,11801134201,0.0,0.0
11801134514,11801134514,0.0,0.0
11801134514,11801134515,0.0,0.0
11801134514,11801134522,0.0,0.0
11801134514,11801134523,0.0,0.0
11801134514,11801134524,0.0,0.0
11801134514,11801134525,0.0,0.0
11801134514,11801134526,0.0,0.0
11801134514,11801134527,0.0,0.0
11801134514,11801134529,0.0,0.0
11801134514,11801134532,0.0028662682,1.2862746
11801134514,11801134534,0.0,0.0
11801134514,11801134535,0.0,0.0
11801134514,11801134536,0.0,0.0
11801134514,11801134537,0.0,0.0
11801134514,11801134712,0.0,0.0
11801134514,11802156402,0.0,0.0
11801134514,11802156405,0.0,0.0
11801134514,11802156412,0.34685588,155.65602
11801134514,11802156416,0.012098908,5.42954
11801134514,11802156424,0.060640812,27.21334
11801134515,11703132903,0.0,0.0
11801134515,11703133625,0.0,0.0
11801134515,11703133626,0.0,0.0
11801134515,11703133629,0.0,0.0
11801134515,11703133630,0.0,0.0
11801134515,11703133632,0.0,0.0
11801134515,11703133634,0.0,0.0
11801134515,11703164219,0.0,0.0
11801134515,11703164220,0.0,0.0
11801134515,11703164221,0.0,0.0
11801134515,11703164222,0.0,0.0
11801134515,11703164725,0.0,0.0
11801134515,11703164726,0.0,0.0
11801134515,11703164728,0.0,0.0
11801134515,11703164731,0.0,0.0
11801134515,11801134201,0.0,0.0
11801134515,11801134501,0.0,0.0
11801134515,11801134502,0.0,0.0
11801134515,11801134503,0.0,0.0
11801134515,11801134506,0.0,0.0
11801134515,11801134508,0.0,0.0
11801134515,11801134510,0.0,0.0
11801134515,11801134514,0.0,0.0
11801134515,11801134515,0.0,0.0
11801134515,11801134522,0.0,0.0
11801134515,11801134523,0.0,0.0
11801134515,11801134524,0.0,0.0
11801134515,11801134525,0.0,0.0
11801134515,11801134526,0.0,0.0
11801134515,11801134527,0.0,0.0
11801134515,11801134528,0.0,0.0
11801134515,11801134529,0.0,0.0
11801134515,11801134532,0.62186354,1579.6837
11801134515,11801134534,0.0,0.0
11801134515,11801134535,0.37813646,960.558
11801134515,11801134536,0.0,0.0
11801134515,11801134537,0.0,0.0
11801134515,11801134712,0.0,0.0
11801134515,11802156405,0.0,0.0
11801134515,11802156412,0.0,0.0
11801134515,11802156416,0.0,0.0
11801134515,11802156424,0.0,0.0
11801134519,11703132906,0.0,0.0
11801134519,11703132912,0.0,0.0
11801134519,11703132913,0.0,0.0
11801134519,11703132914,0.0,0.0
11801134519,11703132926,0.0,0.0
11801134519,11703132927,0.0,0.0
11801134519,11703133333,0.0,0.0
11801134519,11703133334,0.0,0.0
11801134519,11703133335,0.11435667,70.675896
11801134519,11703133346,0.24849594,153.57805
11801134519,11801134504,0.0,0.0
11801134519,11801134519,0.4584551,283.33917
11801134519,11801165008,0.0,0.0
11801134519,11801165019,0.17869237,110.43732
11801134522,11703132903,0.0,0.0
11801134522,11703132906,0.0,0.0
11801134522,11703133625,0.0,0.0
11801134522,11801134201,0.0,0.0
11801134522,11801134501,0.0,0.0
11801134522,11801134502,0.0,0.0
11801134522,11801134503,0.34796256,3134.617
11801134522,11801134508,0.17470819,1573.8568
11801134522,11801134509,0.27775306,2502.1355
11801134522,11801134510,0.11265439,1014.8458
11801134522,11801134514,0.0,0.0
11801134522,11801134515,0.0,0.0
11801134522,11801134522,0.0,0.0
11801134522,11801134523,0.0,0.0
11801134522,11801134524,0.0,0.0
11801134522,11801134526,0.0,0.0
11801134522,11801134527,0.0,0.0
11801134522,11801134528,0.08692187,783.0347
11801134522,11801134529,0.0,0.0
11801134522,11801134532,0.0,0.0
11801134522,11801134535,0.0,0.0
11801134522,11801134536,0.0,0.0
11801134522,11801134537,0.0,0.0
11801134523,11801134201,0.0,0.0
11801134523,11801134514,0.0,0.0
11801134523,11801134515,0.0,0.0
11801134523,11801134522,0.0,0.0
11801134523,11801134523,0.23606184,126.311874
11801134523,11801134524,0.0,0.0
11801134523,11801134525,0.0,0.0
11801134523,11801134526,0.54473424,291.47617
11801134523,11801134527,0.0,0.0
11801134523,11801134529,0.0,0.0
11801134523,11801134532,0.0,0.0
11801134523,11801134534,0.21920386,117.29151
11801134523,11801134535,0.0,0.0
11801134523,11801134537,0.0,0.0
11801134523,11801134712,0.0,0.0
11801134523,11802156412,0.0,0.0
11801134524,11801134201,0.0,0.0
11801134524,11801134506,0.13430935,79.34621
11801134524,11801134508,0.0,0.0
11801134524,11801134514,0.0,0.0
11801134524,11801134515,0.0,0.0
11801134524,11801134522,0.0,0.0
11801134524,11801134523,0.0,0.0
11801134524,11801134524,0.0024622083,1.4546038
11801134524,11801134525,0.08977312,53.035446
11801134524,11801134526,0.25741607,152.07422
11801134524,11801134527,0.06544143,38.660965
11801134524,11801134528,0.0,0.0
11801134524,11801134529,0.0,0.0
11801134524,11801134532,0.27630967,163.23602
11801134524,11801134534,0.17428821,102.9646
11801134524,11801134535,0.0,0.0
11801134524,11801134537,0.0,0.0
11801134524,11801134701,0.0,0.0
11801134524,11801134712,0.0,0.0
11801134525,11801134201,0.0,0.0
11801134525,11801134506,0.008590817,3.9682639
11801134525,11801134514,0.0,0.0
11801134525,11801134515,0.0,0.0
11801134525,11801134523,0.0,0.0
11801134525,11801134524,0.0,0.0
11801134525,11801134525,0.35979882,166.198
11801134525,11801134526,0.1547913,71.501076
11801134525,11801134529,0.0,0.0
11801134525,11801134532,0.0,0.0
11801134525,11801134534,0.4768191,220.25192
11801134525,11801134537,0.0,0.0
11801134525,11801134701,0.0,0.0
11801134525,11801134712,0.0,0.0
11801134525,11802156412,0.0,0.0
11801134526,11801134201,0.0,0.0
11801134526,11801134514,0.0,0.0
11801134526,11801134515,0.0,0.0
11801134526,11801134522,0.0,0.0
11801134526,11801134523,0.2433523,127.72306
11801134526,11801134524,0.0,0.0
11801134526,11801134525,0.15482163,81.25789
11801134526,11801134526,0.0,0.0
11801134526,11801134527,0.0,0.0
11801134526,11801134529,0.0,0.0
11801134526,11801134532,0.0,0.0
11801134526,11801134534,0.6018261,315.86743
11801134526,11801134535,0.0,0.0
11801134526,11801134537,0.0,0.0
11801134526,11801134712,0.0,0.0
11801134526,11802156412,0.0,0.0
11801134527,11801134201,0.0,0.0
11801134527,11801134501,0.0,0.0
11801134527,11801134502,0.0,0.0
11801134527,11801134503,0.0,0.0
11801134527,11801134506,0.0,0.0
11801134527,11801134508,0.0,0.0
11801134527,11801134509,0.0,0.0
11801134527,11801134510,0.0,0.0
11801134527,11801134514,0.0,0.0
11801134527,11801134515,0.0,0.0
11801134527,11801134522,0.0,0.0
11801134527,11801134523,0.0,0.0
11801134527,11801134524,0.0,0.0
11801134527,11801134526,0.0,0.0
11801134527,11801134527,0.16935933,87.92873
11801134527,11801134528,0.0,0.0
11801134527,11801134529,0.0,0.0
11801134527,11801134532,0.29362804,152.44711
11801134527,11801134534,0.5370126,278.8086
11801134527,11801134535,0.0,0.0
11801134527,11801134536,0.0,0.0
11801134527,11801134537,0.0,0.0
11801134528,11801134501,0.0,0.0
11801134528,11801134502,0.0,0.0
11801134528,11801134503,0.0,0.0
11801134528,11801134506,0.13826552,83.582245
11801134528,11801134508,0.17829773,107.78192
11801134528,11801134509,0.14517972,87.76191
11801134528,11801134510,0.18182,109.911156
11801134528,11801134515,0.0,0.0
11801134528,11801134522,0.0,0.0
11801134528,11801134524,0.0,0.0
11801134528,11801134527,0.0,0.0
11801134528,11801134528,0.29588243,178.8625
11801134528,11801134529,0.0,0.0
11801134528,11801134534,0.060554653,36.60561
11801134528,11801134535,0.0,0.0
11801134528,11801134536,0.0,0.0
11801134529,11801134201,0.0,0.0
11801134529,11801134506,0.38320702,221.24487
11801134529,11801134508,0.29338944,169.38863
11801134529,11801134509,0.0,0.0
11801134529,11801134510,0.0,0.0
11801134529,11801134514,0.0,0.0
11801134529,11801134515,0.0,0.0
11801134529,11801134522,0.0,0.0
11801134529,11801134523,0.0,0.0
11801134529,11801134524,0.0034160614,1.9722657
11801134529,11801134525,0.06713581,38.760914
11801134529,11801134526,0.01190865,6.8754683
11801134529,11801134527,0.09666431,55.80921
11801134529,11801134528,0.0,0.0
11801134529,11801134529,0.0056778193,3.2780933
11801134529,11801134532,0.0,0.0
11801134529,11801134534,0.13860095,80.02136
11801134529,11801134535,0.0,0.0
11801134529,11801134537,0.0,0.0
11801134529,11801134701,0.0,0.0
11801134529,11801134712,0.0,0.0
11801134532,11703133625,0.0,0.0
11801134532,11703133626,0.0,0.0
11801134532,11703133629,0.0,0.0
11801134532,11703133630,0.0,0.0
11801134532,11703133632,0.0,0.0
11801134532,11703133634,0.0,0.0
11801134532,11703164219,0.0,0.0
11801134532,11703164220,0.0,0.0
11801134532,11703164221,0.0,0.0
11801134532,11703164222,0.0,0.0
11801134532,11703164725,0.0,0.0
11801134532,11703164726,0.0,0.0
11801134532,11703164728,0.0,0.0
11801134532,11703164731,0.0,0.0
11801134532,11801134201,0.0,0.0
11801134532,11801134514,0.0,0.0
11801134532,11801134515,0.0,0.0
11801134532,11801134522,0.0,0.0
11801134532,11801134523,0.0,0.0
11801134532,11801134524,0.0,0.0
11801134532,11801134525,0.0,0.0
11801134532,11801134526,0.0,0.0
11801134532,11801134527,0.0,0.0
11801134532,11801134529,0.0,0.0
11801134532,11801134532,0.42536944,173.66815
11801134532,11801134534,0.0,0.0
11801134532,11801134535,0.0,0.0
11801134532,11801134537,0.0,0.0
11801134532,11801134712,0.0,0.0
11801134532,11802156405,0.0,0.0
11801134532,11802156412,0.5746305,234.60786
11801134532,11802156416,0.0,0.0
11801134532,11802156424,0.0,0.0
11801134534,11801134201,0.0,0.0
11801134534,11801134506,0.26368186,135.06389
11801134534,11801134508,0.0,0.0
11801134534,11801134514,0.0,0.0
11801134534,11801134515,0.0,0.0
11801134534,11801134523,0.0,0.0
11801134534,11801134524,0.0,0.0
11801134534,11801134525,0.104403466,53.477848
11801134534,11801134526,0.18347642,93.98082
11801134534,11801134527,0.0,0.0
11801134534,11801134528,0.0,0.0
11801134534,11801134529,0.0,0.0
11801134534,11801134532,0.0,0.0
11801134534,11801134534,0.051547736,26.40393
11801134534,11801134537,0.0,0.0
11801134534,11801134701,0.23968837,122.77387
11801134534,11801134712,0.15720221,80.522575
11801134534,11802156412,0.0,0.0
11801134535,11703132902,0.0,0.0
11801134535,11703132903,0.0,0.0
11801134535,11703132904,0.0,0.0
11801134535,11703132906,0.0,0.0
11801134535,11703132908,0.0,0.0
11801134535,11703133605,0.0,0.0
11801134535,11703133611,0.0,0.0
11801134535,11703133613,0.0,0.0
11801134535,11703133624,0.0,0.0
11801134535,11703133625,0.0,0.0
11801134535,11703133626,0.14448214,103.03153
11801134535,11703133629,0.04729271,33.72486
11801134535,11703133630,0.15569353,111.02648
11801134535,11703133632,0.11174774,79.68833
11801134535,11703133634,0.0,0.0
11801134535,11703164219,0.0,0.0
11801134535,11703164220,0.0,0.0
11801134535,11703164221,0.024194717,17.253473
11801134535,11703164222,0.0,0.0
11801134535,11703164725,0.0,0.0
11801134535,11703164726,0.0,0.0
11801134535,11703164731,0.0,0.0
11801134535,11801134501,0.0,0.0
11801134535,11801134502,0.0,0.0
11801134535,11801134503,0.0,0.0
11801134535,11801134510,0.0,0.0
11801134535,11801134514,0.0,0.0
11801134535,11801134515,0.0,0.0
11801134535,11801134522,0.0,0.0
11801134535,11801134523,0.0,0.0
11801134535,11801134524,0.0,0.0
11801134535,11801134526,0.0,0.0
11801134535,11801134527,0.0,0.0
11801134535,11801134528,0.0,0.0
11801134535,11801134529,0.0,0.0
11801134535,11801134532,0.0,0.0
11801134535,11801134535,0.516589,368.3843
11801134535,11801134536,0.0,0.0
11801134535,11801134537,0.0,0.0
11801134536,11703132902,0.0,0.0
11801134536,11703132903,0.0,0.0
11801134536,11703132904,0.0,0.0
11801134536,11703132906,0.0,0.0
11801134536,11703132908,0.0,0.0
11801134536,11703132911,0.0,0.0
11801134536,11703132912,0.023580939,37.173965
11801134536,11703132913,0.15509585,244.4995
11801134536,11703132923,0.0,0.0
11801134536,11703132926,0.35827544,564.8002
11801134536,11703133611,0.0,0.0
11801134536,11703133625,0.0,0.0
11801134536,11801134501,0.21813998,343.88486
11801134536,11801134502,0.0,0.0
11801134536,11801134503,0.0,0.0
11801134536,11801134504,0.008916289,14.0560055
11801134536,11801134510,0.0,0.0
11801134536,11801134514,0.0,0.0
11801134536,11801134515,0.0,0.0
11801134536,11801134522,0.0,0.0
11801134536,11801134527,0.05121103,80.73118
11801134536,11801134528,0.0,0.0
11801134536,11801134535,0.18478051,291.29562
11801134536,11801134536,0.0,0.0
11801134537,11801134201,0.0,0.0
11801134537,11801134514,0.0,0.0
11801134537,11801134515,0.0,0.0
11801134537,11801134522,0.0,0.0
11801134537,11801134523,0.0,0.0
11801134537,11801134524,0.0,0.0
11801134537,11801134525,0.0,0.0
11801134537,11801134526,0.74378854,423.9226
11801134537,11801134527,0.0,0.0
11801134537,11801134529,0.0,0.0
11801134537,11801134532,0.2562115,146.02785
11801134537,11801134534,0.0,0.0
11801134537,11801134535,0.0,0.0
11801134537,11801134537,0.0,0.0
11801134701,11801134201,0.0,0.0
11801134701,11801134506,0.47483584,445.56232
11801134701,11801134508,0.0,0.0
11801134701,11801134524,0.0,0.0
11801134701,11801134525,0.0,0.0
11801134701,11801134529,0.0,0.0
11801134701,11801134534,0.0,0.0
11801134701,11801134701,0.5251642,492.78793
11801134701,11801134712,0.0,0.0
11801134712,11801134201,0.0,0.0
11801134712,11801134506,0.15816689,82.455215
11801134712,11801134514,0.0,0.0
11801134712,11801134515,0.0,0.0
11801134712,11801134523,0.0,0.0
11801134712,11801134524,0.0,0.0
11801134712,11801134525,0.0,0.0
11801134712,11801134526,0.15216112,79.3243
11801134712,11801134529,0.0,0.0
11801134712,11801134532,0.0,0.0
11801134712,11801134534,0.44599527,232.50528
11801134712,11801134701,0.044362962,23.127203
11801134712,11801134712,0.1993137,103.905785
11801165008,11703132914,0.0,0.0
11801165008,11703132927,0.0,0.0
11801165008,11703133333,0.0,0.0
11801165008,11703133334,0.0,0.0
11801165008,11703133335,0.0,0.0
11801165008,11703133346,0.0,0.0
11801165008,11801134504,0.0,0.0
11801165008,11801134519,0.15224773,394.28244
11801165008,11801165008,0.2795486,723.9589
11801165008,11801165019,0.5682037,1471.5013
11801165019,11703132914,0.0,0.0
11801165019,11703132927,0.0,0.0
11801165019,11703133329,0.0,0.0
11801165019,11703133333,0.0,0.0
11801165019,11703133334,0.0,0.0
11801165019,11703133335,0.06692892,65.70756
11801165019,11703133337,0.19952035,195.87936
11801165019,11703133346,0.0,0.0
11801165019,11703133348,0.0,0.0
11801165019,11703133349,0.0,0.0
11801165019,11703133353,0.0,0.0
11801165019,11801134519,0.0,0.0
11801165019,11801165008,0.0,0.0
11801165019,11801165019,0.7335508,720.1644
11802156402,11701163404,0.0,0.0
11802156402,11701163420,0.0,0.0
11802156402,11703164307,0.11057371,65.68757
11802156402,11703164311,0.0,0.0
11802156402,11703164318,0.0,0.0
11802156402,11703164319,0.0,0.0
11802156402,11703164320,0.0,0.0
11802156402,11703164728,0.0,0.0
11802156402,11703164802,0.0,0.0
11802156402,11703164803,0.0,0.0
11802156402,11703164806,0.0,0.0
11802156402,11703164811,0.0,0.0
11802156402,11703164814,0.0,0.0
11802156402,11703164817,0.0,0.0
11802156402,11703164822,0.17219669,102.295395
11802156402,11703164826,0.0,0.0
11802156402,11801134514,0.0,0.0
11802156402,11802156402,0.0,0.0
11802156402,11802156416,0.013049722,7.752335
11802156402,11802156424,0.70417994,418.32608
11802156402,11802156427,0.0,0.0
11802156405,11703133626,0.0,0.0
11802156405,11703133629,0.0,0.0
11802156405,11703133630,0.0,0.0
11802156405,11703133632,0.0,0.0
11802156405,11703164219,0.0,0.0
11802156405,11703164220,0.0,0.0
11802156405,11703164221,0.0,0.0
11802156405,11703164222,0.0,0.0
11802156405,11703164725,0.0,0.0
11802156405,11703164726,0.0,0.0
11802156405,11703164728,0.0,0.0
11802156405,11703164731,0.0,0.0
11802156405,11801134514,0.0,0.0
11802156405,11801134515,0.0,0.0
11802156405,11801134532,0.032308042,15.78261
11802156405,11802156405,0.0,0.0
11802156405,11802156412,0.0,0.0
11802156405,11802156416,0.0,0.0
11802156405,11802156424,0.96769196,472.72144
11802156412,11703133626,0.0,0.0
11802156412,11703133629,0.0,0.0
11802156412,11703133630,0.0,0.0
11802156412,11703133632,0.0,0.0
11802156412,11703164219,0.0,0.0
11802156412,11703164220,0.0,0.0
11802156412,11703164221,0.0,0.0
11802156412,11703164222,0.0,0.0
11802156412,11703164725,0.0,0.0
11802156412,11703164726,0.0,0.0
11802156412,11703164728,0.0,0.0
11802156412,11703164731,0.0,0.0
11802156412,11801134201,0.0,0.0
11802156412,11801134514,0.0,0.0
11802156412,11801134515,0.0,0.0
11802156412,11801134523,0.0,0.0
11802156412,11801134525,0.0,0.0
11802156412,11801134526,0.0,0.0
11802156412,11801134532,0.25008118,145.46143
11802156412,11801134534,0.0,0.0
11802156412,11802156405,0.0,0.0
11802156412,11802156412,0.7499188,436.19537
11802156412,11802156416,0.0,0.0
11802156412,11802156424,0.0,0.0
11802156416,11703133626,0.0,0.0
11802156416,11703133629,0.0,0.0
11802156416,11703164219,0.0,0.0
11802156416,11703164220,0.0,0.0
11802156416,11703164221,0.0,0.0
11802156416,11703164222,0.124923676,75.90511
11802156416,11703164318,0.0,0.0
11802156416,11703164719,0.0,0.0
11802156416,11703164725,0.0,0.0
11802156416,11703164726,0.19846061,120.58702
11802156416,11703164727,0.0,0.0
11802156416,11703164728,0.21051654,127.91235
11802156416,11703164731,0.0,0.0
11802156416,11703164802,0.0,0.0
11802156416,11703164803,0.0,0.0
11802156416,11703164804,0.0,0.0
11802156416,11703164806,0.0,0.0
11802156416,11703164811,0.0,0.0
11802156416,11703164814,0.0,0.0
11802156416,11703164817,0.0,0.0
11802156416,11703164819,0.0,0.0
11802156416,11703164822,0.0,0.0
11802156416,11703164823,0.0,0.0
11802156416,11703164826,0.0,0.0
11802156416,11801134514,0.0,0.0
11802156416,11801134515,0.0,0.0
11802156416,11801134532,0.0,0.0
11802156416,11802156402,0.0,0.0
11802156416,11802156405,0.0,0.0
11802156416,11802156412,0.0,0.0
11802156416,11802156416,0.22410375,136.1681
11802156416,11802156424,0.24199548,147.03934
11802156416,11802156427,0.0,0.0
11802156424,11703133626,0.0,0.0
11802156424,11703133629,0.010798991,5.138788
11802156424,11703133630,0.0,0.0
11802156424,11703133632,0.0,0.0
11802156424,11703164219,0.0,0.0
11802156424,11703164220,0.0,0.0
11802156424,11703164221,0.0,0.0
11802156424,11703164222,0.0,0.0
11802156424,11703164725,0.0,0.0
11802156424,11703164726,0.0,0.0
11802156424,11703164728,0.0,0.0
11802156424,11703164731,0.0,0.0
11802156424,11703164803,0.0,0.0
11802156424,11703164806,0.2632298,125.260056
11802156424,11703164811,0.0,0.0
11802156424,11703164814,0.0,0.0
11802156424,11801134514,0.0,0.0
11802156424,11801134515,0.0,0.0
11802156424,11801134532,0.2728427,129.83444
11802156424,11802156402,0.03859347,18.36502
11802156424,11802156405,0.0,0.0
11802156424,11802156412,0.21048182,100.15951
11802156424,11802156416,0.0,0.0
11802156424,11802156424,0.20405322,97.1004
11802156427,11701163404,0.0,0.0
11802156427,11701163410,0.0,0.0
11802156427,11701163420,0.0,0.0
11802156427,11703164303,0.0,0.0
11802156427,11703164307,0.38906065,134.53795
11802156427,11703164309,0.0,0.0
11802156427,11703164311,0.0,0.0
11802156427,11703164316,0.04493478,15.538537
11802156427,11703164318,0.0,0.0
11802156427,11703164319,0.16205445,56.038754
11802156427,11703164320,0.3253583,112.50955
11802156427,11703164803,0.0,0.0
11802156427,11703164817,0.0,0.0
11802156427,11703164822,0.0,0.0
11802156427,11703164826,0.0,0.0
11802156427,11802156402,0.07859185,27.17722
11802156427,11802156416,0.0,0.0
11802156427,11802156427,0.0,0.0
12002167401,11703133101,0.0,0.0
12002167401,11703133102,0.0,0.0
12002167401,11703133114,0.0,0.0
12002167401,11703133124,0.0,0.0
12002167401,11703133135,0.0,0.0
12002167401,11703133138,0.0,0.0
12002167401,11703133144,0.0,0.0
12002167401,11703133145,0.0,0.0
12002167401,11703133146,0.0,0.0
12002167401,11703133147,0.0,0.0
12002167401,11703133148,0.0,0.0
12002167401,11703133149,0.0,0.0
12002167401,11703133151,0.4356357,423.69363
12002167401,12002167401,0.5643643,548.89343
12002167401,12002167413,0.0,0.0
12002167401,12002167414,0.0,0.0
12002167401,12002167421,0.0,0.0
12002167413,11703133103,0.0,0.0
12002167413,11703133106,0.0,0.0
12002167413,11703133107,0.0,0.0
12002167413,11703133124,0.0,0.0
12002167413,11703133143,0.18301705,157.48457
12002167413,11703133144,0.0,0.0
12002167413,11703133148,0.0,0.0
12002167413,11703133150,0.0,0.0
12002167413,11703133151,0.54662335,470.36462
12002167413,11703163810,0.092532426,79.623344
12002167413,11703163811,0.0,0.0
12002167413,11703163814,0.0,0.0
12002167413,11703163819,0.0,0.0
12002167413,11703163820,0.0,0.0
12002167413,11703163824,0.0,0.0
12002167413,12002167401,0.0,0.0
12002167413,12002167413,0.0,0.0
12002167413,12002167414,0.17782721,153.01877
12002167414,11703133101,0.0,0.0
12002167414,11703133103,0.0,0.0
12002167414,11703133106,0.0,0.0
12002167414,11703133107,0.0,0.0
12002167414,11703133113,0.0,0.0
12002167414,11703133121,0.36994404,212.93161
12002167414,11703133124,0.0,0.0
12002167414,11703133125,0.0,0.0
12002167414,11703133143,0.0,0.0
12002167414,11703133144,0.0,0.0
12002167414,11703133145,0.0,0.0
12002167414,11703133146,0.0,0.0
12002167414,11703133147,0.0,0.0
12002167414,11703133148,0.0,0.0
12002167414,11703133149,0.0,0.0
12002167414,11703133151,0.0,0.0
12002167414,11703133152,0.0,0.0
12002167414,11703163814,0.0,0.0
12002167414,11703163820,0.0,0.0
12002167414,12002167401,0.6300559,362.64624
12002167414,12002167413,0.0,0.0
12002167414,12002167414,0.0,0.0
12002167414,12002167421,0.0,0.0
12002167421,11703133101,0.0,0.0
12002167421,11703133149,0.0,0.0
12002167421,11703133151,0.007407725,4.049284
12002167421,12002167401,0.5225472,285.6399
12002167421,12002167414,0.0,0.0
12002167421,12002167421,0.47004503,256.94067
