SA1_CODE_2021,Predicted_Weighted_Trips
10102100707,581.0447367973923
10102100710,671.135159862053
10104102401,527.958745196758
10104102402,519.0751101857805
10104102412,520.2796481624528
10105154002,569.5011111453343
10105154012,616.4763327899583
10105154018,515.8198502167509
10105154019,500.70675134044126
10105154020,709.0706499053833
10105154022,537.2842834261802
10105154023,610.1701640398217
10105154027,512.0561414692501
10201102801,442.7453182085618
10201102802,682.0048477927909
10201102803,907.8029362418695
10201102804,885.8175581298568
10201102805,464.4826716718265
10201102806,626.145068966306
10201102807,623.4717020479552
10201102808,499.8262667073746
10201102809,640.4999410179573
10201102810,550.8219495998054
10201102811,525.1189204585353
10201102812,562.8384803097643
10201102813,523.3809468951847
10201102814,610.656143202874
10201102815,515.536763277205
10201102816,461.9290390074912
10201102817,548.9158945381577
10201102818,562.7374254680543
10201102901,501.71982682943684
10201102902,526.824432170673
10201102903,617.9760355520531
10201102904,651.5865034884056
10201102905,533.5127229466999
10201102906,459.2617762302602
10201102907,514.6481272280129
10201102908,586.3182388716567
10201102909,592.5849537282966
10201102910,806.5357297905529
10201102911,628.5316845897077
10201102912,616.3983455379978
10201102913,504.352271734679
10201102914,489.87794254376075
10201102915,591.0058479619547
10201102916,543.2082581527243
10201102917,482.06935937343854
10201102918,540.1344908223208
10201102919,622.1226903527971
10201102920,383.79929414530176
10201102921,442.7453182085618
10201102922,644.846435431144
10201102923,509.17353610338455
10201102924,546.9314135847503
10201102925,686.392063039993
10201102926,507.2216203744454
10201102927,727.8389021428886
10201102928,903.0885385373259
10201103002,808.3498099744892
10201103003,493.5688117056234
10201103004,489.88466834214915
10201103005,501.28944126246984
10201103006,594.9681054725652
10201103007,542.0378431265156
10201103008,446.6450217403618
10201103009,623.2068871353491
10201103010,637.3291494949784
10201103011,770.7683111920054
10201103012,582.5927972112453
10201103013,521.0863755371839
10201103014,619.647593371922
10201103101,520.6517505171083
10201103102,583.9505379025478
10201103103,660.4132517318947
10201103104,706.6681450431437
10201103105,612.7645804966176
10201103106,513.3430706661763
10201103107,307.0533883704628
10201103108,450.5624070491169
10201103109,433.1859085983887
10201103110,639.6019075575408
10201103111,573.2610080691395
10201103112,351.79435535688
10201103113,542.2485074838675
10201103114,600.8026207245731
10201103115,584.6252467525184
10201103116,648.3011052522102
10201103117,550.0092695893342
10201103118,452.6775499109155
10201103119,630.2175755972138
10201103120,539.5716392605548
10201103121,474.2380292965299
10201103122,574.6579273472893
10201103123,608.8281377257948
10201103124,520.5672501793217
10201103125,500.03232275838104
10201103126,1299.4892464985403
10201103127,519.2157266990548
10201103128,624.8330423388198
10201103129,612.0327841003207
10201103130,490.8690012143738
10201103131,6654.1656742538935
10201103132,1509.2035100687342
10201103133,535.0112143185283
10201103134,603.7253411720015
10201103135,576.7743809746373
10201103136,536.4281319039953
10201103137,594.749647738842
10201103138,636.7868596612564
10201103201,567.5802385203527
10201103202,751.3303065215796
10201103203,724.3397390650977
10201103204,5579.26554318797
10201103205,542.1689716768798
10201103206,627.7020004827037
10201103207,604.0272280768219
10201103208,1474.1769320994688
10201103210,4304.442178637687
10201103211,642.994775645337
10201103212,676.2790205377571
10201103213,386.62248610735446
10201103214,669.0527581510194
10201103215,494.260282254183
10201103216,533.8815339791463
10201103217,446.477444998416
10201103218,561.2550123787561
10201103219,527.6529458353501
10201103220,542.6949299897857
10201103221,517.7716195642305
10201103223,499.454347896303
10201103224,6652.703295235512
10201103225,451.6681110180078
10201103226,497.6600601378826
10201103227,788.7317256311443
10201103228,1297.5736916050173
10201103229,622.782562319298
10201103230,726.8906603042406
10201103231,705.9249947996012
10201103232,644.3758685401147
10201103233,483.33625925704297
10201103234,770.7865320454238
10201103235,588.9021214696811
10201103236,715.2678250584888
10201103237,976.12957630786
10201103238,443.1987985553446
10201103239,682.8115995688732
10201103240,1286.1912987399385
10201103241,656.040339568491
10201103242,1650.611956083738
10201103243,731.7359419387006
10201103244,1859.1914714673705
10201103245,3643.360305303458
10201103246,481.84998527537226
10201103247,543.4650046085249
10201103248,595.3005992092421
10201103301,446.5699816682652
10201103302,626.2709860225418
10201103303,540.1382389905533
10201103304,491.9042545976962
10201103305,497.6794281447289
10201103306,484.5985401750164
10201103307,450.1170405136986
10201103308,536.4198934145318
10201103309,400.2699997776962
10201103310,510.85853064453585
10201103311,509.34087262828245
10201103312,463.5175112508645
10201103313,449.39510274213103
10201103314,498.16828956824804
10201103315,763.444601367187
10201103316,442.7453182085618
10201103317,662.7294792946384
10201103318,403.8373354499997
10201103319,514.5185795563677
10201103320,239.3842153363171
10201103401,569.3168177439602
10201103402,545.6471535323482
10201103403,720.8131569114737
10201103404,466.4585676737286
10201103405,550.8250137535045
10201103406,458.2689867244619
10201103408,653.344507569155
10201103409,525.845441742963
10201103410,573.9046512262765
10201103411,613.2893724665391
10201103412,662.3143126268067
10201103413,526.3701326555442
10201103414,1149.5125994074647
10201103415,777.7652206424477
10201103416,638.1469257277473
10201103417,646.7660612664964
10201103418,915.684840395201
10201103419,529.4967733344816
10201103420,469.13305919315644
10201103501,839.7266509646955
10201103502,530.518796490128
10201103503,653.4395132968041
10201103504,592.0267440527293
10201103505,541.2597520957382
10201103506,610.5581489141628
10201103507,520.5965678589426
10201103508,599.2831402491864
10201103509,561.1751218302587
10201103510,633.4984979442972
10201103511,685.2426076559142
10201103512,501.5778446409964
10201103513,496.5288538088946
10201103514,596.5733169089222
10201103515,601.1780224591192
10201103516,490.2507823876813
10201103517,1555.6310453223866
10201103601,421.37508764779255
10201103602,414.77811518421214
10201103603,668.900938355058
10201103604,491.53848997003706
10201103605,596.1741351546966
10201103606,889.9260554949473
10201103607,407.98985837904024
10201103608,691.1966531890979
10201103609,488.729921193153
10201103610,649.4086671782901
10201103611,523.791721532534
10201103612,477.018476929499
10201103613,552.0233113504261
10201103614,657.8388961713907
10201103615,484.7218498811505
10201103616,465.9572426710058
10201103617,504.68971162085836
10201103618,406.1328478923182
10201103619,621.7621648355774
10201103620,1313.42888593652
10201103621,656.0364945088352
10201103622,486.9230836991029
10201103701,879.3550701836178
10201103702,723.4593586007794
10201103703,775.3261441011617
10201103704,466.00333036609146
10201103705,619.2348826271487
10201103706,555.2603283643375
10201103707,571.1124423043357
10201103708,458.93914926667674
10201103709,954.0967766861055
10201103710,574.6707804424732
10201103711,550.1782888681145
10201103712,491.4207736038555
10201103713,803.3041002887726
10201103714,711.4757245074692
10201103801,599.4038753635965
10201103802,655.613819678999
10201103803,574.208816060373
10201103804,708.1404999388575
10201103805,500.8804283525904
10201103806,511.3745082503267
10201103807,580.5508726924538
10201103808,544.1198022524085
10201103809,700.3621961243507
10201103810,500.3388603555828
10201103811,589.6599662555229
10201103812,515.9543593018517
10201103813,650.515823188476
10201103814,676.7692989517615
10201103815,503.61990785005446
10201103816,526.3692149789211
10201103817,523.2554306658138
10201103901,774.5404185949881
10201103902,515.0548009119974
10201103903,506.58438690951016
10201103904,653.355231345073
10201103905,539.3136516278668
10201103906,636.5723371687076
10201103908,569.890695587953
10201103909,772.9639879436315
10201103911,684.4567549456882
10201103912,737.989014705738
10201103913,755.1757033775519
10201103914,477.84946079577685
10201103915,572.0483584394883
10201103916,637.8935831581555
10201103917,514.7833640622033
10201103918,607.7814480739817
10201103919,673.1279133430311
10201103921,689.0458953316531
10201103922,611.0655894612069
10201103923,462.62411766721965
10201103924,525.4544213971998
10201103925,529.7856604158117
10201103926,676.8419819643753
10201103927,624.4087204382255
10201103928,682.8316100416896
10201103929,543.4933115484758
10201103931,531.3386701414348
10201103932,581.626013481141
10201103933,443.9146213025047
10201103934,1050.5725855569378
10201103935,399.82695147764855
10201103936,879.4425649589539
10201104001,549.2443293798907
10201104002,555.6535737770041
10201104003,462.31571524443433
10201104004,590.3126711505629
10201104005,523.4465230867421
10201104006,764.3205733415951
10201104007,549.6019325846792
10201104008,442.7453182085618
10201104009,1065.9191534057954
10201104010,1125.7945411209503
10201104011,663.572603648117
10201104012,525.0471545888622
10201104013,679.4956766371103
10201104014,726.4241432564941
10201104015,567.0577584974034
10201104016,723.7934301636932
10201104017,829.0601257134427
10201104018,647.0696350334508
10201104019,633.5561066560069
10201104020,660.9249048751843
10201104021,666.8983546456165
10201104022,1419.758366930856
10201104023,774.586827288143
10201104024,785.3266302124201
10201104025,545.4496768621106
10201104026,1091.1672984069135
10201104027,558.6370377137349
10201104028,515.4829268579495
10201104029,649.3019442572163
10201104030,1211.0383521349609
10201104031,596.4037190482424
10201104032,524.2836875450297
10201104033,614.7997551151817
10201104034,637.0584099045709
10201104035,560.567300365858
10201104036,553.1782832031702
10201104037,548.0834578600402
10201104038,558.7879997332448
10201104039,791.5546752677632
10201104040,629.9493675862494
10201104041,576.7421773997759
10201104042,675.6549058461036
10201104043,672.8939627109218
10201104044,571.9780711521935
10201104045,664.1145985540767
10201104046,651.3230665940572
10201104047,765.1723003426472
10201104048,645.9959515558212
10201104049,669.3837795414607
10201104050,622.0303972074206
10201104051,624.3136820946737
10201104052,561.8028625944984
10201104053,757.086593949311
10201104054,535.6006630887109
10201104055,699.6660664643468
10201104056,524.2164913115661
10201104057,649.9044669210236
10201104058,549.5498587701891
10201104101,645.3598479719063
10201104102,704.8875352757514
10201104103,518.9043256875659
10201104104,559.9023682471535
10201104105,507.0430926409343
10201104106,510.38319565344483
10201104107,477.7479601680068
10201104108,442.7453182085618
10201104109,599.6630193759883
10201104110,621.9800217445727
10201104111,451.7424326174238
10201104112,638.5390992594453
10201104113,464.99645302358806
10201104114,663.1661887075759
10201104115,491.2963063564017
10201104116,518.1997155292236
10201104117,510.2026421589558
10201104118,456.02719584852844
10201104119,592.0621303218879
10201104120,551.5696264801708
10201104121,1235.8907851771628
10201104122,518.5681355055597
10201104123,558.2812398228601
10201104124,535.2216708413907
10201104125,573.2473120419045
10201104201,694.0138994698856
10201104202,772.0910214294263
10201104203,527.2042085511132
10201104204,684.9901861690944
10201104205,764.0960567444682
10201104206,442.7453182085618
10201104207,604.3262160535061
10201104208,707.8872352421187
10201104209,501.22684779314875
10201104210,565.2278713795013
10201104211,520.6793351025818
10201104212,301.23314985627326
10201104213,1401.7187551695324
10201104214,834.8063000588528
10201104215,630.5526200199954
10201104216,623.5139814235066
10201104217,687.4832786606403
10201104218,636.4349758631072
10201104219,591.8060266161013
10201104220,758.6217324324233
10201104221,703.1502764394811
10201104222,700.3473832437
10201104223,595.2040927800205
10201104224,617.6030438729456
10201104225,613.1639063450237
10201104226,593.8557480725719
10201104227,647.7660349548684
10201104228,687.7827745605588
10201104229,4179.88844401737
10201104230,616.5186890081966
10201104231,1048.11452513427
10201104232,601.7123396340698
10201104233,737.3733242120837
10201104301,801.3404759419823
10201104302,585.0439324501144
10201104303,664.1372909534981
10201104304,633.1201966883867
10201104305,529.901182736063
10201104306,421.0481761659752
10201104307,461.0285646628784
10201104308,504.57962764596687
10201104309,536.8624718119074
10201104310,488.69353042381704
10201104311,579.6185501135321
10201104312,842.5898732332777
10201104313,611.3610069156061
10201104314,524.1381395160587
10201104315,547.2403262480224
10201104316,570.4611147182941
10201104317,914.6910286944002
10201104318,2183.4814335783162
10201104319,565.543239033943
10201104320,600.8348100733227
10201104321,531.4704046723945
10201104322,552.6530295689685
10201104323,640.0924520778775
10201104324,584.0748833545001
10201104325,549.5659260660426
10201104326,675.3924129986003
10201104327,558.9497217698337
10201104328,466.8406179997193
10201104329,532.2741902391591
10201104330,751.7219009886644
10202104401,546.08464239499
10202104402,540.0333065405193
10202104403,541.6510776723206
10202104404,722.0220149046282
10202104405,475.24550644262996
10202104406,490.92041336174594
10202104407,599.0312922343926
10202104408,546.0679691289434
10202104409,549.2507677682293
10202104410,566.0071127149192
10202104411,606.9684687010631
10202104412,1271.305628930636
10202104413,456.02719584852844
10202104414,656.5638769083967
10202104415,566.3250393108452
10202104416,826.8379497732772
10202104417,1155.516148825314
10202104418,1710.1323837396192
10202104419,623.7167203936402
10202104420,525.6809914624424
10202104421,577.6989149288373
10202104422,629.9751919034269
10202104423,619.8371666836526
10202104424,532.3179718935946
10202104425,464.98418616015954
10202104426,584.7319892782925
10202104427,496.1229853832207
10202104428,541.5421555710274
10202104429,660.8554690059389
10202104430,528.2629404092982
10202104431,491.2551153638957
10202104432,521.9221180767456
10202104433,530.3393865076717
10202104434,752.3006711106541
10202104435,491.24385186131406
10202104436,648.4645827161768
10202104437,539.2297035223921
10202104438,541.7775515615388
10202104439,556.9531190123005
10202104440,608.690800796226
10202104441,535.9674195912847
10202104442,536.6013603885411
10202104443,497.93405041493133
10202104444,569.7580640880607
10202104445,616.899382246861
10202104446,830.0477237933528
10202104447,715.9302306916848
10202104448,590.5964773796368
10202104449,546.6065309960098
10202104450,532.029937487271
10202104451,551.6200694956547
10202104452,473.2239435905904
10202104453,584.0871029283858
10202104454,479.0918127963549
10202104455,687.4487968813958
10202104456,554.5325618171154
10202104457,556.0751735383652
10202104458,529.6029021965895
10202104459,553.5666254560833
10202104501,607.0033069006054
10202104502,523.4596897508414
10202104503,499.6385878474294
10202104504,752.6436752743957
10202104505,707.5206586311596
10202104506,1393.9745962295146
10202104507,719.7334922305207
10202104508,576.948587777695
10202104509,598.6091465085325
10202104510,736.2408100302098
10202104511,737.6788757149837
10202104512,586.20711868915
10202104513,845.8919883921862
10202104514,617.6038443386257
10202104515,537.5121072715774
10202104516,697.4443475077566
10202104517,486.42069718571685
10202104518,1061.3009445870462
10202104519,562.9370867266638
10202104520,449.3371851268433
10202104521,589.2886949246837
10202104522,557.3808128124768
10202104523,472.53565887580345
10202104524,765.01819269299
10202104601,568.0587684600548
10202104602,559.9361426141623
10202104603,729.8139386191849
10202104604,615.8078575609956
10202104605,497.6832869620366
10202104606,638.6940713289189
10202104607,666.393496423307
10202104608,714.4589867079671
10202104609,587.775128672346
10202104610,520.4748475138354
10202104611,542.2648836743468
10202104612,531.6478677953841
10202104613,421.05631374766455
10202104614,527.1500727614765
10202104615,563.6219976657004
10202104616,684.199090329313
10202104617,930.2674722319366
10202104618,684.3365564183507
10202104619,727.7855755647937
10202104620,623.4535172621144
10202104621,535.03340441484
10202104622,562.053131703189
10202104623,435.5413114114671
10202104624,753.4890013201044
10202104625,869.7587913051626
10202104701,661.755471408259
10202104702,463.39280305217596
10202104703,399.3315885150556
10202104704,682.9659107594322
10202104705,663.617487912073
10202104706,520.8750906716909
10202104707,670.6696632683118
10202104708,671.2446476040559
10202104709,672.0418082360029
10202104710,539.4329530363013
10202104711,696.6071791572696
10202104712,596.9414065903782
10202104713,926.483990661463
10202104714,414.5287042740342
10202104715,598.0265359120522
10202104716,564.4734893888939
10202104717,549.7176145795764
10202104718,571.9325560676299
10202104719,758.3962194246728
10202104720,464.3848891775618
10202104721,575.7222406732205
10202104722,678.9333961827333
10202104723,427.3089499309465
10202104724,2503.14006355749
10202104725,483.0865195482098
10202104726,604.4861342805782
10202104727,533.8678296318993
10202104728,722.6978871711085
10202104729,715.1834186806342
10202104730,506.10245793170213
10202104731,725.1934666687517
10202104732,659.3206033559234
10202104733,511.5729324501028
10202104734,495.83854884149144
10202104735,636.7584628268163
10202104736,693.9114823441251
10202104737,389.68076590854514
10202104801,530.0316550049351
10202104802,629.4098504313639
10202104803,667.3813348803359
10202104804,559.3140802262998
10202104805,581.9023195581633
10202104806,481.10251226908133
10202104807,708.5712992906672
10202104808,598.4261342843045
10202104809,686.0432588155101
10202104810,889.423953220593
10202104811,763.1932137008013
10202104812,823.2368126777322
10202104813,732.559853282236
10202104814,1712.01090164026
10202104815,649.3177702189071
10202104816,564.2785579648086
10202104817,2352.8124438845884
10202104818,764.2221299482463
10202104819,652.437916535414
10202104820,517.9458749706399
10202104821,728.6519143039917
10202104822,708.023548572773
10202104823,546.1531446717555
10202104824,884.8175863288753
10202104825,682.6463769200333
10202104826,617.7052862527064
10202104827,700.1374024208083
10202104828,713.1884948825862
10202104829,658.8284262166549
10202104830,762.7193544479532
10202104831,542.5037735154825
10202104832,649.6567470036445
10202104833,639.6858681297106
10202104834,557.7515566304418
10202104835,575.130965930633
10202104836,677.9972777231918
10202104837,737.0157901954436
10202104838,521.8162715002611
10202104840,522.6107912843179
10202104841,590.6631312614555
10202104842,554.3791504175541
10202104843,655.594215779274
10202104844,540.1885783325354
10202104845,721.7902110963022
10202104846,697.5098913608966
10202104847,549.1693482998993
10202104848,610.8755528606123
10202104849,779.3703882500475
10202104901,567.9039731004856
10202104902,527.6095236557669
10202104903,755.6781671340698
10202104904,770.162806978964
10202104905,572.9827260184776
10202104906,602.2097207177223
10202104907,428.9802207437939
10202104908,417.6101164946862
10202104909,442.7453182085618
10202104910,790.8253376808954
10202105001,770.6783012279358
10202105002,499.7377118771784
10202105003,653.3500904940811
10202105004,523.9037796037859
10202105005,589.2916013347495
10202105006,589.537123060009
10202105007,621.7856922119521
10202105008,882.2142376290058
10202105009,620.7321543038045
10202105010,518.474916180188
10202105011,622.2992806719128
10202105012,557.7858027007732
10202105013,585.6478770495573
10202105014,405.0018904742609
10202105015,566.5070581285164
10202105016,451.10279194983895
10202105017,690.049464706409
10202105018,528.1222240361676
10202105019,592.6333223439213
10202105020,589.8660742574423
10202105021,904.5348269287587
10202105022,679.0656917352301
10202105024,585.8896428760838
10202105025,563.7969591289497
10202105026,710.0807343545267
10202105027,597.5610462118038
10202105028,736.4765956750819
10202105101,579.2154794065784
10202105102,564.5273140533498
10202105103,533.8106890395575
10202105104,395.8272585664604
10202105105,442.7453182085618
10202105106,577.2522471821874
10202105107,389.468812773722
10202105108,613.1068087252198
10202105109,565.4019629321559
10202105110,521.2093688568905
10202105111,491.74499858010796
10202105112,502.5494089820962
10202105113,563.0080388399101
10202105114,480.3419952161792
10202105115,487.4370197150158
10202105116,485.74577678347777
10202105201,719.3734051814528
10202105202,650.5142563034653
10202105203,563.7159761294209
10202105204,963.957438907172
10202105205,759.9224736519266
10202105206,629.1656268894162
10202105207,654.0804297076572
10202105208,637.9075432749507
10202105209,564.2729271753412
10202105210,540.7201384133289
10202105211,449.3371851268433
10202105213,500.5835895207337
10202105214,481.5985664153547
10202105215,551.532997544889
10202105216,638.9272046068733
10202105301,738.919883494163
10202105302,1040.619991302082
10202105303,641.568036629444
10202105304,590.4429019334087
10202105305,744.3705493948089
10202105306,556.3840305011134
10202105307,763.3634579451891
10202105308,923.287681339343
10202105309,797.8775289342378
10202105310,643.0167684667877
10202105311,557.7301195292689
10202105312,509.8333762118858
10202105313,546.0012811553444
10202105314,652.6330376982793
10202105315,722.3561186961002
10202105316,3069.22734704555
10202105317,565.0445006295529
10202105318,562.865020250556
10202105319,486.89157998182804
10202105320,533.5168596017685
10202105321,851.3333041072228
10202105322,554.6932558170002
10202105323,646.0309216372846
10202105324,572.0024768577703
10202105325,816.6919446104729
10202105326,617.5008820971124
10202105327,576.5378974732339
10202105328,1305.7550980447654
10202105329,1810.5274828503555
10202105330,672.2952954190843
10202105331,567.5357047525644
10202105332,1086.6288619695204
10202105333,586.9841434537622
10202105334,970.9057982753467
10202105335,1046.314556346092
10202105336,477.5762621821923
10202105337,688.6740514847945
10202105401,874.7885729215758
10202105402,786.8611919011049
10202105403,682.4250374211725
10202105404,1411.0961122199715
10202105405,1718.393273243193
10202105406,931.8826938229879
10202105407,784.1918445962023
10202105408,854.913588038637
10202105409,566.0345812608437
10202105410,621.7928668607932
10202105411,573.6524013072346
10202105412,674.5736288905487
10202105413,505.37581852332096
10202105414,2000.9406072335996
10202105415,399.1847393227704
10202105416,449.3371851268433
10202105417,521.1671583650542
10202105418,827.8858931975379
10202105419,936.3611253760675
10202105420,677.0765839113799
10202105421,580.1097913373688
10202105422,579.7095173855339
10202105423,743.211491347678
10202105424,521.2188443752386
10202105501,598.0660261528558
10202105502,655.6842390341349
10202105503,2321.14637612813
10202105504,575.6793112289893
10202105505,494.88394315361967
10202105506,722.051207771965
10202105507,642.3444678468306
10202105508,587.5264591552094
10202105509,582.3943741224865
10202105510,494.99012904435733
10202105511,580.1500815000048
10202105512,432.86248941388567
10202105513,479.88716703324496
10202105514,529.3108728022569
10202105601,911.0961482778156
10202105602,853.2379856675076
10202105603,722.9180172761562
10202105604,426.07953891718546
10202105605,752.0185793329929
10202105606,453.9306231192299
10202105607,624.0940557621344
10202105608,600.8510604929959
10202105609,553.0583840510124
10202105612,621.2383954163423
10202105613,627.0585649046592
10202105614,633.236360171096
10202105615,861.0961215202475
10202105616,425.82094394069463
10202105617,519.8877099149147
10202105620,553.5246070563402
10202105621,399.1132004542798
10202105622,557.6332502416705
10202105623,545.0255369204218
10202105624,679.0639782041152
10202105627,722.4096356959159
10202105628,794.922163352375
10202105629,710.4471380668077
10202105630,996.970270185109
10202105631,589.296805899804
10202105634,1129.1946762731511
10202105635,567.3480714017846
10202105636,550.8171669949658
10202105637,556.6556365556903
10202105638,595.0119254261282
10202105639,483.808462338011
10202105640,613.7968089802598
10202105641,698.4634176515076
10202105642,529.1221002134338
10202105643,645.6895968852864
10202105644,558.9516515391047
10202105645,568.8379456830312
10202105646,565.0266847047861
10202105647,665.7854463554116
10202105648,596.3849758665308
10202105701,848.9199000610197
10202105702,625.2589076386711
10202105703,658.5288338638821
10202105704,615.6628944034595
10202105705,362.7162031177469
10202105706,2010.3423450201428
10202105707,1311.6034786158493
10202105708,576.4010612659187
10202105709,599.3074392575745
10202105710,943.7673775270046
10202105711,602.6386358242542
10202105712,612.5935134112271
10202105713,582.058487016993
10202105714,587.6418600174152
10202105715,618.0895550450397
10202105716,816.2002842111881
10202105717,692.4038247461779
10202105718,912.6277469146131
10202105719,674.3241166577218
10202105720,493.4182076796633
10301106104,506.4359744506683
10303107112,517.8636967219538
10303107117,524.7131774811747
10303107126,420.1571827630094
10303107127,523.9674981826743
10303107501,442.7453182085618
10601110701,796.4594555144953
10601110702,704.4630236646235
10601110703,786.827064363177
10601110705,530.302002133942
10601110706,601.8861463844585
10601110707,620.9961601088058
10601110708,600.3042796516924
10601110709,862.0218323981177
10601110710,463.8871017278493
10601110712,595.2490976110356
10601110713,568.1939956659883
10601110714,755.2649423204235
10601110716,741.684678373924
10601110717,446.08708470995316
10601110718,512.9633829421242
10601110719,478.4372353637153
10601110720,621.9513435474744
10601110722,582.1548051302485
10601110723,774.1715228430767
10601110725,601.8978964098571
10601110726,478.74182949051476
10601110727,600.9367993199365
10601110728,450.3960674981212
10601110729,562.2524084054041
10601110730,432.07758334614635
10601110731,547.6374581710995
10601110732,895.3951582700115
10601110733,477.17266262737974
10601110801,729.660005901581
10601110806,584.505121700345
10601110807,674.9006548690223
10601110808,643.5655353950694
10601110809,522.7442771259726
10601110810,640.9054250569121
10601110811,634.899776299831
10601110812,674.5160736699476
10601110813,783.7335600723553
10601110814,813.7420025115235
10601110815,643.9871553701515
10601110816,646.1408902533724
10601110817,633.3448809004003
10601110818,389.59290807099273
10601110819,631.9259346953861
10601110820,641.8333363189778
10601110821,565.9038533065749
10601110822,739.7095362987301
10601110823,497.9745619455708
10601110824,494.5157246682842
10601110825,1011.6908187193166
10601110826,500.2554074463431
10601110827,442.20911697987833
10601110828,402.1247304675867
10601110829,600.6962446813524
10601110830,845.9932669419544
10601110831,713.7122565199305
10601110832,1112.5724310002242
10601110833,1816.702361086087
10601110834,2868.973871518547
10601110835,490.0474643245787
10601110836,694.75804144193
10601110837,923.6635642613514
10601110838,578.6235770214844
10601110839,592.9893431151644
10601110840,571.5567323273341
10601110841,658.5579295869876
10601110842,506.5489617441578
10601110843,574.5221172177678
10601110844,619.5976879547184
10601110845,1370.1685453894167
10601110847,1003.1303847160902
10601110848,509.8176752730451
10601110850,558.8763195946151
10601110852,511.9795309233342
10601110855,507.02287174279854
10601110858,756.9082684948982
10601110859,806.0550034013693
10601110860,688.9748563387109
10601110861,2083.5956559395117
10601110862,400.41147049576824
10601110863,572.3325346219392
10601110864,869.3159580476719
10601110865,771.3276041518952
10601110866,891.0408302890723
10601110901,579.1171766392343
10601110902,601.3103882520952
10601110903,561.9514250828295
10601110904,484.9128300418093
10601110905,561.8476940022626
10601110906,580.9471364823642
10601110907,517.1725293783421
10601110908,693.0825692028311
10601110909,686.9673756977832
10601110911,483.8950214090718
10601110912,533.6423216489759
10601110913,500.5182768994876
10601110914,609.5286053724656
10601110915,640.0247937077794
10601110916,676.7954589922807
10601110917,552.4021687020864
10601110918,579.4955787767019
10601110920,622.1063712905193
10601110921,569.3873003695674
10601110922,584.9842063379477
10601110924,320.9331782927093
10601110925,412.6364507908538
10601110926,396.2878556384391
10601110927,510.96397131082205
10601110928,396.2389004010435
10601110929,562.1509364858662
10601110930,534.9392868550103
10601111001,425.3915925258411
10601111002,687.8011478207476
10601111003,520.0275086724587
10601111004,511.09537926252546
10601111006,523.3506379842449
10601111007,793.0306173361777
10601111008,515.4911285724927
10601111009,552.5590955028802
10601111010,498.86091099287387
10601111011,713.5666918938477
10601111012,548.0795539942374
10601111013,516.769227740651
10601111014,494.4240956979499
10601111015,471.7264304474625
10601111016,503.9489098213203
10601111017,469.330660675344
10601111018,487.29197553816965
10601111019,518.3013863950321
10601111020,575.0702862131004
10601111021,656.50639752868
10601111022,577.1736543543174
10601111023,573.777765424259
10601111024,490.8942421255601
10601111025,498.4228475405858
10601111026,471.06976989705987
10601111027,756.3392612098271
10601111028,465.37436992663555
10601111029,400.90714763018804
10601111101,673.584492953703
10601111102,503.601746947948
10601111103,572.7107996569508
10601111104,506.2805789574465
10601111105,602.8451662371169
10601111106,532.0459257894486
10601111107,2681.871662070096
10601111108,982.2275004652485
10601111109,514.4907489330043
10601111110,659.3215335054892
10601111111,731.1747044286425
10601111112,671.5604158825909
10601111113,733.5764815222541
10601111114,696.3048469847973
10601111115,747.3601391405862
10601111116,758.5258500883021
10601111117,544.7321197258326
10601111118,455.2261253987364
10601111121,521.2825054502807
10601111122,573.0435008946368
10601111123,626.7461663534309
10601111124,640.8696187943772
10601111125,765.1346150571532
10601111126,695.7980699232947
10601111127,670.5175073362643
10601111128,674.8580418087433
10601111129,594.038350484371
10601111130,684.2386124315054
10601111131,1390.6103142103957
10601111132,558.827514065009
10601111133,602.9062042066957
10601111134,666.3249165406781
10601111135,525.5546885477055
10601111136,819.8786455554329
10601111137,449.3371851268433
10601111138,483.16602760608566
10601111139,252.95633968327607
10601111140,639.2715940977799
10601111141,483.1705830813414
10601111142,371.83580654034915
10601111143,520.0733490712871
10601111144,1090.013235597148
10601111146,442.7453182085618
10601111147,784.1225173343491
10601111148,644.5258477772867
10601111149,557.5145980456538
10601111150,514.9927037374871
10601111151,486.27367977600557
10601111152,511.8918055879597
10601111153,546.8292382546149
10601111154,549.7963658769559
10601111155,573.0941461823023
10601111156,549.6325198802114
10601111157,306.97431851163134
10601111158,636.2831500632238
10601111159,442.7453182085618
10601111302,542.6706295140699
10601111303,437.6139106196381
10601111304,583.7865842047835
10601111310,442.4165684869387
10601111311,520.0183828431311
10601111314,629.3048983787477
10601111315,509.3825400679251
10602111401,1129.0005081328843
10602111402,777.2627388581527
10602111403,491.76087052435315
10602111408,582.3449842785184
10602111409,1072.352035635043
10602111410,2609.918003457635
10602111411,1788.5985590810037
10602111412,762.8407268113159
10602111415,525.1713297348984
10602111416,783.481135255672
10602111417,691.9724576151534
10602111418,665.1633406491096
10602111419,408.7913473323571
10602111420,673.825539116703
10602111421,712.1453513552117
10602111422,545.6903515024235
10602111423,512.675036530237
10602111424,368.9663180071323
10602111425,643.0142904257752
10602111426,488.29776313430517
10602111601,605.2491496326472
10602111602,538.9503048505244
10602111603,477.40327888980306
10602111604,634.1082111523193
10602111605,601.1518204095343
10602111606,997.4957047965632
10602111607,452.9924808598487
10602111608,574.9567540099827
10602111609,462.35902451077044
10602111610,591.35836783902
10602111611,502.7522973818513
10602111612,979.5408164752337
10602111613,754.0957111900954
10602111614,676.2379492892139
10602111615,655.4362857674885
10602111617,610.0229036218918
10602111618,527.4196760762867
10602161401,598.2347243685462
10602161402,464.2477375500817
10602161403,824.7460292218339
10602161404,621.54880927179
10602161405,1289.408261499408
10602161406,516.3993256961212
10602161407,607.9988275601014
10602161408,795.8811998742723
10602161409,601.1429670955182
10602161410,530.2246139668624
10602161411,545.3947185345453
10602161412,661.6213422993313
10602161413,535.05652825204
10602161414,1123.5032741269367
10602161415,606.1406836246861
10602161416,544.8128000721935
10602161417,1014.3327935263268
10602161418,539.3525683362501
10602161419,643.690636644794
10602161420,559.5870524461669
10602161421,409.9930987470208
10602161422,374.0707699578279
10602161423,493.5474808662704
10602161424,332.3561441148287
10602161425,540.7379508575195
10602161426,611.5070192335745
10602161427,726.0152652782624
10602161428,454.2068252370612
10602161429,731.4136411382227
10602161430,459.1464916799085
10602161431,533.6745548447794
10602161432,591.6894550664867
10602161433,579.0469042004167
10602161434,533.6069078008943
10602161435,751.633320954858
10602161436,459.47863992413005
10602161437,433.98298748606516
10602161438,525.577716215928
10602161439,722.1842761858092
10602161440,543.0692414260697
10602161441,577.7905021515377
10602161442,5094.222185818039
10602161443,502.90853075171555
10602161444,429.2400302293585
10602161445,562.4079339647292
10602161446,535.0019237079539
10602161447,473.0948874989454
10602161448,578.5000936196672
10602161449,702.1005871808057
10602161501,628.1276889791815
10602161502,405.67659570131735
10602161503,537.3142468228593
10602161504,641.9822230569642
10602161505,1508.5115482384344
10602161506,797.8084374557625
10602161507,769.8247721427607
10602161508,629.0051749581288
10602161509,715.3643685528052
10602161510,710.6401999804107
10602161511,494.3843663603363
10602161512,1305.8252909259502
10602161513,582.7175887122644
10602161514,461.40111878727294
10602161515,495.9836167339088
10602161516,684.1193624692062
10602161517,621.8976076198587
10602161518,565.303138738725
10602161519,854.3012315599129
10602161520,594.145578290624
10602161521,740.9121820876295
10602161522,611.8046993322373
10602161523,544.8176118048792
10602161524,475.2985259502583
10602161525,624.6539489935436
10602161526,464.10790620595003
10602161527,596.5844294844984
10602161528,612.6439719949749
10602161529,568.1009192271209
10602161530,500.67286847838324
10602161531,412.2923661579028
10602161532,608.2943463150202
10602161533,521.5939995560317
10602161534,628.2409764286682
10602161535,516.4745064112342
10602161536,534.6492392180157
10602161537,591.1631634905488
10602161538,620.4363501876024
10602161539,532.6612555119577
10602161601,564.741459167841
10602161602,507.4836857425356
10602161603,519.587050230416
10602161604,1324.862648995678
10602161605,584.6081543678678
10602161606,582.1662299971283
10602161607,2615.782430306242
10602161608,500.8312991369851
10602161609,740.6884077602465
10602161610,624.3291782742921
10602161611,422.2555480782792
10602161612,642.4160334884842
10602161613,625.0817786241819
10602161614,824.214262147461
10602161615,664.1167695498012
10602161616,623.1077077709808
10602161617,560.6526797447161
10602161618,630.5486205499889
10602161619,816.7036135168095
10602161620,459.3765259403357
10602161701,904.2924702667525
10602161702,560.223574070048
10602161703,825.1237602020583
10602161704,640.7295958469413
10602161705,632.043633387386
10602161706,688.8342384328297
10602161707,733.5977356876417
10602161708,960.7107669714738
10602161709,571.7375931552957
10602161710,399.7804799318203
10602161711,572.7964977842461
10602161712,669.0850969481121
10602161713,766.7426722078457
10602161714,726.1763250732329
10602161715,610.829772935251
10602161716,588.5662616567913
10602161717,596.1398774686359
10602161718,721.2503006991273
10602161719,677.8336476928217
10602161720,474.3384796696598
10602161721,703.771406727298
10602161722,519.671272188006
10602161723,570.9418181443926
10602161801,643.6281198877626
10602161802,588.2106227075802
10602161803,556.2966213633173
10602161804,393.25195906416036
10602161805,809.1652536517577
10602161806,657.8156645089497
10602161807,530.5427902129959
10602161808,491.00131769497756
10602161809,656.6451157283658
10602161810,488.9194691022849
10602161811,768.3305979923932
10602161812,570.140022709705
10602161813,478.0543142368121
10602161814,429.1375828865741
10602161815,505.5313306084256
10602161816,570.6382843171018
10602161817,676.7667917792413
10602161818,596.5574080800192
10602161819,557.0132096055746
10602161820,445.63908298937747
10602161821,705.3667818255514
10602161822,613.1018298900117
10602161823,553.5473428771729
10602161824,475.40079301797607
10602161825,623.1928556166422
10602161826,568.8722591413076
10602161827,526.5079605560284
10602161828,489.3766666368302
10602161829,409.97461801668396
10602161830,457.6866494781286
10602161831,671.7215299238173
10602161832,576.1781794836423
10602161833,556.4319014449287
10602161834,668.478386237265
10602161835,484.30750654604486
10602161836,442.7453182085618
10602161837,506.02351113953716
10602161838,502.51251380969757
10602161839,608.9929284017201
10603111901,484.1022167183264
10603111902,556.3730286176689
10603111903,697.0795567449187
10603111904,546.8742547432041
10603111906,733.5062864519109
10603111907,816.8037581795102
10603111908,442.7453182085618
10603111909,546.7697382951409
10603111910,829.2196637504907
10603111911,467.66700269290016
10603111912,509.6332417626742
10603111913,571.6377402394265
10603111914,560.3583951143407
10603111915,1116.8185162259997
10603111916,652.8801057466442
10603111917,442.7453182085618
10603111918,896.5852921178149
10603111919,442.7453182085618
10603111921,474.5197734754841
10603111922,943.8893603833894
10603112001,419.1003814706203
10603112002,581.3140590787524
10603112003,566.0619017099815
10603112004,672.2545894545625
10603112005,429.51298293770066
10603112006,1684.4969435170972
10603112007,506.49375170933365
10603112008,762.5173740680103
10603112009,969.3746255833103
10603112010,769.068500104739
10603112011,584.0567938301161
10603112012,567.2851610969749
10603112013,596.9488491170447
10603112014,793.9515043908443
10603112015,509.5169951058922
10603112016,705.8427676678957
10603112017,340.8715831296506
10603112018,768.0278702372582
10603112101,795.0453525314177
10603112102,662.1066673341725
10603112103,555.1415634234045
10603112104,501.76388650109783
10603112105,533.1575772140899
10603112106,1027.4708005187001
10603112107,505.9489289219635
10603112108,678.76518813245
10603112109,572.2248723139353
10603112110,504.94984911383756
10603112111,476.7008121943074
10603112112,456.02719584852844
10603112113,433.7859287529992
10603112114,443.8671899026509
10603112115,1255.766647463769
10603112116,647.4066213085458
10603112117,362.343189843181
10603112118,574.0613982826504
10603112119,677.9036622234845
10603112120,491.68213623833805
10603112121,413.2780859339012
10603112122,2493.299337348624
10603112123,741.2605533821064
10603112124,620.986259592085
10603112125,570.8340573599119
10603112126,442.4626927587064
10603112127,663.2437636851068
10603112128,567.8845492488996
10603112129,510.8918311856991
10603112130,549.55010459682
10603112131,1426.416900026444
10603112133,591.9964117091826
10603112134,762.1932553977284
10603112135,818.8916305481421
10603112136,624.2268776299325
10603112137,608.941108343752
10603112138,762.5921734676037
10603112139,537.3446062656466
10603112140,533.0814109951402
10603112141,666.4284050237425
10603112142,547.480208514612
10603112143,706.4991432416045
10603112144,601.238781313334
10603112145,654.9464974042908
10603112146,1813.6791540050174
10603112147,538.775279829236
10603112148,676.5962024792306
10603112149,755.3674995261039
10603112150,520.0080224886791
10603112151,6085.401674493249
10603112152,601.2050325346147
10603112153,636.0746904406694
10603112154,596.4979843041394
10603112155,546.6973462035522
10603112156,979.1690682003333
10603112157,586.8995673457631
10603112158,3265.8008781910708
10603112201,811.2774406127036
10603112202,625.1289205651037
10603112203,329.2080792288868
10603112204,580.2774046620143
10603112205,590.0834624041684
10603112206,572.2628951026331
10603112207,658.9556099924989
10603112208,589.1006198072126
10603112209,665.182391391682
10603112210,865.7069339996098
10603112211,1955.7680027677977
10603112212,724.6728705482643
10603112213,475.4101228229123
10603112214,588.4119048008056
10603112215,672.2782076955432
10603112216,598.5325545195394
10603112217,787.4748707172339
10603112218,517.9098275793586
10603112219,605.9954313017759
10603112220,569.0673871501464
10603112221,692.9655850896868
10603112222,668.7432774221604
10603112223,688.2893347182511
10603112224,556.1176534083083
10603112225,607.3376989017248
10603112226,751.3391741907309
10603112227,728.1005243394541
10603112228,683.9973717095029
10603112230,938.2741653938892
10603112232,352.63336799713085
10603112233,498.83479704419017
10603112234,525.5538687231314
10603112235,1085.4557530484497
10603112236,468.7075204916205
10603112301,497.40605719790983
10603112302,465.4713570906521
10603112303,552.5887381916897
10603112304,495.86630895827636
10603112305,612.0548762568112
10603112306,372.56648092826407
10603112307,437.48744044009305
10603112308,542.811717038847
10603112309,532.4237563386318
10603112310,728.7561572878562
10603112311,494.9543962940446
10603112312,519.1087737261898
10603112313,598.820601151972
10603112314,508.2525176794724
10603112315,491.55451875869767
10603112402,556.8910100593997
10603112501,507.13743828921656
10603112502,742.893091549985
10603112503,687.9320309461366
10603112505,456.02719584852844
10603112506,860.7738662324886
10603112507,855.5577652717901
10603112508,442.7453182085618
10603112509,490.87641053799445
10603112510,549.309762688276
10603112512,548.968374222194
10603112513,699.2872963994066
10603112514,440.1695241960087
10603112515,658.8559255815852
10603112516,666.2747581806444
10603112517,858.2954896833497
10603112518,738.5375332246747
10603112519,656.6169479555954
10603112520,577.9113019864136
10603112521,661.2808328852961
10603112522,491.71099464062314
10603112523,526.8768544923335
10603112524,595.4847524414726
10603112525,660.4772245985589
10603112526,533.9827354344017
10603112527,694.6296680246597
10603112528,622.8027566280223
10603112529,546.3362813348537
10603112530,624.3424978684701
10603112531,548.3925117666987
10603112532,500.38147871935485
10603112533,442.7453182085618
10603112534,525.6519903357084
10603112535,495.8501565909609
10603112536,464.97373299136575
10603112537,642.7545256588309
10603112538,602.0189167210837
10603112539,504.56334196689585
10603112540,530.4978158438955
10603112541,785.8211517418817
10603112542,460.09031256244606
10604112907,480.7675035997724
10604112912,487.3899693963477
10701113101,531.9306435860354
10701113102,556.517410467123
10701113103,574.2834020110133
10701113104,490.41437506091734
10701113105,668.783993234936
10701113106,537.8074400109408
10701113107,578.2262386222886
10701113108,496.81252385653465
10701113109,654.1746119979542
10701113110,474.1762954428861
10701113111,548.413489339683
10701113112,530.5271999532378
10701113113,528.5559557825676
10701113115,537.144195199475
10701113116,475.11628591938
10701113117,761.0496894292953
10701113118,695.0656573111801
10701113119,564.1367049316806
10701113120,598.6570729773081
10701113121,471.8201035146526
10701113122,509.31421001147254
10701113123,548.3867752908468
10701113124,624.8064541605354
10701113125,500.4929315027442
10701113126,719.8589996748944
10701113127,553.6965166397143
10701113128,717.675126581379
10701113129,573.8498930029565
10701113130,500.1133980307963
10701113131,564.6797835936123
10701113132,562.5489974358585
10701113133,514.0090569570525
10701113134,663.1254954193037
10701113135,566.7513296312264
10701113136,477.21336244689576
10701113137,753.2038722275884
10701113139,731.1521367124618
10701113140,562.5362670369958
10701113141,542.4394121976462
10701113142,454.9167637773613
10701113143,639.0200331781803
10701113144,570.9620276184339
10701113145,597.7392208729461
10701113146,603.2210624827836
10701113147,566.6536929126194
10701113148,635.8316602136895
10701113149,569.6602687317414
10701113150,694.0317705248865
10701113151,504.2412723631273
10701113152,653.8414298230355
10701113153,514.6330453949399
10701113154,1025.3188081304947
10701113155,1305.161641717501
10701113156,984.1442974789879
10701113157,680.1309840227509
10701113158,700.5314558761821
10701113159,463.18067428451127
10701113160,372.6424123074923
10701113161,497.52921333578416
10701113162,490.4663584401583
10701113163,668.4478094904445
10701113164,531.4029149819427
10701113165,1101.2939619543545
10701113201,507.2026722144734
10701113202,524.9316187192392
10701113203,507.95976951468555
10701113204,605.6925399157316
10701113205,530.8114679582186
10701113206,512.4284455806543
10701113207,472.9295647891058
10701113210,494.1246844084618
10701113211,688.4575024653175
10701113212,460.8416736332398
10701113213,554.4226518081172
10701113214,597.8363166884482
10701113216,585.9538299487019
10701113217,693.4657733574276
10701113218,468.8957567548333
10701113219,567.9648021282187
10701113220,831.3029863140455
10701113221,595.6232429271985
10701113222,512.7040390762907
10701113223,563.8553175998346
10701113224,476.7715970195198
10701113225,738.8470247773867
10701113226,788.6088725671648
10701113227,350.02989301815
10701113228,562.816118236209
10701113229,758.4331898846953
10701113230,560.4826669785034
10701113301,606.9684825216943
10701113401,377.337112493713
10701113402,540.1767938834533
10701113403,548.4485459868755
10701113404,615.5666948957906
10701113405,452.1399717401483
10701113406,729.9278585234497
10701113407,537.5738491691127
10701113409,388.3682275309809
10701113410,406.12777038640417
10701113411,431.57109685971426
10701113412,424.45414804412343
10701113413,430.499530754111
10701113414,584.1419267948929
10701113415,609.5890545032272
10701113416,498.92256235702024
10701113417,665.7855455665323
10701113418,511.5793106947677
10701113419,660.2549408573799
10701113421,587.022884366743
10701113422,622.6994348090684
10701113423,557.860117432632
10701113424,553.0771993098208
10701113425,452.89101877819036
10701113426,502.1020134168499
10701113427,402.00787573915926
10701113428,455.8720309666276
10701113429,641.4525593517191
10701113431,482.1940110669667
10701113432,441.3163223493628
10701113433,492.0587027613976
10701113434,579.5937995553874
10701113435,543.7246537742487
10701113436,495.88632375908026
10701113437,517.7116709946994
10701113438,612.0097800707069
10701113439,1086.665498319821
10701113440,545.5496108153292
10701113441,563.0611423378081
10701113442,590.0327641009782
10701113443,446.65985300163373
10701113444,436.8175530196221
10701113445,390.47744877626064
10701113446,465.9366187904568
10701113447,980.0078422387924
10701113448,529.1888266469103
10701113449,278.3293323204186
10701113450,508.2960199725435
10701113451,635.0713688094594
10701154501,711.3069762079041
10701154502,670.1092675379002
10701154503,1020.7820874252648
10701154504,625.4359003607319
10701154505,576.2782703045397
10701154506,609.6763338555586
10701154507,608.709002167036
10701154508,678.2466398563178
10701154509,608.1851509773583
10701154510,647.8552730799128
10701154511,638.8596767887955
10701154512,504.60208929443974
10701154513,769.8038368957431
10701154514,649.6213682849808
10701154515,1474.6568549063834
10701154516,580.7326811659282
10701154517,613.5724371452679
10701154518,669.2853732796391
10701154519,666.0835421348786
10701154520,573.7965417945536
10701154521,442.7453182085618
10701154522,529.963484927646
10701154523,768.8220243041071
10701154524,536.0081236142564
10701154525,621.691744801275
10701154526,443.56747586817505
10701154527,486.7018971453176
10701154528,610.2523399007425
10701154529,573.1667991489152
10701154530,501.77533366647685
10701154531,641.8847014129337
10701154532,570.2852691240047
10701154533,681.7374091072215
10701154534,273.3949984876189
10701154535,709.4092896726067
10701154536,514.9962183035046
10701154537,389.915718396997
10701154601,509.0813224060873
10701154602,497.1734139301182
10701154603,1506.2183598481924
10701154604,618.949574745995
10701154605,717.1151477494043
10701154606,665.7057185373978
10701154607,726.8199296047344
10701154608,627.0990904313386
10701154609,1958.8216273176677
10701154610,750.4280437800214
10701154611,9939.693004229473
10701154612,610.5014058722236
10701154613,685.746581166594
10701154614,485.7676563623206
10701154615,1347.4658989629174
10701154616,483.798229568558
10701154617,601.0942831273838
10701154618,11116.046149679314
10701154619,530.1632417659606
10701154620,583.4816960055932
10701154621,543.9103074819592
10701154622,645.9246315948207
10701154623,589.6353346707714
10701154624,581.1620574629196
10701154625,608.0478893559883
10701154626,521.1911355776788
10701154627,449.3371851268433
10701154628,387.4889536085063
10701154629,497.3992109905081
10701154630,536.7737274243843
10701154631,602.9506502905256
10701154632,575.1451753783507
10701154701,493.1640279285787
10701154702,628.9391141226891
10701154704,521.4028477750361
10701154705,834.6207449352684
10701154706,393.87118162910235
10701154707,5502.218004261707
10701154708,586.1716251696524
10701154709,643.5341642549143
10701154710,795.0977279237655
10701154711,580.2541966301204
10701154712,605.5731635212358
10701154713,531.9556285016197
10702113501,342.2223021215564
10703113601,695.565550364112
10703113602,512.2295367491679
10703113603,713.4374842042344
10703113604,1116.384455049835
10703113605,585.4403756160979
10703113609,529.8813083814118
10703113611,496.8600050863324
10703113612,527.0149903812495
10703113613,613.4220830215667
10703113614,567.1760477899375
10703113615,713.9542282492388
10703113616,442.7453182085618
10703113617,612.9790387036062
10703113618,538.3203808723048
10703113619,595.5995098952556
10703113620,526.9292215993636
10703113621,686.2455169287053
10703113622,603.9396144384954
10703113623,545.8325308794089
10703113624,459.5863695836304
10703113625,568.3347243389742
10703113626,447.8274798538612
10703113627,477.7539330865562
10703113628,455.99016492324114
10703113629,613.4860565844629
10703113630,703.0468013936928
10703113631,451.4576470549641
10703113632,497.0096871978048
10703113634,491.5058307424327
10703113636,626.741680677122
10703113637,665.358543390054
10703113638,591.9824242549931
10703113639,584.4032803147894
10703113640,381.97425609927734
10703113641,638.2916189101458
10703113642,578.6605847570787
10703113643,579.8491143221744
10703113644,711.0056283974691
10703113645,563.314330537236
10703113646,582.082134477425
10703113647,531.0407621133521
10703113648,504.1644490198586
10703113649,635.3702662051523
10703113650,649.8153341327185
10703113701,514.2599771206868
10703113702,618.3188836397426
10703113703,449.3371851268433
10703113704,556.3248309029245
10703113705,523.6897304554378
10703113706,639.0237565668854
10703113707,555.1548650616745
10703113708,508.7414947405186
10703113709,508.4709530690796
10703113710,676.9902082783757
10703113711,681.6965380611782
10703113712,551.8668468662322
10703113713,740.0194595255255
10703113714,1193.8373731981972
10703113715,657.7939425506274
10703113716,676.5771740425904
10703113717,525.8155751356809
10703113718,513.6580333352366
10703113719,462.81681159943815
10703113720,193.16151035815926
10703113721,778.2455449195847
10703113722,580.8286066200027
10703113801,549.9942933051464
10703113802,2187.5653742110453
10703113803,948.433056808761
10703113804,542.9285105056749
10703113805,641.4559142993181
10703113806,590.6005757199434
10703113807,591.0201648721351
10703113808,507.65768130220897
10703113809,2707.991106418055
10703113810,684.1013465103251
10703113811,684.2957571730005
10703113812,572.2629804584761
10703113813,582.3474022328198
10703113814,843.6332112537947
10703113816,494.8921510956549
10703113817,4064.877156684672
10703113818,453.53410010777037
10703113820,563.5025947542995
10703113821,587.7306013437145
10703113822,409.9584657282514
10703113823,427.0745169331564
10703113824,724.7318876116692
10703113825,252.17956708800156
10703113901,394.48125298602815
10703113902,347.0122881613677
10703113903,441.13085969871395
10703113904,588.0614246899011
10703113905,554.3595088720759
10703113906,461.24537386515635
10703113907,608.2418530632358
10703113908,707.6020829651035
10703113909,563.6118999809842
10703113910,468.7919155619167
10703113911,462.81681159943815
10703113912,638.7302322990536
10703113913,543.1866323566555
10703113914,509.7004804337592
10703113915,540.8357995216658
10703113916,539.9109864997178
10703113917,472.91566752219694
10703113918,442.7453182085618
10703113919,799.6869569166197
10703114001,725.5848458194617
10703114002,467.6116593192613
10703114003,817.8088979044192
10703114004,553.6264522562171
10703114005,485.0387955508611
10703114006,658.0510374152135
10703114007,625.2489104703543
10703114008,502.388216307982
10703114010,468.2197766769686
10703114011,810.2662331706157
10703114013,570.233269715737
10703114014,592.3813472438313
10703114015,462.27132837161923
10703114016,477.53714172638513
10703114018,478.2706656521389
10703114019,504.8472187084849
10703114020,451.578003766989
10703114021,589.6814469853191
10703114022,3414.350994316023
10703114023,2939.3210965597127
10703114024,416.1891125353158
10703114025,423.84016102337387
10703114026,844.3708106531145
10703114101,624.5761594702007
10703114102,464.0978292851438
10703114104,578.077318720689
10703114105,467.8988585430459
10703114107,500.49586498524076
10703114108,526.1362592546544
10703114111,442.7453182085618
10703114113,545.020442054414
10703114114,531.6464287050588
10703114115,591.6560455037255
10703114116,651.567453484341
10703114117,686.0216513346148
10703114118,512.2302006418872
10703114119,607.5010340619116
10703114120,591.5527138669004
10703114121,819.8660960454062
10703114123,776.9765985295107
10703114126,501.23294752101185
10703114127,558.8304561269556
10703114128,677.9805505971686
10703114130,755.6820503120315
10703114131,547.0069611736661
10703114134,624.4375405986042
10703114135,654.1978652176582
10703114136,512.4923262120033
10703114137,584.3267499658505
10703114138,547.3849750594158
10703114139,566.2092006223496
10703114140,624.6668600283026
10703114141,744.5881426533122
10703114142,402.1580605557413
10703114143,647.7232407920402
10703114144,476.62000101382523
10703114145,441.2461706588475
10703114146,479.8337952742051
10703114147,485.52384979764093
10703114148,771.7735710111901
10703114149,446.3938209689308
10703114150,540.190003457452
10703114151,777.5702761674687
10703114152,744.4600314701959
10703114153,576.9065083825371
10703114154,411.11416612498607
10703114155,704.8665389506193
10703114201,666.0682243399424
10703114202,540.955257777923
10703114203,3272.7189799917473
10703114204,562.4394596638607
10703114205,538.116451874777
10703114206,583.1770740405182
10703114207,586.6088310967583
10703114208,1213.4142989280574
10703114209,574.724938017453
10703114210,491.8122858440475
10703114211,627.9484651759471
10703114212,509.08993516282897
10703114213,1288.0994966698536
10703114214,759.1597226436339
10703114215,777.0695366194675
10703114216,530.9691918208173
10703114217,631.7929021887854
10703114218,713.7669872584282
10703114219,546.59961574864
10703114220,563.860737224169
10703114221,439.09700058945384
10703114222,801.7736265627381
10703114223,498.6523577807004
10703114224,608.220756596277
10703114225,654.0271435499126
10703114226,583.5378284572374
10703114301,565.6086613265803
10703114302,793.4595955853662
10703114303,589.5021514031746
10703114304,616.8486440095653
10703114305,511.3554225781838
10703114306,607.2740739012861
10703114307,583.1284605789333
10703114308,548.8110885976702
10703114309,644.0386204423199
10703114310,650.6885463545275
10703114311,655.5006786900593
10703114312,442.7453182085618
10703114313,541.7401064912287
10703114314,616.2670762492584
10703114315,659.9293874906327
10703114316,540.0130707105236
10703114317,756.1956060046092
10703114318,526.025244064447
10703114319,595.0694333042237
10703114320,535.8249889346642
10703114321,742.7679470848002
10703114322,504.02601833546794
10703114323,598.2141053748692
10703114324,511.09636408829857
10703114325,813.2207347107758
10703114326,842.4463972554794
10703114327,546.2724177120622
10703114328,573.9886516233795
10703114329,526.7397697790863
10703114330,548.2450310421834
10703114331,663.1417799890864
10703114332,660.311332168805
10703114333,640.5116072111218
10703114334,768.8983240314975
10703114335,688.5540047743358
10703114336,642.097795687216
10703114337,609.9653777924922
10703114338,560.3865021596453
10703114339,602.1474409904297
10703114340,530.1799220067736
10703114341,565.7747713990066
10703114342,616.4179439045838
10703114343,644.54196390871
10703114344,723.9461584588909
10703114345,794.6011603979389
10703114346,684.1586053196764
10703114347,645.7845115565876
10703114348,585.8098539578245
10703114349,764.5481637409371
10703114350,743.5961683682796
10704114401,551.901839416388
10704114402,614.2205982120554
10704114403,542.6335023475309
10704114404,532.1818826724415
10704114405,676.1259409647769
10704114406,533.7228470789602
10704114407,731.1431551438843
10704114408,868.6843448221917
10704114409,488.3849966079461
10704114410,569.0085937192072
10704114411,541.9617945330559
10704114412,530.9646607118791
10704114413,589.2435054584622
10704114414,634.3980105785437
10704114415,562.0020053234048
10704114416,904.6048096415027
10704114417,1468.7013906049942
10704114418,585.8828152270278
10704114419,553.9708136784349
10704114420,2401.2772511690177
10704114421,606.2370719433354
10704114422,674.0729184716355
10704114423,792.911319785681
10704114424,584.0857161822527
10704114425,840.1883052160026
10704114426,799.519918939091
10704114427,768.9534370230405
10704114428,773.4861033784676
10704114429,605.4789017247641
10704114430,610.4481621246936
10704114431,727.2355167650985
10704114432,500.6021985517389
10704114433,776.8626601056185
10704114434,638.4952521081352
10704114435,1446.262242836765
10704114436,1909.5639710847706
10704114437,1145.044630934529
10704114438,410.02073670729743
10704114439,504.81813367513445
10704114440,518.967299295083
10704114441,506.2087981829051
10704114442,675.932021722957
10704114443,563.0616591933248
10704114444,697.3548775962641
10704114445,762.9609860007713
10704114446,577.0647173596915
10704114447,467.6495322316493
10704114448,414.9452308192615
10704114501,534.6987480645092
10704114502,715.8092588252811
10704114503,558.0914682010656
10704114504,501.4873056850624
10704114505,630.8321624755793
10704114506,336.5890393274253
10704114507,533.8041561338196
10704114508,435.55362584657075
10704114509,594.5621279886813
10704114510,732.7636057625695
10704114511,561.2684218859166
10704114512,576.6432692739089
10704114513,527.6435287878821
10704114514,502.25985359226013
10704114515,585.288402747305
10704114517,661.3040427915976
10704114518,737.7716574814059
10704114519,544.6604034539918
10704114520,649.4130022942065
10704114521,829.7904646803703
10704114522,1237.2410020790994
10704114523,2190.840177743289
10704114524,460.9122392295887
10704114525,523.6959473977919
10704114526,526.5949291679701
10704114527,632.4036938677477
10704114528,698.5719230347426
10704114531,572.3923739910368
10704114532,550.5274324735649
10704114533,656.2544073378338
10704114534,677.7801599791985
10704114535,678.6660799583368
10704114536,501.53333532233285
10704114537,537.4937414312636
10704114538,1180.883883360103
10704114539,648.2898770809201
10704114540,778.0319768755915
10704114541,764.5496106971323
10704114601,533.1165943314958
10704114602,915.4047209488997
10704114603,825.3207027164278
10704114604,586.3459734273298
10704114605,739.2559389438253
10704114606,539.8453724471542
10704114607,492.4071707355235
10704114608,511.01760542959977
10704114610,551.5935472763097
10704114611,664.1775054041357
10704114612,1226.2858661574307
10704114613,525.2800377918551
10704114615,660.6617844578592
10704114616,617.6741909628244
10704114617,578.8058376185178
10704114618,1205.9284625700761
10704114619,423.54898546193897
10704114620,526.3285968967169
10704114621,473.46036276814044
10704114622,661.1119936100463
10704114623,533.4019928760823
10704114624,607.906105631399
10704114625,533.1510706788798
10704114627,715.0779595321768
10704114628,552.0144851347726
10704114629,560.0494517759568
10704114631,650.8260876466727
10704114632,571.0980966279539
10704114633,528.6129218601628
10704114634,575.8931176353935
10704114635,681.3965818760705
10704114636,606.3898033322865
10704114637,477.5934845524442
10704114639,536.7563225971717
10704114640,678.7409138385649
10704114641,566.1020992848402
10704114642,625.815316558115
10704114643,581.9511779217247
10704114644,581.332088606635
10704114646,798.5539146965316
10704114647,767.8539173573885
10704114648,499.29778465384
10704114649,536.9523456077744
10704114650,444.83713182267735
10704114651,480.41980624065
10704114652,516.088157591538
10704114653,389.48025778683865
10704114654,424.0284216861541
10704114655,389.14426566703696
10704114656,270.0522943369627
10704114657,464.26800974926863
10704114658,454.83731340382496
10704114659,479.2840435836203
10704114660,556.0715635231811
10704114701,660.7190669570766
10704114702,624.6676696492842
10704114703,529.4883254686883
10704114704,656.1613252062173
10704114705,698.0353689886795
10704114706,453.0187826746433
10704114707,233.70000122475395
10704114708,512.6192176615009
10704114709,508.95723317385205
10704114710,353.2636162551196
10704114711,633.6149851930335
10704114712,575.7076538081348
10704114713,677.9127907635212
10704114714,422.92963770431214
10704114715,418.01365798117894
10704114716,439.36346138784864
10704114717,412.90662652530284
10704114718,402.10506864220986
10704114719,470.3516005058489
10704114720,482.8203060305657
10704114721,560.5270201300701
10704114722,9614.740385608706
10704114723,521.4439171110786
10704114724,550.342095601826
10704114801,517.0772776216658
10704114802,466.5860918105482
10704114803,438.50222795489617
10704114804,591.1612581900769
10704114805,900.1275938932927
10704114806,449.3371851268433
10704114807,501.67228976007885
10704114808,549.6506259167551
10704114809,520.2460042223366
10704114810,694.8553473172334
10704114811,637.9090578959074
10704114812,442.7453182085618
10704114813,555.2599144223055
10704114814,398.9302592636223
10704114815,533.7890823302836
10704114816,465.3388910242795
10704114817,469.7075153610299
10704114818,400.7381015937659
10704114819,394.21833598357716
10704114820,470.1285588851217
10704114821,573.0662299823914
10704114822,1088.6021514572903
10704114823,435.983612516652
10704114824,754.7915039474254
10704114825,703.5669127122901
10704114826,722.6238927436088
10704114827,671.736207295789
10704114828,623.6546042743843
10704114829,513.788242438661
10704114830,478.7107672614377
10704114831,505.08860886469375
10704115001,519.0194398295142
10704115002,671.8032495548149
10704115003,662.0607614868278
10704115004,727.3336826587355
10704115005,858.4554658018503
10704115006,603.4884880579255
10704115007,582.9525415997726
10704115008,666.0517914259723
10704115009,544.4488208384591
10704115010,544.111183561608
10704115011,536.718947633622
10704115012,462.5180101435615
10704115013,446.73872042726464
10704115015,623.7222289979358
10704115016,533.7918374486779
10704115017,602.8765246628999
10704115018,415.92061494829744
10704115019,604.7210970706001
10704115020,1382.2740889131446
10704115021,1167.6439168316303
10704115023,509.0660825864794
10704115024,691.3851817749139
10704115025,425.6880776166163
10704115026,632.1774437508159
10704115028,482.03741774789324
10704115029,652.4213111300796
10704115030,673.9834472978569
10704115031,612.8811918399698
10704115032,490.5639159685376
10704115033,700.9809439436682
10704115034,477.75558252804126
10704115035,503.28370857214014
10704115037,437.1705573935259
10704115038,529.6180886493443
10704115039,504.9636741605788
10704115041,916.747542341016
10704115042,511.9064489537774
10704115043,234.1679801549785
10704115044,524.5314110983858
10704115045,469.1395001738564
10704115046,589.454193947478
10704115047,1021.5870425062594
10704115048,538.4007105995701
10704115049,708.4187187460078
10704115050,519.0872619110729
10704115051,551.9534397454873
10704115052,604.5132513954143
10704115053,473.73695572625974
10704115054,473.35765529905177
10704154801,12194.60263217274
10704154802,699.3754098702068
10704154803,545.110043393796
10704154805,2167.1354547168044
10704154806,877.1292320793025
10704154807,537.1469060322758
10704154808,593.1860757994621
10704154809,622.8479764992086
10704154810,948.0327152329967
10704154811,651.8922016137805
10704154812,3005.7186844100747
10704154814,571.7001364451153
10704154815,6304.429831390475
10704154816,708.9830064130566
10704154817,462.81681159943815
10704154818,905.1465391308635
10704154819,1771.6108897665886
10704154820,623.454282417963
10704154821,590.8128200294079
10704154822,546.3155273578807
10704154823,1269.5414844920685
10704154824,977.6705880676121
10704154825,1040.510533873482
10704154826,599.3266730043564
10704154827,3836.4819642213306
10704154828,611.9398540019665
10704154829,611.6817118428642
10704154830,960.0039791945347
10704154831,307.010695721256
10704154832,13248.656976221135
10704154833,719.5569201664007
10704154834,476.20335770793315
10704154835,539.740174948709
10704154836,2992.5248168848316
10704154837,13849.869700465866
10704154838,2696.154295269561
10704154901,594.2710994009793
10704154902,866.9803232739703
10704154903,802.4837717451632
10704154904,465.78914102337615
10704154905,566.3202260081517
10704154906,769.140545660197
10704154907,572.4085116564935
10704154908,944.0962984514326
10704154909,376.75890904090625
10704154910,928.5362233372618
10704154911,722.2467852491511
10704154912,497.90275951153984
10704154913,577.0781207571968
10704154914,651.9171831949452
10704154915,511.16954158933174
10704154916,547.0795135012681
10704154917,607.7898553125007
10704154918,648.2467284971015
10704154919,2646.1229301309663
10704154920,671.8490603616378
10704154921,526.3888790913395
10704154922,652.8931552875049
10704154923,653.4037112307772
10704154924,705.4950194217884
10704154925,565.1260958606123
10704154926,661.4072383314763
10704154927,4005.6287889218825
10704154928,481.4646364374847
10704154929,633.0350357996683
10704154930,535.4959365623176
10704154931,583.3339115313862
10704154932,591.7950913169686
10704154933,492.252573638335
10704154934,477.82942861487584
10704154935,550.1323252349617
10801115103,536.3219701613832
10801115110,593.3905986280618
10801115114,520.6455697132749
10805116715,629.126882916652
11101120601,523.966290147084
11101120602,459.0237439998403
11101120603,497.95926622771395
11101120604,491.0396488598482
11101120605,598.9166291611356
11101120606,1765.4430066411508
11101120607,442.7453182085618
11101120608,600.1497547714933
11101120609,1308.7782518046813
11101120610,852.204487354117
11101120611,606.7269193444798
11101120612,624.6629193342144
11101120613,559.3618696224091
11101120614,496.9547246005354
11101120615,719.9640161223833
11101120616,564.2733025730777
11101120617,503.50359481466467
11101120618,581.2637675064913
11101120619,1054.1316231981818
11101120620,569.1660534733471
11101120621,577.036501871202
11101120622,568.3406889933685
11101120623,788.4357109597449
11101120624,520.2771000559603
11101120625,557.9007052239754
11101120626,656.7719534410431
11101120627,664.005314252365
11101120628,627.4560074060884
11101120629,676.2056136830735
11101120630,941.2368728939988
11101120631,873.4615234713173
11101120632,528.7802726131033
11101120633,1149.1317226049928
11101120634,715.3273724977026
11101120635,585.9834829608609
11101120636,589.1110458330828
11101120637,638.0531856877562
11101120638,704.8028097070129
11101120639,618.705804975633
11101120640,547.3685509266087
11101120641,522.5978977567854
11101120642,567.6608064790294
11101120701,676.4819234866925
11101120702,626.4679029043238
11101120703,607.22471234598
11101120704,488.8971390930073
11101120705,590.3026842718482
11101120706,583.6058746097217
11101120707,638.6995216812895
11101120708,609.3732521452773
11101120709,688.3917353135319
11101120710,442.7453182085618
11101120711,571.100723350786
11101120712,763.6583278554665
11101120713,524.6129144539643
11101120714,476.7008121943074
11101120715,707.3863812914245
11101120716,504.3880870718247
11101120801,576.0673555857287
11101120802,536.6900947024956
11101120803,503.4779481251581
11101120804,480.992254860646
11101120806,533.9238617180066
11101120807,601.2859597164692
11101120808,476.40863662874983
11101120809,454.06471119829075
11101120810,575.7192492899333
11101120811,526.8165164146379
11101120812,498.57466460790425
11101120813,563.2414598333195
11101120814,562.6598730990278
11101120815,628.2076934351949
11101120816,498.5088021641639
11101120817,618.7657874501306
11101120818,662.4370557921003
11101120819,704.955323793471
11101120820,528.1268095866116
11101120821,672.2226140047225
11101120822,619.2310685619092
11101120823,442.7453182085618
11101120824,482.8354578787603
11101120825,579.8584919829344
11101120826,709.799387877522
11101120827,647.8720967429222
11101120828,582.0568914916355
11101120829,477.7015437574322
11101120830,477.03219384771546
11101120831,533.0739943232905
11101120832,420.99700727751684
11101120833,477.191994066458
11101120834,486.84882624102323
11101120835,640.4229766480361
11101120836,705.9722173962354
11101120837,618.2055275793032
11101120838,548.7793259473838
11101120839,647.9852661742179
11101120840,608.277734098599
11101120841,638.5321341720834
11101120842,540.6968070076908
11101120844,1256.170521317316
11101120845,497.4435930851029
11101120846,486.8208507347812
11101120847,455.7413505816941
11101120848,554.8249768151643
11101120849,531.4942036085447
11101120850,461.1494365327517
11101120851,826.1993204804388
11101120852,551.461182901279
11101120853,473.4914373637623
11101120854,452.46762234530775
11101120855,771.6853022879252
11101120856,443.37531043415686
11101120857,517.3680228402576
11101120858,716.2947645346962
11101120859,612.3894170734859
11101120860,791.6052524259877
11101120861,549.841361717729
11101120862,655.3188008471307
11101120863,3950.5601730297344
11101120864,528.3076465111649
11101120865,384.35948254627783
11101120866,535.7563502625402
11101120867,803.7601904358897
11101120868,474.5091767154188
11101120869,539.913209653163
11101120870,513.0511036460616
11101120871,442.7453182085618
11101120901,673.3591495556767
11101120902,317.84573924559425
11101120903,500.3909486974395
11101120904,527.9386287906204
11101120905,659.8405448283327
11101120906,631.7167305774692
11101120907,693.5816565240629
11101120908,603.4275432865605
11101120909,591.7295381542833
11101120910,524.8154641743816
11101120911,509.0905949863596
11101120912,476.9666989216408
11101120913,619.7084489834525
11101120914,655.0045464819215
11101120915,729.1313863402113
11101120916,637.470701274872
11101120917,597.8367829781495
11101120918,642.7375769591165
11101120919,528.3054892808431
11101120920,635.2064104471199
11101120921,758.4142520515118
11101120922,679.441855184882
11101120923,562.5620636788664
11101120924,596.9100487995017
11101120925,760.1653639774217
11101120926,750.0083729433991
11101120927,654.4569249325658
11101120928,665.7495329149095
11101120929,492.7709478764015
11101120930,515.8667753189977
11101120931,632.0204427488484
11101120932,693.1901353834674
11101120933,2382.3064301589316
11101120934,668.7824283587654
11101120935,623.3461836993894
11101120936,593.9347798750388
11101120937,410.59847980106014
11101120938,1934.8790076526655
11101120939,852.1792592930742
11101120940,628.1235607283279
11101120941,588.549600964957
11101120942,511.496834321127
11101120943,604.3584555648449
11101120944,544.0048927806
11101120945,566.9526687287566
11101120946,560.5939840580434
11101120947,586.5020083105512
11101120948,627.5813027178215
11101120949,559.5433127610592
11101120950,623.386445049775
11101120951,579.0552593574355
11101120952,585.7357058668961
11101120953,587.4040402661493
11101120954,671.1843355296077
11101120955,552.0990493960171
11101120956,576.8799878889345
11101121001,515.4819689711564
11101121002,440.9682145611277
11101121003,555.1388636352676
11101121004,534.7953628106056
11101121005,544.0321795497473
11101121006,652.8719853010174
11101121007,2312.6957380990407
11101121008,641.61770989313
11101121010,610.3010865788668
11101121011,514.1537206482325
11101121012,601.5752899659151
11101121013,768.275289890815
11101121014,519.3175969064152
11101121015,776.7181358378003
11101121016,536.8900777473739
11101121017,478.6888870729964
11101121018,824.9683556279538
11101121019,540.584747072454
11101121020,709.5180469465575
11101121021,759.0529699211611
11101121022,634.2841293541054
11101121023,597.8242962722377
11101121024,760.627219547539
11101121101,472.8915788733518
11101121102,453.85235482051337
11101121103,711.5965516768929
11101121104,453.02113651780076
11101121105,585.6102680229872
11101121106,544.9240801629672
11101121107,516.8069207398164
11101121108,726.1490892672102
11101121109,398.0995538363904
11101121110,573.9414229703389
11101121201,566.040859406389
11101121202,538.395856753111
11101121203,497.9762069229919
11101121204,756.7252900565161
11101121205,662.223622099028
11101121206,651.6647570042564
11101121207,1283.28986939051
11101121208,571.4647961542565
11101121209,589.9494132919466
11101121210,483.8173300764955
11101121212,549.5279238361326
11101121213,426.58283919268075
11101121215,644.3541839187379
11101121216,671.477701291569
11101121217,640.2014135025316
11101121218,1699.78442418514
11101121219,501.2951162726182
11101121220,442.7453182085618
11101121222,645.5236573886815
11101121223,623.5374606795481
11101121224,709.4046598664239
11101121225,784.0548599110897
11101121226,595.9526029050078
11101121227,808.7126460013794
11101121228,484.116226160501
11101121229,425.71200293995685
11101121230,436.84485968675654
11101121231,461.1382656193802
11101121232,417.35754741839116
11101121233,569.2139469009273
11101121234,681.6674153646376
11101121235,510.22997741052546
11101121236,430.7544747801068
11101121237,614.5944654667607
11101121238,587.638847129722
11101121301,442.7453182085618
11101121302,449.3371851268433
11101121303,714.9039206985645
11101121304,569.3702356892059
11101121305,561.9687509642661
11101121306,619.352583144027
11101121307,669.0133381506116
11101121308,791.9661991263177
11101121309,427.6745632179781
11101121310,565.3087149759713
11101121311,664.7341680022064
11101121312,584.7800857938881
11101121313,494.4118238310227
11101121314,642.8533297988525
11101121315,610.7603880144432
11101121316,378.37971057016745
11101121317,564.565200952135
11101121318,534.6188910068873
11101121319,542.4516691758994
11101121320,515.330069147706
11101121321,575.0746593957599
11101121322,660.2321388276997
11101121323,641.5914819906313
11101121324,627.2361821450813
11101121325,692.754599444318
11101121326,672.7478610180159
11101121327,577.0768565358774
11101121328,428.4604051427455
11101121329,734.4653740627369
11101121330,531.2890762643767
11101121401,600.6399980426388
11101121402,561.3650470495324
11101121403,725.5968217654228
11101121404,826.6974411756013
11101121405,1015.4701161953446
11101121406,560.8360596885487
11101121407,641.3588036244417
11101121408,527.881577906041
11101121409,528.3935972006309
11101121410,798.9818614445192
11101121411,484.8922514901661
11101121412,473.7346517615458
11101121413,513.2086714190647
11101121414,846.957008933829
11101121415,880.8267557504951
11101121416,619.0455645155726
11101121417,1542.6435085499904
11101121419,902.5260153463262
11101121420,423.67184899959
11101121421,573.2021429522903
11101121422,692.2507397094304
11101121423,508.24559799067777
11101121424,585.4678067527128
11101121425,526.2118616452685
11101121426,561.8889263578952
11101121427,673.5199226513205
11101121428,692.7041532508707
11101121429,483.986281232143
11101121430,523.8104362866824
11101121431,496.7961013843007
11101121432,782.1734691844179
11101121433,559.5017134809785
11101121435,628.0738588254911
11101121436,598.8464406357062
11101121437,471.7215121995126
11101121438,442.7453182085618
11102121501,529.0920049846542
11102121502,554.2081604276976
11102121503,613.4760646444511
11102121504,460.4300617882154
11102121505,614.8606564892947
11102121506,591.5747927980188
11102121507,641.2010447823088
11102121508,647.9708922180487
11102121509,609.7339232838916
11102121510,652.7432130067883
11102121511,534.1430680409761
11102121512,482.83712486416715
11102121513,619.5123919222135
11102121514,516.5099740034472
11102121515,384.4758729407132
11102121516,842.5506076227244
11102121517,736.9225794137535
11102121518,3306.492415977345
11102121519,668.9954434660665
11102121520,495.6844208796078
11102121521,407.25026378605577
11102121522,723.1085130139564
11102121523,462.81681159943815
11102121524,638.2427448631029
11102121525,548.5776640349466
11102121601,568.3368103003648
11102121602,581.9751213101731
11102121603,895.1337405587194
11102121604,624.9398936193195
11102121605,512.394645160293
11102121606,734.7027232436549
11102121607,904.8603258415708
11102121608,1315.3005605875228
11102121609,718.6429650763841
11102121610,594.6444526055694
11102121611,1363.6070377635147
11102121612,857.4150335371337
11102121613,722.8454179670654
11102121614,588.1495479285547
11102121615,705.1360386265967
11102121616,645.5339787319848
11102121617,836.1114144867302
11102121701,593.5803904688518
11102121702,526.5706248151306
11102121703,484.26485187467875
11102121704,589.3346922281526
11102121705,700.5472945898044
11102121706,577.3896231855657
11102121707,651.7251987672772
11102121708,579.6031730870469
11102121709,534.3959833484112
11102121710,617.6944964394492
11102121711,698.1449209919166
11102121714,513.901862096196
11102121718,290.38003004228557
11102121719,582.3183673338725
11102121720,462.55854234640236
11102121721,706.2359592639463
11102121722,691.0523152746877
11102121723,637.1179938596434
11102121724,539.2867004738765
11102121727,396.7605430002922
11102121729,536.0656162633297
11102121730,514.692903118268
11102121731,619.7425895667087
11102121732,675.4694426350544
11102121734,456.02719584852844
11102121736,555.2064639203961
11102121737,520.833409119421
11102121738,538.9694808215108
11102121739,320.9331782927093
11102121740,591.667813023024
11102121741,644.1667025607085
11102121742,442.7453182085618
11102121743,694.7050271449991
11102121744,520.922475658673
11102121745,538.9522644607548
11102121746,1120.22390870504
11102121747,583.4460663750266
11102121748,1352.1584091730633
11102121749,748.0352856232926
11102121750,658.8385220743111
11102121801,542.6096901429895
11102121803,560.4960129931552
11102121804,427.32667291356057
11102121805,515.651798683865
11102121807,519.3715240199981
11102121809,862.8867358824276
11102121810,496.3907888385202
11102121811,615.1112858084643
11102121812,1051.2494753746435
11102121813,513.5872800640764
11102121814,686.4473247399972
11102121815,494.0229905711307
11102121816,575.5789829870187
11102121817,376.62656394618955
11102121819,506.7766859367724
11102121820,497.1396960184116
11102121822,783.3340409339029
11102121823,513.6287646976269
11102121824,453.21879254845106
11102121825,562.7519354349721
11102121827,659.0832114494008
11102121828,551.8597638122624
11102121829,928.8864462415185
11102121830,577.9400574625646
11102121831,765.9919056312837
11102121832,645.9457689075505
11102121833,546.6792747549533
11102121835,660.6272500413396
11102121836,563.1834556468286
11102121837,846.3000583532937
11102121838,456.9955611365139
11102121839,548.567955364642
11102121840,562.6141379562999
11102121841,534.5690706199583
11102121842,738.7053786296035
11102121843,457.91821082285156
11102121844,385.40446860596705
11102121845,449.3371851268433
11102121846,641.4853079966547
11102121847,479.5894958174994
11102121848,459.0475685013036
11102121849,690.8038398657628
11102121850,643.436502831756
11102121851,412.4527417518677
11102121852,655.2122264711377
11102121853,572.4535984745731
11102121854,600.0986004938234
11102121855,642.5779312030107
11102121856,546.3409435438518
11102121901,529.1785385438066
11102121902,2515.728971348154
11102121903,608.6751971308739
11102121904,573.2773214778509
11102121905,483.2299183983568
11102121906,472.36120719475525
11102121907,521.0982336954035
11102121908,566.2969266871654
11102121909,517.88434996985
11102121910,821.264434969437
11102121911,582.2869763009481
11102121912,487.13636392063046
11102121913,513.8900969898151
11102121914,592.6362452499066
11102121915,455.3717785859619
11102121916,635.6171095458733
11102121917,696.1696799444251
11102121918,638.1928790253768
11102121919,475.16372101514895
11102121921,413.6167782979158
11102121922,375.7397348509462
11102121923,585.4858576826539
11102121924,473.4665644946487
11102121925,566.792772307612
11102121926,515.4606666389943
11102121927,456.02719584852844
11102121929,550.685007829924
11102121930,644.7812031716641
11102121931,577.1407467344554
11102121933,524.5539847984979
11102121934,602.5769545155835
11102121935,652.8733406943227
11102121936,601.9280870371246
11102121937,526.4644031115993
11102121938,642.9236690576578
11102121939,510.26937063912646
11102121940,551.2867551440523
11102121941,505.3484650896394
11102121942,480.3515652186002
11102121943,517.0819747741544
11102121944,729.4698340302463
11102122001,558.7378753515701
11102122002,568.5667865435199
11102122003,530.5670587831727
11102122004,607.8932970744478
11102122005,643.6341365410415
11102122006,738.521862114659
11102122007,643.922366136235
11102122009,696.0809164668347
11102122010,664.5726336205528
11102122011,849.6953887789069
11102122012,596.6063403548844
11102122013,688.9235080569712
11102122014,555.8030474375023
11102122015,527.183298528142
11102122016,615.6322196686839
11102122017,602.2610025409651
11102122018,542.8554376630555
11102122019,549.1450413420853
11102122020,1079.0124484044347
11102122021,920.7533752000793
11102122022,449.3371851268433
11102122023,442.7453182085618
11102122024,390.6289040780211
11102122101,539.3319992093886
11102122102,473.50859924098415
11102122103,522.6457871008507
11102122104,550.845856879941
11102122105,489.162439140328
11102122106,578.7970544898177
11102122107,490.08877328557116
11102122108,1061.4183596371029
11102122109,455.22691904388427
11102122110,521.9299782821034
11102122111,537.2750950978719
11102122112,617.2410808028882
11102122113,567.8022822578346
11102122114,837.4439463777535
11102122115,635.0740567214267
11102122116,496.6786925056201
11102122117,551.1413787243138
11102122118,499.89027917116994
11102122119,468.4960163270379
11102122120,444.4885869290064
11103122201,506.7442174290972
11103122202,534.7608415393638
11103122203,691.9974829111657
11103122204,672.8875722691105
11103122205,561.574868633809
11103122206,637.9850541290498
11103122207,679.9440113415651
11103122208,674.2991736293369
11103122209,2261.4062271148655
11103122210,727.8668776020509
11103122211,449.94657677619205
11103122212,625.7368727870349
11103122213,449.5601547428992
11103122214,886.6674282467859
11103122215,504.12696688461824
11103122216,605.9994558103891
11103122217,640.3827315322918
11103122218,941.7360621807335
11103122219,987.9056033161667
11103122220,668.1909905627423
11103122221,226.10307306654113
11103122222,11112.739551451083
11103122223,733.1902357328585
11103122224,642.4065946096234
11103122225,625.9936515141522
11103122226,538.8869646729012
11103122227,585.7946419831244
11103122228,551.5441694503447
11103122229,639.7854039935629
11103122230,585.7840126156
11103122231,486.38182852938183
11103122232,606.8956729475441
11103122233,551.3861648376119
11103122234,493.5948142388065
11103122235,704.1216489433963
11103122236,479.99681328945854
11103122237,476.7008121943074
11103122238,456.02719584852844
11103122239,672.2980868560245
11103122240,650.1746829581697
11103122301,489.52389217589257
11103122302,594.0606107956908
11103122303,670.6360016851011
11103122304,589.275967686449
11103122306,655.2925915556646
11103122307,634.4477180906504
11103122308,551.7517758313458
11103122309,429.48383895993686
11103122310,687.9580937474994
11103122311,889.4521880687031
11103122312,622.4188129986867
11103122313,801.5497192734434
11103122314,514.9214772331607
11103122315,527.9757860040696
11103122316,620.8991058572431
11103122317,637.1684114597092
11103122318,549.5456796920926
11103122319,568.1653731904164
11103122320,622.5602398522999
11103122321,536.5887186269672
11103122322,696.1384034337585
11103122323,525.186407066193
11103122324,488.96496206957954
11103122325,435.23741459551604
11103122401,611.7140491208245
11103122402,508.377566335199
11103122403,687.6379594171534
11103122404,703.0614857738974
11103122405,627.0774304870381
11103122406,527.7623250121505
11103122407,6442.340664510673
11103122408,568.8143001231639
11103122409,295.1860076961685
11103122410,617.6112580940644
11103122411,525.9881456700401
11103122412,2473.2740858851953
11103122413,1036.6196914231145
11103122414,1199.3673853555135
11103122415,758.430697047218
11103122416,854.4257199210589
11103122417,1399.9062994670082
11103122418,1015.0648459920998
11103122419,522.6905813597577
11103122420,757.9213931503044
11103122421,1442.1717668584922
11103122422,735.5797512062777
11103122423,740.758689435312
11103122424,873.5824479634242
11103122425,1003.1705458370687
11103122426,1198.5454735171584
11103122427,852.0218538915159
11103122428,478.0049238588992
11103122429,553.8172338258809
11103122430,475.18076919647814
11103122431,558.347480799291
11103122432,450.37610139058705
11103122501,645.2310254512622
11103122502,478.93349130619504
11103122503,553.8735935918413
11103122504,909.5176496570658
11103122505,527.3411782429939
11103122506,494.95590070559956
11103122507,1104.3101532829817
11103122508,620.0315557091844
11103122509,552.2153202450346
11103122510,483.91936530307504
11103122511,506.40841264101533
11103122512,558.5455844897733
11103122513,673.9549686967007
11103122514,661.8414822773562
11103122515,463.25059908068357
11103122516,1205.9346133796114
11103122517,570.4109376928734
11103122518,645.2886944867062
11103122519,1947.5132982824168
11103122520,438.3995059275826
11103122521,516.5808811011285
11103122522,421.5284416510291
11103122523,752.6871250672477
11103122524,622.6792010113271
11103122525,1068.0026916491224
11103122526,661.3354458311013
11103122527,530.2510696287759
11103122528,462.90114425914794
11103122529,468.91007369730704
11103122530,636.6956042847537
11103122531,535.4212233389158
11103122532,541.9361593020758
11103122533,500.14588335636813
11103122534,492.7982253892368
11103122535,456.02719584852844
11103122536,471.63912690766625
11103122537,514.619050114012
11103122538,626.1672539503297
11103122539,837.6517743514536
11103122540,616.1505062981485
11103122541,555.6656512931839
11103122542,476.23591778133886
11103122543,717.0569898762221
11103122601,608.7915259824339
11103122602,448.5225394246636
11103122603,718.9111272911945
11103122604,489.93141438915023
11103122605,620.9813307979887
11103122606,479.33349463300493
11103122608,585.835152213267
11103122609,542.6580066471417
11103122610,513.2347372308924
11103122611,538.2452118492981
11103122613,514.7863989754139
11103122614,543.0468800458614
11103122615,603.3843839853467
11103122616,432.2497453119707
11103122617,491.8251475866212
11103122618,665.1604491020425
11103122619,575.1285119808449
11103122620,510.3085386360913
11103122621,442.908964321238
11103122622,402.9584967377678
11103122623,534.6988278174744
11103122624,560.2410522688332
11103122625,631.952564844575
11103122626,570.7922537319798
11103122627,482.7358549215384
11103122628,574.9524674809336
11103122629,585.6129413902742
11103122631,311.75793567454707
11103122632,475.99652393262147
11103122633,442.7453182085618
11103122634,574.7583738228819
11103122635,517.4926076347767
11103122636,681.4126117502813
11103122637,1071.3899753688877
11103122638,779.5800787634896
11103122639,531.4532510736913
11103122640,868.799396705556
11103122641,712.4200448606106
11103122642,691.9549492121043
11103122701,450.57942525621866
11103122702,451.1835513326995
11103122703,1984.1106987130245
11103122704,680.8046822216426
11103122705,530.4957287965414
11103122706,618.1750026847477
11103122707,892.1679920510926
11103122708,592.4400075380566
11103122709,568.5841467730767
11103122710,604.3532774305905
11103122711,656.81383880065
11103122712,449.65583169878306
11103122713,811.175321768774
11103122714,842.1415347900246
11103122715,653.1033120564371
11103122716,2595.8794138746694
11103122717,593.5319038068408
11103122718,940.3335657736951
11103122719,717.6017176165419
11103122720,607.4911396008645
11103122721,1246.6934572024952
11103122722,604.919466637859
11103122723,743.7822936909436
11103122724,768.5000384434164
11103122725,586.0156379486014
11103122726,563.4542188891496
11103122727,490.3300523443097
11103122728,1324.5546972566547
11103122729,657.7734436051562
11103122730,646.4721653062641
11103122731,725.9407146410774
11103122732,1022.3714316598202
11103122733,670.5056867169138
11103122734,720.0187818784178
11103122735,578.641589465345
11103122736,732.685479683035
11103122801,607.5697770120896
11103122802,602.9251939028768
11103122803,491.00131769497756
11103122804,424.0443112405364
11103122805,373.6447851894108
11103122806,502.4862836583057
11103122807,723.5384097344096
11103122808,497.7658826214952
11103122809,1077.4321319959943
11103122810,994.4035696880773
11103122811,560.0899097803376
11103122812,557.9326438602286
11103122813,636.1230499196877
11103122814,604.4220454637847
11103122815,520.9468060711639
11103122816,549.7653406671614
11103122817,891.4900216943633
11103122818,717.2040108907593
11103122819,477.912007214908
11103122820,566.9886178346122
11103122821,523.3811990566638
11103122822,523.9945371916634
11103122823,495.9136996866124
11103122824,525.1173785205021
11103122825,515.2243952827972
11103122826,717.0157367249888
11103122827,630.365083677454
11103122828,463.64066827708353
11103122829,687.9895157162259
11103122830,955.2411603311662
11103122831,640.9292505061997
11103122832,587.1423280793082
11103122901,1398.3918981799925
11103122902,626.873275664472
11103122903,6270.08680108198
11103122905,2035.0993226094145
11103122906,5166.199231678906
11103122908,510.3380571269588
11103122909,553.881668133463
11103122910,501.16006019696846
11103122911,747.6292756394314
11103122912,490.85882190289095
11103122913,1353.723719550058
11103122914,462.81681159943815
11103122916,1222.2030744050949
11103122917,1268.7958505234108
11103122918,501.03234460632547
11103122919,776.5679875773022
11103122920,409.09347339405866
11103122921,382.2090862484037
11103122922,486.98232137300874
11103122923,679.0585183197278
11103122924,555.571574782476
11103122925,791.549037215412
11103122926,527.0835247812682
11103122927,596.3106998983155
11103122928,535.5186258628798
11103122929,5581.290370278045
11103122930,574.087980243991
11103122931,5425.020710641906
11103122932,1961.5419944208254
11103123001,418.05199229238383
11103123101,678.4855488358925
11103123102,593.4322944039319
11103123103,633.7123116371513
11103123104,856.9831638063768
11103123105,656.3274699897885
11103123106,517.693482930794
11103123107,424.73682108006085
11103123108,670.8350956326171
11103123109,796.1035962216373
11103123110,774.7941307567995
11103123111,685.1045037796666
11103123112,442.7453182085618
11103123113,745.021076022773
11103123114,887.8347185267867
11103123115,619.3758630850781
11103123116,637.823655201734
11103123117,482.42612448219364
11103123118,1449.6440876600736
11103123119,747.0220619063459
11103123120,579.8126290826831
11103123121,567.1399631903992
11103123122,621.0958867814674
11103123123,760.2601281221513
11103123124,822.1020035981979
11103123125,2065.1550759371553
11103123126,632.8312422471753
11103123201,533.2156937225476
11103123202,608.0166037397955
11103123203,3393.092622975168
11103123204,805.4945423831691
11103123205,910.907626570889
11103123206,507.12387369730885
11103123207,656.8612342866527
11103123208,542.846577459512
11103123209,692.0558391751391
11103123210,447.3146957312227
11103123211,456.58950025295775
11103123213,881.1334831837761
11103123216,442.7453182085618
11103123217,628.007967824094
11103123218,541.5699027708125
11103123219,646.7076111016421
11103123220,758.7544217121318
11103123221,640.6956512305326
11103123222,675.5719582406043
11103123223,533.0902525400295
11103123224,672.3855605066835
11103123301,558.1504587752166
11103123302,675.1662633636532
11103123303,807.1152958203988
11103123304,2532.3582391250293
11103123305,753.3516250845581
11103123306,721.2474383454854
11103123307,694.8520238049144
11103123308,442.7453182085618
11103123309,689.463085544609
11103123310,946.5143342058449
11103123311,419.75523096861207
11103123312,703.3778123685004
11103123313,492.7519347992264
11103123314,584.5858392743884
11103123315,1314.3748363729114
11103123316,713.3208790783116
11103123317,786.6165072941722
11103123318,625.8146202762669
11103123319,950.6482413711163
11103123320,602.0624893585735
11103123321,682.4593702519717
11103123322,632.6775258027535
11103123323,708.8316705268495
11103123324,580.2645526394622
11103123325,629.1652300075159
11103123326,463.42001697121475
11103123327,681.9990043854039
11103123328,600.9176241589589
11103123329,570.9121208726218
11103123330,488.2339639673127
11103123331,650.3554240166253
11103123332,579.0309844745308
11103123333,535.8977300566958
11103123334,641.492945361608
11103123335,789.7273058127098
11103123336,670.3882150255768
11103123337,757.3247117993792
11103123338,556.0248588241853
11103123339,642.1603994526008
11103123340,474.74713647347454
11103123341,759.2485985815018
11103123342,727.4607003032818
11103123343,684.3066984473447
11103123344,928.4774579900837
11103123401,558.8985251302454
11103123402,789.3041711202222
11103123403,715.2989519047981
11103123404,552.8987343974061
11103123405,520.8798821344812
11103123406,707.128690253171
11103123407,779.565906246834
11103123408,559.0471916692761
11103123409,589.0573703902614
11103123410,880.1363943448166
11103123411,526.0965763485359
11103123412,671.7348358019755
11103123413,655.3511373699724
11103123414,708.7895979221279
11103123415,525.2230212291008
11103123416,728.6062334280799
11103123417,600.005300943263
11103123418,515.0057522509815
11103123419,512.6946654082427
11103123420,649.9402933555181
11103123421,2003.0396154326368
11103123422,1406.7544916141408
11103123423,672.1629619071289
11103123424,544.6112214965077
11103123425,732.9705423286143
11103123426,552.9314521187299
11103123427,624.4901063755036
11103123501,3587.5089940442595
11103123502,798.3355771555753
11103123503,1021.2021701247555
11103123504,645.7515435230587
11103123505,529.0522994809918
11103123506,456.02719584852844
11103123507,954.8065887644865
11103123508,2675.4843953895693
11103123509,620.6180568977999
11103123510,830.1270556961977
11103123511,630.7876724807896
11103123512,601.811910035617
11103123513,1140.3179651303046
11103123514,857.8288758350284
11103123515,1175.429718851998
11103123516,996.7167678010549
11103123518,476.88520256646734
11103123519,1801.1088226788058
11103123520,11405.490129707223
11103123521,15437.199269227058
11103123522,1081.171785274688
11401127201,506.70701421900344
11401127202,741.4433727674723
11401127203,964.5676397140489
11401127204,598.871745455359
11401127205,541.0407776384404
11401127206,651.0448982842233
11401127207,544.3793834844446
11401127208,415.35564426546534
11401127209,560.1234063682717
11401127210,485.81136276126574
11401127211,479.42115570987505
11401127213,512.9348775182298
11401127214,481.1408155737055
11401127215,504.8749966954873
11401127216,508.9347818953739
11401127217,849.9619526762536
11401127218,525.3644835970326
11401127219,615.6102030763057
11401127220,552.1681414183925
11401127221,541.5538269230718
11401127222,610.2808006894337
11401127223,618.972491670927
11401127224,643.8695973162523
11401127225,758.0805737657003
11401127226,431.91343601252504
11401127301,572.6782843441072
11401127302,627.048092939336
11401127303,607.6721426719556
11401127304,506.05018712021877
11401127305,645.1549800201497
11401127306,578.4483734995375
11401127307,685.438946396715
11401127308,662.1129326599594
11401127309,483.8720772904373
11401127310,593.4986080050169
11401127311,450.5808929321048
11401127312,440.5977254398818
11401127401,498.11005651139584
11401127402,455.01300663005895
11401127403,523.2719115329984
11401127404,553.679445796927
11401127405,492.5365066386762
11401127406,904.8716100226189
11401127407,570.9785702989457
11401127408,776.6969978574109
11401127409,536.8389681421227
11401127410,594.3473641730836
11401127411,599.1581135338814
11401127412,549.94063055715
11401127413,552.8062929639912
11401127414,612.5477382460322
11401127415,442.7453182085618
11401127416,866.1289340784264
11401127501,410.91624094578145
11401127601,917.736552825493
11401127603,610.2259662840984
11401127604,534.5287333342627
11401127605,558.4529676127073
11401127606,558.9559854379654
11401127607,590.6413099282837
11401127608,522.1455959177588
11401127609,545.4231698140746
11401127611,442.7453182085618
11401127612,496.88734359638386
11401127613,370.9063399535849
11401127614,629.3915092503155
11401127615,1201.7632849363279
11401127616,526.8454246270655
11401127617,518.1552704865795
11401127618,419.7125329708235
11401127701,580.1118140759455
11401127702,569.0085937192072
11401127703,717.5024554643363
11401127704,442.5552500878922
11401127705,596.8486662658011
11401127706,504.4680112060961
11401127708,537.7948315884905
11401127709,578.2053675124483
11401127710,517.1997575911405
11401127711,573.0443751277443
11401127712,672.8557441430092
11401127713,542.8154214556287
11401127714,616.8767472738439
11401127715,550.9384822932107
11401127716,515.2339333816335
11401127717,666.6349359378152
11401127718,543.7580198464028
11401127719,827.6227241473249
11401127720,591.1393912450828
11401127721,509.2897043997567
11401127722,476.0730467525146
11401127723,680.2736641759441
11401127724,540.4063834387085
11401127725,649.7539813162833
11401127726,556.67036004571
11401127727,1274.5301931674094
11401127728,655.9396816978283
11401127729,561.9568457779794
11401127730,591.3949419198839
11401127731,462.9544539278397
11401127732,611.2348697514018
11401127733,825.7347789787541
11401127734,546.7919708397776
11401127735,563.6188623243744
11401127736,486.9478870995059
11401127737,725.0605756133551
11401127738,513.8810611509969
11401127739,616.2551871518504
11401127740,419.74135567703934
11401127741,506.91363359112574
11401127742,484.3266047992459
11401127743,329.80970019294494
11401127801,611.4740617958943
11401127802,522.8764237282999
11401127804,468.38951834184377
11401127805,457.2283199481093
11401127808,12141.556902550112
11401127809,553.5704858374687
11401127810,566.7419103466523
11401127811,682.7454085638304
11401127812,754.1431891337908
11401127813,855.9173779200761
11401127815,766.0187440816363
11401127816,2116.5611697723743
11401127817,585.3459913427971
11401127818,575.0539877332377
11401127819,628.6746878693722
11401127820,594.33312347352
11401127821,917.3599721181331
11401127822,696.1166297190053
11401127823,493.908837338205
11401127824,445.21686416244705
11401127825,514.9963719319858
11401127827,527.5104739346253
11401127828,683.2169279541168
11401127829,647.8814004161711
11401127830,540.9269402335744
11401127831,484.0064993365865
11401127832,766.2999904925166
11401127833,1308.8805777163013
11401127834,606.1113243544717
11401127835,613.4136399904769
11401127836,546.8404967030831
11401127837,632.7338333565798
11401127838,464.74736186339493
11401127840,859.6017942603132
11401127841,559.5640108506894
11401127842,606.9295601185238
11401127844,532.2159810418902
11401127845,768.7631291416559
11401127846,651.059034280501
11401127847,999.6488383461262
11401127849,422.34678006500883
11401127850,566.1649627577683
11401127851,970.1269405973014
11401127852,496.67467626443306
11401127853,584.0847849205533
11401127854,511.36802117706213
11401127855,552.9095851099363
11401127856,813.383232776195
11401127857,456.13778904133807
11401127858,438.2999148217265
11401127859,648.2997147492043
11401127860,417.60741972428326
11401127861,565.4913541195544
11401127862,1027.63746554216
11401127901,442.7453182085618
11401127902,442.7453182085618
11401127903,456.02719584852844
11401127905,542.8878848942389
11401127907,520.3898745195261
11401127908,805.8405236593194
11401127909,763.4057140957547
11401127910,598.224960293145
11401127912,516.9972888684115
11401127913,649.3403443369465
11401127914,531.4615899934201
11401127915,872.3672988982455
11401127916,695.645814316258
11401127917,570.9650990462475
11401127918,501.84120173787795
11401127919,472.8015704692004
11401127921,609.7659337396581
11401127922,682.9733369870346
11401127923,742.0818677750603
11401127924,1209.9981365690899
11401127925,540.9050268395497
11401127926,546.4257354737506
11401127927,633.6168456304717
11401127928,633.8284892211349
11401127929,965.3674236579498
11401127930,576.2078069855927
11401127931,618.3962626937191
11401127932,616.929136578392
11401127933,547.976026549237
11401127934,683.452923373959
11401127935,503.01513455521285
11401127936,749.006832547043
11401127937,606.787835323397
11401127938,456.02719584852844
11401127939,519.484394220367
11401127940,516.762518076949
11401127941,614.7366246058425
11401127942,560.9233714253603
11401127943,492.1479063613674
11401127944,779.6534576800385
11401127945,402.14203628165495
11401127946,406.6594882820697
11401128001,493.04217287832523
11401128002,544.0236619892925
11401128003,776.9507723779337
11401128004,556.8064334872565
11401128005,759.8208927337041
11401128006,953.6904477963934
11401128007,444.71548563214554
11401128008,542.0881791868431
11401128009,567.6315142163056
11401128010,762.6260989606685
11401128011,654.687055289663
11401128012,571.0062145450061
11401128013,560.2265877315245
11401128014,544.0076569125719
11401128101,500.343296474851
11401128102,558.7863397484124
11401128103,704.1760361025947
11401128104,528.9752089776375
11401128105,550.8614313420608
11401128106,505.6547701273437
11401128107,590.4243054621815
11401128108,604.9280219555386
11401128109,506.0766962381457
11401128110,630.2870455226636
11401128201,442.7453182085618
11401128202,1685.5595114782338
11401128204,712.102077354735
11401128205,634.3482341209244
11401128206,526.710166547549
11401128207,798.9908421226529
11401128208,593.8780219281736
11401128209,980.1443190818218
11401128210,595.405801170553
11401128211,1412.012501612914
11401128212,652.557235153861
11401128214,658.1621046854782
11401128219,693.4734409961005
11401128220,556.7424826722815
11401128221,718.8239940191622
11401128222,552.9242729294612
11401128223,598.5225864915224
11401128224,920.0391050148763
11401128225,580.3951962163637
11401128226,599.5227713091573
11401128227,666.9863421539673
11401128228,569.0769103489725
11401128230,562.7764057341795
11401128231,626.7649795052897
11401128232,491.48303876425695
11401128233,581.3159793545557
11401128234,623.9396004682377
11401128235,683.8054066434463
11401128236,526.1326866509627
11401128237,692.0134050086328
11401128238,558.7131256194565
11401128239,494.54128357698016
11401128240,801.610271250459
11401128241,619.1035134816844
11401128242,451.8910295285757
11401128243,533.5659698876522
11401128244,647.1139299696957
11401128245,574.5741057496826
11401128246,507.01910909278087
11401128247,454.17169234260314
11401128248,680.0685630822343
11401128249,578.6222696063137
11401128301,522.0195616366033
11401128303,558.7752070178517
11401128304,659.0104239914189
11401128305,818.5016394339583
11401128306,519.1561706458541
11401128307,794.5570297946222
11401128308,488.1588652483218
11401128309,547.987899488011
11401128310,489.0703323440207
11401128311,322.5824526086564
11401128312,406.6192836472112
11401128313,507.0164572775828
11401128316,534.7124369541114
11401128318,520.0612518315971
11401128319,439.6104134154401
11401128320,492.0857036944802
11401128321,462.9170461871142
11401128322,450.3520243580171
11401128323,569.7189204297496
11401128324,522.4596791255498
11402128401,610.3836725243453
11402128402,3390.4575261781983
11402128403,485.9789366742582
11402128404,550.1414495039938
11402128405,729.5573910031043
11402128406,510.3664006450743
11402128407,626.5820983531033
11402128408,499.7664125038189
11402128409,708.3664738404378
11402128410,567.2369485885189
11402128411,542.4983600109451
11402128412,607.1755150002111
11402128413,703.4827240456704
11402128414,542.5275438236507
11402128415,595.1629346919658
11402128416,604.8736268890739
11402128417,604.1650580490368
11402128418,611.1970896764554
11402128419,638.3090214329726
11402128420,517.091108448056
11402128421,524.1453357652231
11402128422,683.6614290457991
11402128423,612.2943189700088
11402128424,628.7578414714712
11402128425,530.1196982037892
11402128426,599.1325080405636
11402128427,570.0537935672636
11402128428,543.431232583787
11402128430,741.775292358421
11402128431,1097.5135583962908
11402128432,408.3854058353786
11402128433,382.66438369667816
11402128501,526.9716448821127
11402128502,537.6355797024974
11402128503,510.35873217780266
11402128504,593.7844567892012
11402128505,573.7489472466867
11402128506,702.488696816905
11402128507,551.789482533219
11402128508,480.43319107968006
11402128509,553.0569884824237
11402128510,528.712245332618
11402128511,554.0244820898382
11402128514,499.91555965578
11402128515,635.5977245490463
11402128516,439.08773376028483
11402128517,728.8497395394065
11402128518,426.50469761096133
11402128601,613.9158910850524
11402128602,442.7453182085618
11402128604,557.1646402003495
11402128605,537.0161358989651
11402128608,1966.3845726744014
11402128609,790.7040492007093
11402128610,892.3622752323556
11402128611,591.81751198463
11402128612,194.1541665850973
11402128613,670.8992854419546
11402128616,527.8195023429794
11402128617,510.0516193715858
11402128618,498.5548729075376
11402128619,677.5376292659708
11402128621,553.8873984884569
11402128622,1065.0646299511511
11402128623,431.4688948661417
11402128624,532.7337259846092
11402128625,1187.488539565859
11402128626,530.7370735264203
11402128627,378.58707483489144
11402128628,702.2517344936248
11402128629,861.243050416041
11402128630,712.0030423649654
11402128631,631.468309192513
11402128632,470.63950548546353
11402128633,618.3064513901045
11402128634,377.0615878523511
11402128701,599.4509122889128
11402128702,662.4676084438807
11402128704,754.2685977433824
11402128705,730.13999898728
11402128706,482.4766357852942
11402128707,636.7288622086937
11402128708,660.1715214039093
11402128709,623.6072815334081
11402128710,561.167835606267
11402128711,2599.247021021256
11402128712,1533.182373570024
11402128713,523.6133432557349
11402128715,432.65730458613984
11402128717,1019.4573979664175
11402128718,630.3254922525019
11402128719,742.5999722846418
11402128720,1001.2585923567402
11402128721,695.882151983772
11402128722,476.7008121943074
11402128723,511.9643746421247
11402128724,459.2308191161637
11402128725,437.8800690147536
11402128726,239.61390805410076
11402128727,560.9568534655613
11402128728,606.3416194767699
11402128729,584.6783439208558
11402128730,506.5306022782638
11402128731,630.3470084594901
11402128732,799.968761958514
11402128801,441.58325864565154
11402128802,1020.3265681024919
11402128803,457.17088735005916
11402128804,543.2174482769366
11402128805,486.97823826813766
11402128806,459.8976090388242
11402128807,753.5384550185829
11402128808,459.4899077040064
11402128809,484.02932212283656
11402128810,410.0634975608308
11402128811,538.9247873358113
11402128812,792.5603457417641
11402128901,781.3379387642022
11402128902,687.8699433556412
11402128903,615.2378137106767
11402128904,598.510929906085
11402128905,439.99900728143507
11402128906,626.0745690422201
11402128907,489.5061329661701
11402128908,437.8295512602395
11402128909,569.6471422248675
11402128910,497.55040240500193
11402128911,470.6543291198252
11402128912,467.93298695150725
11402128913,588.7790647490964
11402128914,742.5935353815204
11402128915,553.2275788453343
11402128916,655.6093912045839
11402128917,681.1794633666543
11402128918,647.9550915947013
11402128919,497.0405172402606
11501129001,766.6383155671758
11501129002,1499.5363206998854
11501129003,2413.2874209152014
11501129004,700.5204254464298
11501129005,758.8994594728654
11501129006,511.89326755676825
11501129007,396.6247340123924
11501129008,649.3585546611048
11501129009,524.4501730815924
11501129010,578.466957749909
11501129011,502.58988676051274
11501129012,585.4333384506556
11501129013,611.7561272957213
11501129014,696.854082261153
11501129015,601.2434914894567
11501129016,616.1454109320139
11501129017,501.9429217226514
11501129018,651.1054843124676
11501129019,495.9522265474754
11501129020,541.6712941666916
11501129021,605.2924424036529
11501129022,519.5117620561753
11501129023,514.8007236199561
11501129024,617.8806014751477
11501129025,460.8281686055766
11501129026,620.064796664761
11501129027,515.3739112988566
11501129028,709.4002660641379
11501129029,609.2740590952626
11501129030,477.0856972536525
11501129031,593.9110052322094
11501129033,766.5645700684628
11501129035,601.7246177272978
11501129036,578.9870133303348
11501129038,966.4366116907962
11501129039,436.1812793156087
11501129040,600.4841691105291
11501129041,574.0811654896138
11501129042,597.7508008690074
11501129043,676.8190660180742
11501129044,442.352117299176
11501129045,617.1921267599323
11501129046,422.24901951180294
11501129047,447.0996757476265
11501129048,1571.0974994190933
11501129049,470.5389264755445
11501129050,449.9071651553732
11501129051,610.6676091018771
11501129052,631.7547935479457
11501129053,517.2908312033367
11501129101,443.28083766380854
11501129102,380.7312198100354
11501129103,511.3220742666811
11501129104,515.0803106556885
11501129105,530.8245642058367
11501129107,418.3949570113257
11501129108,517.9661869781953
11501129109,571.1382915584345
11501129110,485.15174460617334
11501129111,491.2116517405699
11501129112,463.2343934176485
11501129113,488.62967947830236
11501129114,528.347865830699
11501129115,525.6917181166854
11501129116,709.0557342565702
11501129117,430.92833380991794
11501129118,530.981207845369
11501129119,491.3598858525422
11501129120,498.14812553327664
11501129121,513.8287885626073
11501129122,439.96205156828313
11501129124,408.5276222923528
11501129127,1642.3689207428383
11501129128,610.7938114957383
11501129129,517.6069871175644
11501129130,348.7362584205925
11501129131,469.53489419912495
11501129132,400.2716204598715
11501129133,598.9488686520461
11501129134,540.9699693595035
11501129135,442.1936981759877
11501129136,387.49415816941547
11501129139,547.4995247342769
11501129140,554.7601846130162
11501129141,506.27913309003105
11501129142,578.7112751068125
11501129143,637.5875679692149
11501129144,497.1940917589047
11501129145,612.9469509957734
11501129146,498.4576301345444
11501129147,6436.204733803153
11501129148,424.7199313883232
11501129149,658.536923603772
11501129150,490.89688283747415
11501129151,440.91707753295384
11501129152,494.3072474702603
11501129153,597.6459181369274
11501129154,8920.274553259873
11501129155,8875.930703750117
11501129156,499.10649159100967
11501129157,482.4735755318397
11501129158,501.7857969802345
11501129159,511.88597532673407
11501129160,432.90528885560076
11501129401,636.061764338168
11501129402,425.86948029401367
11501129403,736.0246538010045
11501129404,355.4503202813319
11501129405,375.37083395258793
11501129406,475.6648034154733
11501129407,417.8645590797029
11501129408,554.642798996438
11501129409,439.20492372454163
11501129410,412.3466391717526
11501129411,390.96455484031776
11501129412,452.68047308864027
11501129413,643.1960214666669
11501129414,486.9363258454103
11501129415,1091.0963149734098
11501129416,540.124151045945
11501129601,2955.612412375989
11501129602,511.3938586484889
11501129603,557.8561860046422
11501129604,386.9471714346396
11501129605,460.8424612485726
11501129606,424.47635366208635
11501129607,428.38578165624347
11501129608,453.1054459042201
11501129609,453.29838143192006
11501129610,636.4187996909149
11501129611,527.5394565951688
11501129612,447.2076216760539
11501129613,435.47246743435807
11501129614,597.0057020455024
11501129615,497.4836596162259
11501129616,482.19614040713793
11501129617,505.1436830736021
11501129618,599.6596834593454
11501129619,501.1253477386657
11501129620,522.4858673449208
11501129621,468.61609942346456
11501129622,706.9046842160959
11501129623,460.18100998096526
11501129624,437.7729787058897
11501129625,504.2439849451804
11501129626,381.36558793070697
11501129627,466.4357067622426
11501129628,569.1850772145234
11501129629,435.0918437171292
11501129630,450.47094967348903
11501129631,437.3658427650012
11501129632,468.2654813132057
11501155301,596.6393451471592
11501155302,459.06232712411634
11501155303,1271.0141338722974
11501155304,604.2758188620912
11501155305,749.3842025361274
11501155306,636.8573825155842
11501155307,452.46762234530775
11501155308,673.1276432200567
11501155309,478.16709015837444
11501155310,485.8556470813847
11501155311,667.6378196982403
11501155312,675.171149971298
11501155313,470.05478691621437
11501155314,523.3876464598619
11501155315,439.95537533409305
11501155316,548.7998084953035
11501155317,462.4817039451998
11501155401,581.1793490520902
11501155402,405.6882146196327
11501155403,459.18809259329356
11501155404,396.73474084806514
11501155405,474.51292672238407
11501155406,391.48278317892203
11501155407,470.7732537065564
11501155408,404.4396762896993
11501155409,394.4158998029072
11501155410,423.0045528408268
11501155411,548.5825090960523
11501155412,3192.2020293777928
11501155413,456.02719584852844
11501155501,445.1590920453368
11501155502,530.3866895913413
11501155503,527.9229032024298
11501155504,2042.6950699517863
11501155505,578.8490647188897
11501155506,436.1368453888151
11501155507,562.6612929787711
11501155508,457.9741247091811
11501155509,442.5606510611155
11501155510,552.0231467544444
11501155511,560.9947324895192
11501155512,1152.612250571559
11501155513,575.4309362860886
11501155514,525.900300353093
11501155515,569.133537136547
11501155516,468.8459897286313
11501155517,466.8490355343877
11501155518,574.0347781406772
11501155519,652.227076218565
11501155520,602.8131181435848
11501155521,620.8204309689833
11501155522,548.5715796569638
11501155523,377.2858810075652
11501155524,587.1886630158483
11501155525,671.0188170404376
11501155526,454.2832996898989
11501155527,442.7453182085618
11501155528,441.9182928752152
11501155529,366.94681352164406
11501155601,638.4459378157659
11501155602,679.4869789251684
11501155603,492.81202860521
11501155604,503.8631962474637
11501155605,1681.4621984465537
11501155606,493.50687103423417
11501155607,718.0513871770521
11501155608,649.5745175784746
11501155609,579.9805890817943
11501155610,464.1628349645012
11501155612,487.27632051046567
11501155613,507.2778523183231
11501155615,442.7453182085618
11501155616,550.926627677122
11501155617,585.739051607325
11501155618,427.67603976085405
11501155619,485.0080980485524
11501155620,425.03444402925237
11501155621,481.9754757980438
11501155622,464.2984117713295
11501155623,579.0412124082998
11501155624,731.3162654276948
11501155625,478.23221783523604
11501155701,430.15700481735826
11501155702,474.16735975080957
11501155703,531.870440576209
11501155704,394.1928890200256
11501155705,438.4413894734916
11501155706,540.6355312198623
11501155707,485.4554796345832
11501155708,358.4873015924397
11501155709,485.323410603948
11501155710,449.40043770152715
11501155711,393.3432407939324
11501155712,409.23381003067436
11501155713,531.6475934755608
11501155801,587.4520736209741
11501155802,494.4111263307588
11501155803,653.027237668289
11501155804,507.6302217890111
11501155805,459.5189058403901
11501155806,445.2927035079355
11501155807,663.6579600867476
11501155808,415.7315575620002
11501155809,557.2996136486553
11501155810,572.4579321067581
11501155811,459.58128800153645
11501155812,605.0514342941833
11501155813,598.9251612132749
11501155814,451.10738148117196
11501155815,487.1782042410989
11501155816,509.0932226970171
11501155817,536.8585678712155
11501155818,476.0765087389002
11501155819,631.7698149815361
11501155820,435.0468420696099
11501155821,436.9454182632671
11501155822,464.58629906520366
11501155823,476.3642244211865
11501155824,484.56956013699414
11501155825,482.68872141558757
11501155826,540.3470432758562
11501155827,397.71169714588206
11501155828,432.9283685652769
11501155829,379.77248703378757
11501155830,539.3932696443055
11501155831,439.0762512183421
11501155832,487.0656884830286
11501155833,513.7168643999414
11501155834,369.0226502735909
11501155835,391.93112771147844
11501155836,428.02138662554216
11501155837,499.4214091773397
11501155838,449.95363685563854
11501155839,517.9894941007464
11501155840,425.53846702480786
11501155841,487.2476497716076
11501155842,401.50556468302756
11501155843,537.8418804381689
11501155844,513.0513508306907
11501155845,622.7181264894621
11501155846,383.36103468643233
11501155847,426.5982862657395
11501155848,453.40531727830006
11501155849,352.4635208612939
11501155850,442.7453182085618
11501155851,399.6855268295415
11501155852,448.61932832311174
11501162101,540.6275691444537
11501162102,616.780817989569
11501162103,506.913860417192
11501162104,600.5860988372771
11501162105,393.44573970575476
11501162106,454.31670597345226
11501162107,555.1074797784238
11501162108,655.5207460677717
11501162109,469.815029833351
11501162110,463.15914267549203
11501162111,434.3641408569554
11501162112,614.4765979760099
11501162113,421.29243000666787
11501162114,533.5973661752082
11501162115,476.3411620980474
11501162116,570.43728519862
11501162117,551.7374672755609
11501162118,1589.9232347129218
11501162119,429.4077321033565
11501162120,573.5421949409796
11501162121,500.62238732308447
11501162122,681.8447038183474
11501162123,673.6127677476784
11501162124,592.8814265018688
11501162125,487.727187302612
11501162126,471.3969720991045
11501162127,628.3407854982223
11501162128,619.3312860613458
11501162129,585.8405010132853
11501162130,627.2630392157854
11501162131,580.7425528857245
11501162132,540.8466555072607
11501162133,540.6136296310563
11501162134,647.1031751675126
11501162201,860.1563947415995
11501162202,457.0061443287165
11501162203,450.12435630521566
11501162204,600.887263707299
11501162205,497.11585032972295
11501162206,418.04613289375027
11501162207,661.6309421956292
11501162208,474.74974483763935
11501162209,667.2198766652268
11501162210,569.6699064577422
11501162211,645.2867553835968
11501162212,654.8011381185593
11501162213,507.77889112807424
11501162214,471.3828765771759
11501162215,570.3278011452206
11501162216,410.38504820106715
11501162217,557.5653993611824
11501162218,490.73615180960496
11501162219,558.0407662663359
11501162220,729.9568354037734
11501162221,433.90065862689517
11502129701,470.15496586285553
11502129702,516.5002582781569
11502129703,569.9134695537047
11502129704,540.1849899800328
11502129705,542.3476931507166
11502129706,603.7952705314984
11502129707,504.66059510885975
11502129708,482.8015495065775
11502129709,595.3859626286036
11502129710,528.2776946114286
11502129711,437.1937491504613
11502129712,647.8292360278134
11502129713,1374.3770423672524
11502129714,673.1349006950338
11502129715,512.6620823394717
11502129716,458.86219631420835
11502129717,458.74752246927534
11502129718,513.7258030188514
11502129719,548.9909417434394
11502129720,542.0402740249002
11502129721,485.228442464143
11502129722,521.3274520087994
11502129723,1377.8566510178377
11502129724,490.82225576670265
11502129725,548.597912487794
11502129726,541.9778574682946
11502129727,466.5656112444354
11502129728,491.3624557801931
11502129729,475.2613746120244
11502129730,444.58725893757634
11502129731,486.04123152882727
11502129732,528.5640553506497
11502129733,560.6677340286279
11502129734,853.6019184942996
11502129735,657.9449469036126
11502129736,533.3997965333053
11502129737,502.41982954555306
11502129738,505.8902564547489
11502129739,508.01659024886953
11502129740,372.08117559648616
11502129741,439.8912170806747
11502129742,426.9736492502908
11502129743,462.48645694055745
11502129744,446.54221563203214
11502129745,391.9109753080951
11502129746,460.3338505310359
11502129747,517.2099077794978
11502129748,501.29216096783483
11502129749,469.4072964210165
11502129750,595.5622318010403
11502129751,573.2782749487037
11502129752,587.3237823870785
11502129753,808.203321372549
11502129754,520.3269193071166
11502129755,601.9543920416876
11502129756,556.4241790028227
11502129757,356.3851872918628
11502129758,482.15374360684615
11502129801,466.8466794756186
11502129802,521.7719771165814
11502129803,525.0486722277947
11502129804,419.62030100973175
11502129805,423.4943066875219
11502129806,493.5955842096553
11502129807,519.6156571517241
11502129808,453.6638458323577
11502129809,502.1000380822739
11502129810,449.0926192442001
11502129811,559.2996973796793
11502129812,504.2736730972583
11502129813,486.44709858697416
11502129814,806.5325172443041
11502129815,485.4402955607899
11502129816,464.6266127929465
11502129817,459.30602691137875
11503129901,649.8836770389133
11503129902,660.866058271025
11503129903,524.0530553570571
11503129904,530.3394656104165
11503129905,488.67534730172304
11503129906,419.17071434594
11503129907,492.4096557917178
11503129908,576.5513944219668
11503130001,608.7177854090501
11503130002,643.7451333185791
11503130003,425.82568651339454
11503130004,618.0820545420025
11503130005,487.1238762786402
11503130006,434.53582832210543
11503130007,515.6343927261397
11503130008,442.7453182085618
11503130009,519.4936239039587
11503130010,512.9033263132427
11503130011,488.83231961746
11503130012,458.90009218992884
11503130013,496.4560582846197
11503130014,491.4844593867439
11503130015,486.02224394876447
11503130016,645.9968407312988
11503130017,472.95619957540583
11503130018,513.1198585131873
11503130019,562.1743167803295
11503130020,490.06593461219086
11503130021,439.430249259083
11503130022,608.9977691677706
11503130023,652.7084149085003
11503130024,495.9405254117112
11503130025,471.9134109082987
11503130026,578.3901964197868
11503130027,460.0120744194371
11503130028,473.3089944433781
11503130029,626.9941036965565
11503130030,479.60323159556566
11503130031,613.0962322771418
11503130032,454.4091474059685
11503130033,440.2686261606562
11503130034,490.9478981308081
11503130035,590.4376669774246
11503130036,548.0238215075814
11503130037,603.9456410555034
11503130038,460.11810311657666
11503130039,442.7453182085618
11503130040,454.6081859951569
11503130041,520.4489930476036
11503130042,547.6298013074678
11503130043,598.2216530814836
11503130044,465.2559981156645
11503130045,515.6153018055751
11503130046,461.9351214686831
11503130047,605.5681765001027
11503130048,507.1375895733457
11503130049,642.1373164134363
11503130050,479.9803245768331
11503130051,494.2711954711119
11503130052,449.8613845606211
11503130053,507.3123101559085
11503130054,554.8161058041131
11503130055,478.77971417486935
11503130056,576.9122851265194
11503130057,468.4644528491059
11503130058,496.4610123403781
11503130059,459.31848102210614
11503130060,420.11357170244605
11503130061,386.4831210541505
11503130062,586.1108495240788
11503130063,482.5685413990148
11504130101,722.1989296119552
11504130102,585.3151486826687
11504130103,644.7284083269675
11504130104,679.4358311507306
11504130105,525.2186536290578
11504130106,627.6130335471298
11504130107,583.3898558172313
11504130109,724.0903977741839
11504130110,539.6412247559123
11504130111,518.173914579548
11504130112,523.9074932852382
11504130113,468.03345985896766
11504130114,549.6688964437176
11504130115,583.0345560904309
11504130116,742.1577440467369
11504130119,536.1977846989286
11504130120,567.9233584640842
11504130121,531.2385608504097
11504130122,437.87755281291106
11504130123,471.98164414843734
11504130124,472.79797509392677
11504130125,627.5827496440144
11504130126,554.0281169315167
11504130127,472.12379356338795
11504130128,439.6895541919675
11504130129,547.7349721880488
11504130130,496.966854410489
11504162301,409.5859028426341
11504162302,415.37778834161463
11504162303,537.0548683830511
11504162304,488.64665035542413
11504162305,338.62120512508295
11504162306,656.6855770120184
11504162307,526.5722857885035
11504162308,445.17195916680544
11504162309,523.6732965602714
11504162310,567.7085733253051
11504162311,592.3598566000106
11504162312,558.777636172097
11504162313,380.97301565912136
11504162314,466.9338403771793
11504162315,406.5312112581255
11504162316,560.6368092096008
11504162317,420.47135986370034
11504162318,451.3382284312471
11504162319,595.9802190837107
11504162320,464.70544928538993
11504162321,417.17323901493046
11504162322,446.9503013326954
11504162323,1056.468814554163
11504162324,701.4051753998156
11504162401,433.61452269192387
11504162402,448.58987065060006
11504162403,569.4456954471106
11504162404,500.5226802451621
11504162405,411.3166873379732
11504162406,390.52669109045763
11504162407,534.053584873976
11504162408,509.3104129454073
11504162409,408.4755948649124
11504162410,410.76830257449353
11504162411,841.2326440125495
11504162412,500.97407564857053
11504162413,564.7530282425619
11504162414,637.2456937037197
11504162415,546.0786671179027
11504162416,456.43258922413054
11504162417,513.96487710813
11504162418,538.4076827316622
11504162419,546.7128034490883
11504162420,522.0784222584151
11504162421,506.54717811614927
11504162422,558.90760895672
11504162423,541.4624812377216
11504162424,417.46267940876913
11504162425,633.2634958970671
11504162426,828.2170292223939
11504162427,575.1466927257239
11504162428,437.26393866304755
11504162429,429.9641886138542
11504162430,680.7654488261505
11504162431,515.1274757429799
11504162432,588.8844922239334
11504162433,617.2863571263472
11504162434,448.6895200272787
11504162501,473.09034014925385
11504162502,494.01142566504245
11504162503,414.355867898264
11504162504,419.7808500473382
11504162505,797.068138847037
11504162506,466.49281578083236
11504162507,483.03537380603876
11504162508,494.81339226545333
11504162509,408.804269889733
11504162510,442.6102729826194
11504162511,547.014427448152
11504162512,595.9133616377308
11504162513,534.7475501360641
11504162514,586.0895190652418
11504162515,500.8794573515878
11504162516,569.8237649276105
11504162517,543.0574378491192
11504162518,491.23147866404696
11504162519,491.62132325421567
11504162520,450.4384461727877
11504162521,1824.1405721173815
11504162522,533.0880757809675
11504162523,391.6809527730564
11504162524,524.6239322406055
11504162525,449.4353510103267
11504162526,510.15254602908317
11504162527,495.16037498763325
11504162528,505.86760399714746
11504162529,393.7187176420277
11504162530,452.97291924434137
11504162531,484.21604177511574
11504162532,429.6108978576971
11504162533,450.9409752555289
11504162534,473.4848334362699
11504162535,487.82381950468243
11504162536,450.1923771823005
11504162537,415.9004788945584
11504162538,507.57834056721526
11504162539,466.0415060231128
11504162540,517.3640885635692
11504162541,438.79661707541277
11504162542,503.17757306732483
11504162543,2344.215449728628
11601130301,454.0259335101749
11601130302,532.3567990136963
11601130303,412.0037270786757
11601130304,596.4082544632424
11601130305,559.4846947243661
11601130306,687.5762533374551
11601130307,599.263151775641
11601130308,569.4721877157194
11601130309,441.3335430132927
11601130310,525.8903714827933
11601130311,556.6228836232826
11601130312,521.3748780742734
11601130313,416.0000714217736
11601130314,545.2269874443447
11601130315,605.6670580190084
11601130316,407.002601872653
11601130317,456.88044198868056
11601130318,644.4442899115328
11601130319,3999.528889799849
11601130320,586.9816389292287
11601130321,483.23359317124994
11601130322,653.5904401035522
11601130323,623.1359604681425
11601130324,604.9545760524693
11601130325,946.8311163588232
11601130326,695.6918545399111
11601130327,622.1039951893108
11601130328,836.4379254472127
11601130329,583.3725854726607
11601130330,442.7453182085618
11601130332,16709.438675366102
11601130333,837.8514484770203
11601130334,619.5761763490333
11601130335,711.5760410760312
11601130336,525.8773789166396
11601130337,442.7453182085618
11601130338,645.1653916982312
11601130339,570.770125553428
11601130340,7266.413036882068
11601130341,698.9537496420177
11601130342,523.2574292189021
11601130343,429.95168210363255
11601130344,714.6874031901147
11601130401,543.2867187721566
11601130402,561.0799645077997
11601130403,669.0323303752305
11601130404,713.670340100447
11601130405,600.4801812295376
11601130406,660.0458138941626
11601130407,696.0329105034914
11601130408,564.9354424592905
11601130409,573.1020539292085
11601130410,626.1393306859395
11601130411,597.1149241510134
11601130412,562.4275058911755
11601130414,560.7903891476768
11601130415,509.6391223089681
11601130416,635.1378406738368
11601130417,893.1417637263403
11601130418,922.2290538517076
11601130419,575.2814759342441
11601130420,599.2024826271528
11601130421,561.1579878158974
11601130422,533.7613603565949
11601130423,506.6420125713785
11601130424,694.9788680870515
11601130425,591.9173323337808
11601130426,790.5283197194356
11601130428,603.6401461209025
11601130429,547.5960154262838
11601130430,609.665634801999
11601130431,458.5689407032525
11601130432,625.557219079585
11601130433,548.4280577222426
11601130434,561.0522602800141
11601130435,599.6726556366261
11601130436,598.1663035880397
11601130437,575.110846412917
11601130438,491.1320194944813
11601130439,689.382696857154
11601130440,555.1232128455241
11601130441,442.7453182085618
11601130442,564.8143554480145
11601130443,561.5895805583247
11601130444,575.8391933745254
11601130445,561.4040997247225
11601130446,620.3857123881227
11601130447,612.6995929495349
11601130448,467.55365181402703
11601130601,563.0126561187566
11601130602,496.52539121326623
11601130604,9995.604789801719
11601130605,543.1122975940974
11601130606,546.9471784380828
11601130607,484.76508408641246
11601130608,706.796489645186
11601130609,526.5863524368671
11601130610,492.37920333213117
11601130611,547.3726318051621
11601130612,539.1678518647795
11601130613,546.0181152677598
11601130614,1276.6601778697968
11601130615,501.5161815968999
11601130616,485.31113080113306
11601130617,510.12559514822857
11601130618,441.16381999126554
11601130619,555.8059162581123
11601130620,584.6661991835769
11601130621,605.7726745081872
11601130622,548.5171623399872
11601130623,484.3913491193662
11601130624,867.3515734320719
11601130625,704.2125120093397
11601130626,573.3680366686553
11601130627,586.9272217085547
11601130628,831.1983752970962
11601130629,320.6043366859606
11601130630,623.3536766819354
11601130631,606.2596294199059
11601130632,600.0139172323351
11601130633,520.6571789199655
11601130634,539.5952006112346
11601130635,536.1800418384047
11601130636,431.95723160231483
11601130637,421.5635201834104
11601130638,740.7822053598227
11601130639,516.3871598731579
11601130640,493.7522510674537
11601130641,669.5762963255318
11601130642,590.779087297925
11601130643,555.6680859260202
11601130644,467.9689749646402
11601130645,650.80715685352
11601130646,562.6585565408618
11601130647,633.4466995772489
11601130648,946.6355258745822
11601130649,588.0105492956617
11601130650,626.2920835849277
11601130651,415.21924715040154
11601130652,903.9633187350249
11601130701,695.2462380565054
11601130702,510.01311460534265
11601130703,495.6801739329048
11601130704,403.8447513159495
11601130705,569.6508011817191
11601130706,501.2610096496869
11601130707,609.1649603824352
11601130708,1054.651388005896
11601130709,686.4672921436315
11601130710,641.0836849894343
11601130711,626.0323677033119
11601130712,544.7218543561183
11601130713,808.1639187510797
11601130714,605.8600607227228
11601130715,553.3993961798809
11601130716,652.9477046024624
11601130717,716.4178397236018
11601130718,682.0700280760273
11601130719,609.4953210250761
11601130720,687.5140401614119
11601130721,643.9742158037849
11601130722,464.2000664248299
11601130723,547.0392675126589
11601130724,475.6707338936483
11601130725,534.8860439889806
11601130726,599.1314635096097
11601130727,554.7814248123829
11601130728,418.7287558606278
11601130729,528.1052572719612
11601130730,701.9126549570855
11601130731,521.3267164631718
11601130732,437.7668729544835
11601130733,460.2209784286958
11601130734,629.530914664221
11601130735,722.631128498894
11601130736,626.1013978679345
11601130737,502.56984345640103
11601130738,642.8788277194626
11601130739,596.1569308658746
11601130740,634.0773227842362
11601130741,673.480494378871
11601130742,636.3000526677855
11601130743,453.375124104958
11601130744,537.3468990755526
11601130745,569.4695684831802
11601130746,480.70597293699655
11601130747,563.7663596459048
11601130748,707.9006567750461
11601130749,675.2241296531228
11601130750,583.0033471314047
11601130751,506.37502676416847
11601130752,523.0105413652699
11601130753,536.3419877530349
11601130754,793.273021932453
11601130755,703.1956438834092
11601130756,743.4674859430013
11601156001,630.3944824790175
11601156002,682.384611684116
11601156003,500.8416680621666
11601156004,656.5240782781188
11601156005,474.5272028414102
11601156006,604.8504688743092
11601156007,625.2652402588948
11601156008,664.5241406066948
11601156009,634.7866569572055
11601156010,497.0042658917406
11601156011,485.0710250615408
11601156012,693.9440517182566
11601156013,589.4703325595397
11601156014,564.9089733330264
11601156015,625.2703895791356
11601156016,643.0714736742717
11601156017,553.0925069524316
11601156018,582.3268365618775
11601156019,619.1420094828482
11601156020,532.457436630493
11601156021,525.9060787867095
11601156022,541.8325058628739
11601156023,564.1488438765764
11601156024,601.0626176161757
11601156025,606.9608594958457
11601156026,714.3833202808005
11601156027,545.8050535875825
11601156028,478.16352523439025
11601156101,731.873482079524
11601156102,541.816907031308
11601156103,506.81989339447773
11601156104,891.2080168437996
11601156105,900.3513950543676
11601156106,696.5534804744435
11601156107,657.6745716612123
11601156108,550.9382169326678
11601156109,573.9106743368718
11601156110,606.0653316069917
11601156111,763.4060818995795
11601156112,555.209450592877
11601156113,626.0557335423996
11601156114,570.0554216473702
11601156115,606.9634492674205
11601156116,553.7780927781342
11601156117,769.2015872538572
11601156118,586.2223212509809
11601156119,765.2803986167582
11601156120,605.1387518836588
11601156121,563.6304470991345
11601156122,503.75775894624155
11601156123,518.3003876859838
11601156124,586.4840135289712
11601156125,744.9342094918686
11601156126,498.06687182996296
11601156127,565.364694335181
11601156128,558.3754036945859
11601156129,562.6771562128318
11601156130,765.1770044702837
11601156131,554.9378499720893
11601156132,649.0949363682475
11601156133,575.9904436540646
11601156134,609.2098678600938
11601156135,488.80493650505343
11601162601,541.6724808238763
11601162602,590.4061700707733
11601162603,599.8395572439068
11601162604,1774.3627498722758
11601162605,597.787016045046
11601162606,594.145578290624
11601162607,662.2636979398247
11601162608,2035.6471238387633
11601162609,553.8062381959626
11601162610,491.80053574354076
11601162611,758.1337287322881
11601162612,495.9346379618024
11601162613,582.4046814598187
11601162614,621.9427617708443
11601162615,519.1642214300497
11601162616,720.8932500517834
11601162617,602.1210378255032
11601162618,606.3450829188143
11601162619,496.4165357435725
11601162620,1130.2122851655772
11601162621,646.8169269839922
11601162622,889.7174810313209
11601162623,472.91931809611793
11601162624,702.0407075348669
11601162625,530.0791859544296
11601162626,627.848113615833
11601162627,484.04578891803044
11601162628,9460.093329123016
11601162629,599.981730584736
11601162630,618.5298229735298
11601162631,540.2885523608609
11601162632,920.9190721026615
11601162701,572.9452074032174
11601162702,643.2024397262109
11601162703,506.82374755982437
11601162704,697.3671155128532
11601162705,565.0494716493389
11601162706,492.0181984685259
11601162707,1066.7935094829547
11601162708,551.412329250588
11601162709,509.46337246710516
11601162710,573.7326204172039
11601162711,516.7808275941794
11601162712,633.9206715617489
11601162713,442.7453182085618
11601162714,671.6813363746777
11601162715,472.00913505809945
11601162716,523.9994956019133
11601162717,514.5409879106189
11601162718,656.9657409644209
11601162719,645.0230170985516
11601162720,1556.787583833277
11601162721,634.0219719589154
11601162722,764.084751250012
11601162723,518.7080196855896
11601162724,541.6588560505719
11601162725,479.5522565862292
11601162726,507.5948749095481
11602130901,516.9759417355705
11602130902,490.6493538516952
11602130903,452.5606790396089
11602130904,471.80202335193337
11602130905,522.594523088284
11602130906,592.0983744288893
11602130907,488.9315485694774
11602130908,511.6308615840687
11602130909,474.635537346982
11602130910,530.9648374061321
11602130911,454.89976962201496
11602130912,495.8181322289004
11602130913,390.28796822262706
11602130914,634.3981052021468
11602130915,449.710968816763
11602130916,407.48348934928754
11602130917,478.10436779970917
11602130918,551.9515975160592
11602130919,554.448775956072
11602130920,499.4137390389327
11602130921,466.97328663773965
11602130922,679.5706020897728
11602130923,478.57689382100074
11602130924,707.678719592046
11602130925,548.00454971574
11602130926,402.09826584981226
11602130927,437.44853814999715
11602130928,530.6068415400617
11602130929,685.5932460084633
11602130930,484.76438355424597
11602130931,440.967152471739
11602130932,505.0915866223261
11602130933,386.43107769253197
11602130934,505.15095452860277
11602130935,459.5010229125233
11602130936,418.63655281884803
11602156201,465.14780381544733
11602156202,502.75101149525335
11602156203,488.95003287263904
11602156204,586.4820560484466
11602156205,524.8504933047275
11602156206,403.82666819220907
11602156207,855.2111406566988
11602156208,533.3262872623962
11602156209,515.8988520356542
11602156301,628.3006437344534
11602156302,525.0029593144967
11602156303,610.3210582288054
11602156304,429.6274105256701
11602156305,495.89072040113615
11602156306,553.2507339801399
11602156307,482.2624972121448
11602156308,498.2505770318822
11602156309,585.7138448639237
11602156310,682.0529501788218
11602156311,560.7994200767722
11602156312,617.9791331087241
11602156313,454.40584298272324
11602156314,586.1370280063876
11602156315,570.8962807695378
11602156316,516.4508054147074
11602156317,661.9095489572148
11602156318,564.5450754724791
11602156319,587.8845839218186
11602156320,566.5220032920729
11602156321,561.7123085060093
11602156322,2144.8605068090437
11602156323,553.0808723021892
11602156324,533.9843401415525
11602156325,438.5288100538992
11602156326,485.3982816414427
11602156327,465.16164351201047
11602156328,477.80228918804085
11602156329,540.6889246762763
11602156330,635.4291966577325
11602156331,475.02923765825506
11602156332,451.2109384978317
11602156333,535.5193998155821
11602156334,1086.1887579010674
11602156335,423.18788928644193
11602156336,461.1060184760971
11602156337,536.1119357583726
11602156338,539.724277363494
11602156339,589.5393545353834
11602156340,654.0120280081574
11602156341,420.1065269040998
11602156342,531.5149859016888
11602156343,479.65967517239574
11602156344,460.32044484634685
11602156345,618.862025548538
11602156346,477.39849861787434
11602156347,670.5869893286432
11602156348,474.7096579786009
11602156349,360.1331771298403
11602156350,485.3188738298338
11602156351,485.2762748464664
11602156352,506.02257083053223
11602156353,479.3600997419767
11602156354,515.5596949904202
11602156355,539.3658567191687
11602156356,441.6696846818324
11602156357,421.428492240095
11602162801,629.8524818711182
11602162802,616.3040034089453
11602162803,480.7399657487691
11602162804,535.9354475208789
11602162805,463.59679230856864
11602162806,501.5451339793565
11602162807,567.7494999424157
11602162808,476.93469065940803
11602162809,415.90614131818825
11602162810,607.8154962279349
11602162811,532.3822192587911
11602162812,423.0607066143474
11602162813,460.4045601876029
11602162814,451.61300338444124
11602162815,502.16990004412384
11602162816,478.1647318864654
11602162817,473.180566461297
11602162818,513.1811412798841
11602162819,453.3287046628284
11602162820,624.344560369894
11602162821,515.3578329218124
11602162822,465.15346454167394
11602162823,460.8796326022366
11602162824,509.5754103236423
11602162825,470.6509065630516
11602162826,440.6216246492748
11602162827,12802.568255622882
11602162828,534.115523761371
11602162829,654.0403691344546
11602162830,635.2428257176462
11602162831,540.0339693922067
11602162832,553.1485899786373
11602162833,488.4098409440949
11602162834,528.888083914645
11602162835,541.7747987608514
11602162836,578.1400532151288
11602162837,450.92207111953314
11602162838,734.1638063926362
11602162839,418.4868284921041
11602162840,527.3298131962841
11602162841,674.2877969076942
11602162842,478.9386990556231
11602162901,625.3129770245005
11602162902,1379.4387368947043
11602162903,561.014235977475
11602162904,608.2660480107944
11602162905,496.9677607614861
11602162906,521.1960675337862
11602162907,449.33908699044105
11602162908,635.0897763825471
11602162909,560.8732228106453
11602162910,421.23671382981615
11602162911,594.5621962601635
11602162912,1219.042175624702
11602162913,465.6612847035021
11602162914,526.5467745818071
11602162915,467.8741238896119
11602162916,489.7444738420233
11602162917,547.5426307535096
11602162918,653.3763945718638
11602162919,449.92636222316867
11602162920,537.9481640957667
11602162921,460.1412508363003
11602162922,577.9036527492392
11602162923,501.51086074030127
11602162924,487.6663935715506
11602162925,501.8300696985138
11602162926,561.079945167512
11602162927,561.8990383261412
11602162928,512.9161336643797
11602162929,525.8359424207971
11602162930,586.8183823396328
11602163001,563.8694619050694
11602163002,544.443044486255
11602163003,478.9357820015965
11602163004,1479.9793399871705
11602163005,512.9050206053931
11602163006,608.7069705071968
11602163007,362.2535136666628
11602163008,475.0441995550956
11602163009,548.5462232593693
11602163010,715.4182210193459
11602163011,487.17318076357566
11602163012,483.6453702127823
11602163013,588.9785282182658
11602163014,479.30459853027725
11602163015,558.7856988607251
11602163016,549.5917582595537
11602163017,537.4654079318849
11602163018,531.3502008407931
11602163019,625.8533972573192
11602163020,832.2704356571161
11602163021,524.7937761348106
11602163022,501.7315894852989
11602163023,621.424649257955
11602163024,527.1787635322526
11602163025,711.6357546015437
11602163026,672.8338035130728
11602163027,543.6494347336495
11602163028,492.249361058457
11602163029,491.1281382186279
11602163030,485.6061706991436
11602163031,526.6277515128645
11602163032,475.26994398011993
11602163033,448.97014416868615
11602163034,647.3320494748052
11602163101,490.98775118537355
11602163103,514.3942152319806
11602163104,589.4677971914973
11602163105,596.3519716507813
11602163106,588.4326247743277
11602163107,448.48769708881565
11602163108,747.171430340193
11602163109,668.9496588109859
11602163110,443.72770539654783
11602163111,463.80169587870955
11602163112,566.0869381105301
11602163113,649.5511680320977
11602163114,616.3956731029998
11602163115,514.8187155921975
11602163116,526.5365197683662
11602163117,629.83026017348
11602163118,437.058742803981
11602163119,464.3735013611554
11602163120,453.2196347356119
11602163201,507.9075923982178
11602163202,593.4596849026532
11602163203,611.9521162240821
11602163204,627.9444606672147
11602163205,486.6040975048952
11602163206,696.1261392856509
11602163207,449.04593779433543
11602163208,464.09967654078747
11602163209,681.4922743446044
11602163210,487.657130857752
11602163211,637.5627333223213
11602163212,1298.8858302547214
11602163213,663.3524130195135
11602163214,670.4990267763764
11602163215,556.7987506684053
11602163216,423.67457038797505
11602163217,578.8011572811495
11602163218,685.2810503780344
11602163219,466.1958438733871
11602163220,559.4761855797142
11602163221,432.501811805964
11602163222,614.1414170472431
11602163223,572.6179817020983
11602163224,535.4440692020623
11602163225,629.1034962890961
11602163226,501.14221224222473
11602163227,404.4981071583889
11602163228,559.1515281405786
11602163229,875.5742348199097
11602163230,631.5911240236612
11602163231,436.19658864695066
11602163232,822.3648624937916
11602163233,473.9734028436219
11602163234,626.5742217540691
11602163235,547.3521021702693
11602163236,566.3208560964881
11602163237,455.1186087240283
11602163238,581.7020833769744
11602163239,516.3129098126137
11602163240,493.58232515038196
11602163241,555.1627164399828
11602163242,567.2748286405529
11602163243,465.20969087410293
11602163244,425.63844405893553
11602163245,1213.4439533542893
11602163301,460.2370628720325
11602163302,454.9110085830105
11602163303,465.08230295239747
11602163304,1694.876585655678
11602163305,467.7149279820513
11602163306,471.25253882262643
11602163307,419.47904885463754
11602163308,788.3395508899898
11602163309,478.05814708689167
11602163310,446.7753998758409
11602163311,458.99265025202925
11602163312,4854.919516042333
11602163313,404.7804062090601
11602163314,466.94801173862624
11602163315,609.4609760418373
11602163316,461.10805469294223
11602163317,503.8573823475467
11602163318,533.0320702746644
11602163319,456.02719584852844
11602163320,538.2159188827154
11602163321,604.3569791115605
11602163322,472.0994853824791
11602163323,452.8849879178145
11602163324,625.7197197839034
11602163325,578.7365256918374
11602163326,655.4920474835238
11602163327,470.5525434094351
11603131301,519.1003367431427
11603131302,533.2850527850067
11603131303,660.9770851294569
11603131304,682.8632755001164
11603131305,622.5224810346008
11603131306,591.5651577300673
11603131307,615.3072062467726
11603131308,576.8931950174182
11603131309,547.2824952976775
11603131310,666.8620599777104
11603131311,616.3225665887306
11603131312,592.0784489729516
11603131313,477.0358925742077
11603131314,664.3726854456222
11603131315,488.55568848492106
11603131316,594.686966336159
11603131317,630.850135854814
11603131318,634.76183673061
11603131319,552.0705790981457
11603131320,672.6556724584128
11603131321,570.3842316016438
11603131322,603.0351877389115
11603131323,570.6376690143057
11603131324,442.7453182085618
11603131325,634.1597798484095
11603131326,3162.1234565042832
11603131327,680.5775677821206
11603131328,634.367908510345
11603131329,462.81681159943815
11603131330,557.3191931113189
11603131331,449.3371851268433
11603131332,583.6214649137812
11603131333,673.6367995967603
11603131334,488.9865491804973
11603131335,549.7123560407567
11603131336,729.3051243952037
11603131337,579.8109066402361
11603131338,542.0967659099642
11603131339,525.188141933489
11603131340,473.54380488265747
11603131341,568.1229439232521
11603131342,652.190128659457
11603131343,499.6902135471704
11603131344,449.3371851268433
11603131345,609.7404832955119
11603131346,599.4320295137801
11603131347,712.3592276270359
11603131348,547.338698590758
11603131349,617.7234383585128
11603131350,761.3555593924351
11603131351,586.8762493038143
11603131352,478.8343911564098
11603131401,572.3647480075647
11603131402,610.3835531971392
11603131403,532.5895462579964
11603131404,504.675743596274
11603131405,575.8935668102295
11603131406,557.2402591655335
11603131407,569.6183420322815
11603131408,582.2207066953965
11603131409,485.33639207524044
11603131410,503.3518646063182
11603131411,654.3114341922817
11603131412,551.8835959297643
11603131413,540.8524122696497
11603131414,513.0736775985555
11603131415,554.2554118627303
11603131416,578.7157820807095
11603131417,612.0888689959977
11603131418,442.7453182085618
11603131419,505.02062890101524
11603131420,476.7008121943074
11603131421,311.82305832557336
11603131422,501.9526803204682
11603131423,518.156346201575
11603131501,584.2021767025009
11603131502,496.4851797699867
11603131503,455.8849201652828
11603131504,614.596587349046
11603131505,500.8674217765607
11603131506,749.7046027088695
11603131507,1377.2230437667504
11603131508,493.53545152735035
11603131509,515.5560996083924
11603131510,504.7967277184572
11603131511,478.05211547198724
11603131512,589.9173944121397
11603131513,563.764413253952
11603131514,637.0483409636123
11603131515,555.0475119872275
11603131516,606.0678063541532
11603131517,638.027234270884
11603131518,613.1311267897136
11603131519,512.5169683311059
11603131520,697.6278507377481
11603131521,533.0123535175194
11603131522,768.709026100495
11603131523,657.5741533553962
11603131524,625.2551497294261
11603131525,855.7487212773067
11603131526,464.6315796567175
11603131527,487.1678667526273
11603131528,519.6277440263553
11603131529,564.8526633134287
11603131530,557.8153546808351
11603131531,462.5420001279853
11603131532,521.2891781537501
11603131533,638.6287949266109
11603131534,482.7400463937267
11603131535,656.9805103444844
11603131536,897.6460938844513
11603131537,670.7133581448768
11603131538,502.3859056217158
11603131539,574.7532976586871
11603131540,553.1802945459845
11603131541,503.62588653505316
11603131542,538.7788579185118
11603131543,636.2521339090317
11603131544,700.6719316957362
11603131545,541.7221989075233
11603131546,549.9069292964438
11603131601,442.7453182085618
11603131602,462.3188703165167
11603131603,504.403805894154
11603131605,716.6864374250541
11603131606,634.8394822996993
11603131607,572.5767698031669
11603131608,567.2233508243368
11603131609,522.8783428438937
11603131610,660.9254203715961
11603131611,607.1958090794938
11603131612,532.5420284289388
11603131613,652.2674147892558
11603131614,502.69517178940504
11603131615,569.2407221853484
11603131616,501.87581413906025
11603131617,710.9486260460394
11603131618,565.9965957547362
11603131619,539.4058969484204
11603131620,569.8688376329869
11603131621,577.8407914492193
11603131622,560.5425532056138
11603131623,760.2626918216995
11603131624,640.7753529152043
11603131625,534.4724967552233
11603131626,754.4595863423967
11603131627,557.749963690213
11603131628,545.619097323578
11603131629,531.867439049564
11603131630,614.212482283625
11603131631,572.9676958784397
11603131632,745.5058979980537
11603131633,612.9608221200082
11603131634,776.1430139548163
11603131635,481.7952678017898
11603131636,814.9005475453424
11603131637,456.02719584852844
11603131638,633.847958407468
11603131639,638.8726175015945
11603131640,747.158481054841
11603131641,618.6072709844221
11603131642,1223.60696718386
11603131643,881.9112489772743
11603131644,712.1923039017246
11603131645,2029.812411445464
11603131646,688.7545629996071
11603131647,954.1858163768775
11603131648,894.3224851053208
11603131649,834.5403452678926
11603131650,469.7075153610299
11603131651,356.66355781946055
11603131701,420.6365235032079
11603131702,726.6247306478932
11603131703,678.2442749404348
11603131705,523.6053796747439
11603131706,627.1182133598469
11603131707,698.7313027048116
11603131708,677.5734247391936
11603131709,740.0296196516624
11603131710,651.8701444444173
11603131711,977.7170026286658
11603131712,551.1662861441692
11603131713,3031.3612919393386
11603131714,626.3551219434138
11603131715,689.2436795407954
11603131716,456.02719584852844
11603131718,632.2722505441265
11603131719,742.2599262014201
11603131720,715.5060527307272
11603131721,709.3715520291298
11603131723,521.0577713879345
11603131724,514.8332123164824
11603131725,586.6313781897348
11603131726,706.0129972021645
11603131727,513.7024755859759
11603131728,593.4496446990707
11603131729,588.3750360938612
11603131730,658.1796111829091
11603131731,725.3687707138594
11603131732,585.2915512422875
11603131733,750.631057823906
11603131734,620.908328514932
11603131736,547.6249458615251
11603131737,577.3946365122587
11603131738,566.6520745478609
11603131739,755.8158203622621
11603131742,651.3283110034357
11603131744,547.1503747477884
11603131746,694.0649346391978
11603131747,558.7794178398384
11603131748,538.632702280333
11603131749,531.1353755705154
11603131750,877.6547501767342
11603131751,529.5496984507608
11603131752,545.0918430960872
11603131753,525.198021158059
11603131754,1034.3148390909669
11603131755,505.56197595455654
11603131756,630.1209086906027
11603131757,572.7318994807566
11603131758,507.1620672769715
11603131759,466.4526663970326
11603131760,536.4475565302304
11603131761,508.3215914371893
11603131762,562.6320069413599
11603131801,592.1034337910721
11603131803,15161.297918002547
11603131804,449.1441325600755
11603131901,486.45116053934856
11603131902,639.6729587057491
11603131903,593.3652599833421
11603131904,450.12757790707116
11603131905,541.3509829116341
11603131906,504.74193451819616
11603131907,542.2719058463522
11603131908,518.4713005414096
11603131909,581.7355980694268
11603131910,520.9021970162523
11603131911,483.5053584284315
11603131912,518.7437954051038
11603131914,722.9404137488457
11603131915,567.5841771435204
11603131916,610.9967453544413
11603131918,611.7854510557721
11603131919,504.12290772098584
11603131920,619.154433661393
11603131923,1589.24680871456
11603131924,609.5863626059831
11603131925,552.6451187484984
11603131926,600.6565118810712
11603131927,7304.3294104718925
11603131929,923.5316198968849
11603131930,503.2121275259684
11603131931,713.7118593404421
11603131932,690.3226266216665
11603131933,561.8750444170149
11603131934,577.6566947302911
11603131935,629.34491656393
11603131936,568.5482269934186
11603131937,626.7747925133943
11603131938,513.3162574874242
11603131939,542.323650817437
11603131940,496.81565800475266
11603131941,600.7469911009435
11603131942,492.48585730341847
11603131943,477.05235129178544
11603131944,525.5170025685896
11603131945,689.5501351771036
11603131946,589.281983224343
11603131947,511.995639059837
11603131948,698.4746896349552
11603131949,483.7156048900697
11603131950,562.5237047325713
11603131951,4032.232274321474
11603131952,662.1348427955443
11603131953,488.57593502228804
11603131954,735.2085992002225
11603131955,527.0948664256013
11603131956,1265.8458633428324
11603131957,508.2826867272944
11603131958,550.9743955417503
11701132001,412.77535142445294
11701132002,621.1308875151464
11701132003,8892.707491865049
11701132102,547.7234502369338
11701132103,517.5828482243393
11701132104,594.373365248628
11701132105,599.060761912996
11701132106,560.6813417365701
11701132108,560.3332009024823
11701132109,562.4413821736774
11701132111,856.6050369096616
11701132112,709.4843908232207
11701132113,622.4116097608434
11701132114,590.4680955139874
11701132115,586.9116104906711
11701132116,563.6072584399599
11701132117,737.7921455055213
11701132119,639.3887909475177
11701132120,264.0803400534476
11701132121,456.02719584852844
11701132122,442.7453182085618
11701132123,272.99131974223275
11701132124,494.9447737517608
11701132125,9392.838323796319
11701132126,480.51657795165954
11701132128,432.3413861547645
11701132129,472.74875905071144
11701132130,410.6177516766624
11701132131,439.1996292131239
11701132132,549.4525574421525
11701132133,473.9456561477446
11701132134,484.6988888678934
11701132135,484.1370605553104
11701132136,364.26164834931285
11701132137,542.7534822434625
11701132138,447.9209950532233
11701132139,737.7386812565089
11701132301,507.81833970777
11701132302,437.84347209932776
11701132303,645.7422259177196
11701132304,456.2870363381052
11701132305,605.7368300984069
11701132306,688.3196190517873
11701132307,421.7921413361345
11701132308,717.9058969174474
11701132311,531.3748232978197
11701132312,509.33749003988265
11701132313,533.3025836117741
11701132314,541.0747424197758
11701132315,465.96070059595604
11701132316,490.3128094100955
11701132317,576.3095489765786
11701132318,502.7617545695762
11701132319,519.3046893427253
11701132320,619.0773537857664
11701132322,552.1049702940401
11701132323,604.8025183058265
11701132324,367.76734206847976
11701132325,544.3685377844553
11701132326,470.63950548546353
11701132327,592.5095539053561
11701132328,626.4410152756249
11701132329,432.6920089838993
11701132330,22345.786621811858
11701132331,509.2435469654949
11701132332,493.7224857455456
11701132333,557.1420690037818
11701132334,581.7411228370739
11701132335,616.8019637600053
11701132336,1261.4340774406646
11701132401,425.9263562905918
11701132501,982.0851091725303
11701163401,538.1029968075426
11701163402,456.02719584852844
11701163403,520.8993232946153
11701163404,518.8062496158976
11701163405,622.5459229543635
11701163406,563.4003544030248
11701163407,418.09143795704176
11701163408,547.7829910801744
11701163409,459.9277248705471
11701163410,457.51710257447746
11701163411,605.4959513393811
11701163412,600.5906659727628
11701163413,484.4130398827433
11701163414,562.0510688047264
11701163415,446.11720695751006
11701163416,607.6252298666641
11701163417,635.9309318365625
11701163418,474.7969308833753
11701163419,609.3202395047355
11701163420,1517.3775811903163
11701163421,593.3675943685759
11701163422,524.826076796286
11701163423,624.9800500135916
11701163424,507.0675657835338
11701163425,590.8341259399867
11701163501,669.012003009588
11701163502,587.7968711692903
11701163503,469.7075153610299
11701163504,462.9769371813253
11701163505,651.1768459796496
11701163506,494.4615710334249
11701163507,524.5304003847738
11701163508,2878.640102511646
11701163509,433.1612551262797
11701163510,423.89246322527043
11701163511,477.4914906479442
11701163512,871.7663081755928
11701163513,478.7752221352224
11701163514,549.3140219052101
11701163515,841.4708693065816
11701163516,893.8968372598406
11701163517,645.9209199009965
11701163518,485.2740428649285
11701163519,721.6217726965418
11701163520,531.6017839736173
11701163521,437.92349514654865
11701163522,409.08835887416336
11701163523,485.3772315160399
11701163524,531.6326232151565
11701163525,512.8337063813838
11701163526,484.72206670868115
11701163527,685.9339064954754
11701163528,595.9642576384713
11701163529,486.5626134861427
11701163530,520.2844938902791
11701163531,520.305571895758
11701163532,904.0020181455825
11701163533,694.6432763799239
11701163534,836.9633922010645
11701163535,440.40369455236987
11701163536,761.2087251340836
11701163537,529.9229664248161
11701163538,536.7238848420084
11701163539,674.8296269064995
11701163540,718.5795093486747
11701163541,684.1388855725171
11701163542,899.5049571847937
11701163543,3532.519009359359
11701163544,510.1284329131915
11701163545,537.2794828186736
11701163546,569.779394988151
11702132701,438.24887614034805
11702132702,533.4727835753658
11702132703,508.8819384441636
11702132704,504.65945481498994
11702132705,918.9525649439104
11702132706,681.7754753048231
11702132707,574.0751796790677
11702132708,563.4508777133548
11702132709,576.6540106056599
11702132710,449.0870716352781
11702132711,547.6306555688407
11702132712,525.3087050619063
11702132713,511.3586309163141
11702132714,577.4077892846065
11702132715,602.1436943700489
11702132716,494.83946029656937
11702132717,559.1481225372727
11702132718,579.0762077597717
11702132719,487.7525015858909
11702132720,418.659399997971
11702132721,879.0199376523855
11702132722,437.4802498255802
11702132723,755.1599081385956
11702132724,481.7444190147426
11702132725,614.0440677372017
11702132726,450.1840430802837
11702132727,441.9593313859614
11702132728,509.38463751653654
11702132729,511.6061681982583
11702132730,419.55584066113835
11702132731,507.06201736100365
11702132732,780.6481991632968
11702132733,463.2738884872052
11702132734,543.8894834910111
11702132735,484.53750841892236
11702132736,485.04210576506625
11702132737,616.8685327202803
11702132738,560.3040361194359
11702132739,532.3575317715563
11702132740,464.8681050250096
11702132741,451.39321971250206
11702132742,588.8696306970382
11702132743,675.0028230218912
11702132744,415.1625627461771
11702132745,476.00676630033774
11702132746,437.0897795183022
11702132747,697.3436188478973
11702132748,468.89196517190584
11702132749,530.0272718139493
11702132750,457.2716456952466
11702132801,571.6460345048556
11702132802,497.6128906419823
11702132803,456.59964980692666
11702132804,436.9089294604177
11702132805,452.70960733335545
11702132806,445.4778005165065
11702132807,612.5461786164086
11702132808,482.44502690084784
11702132809,585.7556409467779
11702132810,580.2720868159357
11702132811,732.7382040173472
11702132812,424.3455080549973
11702132813,863.4854898338154
11702132814,886.5698486507754
11702132815,539.8260662637311
11702132816,366.322878996142
11702132817,596.1533273992915
11702132818,569.6427449864332
11702132819,461.76932894111536
11702132820,682.2084358598148
11702132821,583.949238579555
11702132822,512.8539708246623
11702163601,564.084761501108
11702163602,744.4016315884672
11702163603,546.4927385861755
11702163604,535.2539196732947
11702163605,575.4730796414053
11702163606,1040.481102463659
11702163607,455.90547042840626
11702163608,479.64047485302945
11702163609,479.0060799677916
11702163610,559.6635200971147
11702163611,511.582537999451
11702163612,666.3838030395183
11702163613,487.892741463811
11702163614,614.0000786006245
11702163615,535.1039942668182
11702163616,534.970923463291
11702163617,793.6225978333551
11702163618,580.66833345335
11702163619,537.3592196535341
11702163620,567.3118067032632
11702163621,495.466534308929
11702163622,465.72959682079056
11702163623,557.3557524753671
11702163624,464.3982906365149
11702163625,563.9741096122667
11702163626,493.9119362132457
11702163627,547.9129077523651
11702163628,521.9141802174228
11702163629,462.03370770110104
11702163630,457.4196846851618
11702163701,642.780882343768
11702163702,659.3747140953026
11702163703,478.72721236109686
11702163704,1009.2466736783747
11702163705,561.4987065709457
11702163706,569.384178710611
11702163707,539.3002469889301
11702163708,564.6115350728891
11702163709,530.8757891953619
11702163710,484.06622611091205
11702163711,554.1942203424684
11702163712,443.1805645844263
11702163713,773.8631018984549
11702163714,506.84388484667255
11702163715,522.1796322850896
11702163716,582.2446611731465
11702163717,473.325308259913
11702163718,572.2825343429337
11702163719,719.9823185859794
11702163720,444.26261415863746
11702163721,505.97948944608896
11702163722,433.8584524565698
11702163723,455.12846973092326
11702163724,455.91624263484533
11702163725,766.9197898815924
11702163726,657.7315957521866
11702163727,470.19907956829326
11702163728,492.9669653151403
11702163729,643.5688572085794
11702163730,588.1883252918459
11702163731,663.9934181298911
11702163732,560.9955239239213
11702163733,657.9583497578227
11702163734,1041.200809276553
11703132901,483.14711917671946
11703132902,5135.612507817848
11703132903,1396.354650272736
11703132904,3083.2951727898712
11703132905,500.16459090938696
11703132906,558.4030554274469
11703132907,531.3686919509292
11703132908,1197.5608671720386
11703132909,1050.1275885452687
11703132910,461.2299049366485
11703132911,434.8276193895924
11703132912,462.78668189901794
11703132913,458.5899538958204
11703132914,618.041015844249
11703132915,2067.7122334213686
11703132916,413.4748486291821
11703132917,515.2766385204095
11703132918,2896.793837225397
11703132919,792.6305754795565
11703132920,1729.2082899444151
11703132921,887.3738176210411
11703132922,528.6919243532151
11703132923,437.13182868810634
11703132924,370.0347796863333
11703132925,559.2934730058803
11703132926,609.2924595787885
11703132927,529.4723594212286
11703132928,1023.6507429965816
11703133003,640.1945257710672
11703133004,537.2415722664772
11703133005,363.2309869041803
11703133006,505.8053381346711
11703133007,474.8407939435545
11703133008,575.7639365238778
11703133009,709.3753436640901
11703133010,562.6020966357086
11703133013,4507.593818960587
11703133014,387.32876014324296
11703133015,490.5197314167636
11703133016,686.2433691395657
11703133017,402.8959998520445
11703133018,375.6837259370895
11703133020,1974.6044596626452
11703133022,576.311003220031
11703133023,455.9358477654015
11703133026,517.4618147513959
11703133027,594.8305656438035
11703133028,506.3244411138177
11703133029,521.5307072139981
11703133030,507.519385951859
11703133031,685.4066033801439
11703133032,558.9120258785742
11703133033,634.4664350490194
11703133034,432.71652158076125
11703133035,581.5652555363333
11703133036,596.5735428113588
11703133037,390.99311652386143
11703133038,442.7453182085618
11703133039,364.9616364083079
11703133040,432.31395932421015
11703133042,538.60678601175
11703133043,703.1244285161229
11703133044,542.500232982025
11703133045,456.7550467328464
11703133046,486.5290404743966
11703133047,975.6057141270302
11703133048,1037.4759499565412
11703133049,757.8794827922654
11703133050,430.3785177847446
11703133051,520.93426432241
11703133101,462.81681159943815
11703133102,488.9288455036502
11703133103,518.5858189914394
11703133105,475.29588193864004
11703133106,1212.0295978168065
11703133107,1033.407469981868
11703133108,630.0980920876639
11703133109,1039.0333886642586
11703133110,1010.5687437592468
11703133111,503.6470580203147
11703133112,1779.1116491639145
11703133113,2113.7721772925624
11703133114,483.7834082325773
11703133115,721.7628606094954
11703133116,627.0150496430497
11703133117,589.3904075664584
11703133118,1874.197330767182
11703133119,827.5322331793903
11703133121,504.674470114783
11703133122,808.4158607962349
11703133123,544.2219769685458
11703133124,549.1266686213124
11703133125,701.551433019737
11703133127,1064.2571682766938
11703133128,638.7089919661813
11703133129,2296.8354756913686
11703133130,642.3678456786879
11703133131,670.7001954679515
11703133132,5847.708200208222
11703133133,1667.7955169316397
11703133134,1025.3048501710498
11703133135,440.01655515866446
11703133136,505.3884379103129
11703133137,474.6903562985771
11703133138,469.4138272965019
11703133139,517.5590191695572
11703133140,476.2666446501469
11703133141,562.5214723012318
11703133142,526.363473423594
11703133143,582.6396819896493
11703133144,567.2007950648488
11703133145,572.9241655078699
11703133146,543.7523319266191
11703133147,553.6671828677363
11703133148,507.9345366602529
11703133149,575.4472058598863
11703133150,581.6581895484381
11703133151,489.77694297958965
11703133152,1080.1845251914372
11703133301,756.3285215995749
11703133302,2701.3289585523676
11703133303,454.69400591799194
11703133304,700.7005070344785
11703133305,624.1504155397238
11703133307,2130.5348671552442
11703133308,504.1552834713209
11703133309,3232.6902142324125
11703133310,1309.8347425021477
11703133311,969.8267862744304
11703133312,488.8483162231119
11703133313,551.5522543538307
11703133314,532.9687348655611
11703133315,442.21643609825105
11703133316,448.09790741351276
11703133317,567.1933460847558
11703133318,865.0779650990175
11703133319,832.3850757232682
11703133320,895.3426369285618
11703133321,640.7792430530337
11703133322,1431.5912100830103
11703133323,615.4366756725833
11703133324,539.0030743885989
11703133325,366.7100837970378
11703133326,529.5524681201045
11703133327,461.7672050122666
11703133328,492.51633326661937
11703133329,518.8913510004586
11703133330,494.9374845756262
11703133331,533.4980183875132
11703133332,334.6483070102019
11703133333,492.17865505494126
11703133334,514.7430496459488
11703133335,393.56302626914993
11703133336,548.4061863901001
11703133337,480.5970907436513
11703133338,537.5901644426316
11703133339,722.2056415737117
11703133340,455.59211465089265
11703133341,437.8803955128778
11703133342,500.877642032835
11703133343,908.7211574552919
11703133344,696.8449555391612
11703133345,617.5439321029559
11703133346,632.5523950757937
11703133348,580.69340967173
11703133349,525.9076592221604
11703133350,735.4730775620312
11703133351,2391.299875865292
11703133352,516.7697078798394
11703133353,555.1455175905494
11703133601,471.6375850541368
11703133602,512.0324905593093
11703133603,599.1613394592065
11703133605,594.2035467993952
11703133606,669.7912546615445
11703133607,535.5243874061937
11703133608,507.18950146603686
11703133609,861.1936591556936
11703133610,1604.7019538264794
11703133611,489.18857422002674
11703133612,539.2708161691662
11703133613,500.4532369497041
11703133614,504.65419320535966
11703133615,456.88347620177694
11703133616,1017.1491923648332
11703133617,1917.3161909515914
11703133618,916.226450784845
11703133619,2620.636184294242
11703133620,613.3378411645539
11703133622,5348.030705438634
11703133623,4204.888779767572
11703133624,364.59153702833555
11703133625,566.4477951349005
11703133626,456.4820543566028
11703133628,623.9056851684379
11703133629,326.00258521758883
11703133630,436.67258550831815
11703133631,425.0100351162438
11703133632,416.5042779895855
11703133633,506.1016510774119
11703133634,533.3770807538485
11703133635,1377.990597147313
11703133636,574.9174444295485
11703133637,1312.199606043924
11703133638,1932.7493167809353
11703133639,775.1132937202929
11703133640,525.0466487349221
11703133641,496.0896175874569
11703133642,349.3645063892176
11703163801,460.30063537777283
11703163802,405.76915109875836
11703163803,547.0384581320274
11703163804,1072.2063272974451
11703163805,683.9741026476263
11703163806,528.9826656825098
11703163807,393.91584128993054
11703163808,5411.28088510435
11703163809,456.02719584852844
11703163810,479.6835034059323
11703163811,1605.7720750902936
11703163812,483.9385760010342
11703163813,457.08322638858624
11703163814,1065.7219703997812
11703163815,491.54906669622693
11703163816,455.1837035769412
11703163817,442.7453182085618
11703163818,473.14951226770745
11703163819,1031.6628309235489
11703163820,705.1507425371306
11703163821,444.7557127512668
11703163822,520.0416511121668
11703163823,480.1013027300251
11703163824,2828.3647248252123
11703163901,442.7453182085618
11703163902,974.7325492142563
11703163903,591.6003400129044
11703163904,540.8924450416728
11703163905,943.3788867061778
11703163906,482.3600881997621
11703163907,565.676212919174
11703163908,679.2278351915609
11703163909,473.29684494877694
11703163910,540.6960070111475
11703163911,2964.535413821067
11703163912,612.3558852572173
11703163913,728.4476341650668
11703163914,534.8944184098327
11703163915,2440.9088541336373
11703163916,835.152915382201
11703163917,408.3474099351557
11703163918,532.527686621103
11703164001,613.716295736265
11703164002,572.2428759171979
11703164003,469.0503620166303
11703164004,922.2869871150683
11703164005,633.5891990968962
11703164006,577.1490545745997
11703164007,512.351838092155
11703164008,530.1752822296354
11703164009,1470.8613704162365
11703164010,864.032858955051
11703164011,1010.4094038738684
11703164012,592.0545313728898
11703164013,737.7106189253664
11703164014,561.6763009852799
11703164015,497.6334553126272
11703164016,550.036144639049
11703164017,1035.3327206382005
11703164018,1063.3602040074752
11703164019,576.1500931964981
11703164020,605.0969970717155
11703164021,791.0808109943129
11703164022,494.9211240840776
11703164023,1072.8919699324479
11703164024,506.21880810414467
11703164025,477.7543605753933
11703164026,456.0921016351013
11703164027,886.8244998936864
11703164028,438.89213773674066
11703164029,2079.0914999094052
11703164030,654.2331779695138
11703164031,502.9422303866641
11703164032,454.2533190021772
11703164033,487.4510362239321
11703164034,420.4138957510248
11703164101,522.7704615910102
11703164102,458.3760751871312
11703164103,707.0052726149983
11703164104,496.6889754576061
11703164105,1513.7354981159708
11703164106,485.60381469135785
11703164107,596.3629431467488
11703164108,371.9490403011821
11703164109,5955.009020404462
11703164110,645.5603753544954
11703164111,508.41181901754993
11703164112,365.5595447573939
11703164113,633.9576239958593
11703164114,557.9935441079833
11703164115,4083.8515167150044
11703164116,531.799191503644
11703164117,688.9058002469383
11703164118,6147.798925661417
11703164119,784.3289792665539
11703164120,412.231830659228
11703164121,528.9799778933211
11703164122,451.61300338444124
11703164123,2309.486990986438
11703164124,2148.345803231285
11703164125,503.44535603266496
11703164126,532.4923833775289
11703164127,511.7434699970718
11703164128,1446.792164627424
11703164129,469.02173610306187
11703164130,5493.134901361822
11703164201,1946.9079314136554
11703164202,551.9292564510051
11703164203,10252.579358883262
11703164204,389.9114384855384
11703164205,651.1378517843012
11703164206,476.57128905557977
11703164207,3489.760657555558
11703164208,490.2766663456181
11703164209,496.541064260946
11703164210,685.5331700466663
11703164211,470.25272270427723
11703164212,423.1955197251656
11703164213,469.31380626902836
11703164214,433.742335861358
11703164215,456.30147597535284
11703164216,464.5477790972592
11703164217,575.3564783378673
11703164218,555.2523165430897
11703164219,492.4778926614196
11703164220,509.8426449882113
11703164221,552.3693429465577
11703164222,632.8986048560047
11703164223,684.0093251936757
11703164224,429.15358515323624
11703164225,586.9792218832853
11703164226,580.3183322063524
11703164227,2401.7695551963807
11703164228,623.9907681882094
11703164229,1649.7096196422647
11703164230,746.3784346386709
11703164231,541.5972289669512
11703164232,812.4327291287846
11703164233,433.1369110883615
11703164301,530.8739381333564
11703164302,1528.0553428985409
11703164303,1058.1672018355648
11703164304,699.302143052045
11703164305,607.6369525565606
11703164306,453.5814510950331
11703164307,537.0197023054968
11703164308,476.60847170174526
11703164309,761.8010189782364
11703164310,601.842855727715
11703164311,554.3096990566986
11703164312,599.967664540723
11703164313,2960.065784702526
11703164314,508.72432204186146
11703164315,501.9053457026669
11703164316,607.0356683904183
11703164317,550.6984933559924
11703164318,1091.612232693982
11703164319,1940.0267735788382
11703164320,684.3098223733438
11703164321,817.3864243044086
11703164401,479.16819573385555
11703164402,528.65771202444
11703164403,10057.964345287077
11703164404,443.4720414828694
11703164405,3874.5941748147447
11703164406,3801.582441279902
11703164407,6602.621291807844
11703164408,1720.5316921437716
11703164409,5977.957564028648
11703164410,342.6642286533417
11703164411,2084.5585846411564
11703164412,11751.774313671816
11703164413,4886.567418287234
11703164414,12896.151181145357
11703164415,379.3588668421099
11703164416,10715.872038649115
11703164417,2937.789647239296
11703164418,1006.7753139076423
11703164420,1713.6708356412364
11703164421,7444.607796830917
11703164422,525.6484633339945
11703164423,6478.920885423964
11703164424,517.2266654718048
11703164425,13167.444496926053
11703164426,1280.9110006793771
11703164428,8074.33699059768
11703164429,344.3544208322713
11703164501,490.7087520170434
11703164502,2289.7127603275317
11703164503,3551.7991406929095
11703164504,23237.035149634394
11703164505,460.5477181753428
11703164506,1872.3754857172123
11703164507,1648.298684919813
11703164508,913.8598248820232
11703164509,617.3134041030753
11703164510,4850.224546617345
11703164511,826.7999778267297
11703164512,569.5421016700493
11703164513,925.6982056656726
11703164514,711.3872860495554
11703164515,621.4316130287922
11703164516,10244.094048747871
11703164517,583.8217592293537
11703164518,453.1654448253175
11703164519,938.0301604029426
11703164520,901.8359264181962
11703164521,20462.97277043341
11703164522,757.204614109016
11703164523,559.435919509225
11703164524,535.3979855038353
11703164525,1804.8927741295338
11703164526,678.4260258269549
11703164527,1896.457679338317
11703164528,546.2052412501857
11703164529,10825.53201833981
11703164530,3264.177906810032
11703164531,4777.120570560181
11703164532,8642.163733122788
11703164533,956.5901534395832
11703164534,3769.308539914087
11703164535,2986.383346066217
11703164536,1120.7645040415102
11703164601,565.5121879643893
11703164602,1405.7647532556748
11703164603,475.3047517543592
11703164604,8241.204689036453
11703164605,542.2634967266381
11703164606,3022.7883012811876
11703164607,2619.9074543311967
11703164608,1764.3396725576993
11703164609,687.7694584565226
11703164610,3816.568990665396
11703164611,498.2956065312007
11703164612,2783.3762605374677
11703164613,2695.6197498362208
11703164614,555.3957067878006
11703164615,527.5932631910364
11703164616,481.26831836208436
11703164617,1286.0342075210692
11703164618,570.81959434495
11703164619,485.5497347200061
11703164620,3427.1251569347996
11703164621,460.7437539533978
11703164701,802.8953232149057
11703164702,732.1988919294772
11703164703,515.3226334051944
11703164704,672.5996772255907
11703164705,591.7003884972596
11703164706,1011.3521437209243
11703164707,686.9781311736095
11703164708,499.29856352089445
11703164709,697.983449449319
11703164710,501.8700403992675
11703164711,619.343049748186
11703164712,10952.971515970821
11703164713,700.0029206092689
11703164714,726.0701111082827
11703164715,409.22823844861324
11703164716,1475.0181510672628
11703164717,1881.0507535020852
11703164718,560.1602266025442
11703164719,601.7497335908403
11703164720,551.9339853351914
11703164721,649.9897053664466
11703164722,1328.5283987283688
11703164723,489.77656097240816
11703164724,756.9854436674622
11703164725,626.5852175372902
11703164726,637.428090095526
11703164727,638.4082552151864
11703164728,2081.6779006386346
11703164729,457.228456343854
11703164730,451.4228614732957
11703164731,686.5720755896458
11703164732,704.2154116956054
11703164733,610.2091684052943
11703164801,1068.216029851546
11703164802,560.2179645127961
11703164803,683.8643428467557
11703164804,533.20699085388
11703164805,585.3125506495537
11703164806,486.34027422415244
11703164807,574.7755605296221
11703164808,429.3470572045352
11703164809,428.99304832071425
11703164810,469.4892057162175
11703164811,2221.4392921016965
11703164812,418.61344276306176
11703164813,569.7881458223385
11703164814,593.0502879383528
11703164815,596.4352076033488
11703164816,654.215363757026
11703164817,534.3761794517575
11703164818,15442.450563257005
11703164819,541.1874873984563
11703164820,534.4899869708596
11703164821,637.6019748281371
11703164822,506.2719963497106
11703164823,730.0589119022648
11703164824,441.55719541188455
11703164825,711.4555928102178
11703164826,515.8676746855766
11703164827,458.5254079725003
11801133901,549.2469186560486
11801133902,477.8033523950513
11801133903,367.7807015932463
11801133904,671.5019932478526
11801133905,433.7246850835717
11801133906,451.1159344713563
11801133907,371.6680456337278
11801133908,387.3651865060694
11801133909,259.7446796157071
11801133910,511.63780979899224
11801133911,551.7765653336802
11801133912,461.7401730052391
11801133913,450.68194097207817
11801133914,408.81863236179555
11801133915,465.4640535275915
11801133916,456.02719584852844
11801133917,439.41063824902034
11801133918,391.92263596505984
11801133919,531.2271300450705
11801133920,340.8115580303278
11801133921,466.59370730987325
11801133922,527.6492661926264
11801133923,746.3006288432349
11801133924,464.29796444544894
11801133925,395.4542023358596
11801133926,400.2360274776357
11801133927,504.8407218076624
11801133928,360.31405994465314
11801133929,446.09941584908387
11801133930,426.73511258714854
11801133931,383.8388802503786
11801133932,432.19285271481124
11801133933,620.5062864634258
11801133934,643.7785232307176
11801133936,532.6081599387725
11801133937,499.7961352199854
11801133938,506.1384904935361
11801133939,500.0610059722867
11801133940,658.1222092691546
11801133941,463.16141104136534
11801133942,453.4740368097996
11801133943,723.4552422381723
11801133944,447.7772269063737
11801133945,474.7476483801653
11801133946,396.7467952986639
11801133947,413.51390505771764
11801133948,497.985151668772
11801133949,652.7670442511408
11801134001,496.3965906230496
11801134002,397.92102064484465
11801134003,538.6211742212034
11801134004,554.736291973531
11801134005,565.2773850309128
11801134006,470.3178028273909
11801134007,520.0618125992436
11801134009,522.5870604727684
11801134010,871.6055760560545
11801134012,667.3715828195353
11801134013,1211.6961846112838
11801134014,612.5444291825644
11801134015,509.90370596528186
11801134016,450.9465457658718
11801134017,463.5884174992885
11801134018,636.2821356682498
11801134019,402.3458554765076
11801134020,414.2267451794494
11801134021,477.79714865915116
11801134022,494.0029036814025
11801134023,431.1337222873638
11801134024,503.71894355175385
11801134025,566.7081870125281
11801134026,549.9984569141749
11801134027,429.85209719092904
11801134028,438.53788910392944
11801134029,484.2747890296354
11801134030,611.643364099823
11801134031,541.4228099787036
11801134032,450.14878771768275
11801134033,543.1851247392276
11801134034,330.8670649579247
11801134035,364.84196372327426
11801134036,485.3578913834503
11801134037,380.7382681020771
11801134038,477.56325825461244
11801134039,485.56409241762634
11801134040,394.7791014299299
11801134041,319.56319379353704
11801134042,660.9031334469585
11801134043,585.7211474907232
11801134044,356.285179442952
11801134045,428.84125795468765
11801134046,462.81681159943815
11801134047,481.6653051119634
11801134048,426.5859412880249
11801134049,410.11350705754353
11801134050,686.0683579593369
11801134051,550.045185348628
11801134101,466.4485307572116
11801134102,443.3631207249027
11801134103,570.1521666464988
11801134104,373.09850984857206
11801134105,3058.068022251592
11801134107,437.443621079156
11801134108,966.6679751410562
11801134109,541.07422112414
11801134110,496.7237111415492
11801134111,2443.852940947981
11801134112,524.1040357456803
11801134113,372.5017034167073
11801134114,2991.9643297972134
11801134115,417.6254398638392
11801134116,2551.293773307339
11801134118,453.00523668991536
11801134119,470.94465570943163
11801134120,508.9956991248107
11801134121,826.2302760031052
11801134122,524.3838275119558
11801134123,521.8135422928312
11801134124,567.3991569429312
11801134125,508.00620681367457
11801134126,594.7096261838205
11801134127,673.5744261929992
11801134128,501.6380482126676
11801134129,453.308405775608
11801134130,432.610212774409
11801134131,457.7880151145063
11801134132,386.0630379484217
11801134133,621.2477085951936
11801134134,502.5556170866058
11801134135,520.1876248322665
11801134136,476.7008121943074
11801134137,454.0312401369218
11801134138,698.8185606331377
11801134139,460.43180457641995
11801134140,473.276406461195
11801134141,481.684746713383
11801134142,11806.82420963685
11801134143,2659.3979148497915
11801134201,491.00131769497756
11801134401,686.8960705361532
11801134402,389.7713081492433
11801134403,509.50873754012656
11801134404,541.3423894181444
11801134405,513.9938229505702
11801134406,573.6099899841907
11801134407,589.5973613970536
11801134408,535.2980446405379
11801134409,553.8642231875227
11801134410,471.85189308445746
11801134411,462.82988133004625
11801134412,751.1098901918085
11801134413,453.4056709172883
11801134414,515.4933685297058
11801134415,540.0881644740838
11801134416,420.8360559386541
11801134417,434.8861657826526
11801134418,590.9410803602115
11801134419,524.8139472836866
11801134420,430.4741217068095
11801134421,432.3554201329115
11801134422,524.636388379858
11801134423,417.8590713145079
11801134424,543.5420497579872
11801134501,1288.3156027841926
11801134502,700.2398985936646
11801134503,577.4952807061902
11801134504,455.1914723752263
11801134505,492.38839202075985
11801134506,747.5764012842612
11801134507,497.78579142447614
11801134508,774.796165933176
11801134509,993.7629368153695
11801134510,740.1864255915982
11801134511,480.391874162546
11801134512,468.6772491963506
11801134513,365.0428719715733
11801134514,390.92379480721837
11801134515,1965.5692799623591
11801134516,520.677017949617
11801134517,357.2033828062782
11801134518,522.3782586899518
11801134519,658.9904011236996
11801134520,750.3661571025634
11801134521,384.03615818286363
11801134522,11533.959521574247
11801134523,487.352649971131
11801134524,568.42311877551
11801134525,445.55216134057633
11801134526,533.9790728897173
11801134527,479.87470559819985
11801134528,499.60442781272826
11801134529,484.6842344413235
11801134530,654.7800810731158
11801134531,397.99146026610265
11801134532,296.7883102998589
11801134533,478.3018968605101
11801134534,499.1932111069055
11801134535,638.5896587102333
11801134536,1569.0894832065167
11801134537,598.7887257297574
11801134601,927.108770719575
11801134602,335.9354932425984
11801134603,456.1884414626582
11801134604,357.3732882879031
11801134605,347.1827818661667
11801134606,405.63417136045103
11801134608,377.6873898535304
11801134609,470.02240148924886
11801134610,1466.958308243312
11801134611,457.4318672599573
11801134612,533.7249418072762
11801134613,394.8637945441968
11801134614,415.9934201195207
11801134615,440.2792764001958
11801134616,746.9206479811985
11801134617,460.2523613343929
11801134618,604.819368621538
11801134619,358.93348829300595
11801134620,665.7739383152878
11801134621,417.91717844562135
11801134622,770.4073026934977
11801134623,348.0501520121765
11801134624,516.6389150389623
11801134625,639.6472100409319
11801134626,493.77873899326346
11801134627,457.9524622275841
11801134628,477.0616971993934
11801134629,373.99519955500915
11801134630,460.91386230043804
11801134631,390.1875092843995
11801134632,640.5154961039889
11801134701,763.6617799916218
11801134702,496.71993378241046
11801134703,524.5509103076972
11801134704,562.4737678543947
11801134705,522.7008993269541
11801134706,637.9966088112484
11801134707,438.90636922596724
11801134708,570.6205014183599
11801134709,422.19164180650523
11801134710,447.0454075041201
11801134711,372.37408701550277
11801134712,494.2800338781836
11801134713,422.6339007978825
11801134714,574.1482139254834
11801134715,515.8409958771857
11801134716,563.4055177093908
11801134717,443.4951401853473
11801164901,508.5232464512657
11801164902,414.88686122997683
11801164903,578.0467596759826
11801164904,465.2791642387023
11801164905,583.3782128830123
11801164906,631.6342869444943
11801164907,404.51345980515464
11801164908,445.46307494809076
11801164909,470.8781279143777
11801164910,538.641036604998
11801164911,477.1582521294659
11801164912,415.26516990177083
11801164913,490.12528477749674
11801164914,312.7068321522801
11801164915,466.2089019600187
11801164916,369.82490972940724
11801164917,582.5408849654405
11801164918,340.4778712033426
11801164919,451.84499524449063
11801164920,437.15132304935
11801164921,460.3503824413566
11801164922,381.866559474773
11801164923,401.3361926802412
11801164924,454.64579835922416
11801164925,308.5182179191372
11801164926,720.2273027298827
11801164927,505.00178044161123
11801164928,385.43744297991054
11801164929,419.70091687302266
11801164930,491.7165951135501
11801164931,410.99860241948386
11801164932,536.6470491335373
11801164933,447.90554145585
11801164934,513.5990206066436
11801164935,325.0920668103952
11801165001,630.3246753875775
11801165002,515.1194254425712
11801165003,470.0059265296732
11801165004,639.582951277541
11801165005,553.7827994819803
11801165006,429.7574447560326
11801165007,564.1787329761283
11801165008,2644.8056485887455
11801165009,378.7826094086636
11801165010,493.9371692923333
11801165011,463.3461657363538
11801165012,6171.227322243021
11801165013,430.89540185855907
11801165014,5669.793486940369
11801165015,445.12449564703616
11801165016,673.8111080353535
11801165017,500.2039873717346
11801165018,938.4462404089957
11801165019,896.5170599272953
11801165020,456.14738445414486
11801165021,917.3492306803616
11801165022,518.24726134523
11802156401,463.310325913978
11802156402,536.286157077275
11802156403,890.7656751381385
11802156404,716.1899273050545
11802156405,451.51727765109223
11802156406,593.2832213198756
11802156407,554.1318661512902
11802156408,508.675876232254
11802156409,477.74363672437386
11802156410,643.705383962364
11802156411,513.8645519067394
11802156412,599.3266730043564
11802156413,496.4521918701189
11802156414,916.9613580600171
11802156415,364.0536622607532
11802156416,599.0722300171756
11802156417,365.637046676449
11802156418,1622.0460886432643
11802156419,453.3152325867476
11802156420,587.6062864194254
11802156421,1233.2710715764406
11802156422,479.25530988065617
11802156423,483.49809914800574
11802156424,473.6390177401672
11802156425,470.98943778285764
11802156426,504.2190118787524
11802156427,442.7453182085618
11802156428,422.62822426358485
11802156501,536.9030837219278
11802156502,619.3792873333002
11802156503,560.7603901353401
11802156504,525.7456076003956
11802156505,542.7855373711508
11802156506,496.96855305404085
11802156507,497.37079467830984
11802156508,696.3984715188511
11802156509,492.89522340029384
11802156510,615.1926454052378
11802156511,670.1938275046847
11802156512,528.1651735222547
11802156513,540.6090162197943
11802156514,606.2857127599165
11802156515,891.3687294287338
11802156516,596.2724608003429
11802156517,528.4239254343455
11802156518,561.54809961903
11802156519,437.87596070654337
11802156520,518.8167407950222
11802156521,559.2124138910101
11802156522,527.8149981124102
11802156523,559.4841556917578
11802156524,512.2381263652821
11802156525,466.93287100232226
11802156526,439.08527611053916
11802156527,654.6203028150309
11802156528,521.6992984173443
11802156529,542.630284634605
11802156530,536.5428749436413
11802156531,428.5719272351602
11802156532,609.965944521828
11802156533,471.03563965098476
11802156601,858.2136975670625
11802156602,568.7017825161166
11802156603,597.2121857037367
11802156604,497.28667904389744
11802156605,531.8771084053911
11802156606,410.14867068096015
11802156607,560.4233655632728
11802156608,495.88937809999794
11802156609,465.7536839150209
11802156610,476.1762396807943
11802156611,629.4487562961374
11802156612,561.0733874560907
11802156613,629.3820424984464
11802156614,475.9244623261295
11802156615,486.5364401566162
11802156616,494.354177354491
11802156617,538.138412828745
11802156618,433.20468038853943
11802156619,599.3251401100453
11802156620,434.3908756425208
11802156621,650.5353721702523
11802156701,574.944277015593
11802156702,495.71382688843096
11802156703,868.5285432990528
11802156704,530.839864792331
11802156705,606.3662743107452
11802156706,508.27622142718724
11802156707,644.4357082586145
11802156708,598.5024449308162
11802156709,611.8068535876446
11802156710,517.8070812965947
11802156711,693.6453974295586
11802156712,564.0759299903297
11802156713,535.6859754888474
11802156714,771.7264700486336
11802156715,487.3137068447898
11802156716,470.6783902334545
11802156717,493.6615675981324
11802156718,498.54342492181144
11802156719,754.221700061797
11802156720,1045.4312479739563
11802156721,544.5193788027536
11802156722,510.33443963150086
11802156723,672.8713955632699
11802156724,592.287270583122
11802156725,579.9300468849405
11802156801,765.6244381352661
11802156802,485.46270150534895
11802156803,1393.3929808074668
11802156804,566.5796559716341
11802156805,492.0525341120503
11802156806,565.8109184210515
11802156807,491.87157106764096
11802156808,588.0100704845674
11802156809,495.7608903843697
11802156810,527.3974871721309
11802156811,558.4832596084179
11802156812,563.0246029208402
11802156813,558.9391884722038
11802156814,526.9143661118496
11802156815,614.2668576854602
11802156816,614.6132099752764
11802156817,445.95067223490014
11802156818,450.70325953690235
11802156819,1084.3908620730833
11802156820,713.4258991096419
11802156821,456.02719584852844
11802156901,3338.1171699214924
11802156902,546.0116333326527
11802156903,456.7555705985893
11802156904,490.29008965456705
11802156905,497.49670958195225
11802156906,443.4918337544057
11802156907,445.8402018122166
11802156908,423.9292798765276
11802156909,476.60583676424375
11802156910,514.1534730051388
11802156911,533.2548248595926
11802156912,496.50505446397483
11802156913,486.65121706329404
11802156914,710.6353584051298
11802156915,537.6031072663391
11802156916,497.9371916383146
11802156917,390.17264221460516
11802156918,375.5363681308393
11802156919,562.4281123411811
11802156920,488.5707514557688
11802156921,589.4471084514722
11802156922,571.3710135573119
11802156923,497.7410648202207
11802156924,545.0694984445702
11802156925,509.7078935085052
11802156926,603.5865592157011
11802156927,553.484648771487
11802156928,526.6917590652727
11802156929,525.6565363927677
11802156930,475.4688597162866
11802156931,603.7113881798465
11802156932,600.4304835299996
11802156933,679.3728810190815
11802156934,590.4548213793959
11802156935,528.4221798782045
11802156936,520.0313678593805
11802156937,390.9059177891163
11802156938,835.1117065595483
11802156939,417.33043445332015
11802156940,403.03427060353056
11802157001,1362.114309330572
11802157002,399.27316202076713
11802157003,567.7108067734009
11802157004,510.2424722479796
11802157005,2410.5228156511066
11802157006,626.3968134671304
11802157007,710.3247462457779
11802157008,848.756107786862
11802157009,585.1492548667436
11802157010,495.3126128668044
11802157011,554.2470649183798
11802157012,468.4717014525185
11802157013,356.536263876582
11802157014,518.0252024067573
11802157015,821.5874787429346
11802157017,515.5770452568765
11802157018,456.23593347531715
11802157019,1613.0235909303146
11802157020,513.9273147368893
11802157021,869.6989837663028
11802157022,442.1752266293735
11802157023,511.83284309149553
11802157024,639.2309227606697
11802157025,442.7640777320516
11802157026,494.0023540539878
11802157027,455.03854901535914
11802157028,15054.934443301006
11802157029,525.6376772794993
11802157030,483.7604527993874
11802165101,450.78469713357305
11802165102,433.68497323826074
11802165103,625.2043051413267
11802165104,515.5554314778801
11802165105,603.105599146256
11802165106,517.2843639912697
11802165107,585.1730278140211
11802165108,484.4311200341498
11802165109,590.9615368151275
11802165110,565.2175569113712
11802165111,487.83670558390685
11802165112,383.88715769264115
11802165113,472.18337007461696
11802165114,480.3041466798364
11802165115,568.6918025144452
11802165116,490.7581098425948
11802165117,509.99705133456706
11802165118,437.14399248667695
11802165119,499.63106341844025
11802165120,545.0308569290627
11802165121,365.79209981136034
11802165122,494.3915566777909
11802165123,497.66421572123136
11802165124,649.644385150987
11802165125,340.64665859796315
11802165126,526.8603386684042
11802165127,384.01228020953016
11802165128,395.99135344990265
11802165129,586.4614519676181
11802165130,541.170883012377
11802165131,527.7964551765549
11802165132,566.6126179085263
11802165133,467.1284527904831
11802165134,484.8348696930876
11802165135,384.91973367826216
11802165136,430.0418147237983
11802165137,479.1154370004942
11802165138,371.23823948251857
11802165139,588.3828510975433
11802165140,506.915627934713
11802165141,494.6707772913481
11802165142,485.93211632756015
11802165143,472.2928324909429
11802165144,492.24149055928353
11802165201,573.894770820165
11802165202,560.4005144969071
11802165203,520.4480856939284
11802165204,721.6259441669849
11802165205,452.102048151373
11802165206,449.3371851268433
11802165207,570.3806988428648
11802165208,449.3371851268433
11802165209,536.3898630595038
11802165210,591.2120535421573
11802165211,503.4146137280328
11802165212,498.42151549540273
11802165213,554.5280777582093
11802165214,578.4535022374258
11802165215,426.6672004409674
11802165216,649.6496829481415
11802165217,451.37087967901545
11802165218,495.8075545470512
11802165219,390.40376262624125
11802165220,631.1125960314093
11802165221,470.9743226678606
11802165222,534.6233551299819
11802165223,529.4399852638634
11802165224,509.6546657858538
11802165225,1031.6769951787703
11802165226,515.6020072071906
11802165227,573.0598739161484
11802165301,486.6107225478561
11802165302,593.4550153329254
11802165303,576.6985322219289
11802165304,765.5714076511794
11802165305,555.1855767215452
11802165306,627.6174391905956
11802165307,594.4336341125165
11802165308,561.4349252279022
11802165309,700.5812360661978
11802165310,686.5705714968306
11802165311,465.67781561460237
11802165312,504.69036574132826
11802165313,847.1534237976425
11802165314,554.1090873006548
11802165315,507.7099667714043
11802165316,521.3307407360943
11802165317,560.1951025909538
11802165318,600.7954677178722
11802165319,441.2608884625088
11802165320,557.8232819840213
11802165321,1132.590550165821
11802165322,581.6608648416241
11802165323,487.6536741344466
11802165324,490.94441808112964
11802165325,482.6275149740506
11802165326,746.3757720785135
11802165327,444.7413579331053
11802165328,564.6576204116159
11802165329,715.9632751117794
11802165401,651.8944970232493
11802165402,352.83206970099724
11802165403,403.8472387399603
11802165404,375.4928189288716
11802165405,410.3194792299394
11802165406,421.90440062116437
11802165407,355.8993319924999
11802165408,497.81447129031085
11802165409,392.40365481021513
11802165410,409.82578705436487
11802165411,381.8202922875537
11802165412,452.12759298044153
11802165413,748.8849100038033
11802165414,468.5475358621439
11802165415,393.1485636635967
11802165416,681.1372644985526
11901135401,561.3294158797152
11901135402,576.9150908046037
11901135403,729.245383677025
11901135404,585.9983100710734
11901135405,535.8707713555732
11901135406,659.3576144651832
11901135407,475.55191398073663
11901135408,570.8396488822451
11901135409,660.3018802991448
11901135410,1165.165046076727
11901135411,603.438582811323
11901135412,879.7599288830218
11901135413,779.963995552792
11901135414,689.6644701487927
11901135415,1977.621607189615
11901135416,442.7453182085618
11901135417,548.4151185099207
11901135418,670.2051660004248
11901135419,839.6923824607413
11901135420,592.040406665275
11901135421,863.7806697140868
11901135422,971.9823968156923
11901135423,423.5457791031616
11901135424,518.9719005783694
11901135425,505.62203712066696
11901135426,632.9240054690765
11901135427,718.5675231681752
11901135428,530.9497097566822
11901135429,535.126010207813
11901135430,454.6497615400461
11901135431,552.5331428827428
11901135432,536.8562771449734
11901135433,503.31659041729847
11901135434,535.001328465048
11901135435,777.4925422217834
11901135436,568.7610073818404
11901135437,462.81681159943815
11901135438,507.2556438538536
11901135439,719.743291295779
11901135440,520.801682640116
11901135441,633.1531081172864
11901135442,566.1862824595206
11901135443,614.1385218435104
11901135444,658.5688295509574
11901135445,856.2879594059962
11901135446,693.5976070546517
11901135447,689.2954074464658
11901135448,577.8823822324148
11901135449,465.8807373914029
11901135450,754.5492054588545
11901135451,619.7903952742101
11901135452,643.8981413921442
11901135453,565.8656234483143
11901135454,615.4258260786535
11901135501,499.4517700077615
11901135502,2355.6984979504236
11901135601,547.0818602290227
11901135602,487.1375875163621
11901135603,578.8953227903198
11901135604,707.4358167071952
11901135605,476.7008121943074
11901135606,676.2328611453548
11901135607,523.9012738315637
11901135608,723.05137810415
11901135609,715.2484556073515
11901135610,846.1410730805364
11901135611,740.7251522554428
11901135612,750.8589728189771
11901135613,757.4677387426963
11901135614,668.3409090438936
11901135615,684.1375907984625
11901135616,530.3799977521131
11901135617,626.9306485997635
11901135618,671.8456697240874
11901135619,866.1626422106818
11901135620,451.93260534610204
11901135621,601.9762792303725
11901135622,472.94301751154836
11901135623,835.4012811834673
11901135624,635.047389754656
11901135625,636.1480692854473
11901135626,1144.971420259874
11901135627,557.6218526833478
11901135628,736.1249507829792
11901135629,501.8781973368059
11901135801,666.4820594416412
11901135802,491.6927894633273
11901135803,623.2306122184557
11901135804,739.2563798941978
11901135805,511.0467838823199
11901135806,401.5889877176846
11901135807,493.95968973841826
11901135808,642.5422452346345
11901135809,852.8141203335708
11901135810,697.6964127933065
11901135811,577.8930604499367
11901135812,527.5371875231825
11901135813,515.9247290324707
11901135814,649.2041521180155
11901135815,1060.9020203590298
11901135816,1681.0528261661004
11901135817,464.2423966301132
11901135818,585.8336739369032
11901135819,580.0709876989184
11901135820,617.7503202925982
11901135821,619.2147827496472
11901135822,881.234262562936
11901135823,730.5504457239292
11901135824,456.2722412827195
11901135825,358.041640669948
11901135826,549.172648918169
11901135827,531.3404436468975
11901135828,588.7326719163814
11901135829,541.3672327409873
11901135830,552.2774398163128
11901135831,600.5003410932795
11901135832,516.0866836421097
11901135833,532.53637840234
11901135834,589.5031589095704
11901135835,442.7453182085618
11901135836,513.4176946036744
11901135837,446.9858701782609
11901135838,698.6438954237127
11901135839,589.47396331778
11901135840,524.970491162799
11901135841,503.4516502261652
11901135842,665.4606694856616
11901136001,827.1307930859643
11901136002,705.3234748064359
11901136003,706.0502728402236
11901136004,602.5798159008083
11901136005,620.2523063569848
11901136006,574.1997404802113
11901136007,624.1332557838302
11901136008,624.5007647923793
11901136009,645.06056478326
11901136010,565.9243453596133
11901136011,575.3045906344443
11901136012,527.5462093165208
11901136013,582.5721359806308
11901136014,694.0867954577112
11901136015,483.5525607350805
11901136016,716.1856583834272
11901136017,707.8987892972589
11901136018,797.0778448298449
11901136019,1972.172143067222
11901136020,491.72538777055564
11901136021,521.5587630674378
11901136022,655.6110448337466
11901136023,564.4757943040458
11901136024,646.67610899777
11901136025,482.63122388037374
11901136026,653.2872201415686
11901136027,731.5421419667992
11901136028,3001.0529478576705
11901136029,758.1705472846413
11901136030,576.1005258574062
11901136031,484.54994646051375
11901136032,702.5717097480715
11901136033,693.6901754294616
11901136034,472.6276874530546
11901136035,708.383658188586
11901136101,550.7136530209535
11901136102,442.7453182085618
11901136103,528.2356205626421
11901136104,804.3447180075045
11901136105,624.2002007150618
11901136106,673.2255410306577
11901136107,789.1179861785893
11901136108,822.7807114258383
11901136109,589.4943216160458
11901136110,542.6896950971129
11901136111,631.8267785283335
11901136112,703.171616928983
11901136113,847.5000585993753
11901136114,742.2631783916275
11901136115,707.9157836056138
11901136116,574.3303624616194
11901136117,1597.9517979838693
11901136118,845.2979785367372
11901136119,1061.5398414414803
11901136120,601.9698027514522
11901136122,774.4524374669719
11901136123,816.3450167234433
11901136124,677.9806749953524
11901136125,555.6616551927247
11901136126,706.9170410881048
11901136127,696.4521104354784
11901136128,577.9770877668692
11901136129,603.0444286234496
11901136130,577.8179195048857
11901136131,554.5105487805816
11901136132,708.1297542124933
11901136133,596.4991132146453
11901136134,764.8885842030738
11901136135,559.7931596097753
11901136136,593.3078283028113
11901136137,706.519799294142
11901136138,596.05082365564
11901136139,515.9454587898787
11901136140,661.3076988417083
11901136141,549.0660621788356
11901136142,813.0722960812457
11901136143,542.9859979757888
11901136144,562.8826454130973
11901136145,617.2001403181895
11901136146,629.9118108335608
11901136147,398.9770895191518
11901136148,603.3266123093982
11901157101,511.43687310920325
11901157102,987.9918495224659
11901157103,647.8132382551674
11901157104,652.618657984041
11901157106,572.8598287253903
11901157107,599.4556264475223
11901157108,4020.5352107008616
11901157109,574.1039747452684
11901157110,795.9616366633578
11901157111,1378.0437076387036
11901157112,537.4076849991526
11901157113,629.1123644534752
11901157114,570.1077056722196
11901157116,653.788575550185
11901157117,529.9538321683857
11901157118,556.9515283524112
11901157119,597.8064203715085
11901157120,503.1894448816521
11901157121,449.3371851268433
11901157122,603.6076749198238
11901157123,540.8415376022501
11901157124,774.7476808390331
11901157125,806.0445376891956
11901157126,1890.154844729821
11901157127,590.9698673109538
11901157128,612.0106224662155
11901157129,549.5388092272856
11901157130,618.5137825780397
11901157131,699.2731880468823
11901157132,597.3556409757266
11901157133,561.1033001804219
11901157134,512.4285219394877
11901157135,519.8519745427418
11901157136,551.5035760084419
11901157137,647.952118876966
11901157138,12697.428824892488
11901157139,10952.971515970821
11901157140,522.384633754582
11901157141,5517.8190289004915
11901157142,2772.998746256261
11901157143,787.6160423604463
11901157144,1814.924711694032
11901157145,816.1933566059254
11901157201,550.7980811733637
11901157202,442.7453182085618
11901157203,470.58024792527715
11901157204,466.896319946911
11901157205,764.1531833252222
11901157206,454.12075865802484
11901157207,757.9248083307118
11901157208,3251.933841656344
11901157209,697.5331808080567
11901157210,557.3308146582343
11901157211,582.0926498973054
11901157212,777.4416948812359
11901157213,598.2279107774514
11901157214,717.3638400482281
11901157215,860.7138449002225
11901157216,678.0966149318936
11901157217,616.9538327391253
11901157218,344.0492121898138
11901157219,885.8496167503997
11901157220,403.27360626791926
11901157221,783.2315226072982
11901157222,605.7121105126536
11901157223,687.2945685352269
11901157224,754.476233450323
11901157225,1453.359728672569
11901157226,614.3673850398574
11901157227,605.4321582395362
11901157228,4796.859021141656
11901157229,664.3081371944238
11901157230,608.1753360863447
11901157231,541.0926471755376
11901157232,499.8507813841852
11901157233,462.81681159943815
11901157234,751.7759811594888
11901157235,555.8975584781226
11901157236,670.1600129890229
11901157237,696.235854738934
11901157238,419.35069120973435
11901157239,389.8228444589339
11901157240,538.4884454105561
11901157242,732.0935016266728
11901157243,627.4027961188932
11901157244,790.9320070377437
11901157245,928.420124507843
11901157246,687.9368362967261
11901165501,319.5353199439283
11901165502,816.8709685963096
11901165503,666.1647516261227
11901165504,798.2232124896924
11901165505,660.4491955099609
11901165506,534.8705653607127
11901165507,564.4720261811539
11901165508,636.2189227262025
11901165509,747.6870233773352
11901165510,597.2291532067043
11901165511,640.3078744111262
11901165512,779.2907343166644
11901165513,505.91531222344804
11901165514,722.3253827959063
11901165515,792.7389866170495
11901165516,613.04440051363
11901165517,559.5489605264324
11901165518,605.4937706500202
11901165519,1142.8703378331581
11901165520,1591.0605525602452
11901165521,915.0137787136672
11901165522,653.8468144801257
11901165523,4631.73906031325
11901165524,815.057334967628
11901165525,498.90495997131137
11901165526,777.2465403509487
11901165527,2348.7221064552396
11901165528,874.1480128237996
11901165529,681.9967515208128
11901165530,626.6417518396639
11901165531,551.1724815109408
11901165601,508.61471731247354
11901165602,740.3342083966517
11901165603,567.44978493473
11901165604,712.7088797186964
11901165605,654.0159812033846
11901165606,586.7752532411965
11901165607,702.0523512940018
11901165608,667.2893580682111
11901165609,780.1446650955537
11901165610,619.0657086462992
11901165611,524.6780793312496
11901165612,582.2243996291018
11901165613,635.9087802331044
11901165614,585.2453459158783
11901165615,493.4504449661613
11901165616,843.8325111222985
11901165617,531.1373859876115
11901165618,872.8221868402225
11901165619,649.4017995432297
11901165620,876.5587352707967
11901165621,681.1465146991596
11901165622,961.2583120663159
11901165623,717.9508329839933
11901165624,594.3802439967911
11901165625,910.3316360548073
11901165626,598.9966917667814
11901165627,535.6031080816543
11901165701,545.2294951749509
11901165702,565.1348595207551
11901165703,685.369529319484
11901165704,696.0401914522004
11901165705,609.2206008286607
11901165706,252.95633968327607
11901165707,699.1159140028304
11901165708,691.4436926678819
11901165709,217.82637460287614
11901165710,622.4232250019807
11901165711,498.74782517807523
11901165712,560.6877470131201
11901165713,686.7612253245827
11901165714,486.2258773680288
11901165715,586.79732890726
11901165716,532.7472057189337
11901165717,661.6309649083975
11901165718,535.8009960771448
11901165719,513.8317824973959
11901165720,476.2911346954524
11901165721,568.5420253558445
11901165722,574.465336544832
11901165723,449.3371851268433
11901165724,498.2341070238334
11901165725,935.2163591135652
11901165726,548.1936579970468
11901165727,538.2006649189364
11901165728,548.4690161113203
11901165801,678.9614077018542
11901165802,607.8660771844371
11901165803,623.6897648793346
11901165804,661.064268719366
11901165805,558.2948472632695
11901165806,550.6825382401479
11901165807,501.08110271925744
11901165808,712.1036619262987
11901165809,442.7453182085618
11901165810,653.6338469750144
11901165811,517.6411313000499
11901165812,666.0943185113756
11901165813,634.9140788344665
11901165814,518.2717759459533
11901165815,705.792177990274
11901165816,628.3395026054868
11901165817,511.555112652115
11901165818,665.3402735399626
11901165819,647.3114682264262
11901165820,886.2575434393239
11901165821,534.1681752873361
11901165822,547.2693195195108
11901165823,847.5925135409816
11901165824,560.5732093036086
11901165825,716.1956034093313
11901165826,494.97037182730793
11901165827,635.3093809556972
11901165828,751.8391543794153
11901165829,442.5072128936848
11901165830,531.7101192510746
11901165831,531.37693212009
11901165832,580.1539542814741
11901165833,665.742148867637
11902136201,489.9729495639976
11902136202,477.52178362813345
11902136203,726.3409529701455
11902136204,1035.8472823805944
11902136206,833.315376392642
11902136207,655.7857076581251
11902136208,541.1912614520322
11902136209,650.0498948106369
11902136210,549.8777962894845
11902136212,703.1027507084813
11902136213,634.7313170059003
11902136214,614.2334695575202
11902136215,580.3951962163637
11902136216,600.8203656531
11902136217,608.5037153189395
11902136218,837.8683551736385
11902136219,986.1576566786575
11902136220,578.8668451129423
11902136221,628.7754528990966
11902136222,602.6316821893362
11902136223,678.1403891863905
11902136224,623.6719954161543
11902136225,641.3792692553532
11902136226,631.9164397455961
11902136227,700.0626264448302
11902136228,696.3215630593355
11902136229,656.1071021712784
11902136230,705.5204610054643
11902136231,617.9030889558265
11902136233,577.64718035983
11902136234,902.2324903939412
11902136235,1704.3713790167928
11902136236,500.510423426352
11902136237,664.0822031912201
11902136238,654.455641308033
11902136239,967.4180628290316
11902136240,573.9119119204214
11902136241,482.4029844731409
11902136242,488.9851526333493
11902136243,1158.4686550836855
11902136244,780.7730237808437
11902136245,681.2372979765256
11902136246,538.3181024643322
11902136247,526.214927732716
11902136248,538.775279829236
11902136249,462.07260216086684
11902136601,549.592962268361
11902136602,705.2132412070123
11902136603,666.9551144952296
11902136604,645.8487711491968
11902136605,550.4344910802886
11902136606,831.4691112814188
11902136607,658.8321894649588
11902136608,558.545148845696
11902136609,846.2163203899136
11902136610,609.5750568269115
11902136611,618.6051849644207
11902136612,938.974800716719
11902136613,1250.474692168184
11902136614,1030.297711469146
11902136615,621.9530270802001
11902136616,645.1178337843786
11902136617,534.7829844591148
11902136618,672.4481555741771
11902136619,543.6462109196224
11902136620,591.7644451051567
11902136621,766.4012332184082
11902136622,562.7043985412976
11902136623,689.386223428242
11902136624,737.0014616721323
11902136625,530.7413469855202
11902136626,695.4166478636735
11902136627,603.557628355093
11902136628,584.1928158469459
11902136629,700.2387627018785
11902136630,585.8047675645813
11902136631,564.4030906315388
11902136632,779.6242744377756
11902136633,505.2442353229371
11902136634,608.2498202552554
11902136635,610.6733176393991
11902136636,671.6850728540481
11902136637,908.3957606775832
11902136638,823.5616144934698
11902136639,591.0325094607248
11902136640,564.8227385103486
11902136641,624.7733412061708
11902136642,675.3980525951791
11902136643,583.3805280043015
11902136644,413.56785964132575
11902136645,660.385785866994
11902136646,548.7745233232641
11902136647,507.5728796151652
11902136648,494.0829446096168
11902136701,575.1426158388065
11902136702,3589.299474903774
11902136703,541.5455904871272
11902136704,1241.1112645003782
11902136705,399.4706657202861
11902136706,650.3627119897377
11902136707,747.8882807128399
11902136708,1155.6079536900145
11902136709,769.2327491790197
11902136710,561.9702527617753
11902136711,654.674681107981
11902136712,682.0887025048559
11902136713,740.9257878267251
11902136714,548.0934220232656
11902136715,704.15185055656
11902136716,623.9057996447805
11902136717,668.8339401962895
11902136718,704.0764075208109
11902136719,675.1383852421557
11902136720,932.3545439070408
11902136721,2083.411294309955
11902136722,673.256313212964
11902136723,709.1121129838588
11902136724,1244.9630900912975
11902136725,718.0746953171738
11902136726,891.9380829921267
11902136727,713.7734221433186
11902136728,669.6534306683889
11902157301,689.5518988399456
11902157302,1350.2315414704753
11902157303,785.9042945161142
11902157304,640.3626575889706
11902157305,775.0887043114425
11902157306,672.2566867895661
11902157307,616.0919009512246
11902157308,946.1727662021981
11902157309,1325.8376672754637
11902157310,688.9046228537577
11902157311,1601.2979779235216
11902157312,667.3761372947134
11902157313,723.0813673441672
11902157314,678.9870760834987
11902157315,684.033280926253
11902157316,743.5309587796534
11902157317,563.5772121486085
11902157318,782.6395578780249
11902157319,753.1311685124887
11902157320,3965.2128635639733
11902157321,693.3586017797694
11902157322,1087.6245535843477
11902157323,963.7817894239297
11902157324,608.0998008720761
11902157325,652.9479966813925
11902157326,555.2118386118741
11902157327,579.3831998130931
11902157328,598.6114328721106
11902157329,621.409709758153
11902157330,604.0764405452561
11902157331,634.5613229588388
11902157401,590.2340738939246
11902157402,751.9501212781997
11902157403,655.3886548375057
11902157404,745.2515188393132
11902157405,610.5005025951775
11902157406,666.9957214373683
11902157407,698.0092926439297
11902157408,598.9671359010769
11902157409,570.674041605201
11902157410,629.225829496428
11902157411,558.0505785094381
11902157412,578.9599721136237
11902157413,822.0633627384607
11902157414,731.264906743081
11902157415,565.7752970700897
11902157416,1118.9428355375926
11902157417,774.0432933416245
11902157418,545.6229836640188
11902157419,630.9849818335455
11902157420,510.37552686170585
11902157421,656.1436393813871
11902165901,545.1186591933986
11902165902,1072.007072692718
11902165903,638.235878204356
11902165904,576.52303204978
11902165905,611.4465903682125
11902165906,607.9330135463432
11902165907,601.6217150219053
11902165908,527.0762700985468
11902165909,568.020477748703
11902165910,579.3832862309654
11902165911,479.9930034667133
11902165912,554.1303852226239
11902165913,682.7591130455356
11902165914,2118.803342790082
11902165915,724.8031134205174
11902165916,464.39869016716466
11902165917,529.7892759363135
11902165918,658.7301285978918
11902165919,459.8194721843288
11902165920,1446.068719658501
11902165921,508.15651321408666
11902165922,558.242987076454
11902165923,624.6115210376456
11902165924,691.3214187042383
11902165925,555.6410822971421
11902165926,555.0180048055289
11902165927,484.8319556869841
11902165928,644.4479266603428
11902165929,517.8845043867136
11902166001,593.2265256376355
11902166002,1178.0286312551632
11902166003,639.0580157269369
11902166004,1221.8159188678133
11902166005,542.2864105807719
11902166006,531.010521222993
11902166007,796.4365295410896
11902166008,621.8014965350567
11902166009,554.8245440730174
11902166010,1174.5796608079017
11902166011,559.1928511649922
11902166012,661.6926436505081
11902166013,742.3991713106658
11902166014,810.3601257139312
11902166015,631.600896615245
11902166016,539.1317682555912
11902166017,1676.8997890671883
11902166018,542.9425097073805
11902166019,1916.882606306683
11902166020,568.0817819189879
11902166021,516.8622766873069
11902166101,542.3892052466726
11902166102,618.4420564180106
11902166103,469.04689726475516
11902166104,938.7428398884663
11902166105,984.2779820145284
11902166106,589.4237973429166
11902166107,435.53082579252055
11902166108,580.6044189956991
11902166109,660.609704856863
11902166110,683.3771388968155
11902166111,546.8494033218641
11902166112,827.1819762144403
11902166113,688.3896193251039
11902166114,574.0721968537101
11902166115,1038.1865953910103
11902166116,669.2803834935825
11902166117,464.3421996848377
11902166118,512.3978776085247
11902166119,782.8106705557575
11902166120,660.4575325790927
11902166121,521.2492629941873
11902166122,553.40506447456
11902166123,777.8826448876754
11902166124,630.684270177634
11902166125,647.7167995648291
11902166126,545.5250824195841
11902166127,579.066776258162
11902166201,466.8466794756186
11902166202,491.64045617515103
11902166203,524.6245941138275
11902166204,682.6348874505628
11902166205,477.84531178692606
11902166206,446.9465538764273
11902166207,452.70883891430947
11902166208,543.8905315074921
11902166209,640.2789681189988
11902166210,510.10089832862303
11902166211,588.1891753648813
11902166212,474.1802712089256
11902166213,528.1572981928381
11902166214,581.9006376675279
11902166215,445.5918507479461
11902166216,477.07551920571086
11902166217,490.82598827632586
11902166218,581.5463983489038
11902166219,630.4852541845355
11902166220,465.43134906402463
11902166221,607.9867841794568
11902166222,584.8430914523957
11902166223,601.4738202607449
11902166224,459.5397041683497
11902166225,672.4876237141796
11902166226,535.7529336748704
11902166227,622.5036810076568
11902166228,874.4766756021555
11902166229,416.1420995967247
11902166230,476.15168452280625
11902166231,546.7436123815855
11902166232,502.4599049163036
11902166233,486.3325148995012
11902166234,618.4223014561276
11902166235,566.4381275138516
11902166236,765.5034456332269
11902166237,462.591559625633
11902166238,428.6951513591982
11902166239,701.2970905349139
11902166240,447.6733950208121
11902166241,497.1550065114389
11902166242,861.6932246695092
11902166243,575.8373770793094
11902166244,623.4471601868734
11902166301,623.6038125032978
11902166302,462.81681159943815
11902166303,675.6255817241071
11902166304,672.452096918339
11902166305,674.3041544418099
11902166306,588.3262525038689
11902166307,869.3494710677121
11902166308,495.72600028013653
11902166309,642.8717932262072
11902166310,571.7501514921194
11902166311,487.74904418655683
11902166312,524.2173270455028
11902166313,614.9355503172709
11902166314,579.5702332894077
11903137001,486.35382401165066
11903137002,574.7461120461884
11903137003,560.8208078521948
11903137004,1118.9175563874915
11903137005,758.6352350505149
11903137006,597.9614446971434
11903137007,1538.7072785630328
11903137008,1210.257226364364
11903137009,1316.8719815850857
11903137010,609.0141495286404
11903137011,729.7333984802501
11903137012,734.3959694511312
11903137013,735.8765552698927
11903137014,623.5381115295194
11903137015,667.9863833138559
11903137016,915.0222729064163
11903137017,613.1748707553628
11903137018,682.51538000039
11903137019,917.7027203409162
11903137020,595.1650986899542
11903137021,551.7867990470645
11903137022,540.1333694797465
11903137023,560.6019700938734
11903137024,702.5553674794517
11903137025,637.1393618891569
11903137026,963.944651521252
11903137027,500.1766900515599
11903137028,558.6171428151602
11903137029,531.4455217394502
11903137030,586.5543408149339
11903137101,434.787243100048
11903137102,433.4120535973789
11903137103,414.64053802468385
11903137104,509.05586457902626
11903137105,454.14251083922585
11903137106,549.2995496319328
11903137107,636.8305894927557
11903137108,677.896368960827
11903137109,615.8622117100665
11903137110,583.0546318663847
11903137111,856.0972669765131
11903137112,523.4423084385606
11903137113,443.35580303467003
11903137114,630.7527354041281
11903137115,589.7558781454626
11903137116,482.60320286522375
11903137117,409.4317747770746
11903137118,520.4862798536387
11903137119,469.6541284496376
11903137120,563.6862603485135
11903137121,539.5304046849092
11903137122,493.76599040769753
11903137123,433.70109527383244
11903137124,406.028263907364
11903137125,415.1161276252065
11903137126,1320.7550533264355
11903137127,557.9586005082198
11903137128,521.852010247353
11903137129,505.35253412137655
11903137130,453.2123206778558
11903137131,750.1026015194483
11903137201,617.056314521991
11903137202,558.6264270656103
11903137203,561.9675004725884
11903137204,420.717788187721
11903137205,427.77632764702383
11903137206,699.8552944833524
11903137207,538.7649660721889
11903137208,529.622255921555
11903137209,403.63940890145346
11903137210,643.2690912103653
11903137211,544.6829750614272
11903137212,524.224951253008
11903137213,697.5786499181154
11903137214,582.4467076037538
11903137215,497.1052278275284
11903137217,600.2994268401736
11903137219,735.9694675005587
11903137220,577.5416450191063
11903137221,645.0962722513948
11903137222,553.3585392699254
11903137223,695.7885170676137
11903137224,557.4014501224724
11903137225,450.4461494450292
11903137226,549.8127241546545
11903137227,620.0940563274108
11903137228,490.4818797145615
11903137229,480.6862841214239
11903137230,571.0294981533947
11903137231,581.0477758799868
11903137232,775.514945696579
11903137233,524.5857833734359
11903137234,546.2650807027359
11903137235,590.8096418335233
11903137236,514.1459363099787
11903137237,535.6188659664913
11903137238,697.1536783039529
11903137239,545.300072976703
11903137240,507.3737081983322
11903137241,654.6523120292427
11903137242,453.3827944112226
11903137243,468.0087878297586
11903137244,444.27926194592436
11903137245,486.0596789916156
11903137246,517.5205412142213
11903137247,533.2231918987304
11903137248,691.2423752227388
11903137249,592.5001007010225
11903137250,545.8603350712194
11903137251,494.58025401659404
11903137301,1023.3192806766397
11903137302,791.184191695899
11903137303,1326.5003395681545
11903137304,697.0299069483422
11903137305,639.1007833462007
11903137306,540.6815633765995
11903137307,449.3371851268433
11903137308,562.6943559288699
11903137309,669.5520510477124
11903137311,456.02719584852844
11903137312,644.6076302947132
11903137313,687.6242359637062
11903137314,543.6364086913222
11903137315,442.7453182085618
11903137317,610.4056558268774
11903137318,1427.5983679001813
11903137320,572.6130295064396
11903137321,605.6497325793458
11903137322,614.5692928295073
11903137323,724.2905068795507
11903137324,709.7708693188024
11903137325,724.6553160264141
11903137326,564.6343246579086
11903137327,557.6979878297657
11903137328,781.1276574017173
11903137329,507.79335845846424
11903137330,519.9858948720614
11903137331,458.54687663124236
11903137332,542.9001706431194
11903137333,677.0869722683789
11903137334,559.5012385984734
11903137401,564.8212096206681
11903137402,699.574915410027
11903137403,544.1525872254288
11903137404,491.0112128285523
11903137405,489.88466834214915
11903137407,532.5976281970687
11903137408,746.9071953397191
11903137409,562.7179460060981
11903137410,527.647268978472
11903137411,513.4471043074296
11903137412,457.4025445072068
11903137413,885.0599751950286
11903137414,588.4076057222026
11903137415,533.7918374486779
11903137416,708.0922145581668
11903137417,644.8496454457903
11903137418,685.9846227748338
11903137419,508.9698660744752
11903137421,625.4678527643518
11903137422,560.6486027278734
11903137423,487.6508886575198
11903137424,484.14794453875817
11903137425,592.3155525316434
11903137426,513.4139610754779
11903137427,638.5688572672946
11903137428,513.8584516756553
11903137429,707.7532861947661
11903137430,566.7564196573452
11903137431,362.8910076292283
11903137432,409.41240838101027
11903137433,576.8382575685594
11903137434,687.5210624648239
11903137435,475.57599634269076
11903137436,529.567871835525
11903137437,580.5285393741865
11903137438,441.4035314615627
11903137439,537.0268536249173
11903137440,405.24677327264425
11903137441,518.1218233404709
11903137442,519.1847539175708
11903137443,458.10174099485056
11903137444,523.432210053605
11903137445,523.5130202640541
11903137446,577.479770405958
11903137447,617.2892174792014
11903137448,544.1675854515706
11903137449,587.2143911511
11903137450,472.21169599045317
11903137451,449.1329897570375
11903137452,500.69233655014966
11903137453,456.02719584852844
11903137454,545.6948079474148
11903137455,451.42786840841984
11903137456,471.0951274323584
11903137457,461.34323085421914
11903137458,527.9615853677147
11903137459,957.6841701941896
11903137460,530.8658031692746
11903137461,20429.504832566352
11903137462,3023.199017273957
11903166401,555.0923009350116
11903166402,1956.6264762514425
11903166403,2732.28394499312
11903166404,981.1340748034748
11903166405,11787.16836977043
11903166406,15048.352000586205
11903166407,1027.2930838488091
11903166408,659.0270988985984
11903166409,654.5639620574751
11903166410,747.9854123412397
11903166411,633.1229489519212
11903166412,14753.001315514268
11903166413,9917.134197711344
11903166414,485.95227075318246
11903166415,559.5911859202685
11903166416,632.3940757056058
11903166417,723.0345594653079
11903166418,1601.141657806147
11903166419,533.8492515542197
11903166420,7902.176670838701
11903166421,1442.7977845487746
11903166422,840.402423399796
11903166423,544.0994757725273
11903166501,540.1811247306335
11903166502,553.8361764425255
11903166503,530.3485353275299
11903166504,563.342585849456
11903166505,530.2438322345687
11903166506,563.5705411906456
11903166507,678.8806548679652
11903166508,571.0100066848638
11903166509,679.8046049885729
11903166510,476.1601989222987
11903166511,638.1191782137226
11903166512,656.8326278596081
11903166513,577.5671426651916
11903166514,660.7495857374995
11903166515,530.9101388564744
11903166516,584.9854007113486
11903166517,555.2727922227353
11903166518,560.8931980584955
11903166519,569.1977491212273
11903166520,601.5408323734654
11903166521,545.339484205779
11903166522,535.5104013416546
11903166523,766.4515343711518
11903166524,551.1606407803528
11903166525,646.9770767720497
11903166526,807.7271782342209
11903166527,465.7732098409956
11903166601,570.7982704509247
11903166602,442.7453182085618
11903166603,628.9693554303384
11903166604,519.5420035565986
11903166605,819.4144580302141
11903166606,682.8346253856034
11903166607,533.0697999667924
11903166608,1755.6218875478412
11903166609,637.2393566695597
11903166610,467.07029622973664
11903166611,487.9348650145147
11903166612,434.02362767190004
11903166613,663.823612117126
11903166614,473.38162654184003
11903166615,625.5928658517437
11903166616,661.3199186076578
11903166617,454.1522829580505
11903166618,613.2089046470857
11903166619,655.2065149878155
11903166620,575.7453730832634
11903166621,531.7834484951709
11903166622,693.0700487660447
11903166623,469.7075153610299
11903166624,672.5017932996459
11903166625,897.6738012377534
11903166626,577.049176518137
11903166627,603.9390325760272
11903166628,444.07871479104995
11903166629,603.9779296166378
11903166630,623.2751696985212
11903166631,496.1374166959621
11903166632,544.5027346359979
11903166701,1334.744605792917
11903166702,590.6321710934193
11903166703,601.2800285976396
11903166704,842.3774569204819
11903166705,561.6859066161826
11903166706,592.0716851738156
11903166707,709.3529567869352
11903166708,604.1157275159609
11903166709,824.346255159874
11903166710,525.9209842909199
11903166711,798.3191736175382
11903166712,658.4187090933744
11903166713,723.9632972958094
11903166714,648.0424381175268
11903166715,610.0137167472232
11903166716,578.2398613429882
11903166717,494.58447463083763
11903166718,505.0823115444984
11904137701,539.7564135604234
11904137702,487.7959669089399
11904137703,589.9103148920361
11904137704,1104.9426012429442
11904137705,532.3316792325408
11904137706,460.4634235765524
11904137707,588.8520244578311
11904137708,561.5367444331397
11904137709,468.28297478509603
11904137710,479.1282524203875
11904137711,469.1384024424036
11904137712,486.73084287273065
11904137713,963.5399937973515
11904137714,565.9407420816127
11904137715,558.0795619927013
11904137716,522.5128298214642
11904137717,480.17916286940124
11904137718,545.1736898103617
11904137719,1026.8376029031504
11904137720,485.83520680417246
11904137721,579.6639455462902
11904137722,744.1378874054036
11904137723,851.0559391183835
11904137724,558.3107347768051
11904137725,582.7235104781423
11904137726,447.16213112548036
11904137727,1020.4806925506759
11904137728,549.5086558200583
11904137729,678.2341852003043
11904137730,637.8276987207284
11904137731,410.5624112306854
11904137732,482.67337476216295
11904137733,579.2841649462763
11904137734,506.31981830577394
11904137801,1105.4273653414612
11904137802,632.6927869472712
11904137803,553.1358248006997
11904137804,472.73462310819525
11904137805,593.9944319854237
11904137806,614.1621270768766
11904137807,525.3342165321468
11904137808,547.9285186344097
11904137809,442.7453182085618
11904137810,491.9342939927248
11904137811,628.5897500937424
11904137812,381.59851190069446
11904137813,582.5657613738075
11904137814,470.78100770045813
11904137815,1103.047887097571
11904137816,563.0157041112534
11904137817,947.7374150589519
11904137818,944.4052137688019
11904137820,442.7356443282036
11904137821,551.2612543200756
11904137822,693.8711469024705
11904137823,717.666713900984
11904137825,2014.5205247418553
11904137826,1184.600958320898
11904137827,3084.2941353020174
11904137828,1940.6370645397874
11904137829,617.5572202504865
11904137830,1677.605134700549
11904137831,765.3635400654582
11904137901,439.6847581251943
11904137902,634.4070262238255
11904137903,650.3741029120583
11904137904,731.5670292082876
11904137905,500.0195618759314
11904137906,660.039643825509
11904137907,687.4904228766299
11904137908,495.0962298812741
11904137909,451.79874797628383
11904137910,740.4505716568464
11904137911,499.98452120998854
11904137912,876.872738740456
11904137913,562.0516103104156
11904137914,840.5526919067618
11904137915,613.6287335910766
11904137916,487.0868118344268
11904137917,980.5562410989629
11904137918,622.6865930995668
11904137919,697.4862667456138
11904137920,583.6504576961278
11904137921,927.206510683609
11904137922,433.25910220534894
11904137923,599.8214422357241
11904137924,582.9387878419135
11904137925,712.5526294820771
11904137926,377.7241445084417
11904137927,448.742490039331
11904137928,454.7552271120126
11904137929,488.0958541338598
11904137930,530.8310241259297
11904137931,465.45148078426723
11904137932,496.37854219453686
11904137933,590.9351835123438
11904137934,987.8728668885337
11904137935,579.2823770213381
11904137936,484.86731919069194
11904137937,509.8981615172375
11904138001,650.2165354196204
11904138002,582.0619453430282
11904138003,486.5444705532665
11904138004,530.7453039007949
11904138005,536.7774707737769
11904138006,545.5471016123814
11904138007,666.533340536691
11904138008,570.6099575820455
11904138009,665.2835290495931
11904138010,695.3446730227321
11904138011,655.8453431109301
11904138012,450.08342682115745
11904138013,509.81378083911284
11904138014,656.8442751691589
11904138015,465.0244331260713
11904138016,476.92647963150046
11904138017,680.2299784881551
11904138018,1903.6950635479925
11904138019,747.7173763338347
11904138020,649.9080822583891
11904138021,595.3184206160398
11904138022,597.0476517594743
11904138023,675.8655752348774
11904138024,1005.9897338054885
11904138025,1725.8712000496023
11904138026,686.9874606962424
11904138027,668.0997712648216
11904138028,586.1055655561795
11904138029,486.81770702726567
11904138030,571.5132239086001
11904138031,520.783636929002
11904138032,512.5475610027621
11904138101,532.6964722104717
11904138102,543.4318558609871
11904138103,569.186957343795
11904138104,711.4983668936922
11904138106,472.33595490877195
11904138107,452.9884645600664
11904138108,757.5422530024665
11904138109,804.7602500333043
11904138110,473.15588355493367
11904138111,600.8904064888707
11904138112,2205.447395433947
11904138113,482.9381114107486
11904138114,539.2669750736766
11904138115,431.0970462725377
11904138116,568.8676395200729
11904138117,597.0514182422908
11904138118,1148.5004738490193
11904138120,451.99649281672725
11904138121,539.3444457486928
11904138124,2593.85089251715
11904138125,446.35955871714407
11904138126,526.5892636939706
11904138127,477.7075160956726
11904138128,347.0237592652089
11904138129,744.4285237251656
11904138130,769.8654433037814
11904138131,3413.574060372247
11904138132,568.0939015172031
11904138133,662.333456521344
11904138135,503.3750568262906
11904138136,522.4618304947987
11904138138,587.6562536532034
11904138139,1613.880545759659
11904138140,569.197115832061
11904138141,474.47442720316036
11904138142,453.01498433717387
11904138143,447.75372019519193
11904138144,587.263735935725
11904138145,1463.6475168609447
11904138146,5552.389631481302
11904138147,567.8454691817977
11904138148,445.90219997581005
11904138149,734.1836627781728
11904138150,456.35656423855477
11904138151,391.1383294374072
11904138152,549.1723844081436
11904138153,657.7292790993367
11904138154,1688.1085155825879
11904138155,640.8293676096692
11904138156,540.339847743122
11904138157,2751.2452984300417
11904138158,1659.6393975246374
11904138201,436.671839201168
11904138202,583.5514892767416
11904138203,571.3578934619873
11904138204,450.13741336656045
11904138205,882.9043374399863
11904138206,643.0843079534764
11904138207,757.7655896154304
11904138208,787.0446819392292
11904138209,530.7048229992956
11904138210,510.3781963177428
11904138211,583.1864654832169
11904138212,616.6799380706859
11904138213,485.94058817639217
11904138214,607.6275298078963
11904138215,526.2036050222648
11904138216,485.5732428813266
11904138217,885.584394483559
11904138218,518.8678842122865
11904138219,561.8397546552089
11904138220,579.1298305707195
11904138221,434.61935954442345
11904138222,759.9383460888673
11904138223,544.0507688045883
11904138224,662.7595512576173
11904138225,601.6378969872552
11904138226,1381.567066400435
11904138227,871.2384386519751
11904138228,631.2396062041473
11904138229,788.6562982365816
11904138230,677.2201302511025
11904138231,494.05105134252216
11904138232,509.37367694804084
11904138233,737.1600448646445
11904138234,561.2731278822986
11904138235,482.2949184168295
11904138236,621.5981110671005
11904138237,496.2390107037231
11904138238,524.2973624002433
11904138239,463.22509528138266
11904166801,612.9763107939291
11904166802,345.5922191894701
11904166803,1131.4032226512945
11904166804,3443.584879967754
11904166805,526.5727749614781
11904166806,598.649478675617
11904166807,561.2550123787561
11904166808,604.8921859095221
11904166809,628.74827875872
11904166810,2116.209811502249
11904166811,603.9747706013378
11904166812,765.127611964745
11904166813,861.1762998742792
11904166814,480.7034752467699
11904166815,517.5028584504469
11904166816,733.2576166060771
11904166817,14718.398342549868
11904166818,449.3371851268433
11904166819,648.4643447512556
11904166820,493.03343014427674
11904166821,463.0762768732788
11904166822,536.9882648402923
11904166823,563.3988293635234
11904166824,525.314513465103
11904166825,508.48783731761404
11904166826,589.6793503103847
11904166827,496.8076403944422
11904166828,662.270580077975
11904166829,516.0237340687974
11904166830,579.419677920937
11904166831,926.9262991614097
11904166832,799.576163054775
11904166833,616.1772066364106
11904166834,685.8961902774003
11904166901,663.9486836158942
11904166902,621.8381061570797
11904166903,2138.7221833529443
11904166904,894.9949763903335
11904166905,714.6311538017519
11904166906,642.0345058277189
11904166907,747.3862124407636
11904166908,793.9948389975513
11904166909,458.7352363677838
11904166910,706.8621502962689
11904166911,582.3128370841615
11904166912,632.9941731151798
11904166913,583.0847869004534
11904166914,641.7896678951777
11904166915,568.8829209622286
11904166916,570.7344669651898
11904166917,485.5926083333185
11904166918,505.5634952525865
11904166919,1001.2499728067306
11904166920,529.8103075843354
11904166921,453.4800755142681
11904166922,505.2378260156335
11904167001,587.5922476629266
11904167002,624.7015746658559
11904167003,571.5256919904646
11904167004,645.0529070872902
11904167005,1216.508381867989
11904167006,438.17082393959566
11904167007,519.6306346505846
11904167008,666.4573606373126
11904167009,560.7711250373446
11904167010,654.7060396398471
11904167011,677.9874183073617
11904167012,620.200211088731
11904167013,629.7645099437134
11904167014,578.8678543143859
11904167015,692.3753381440335
11904167016,551.728398751123
11904167017,537.5901644426316
11904167018,548.8096849067725
11904167019,511.5859530595123
11904167020,805.2900237778013
11904167021,503.7967449138326
11904167022,519.6519186190885
11904167023,3053.1541495644306
11904167024,531.3729704957776
11904167025,537.6133803260983
11904167026,582.2446611731465
11904167027,657.9681605448064
11904167028,727.6748277943052
11904167029,475.9017378322574
11904167030,656.5199140763125
11904167031,702.6216253706828
11904167032,673.2720743727825
11904167033,560.8808782709581
11904167034,470.76163901590667
11904167035,558.251560731204
11904167101,614.4234373062907
11904167102,497.7597336849088
11904167103,471.1864917099028
11904167104,643.4785415051617
11904167105,634.8661697577959
11904167106,911.6146033985135
11904167107,671.0522284535606
11904167108,752.9560051414944
11904167109,873.9477188343724
11904167110,469.6009359884263
11904167111,549.2172095556701
11904167112,748.6707068494954
11904167113,565.8605869730749
11904167114,1133.629655943225
11904167115,1223.7045258278176
11904167116,479.19791904951495
11904167117,519.5348526740164
11904167118,468.98789407986413
11904167119,608.7674289541536
11904167120,436.78929110895916
12001138301,660.6758791809061
12001138302,493.22706280083173
12001138303,456.02719584852844
12001138304,412.2711053817322
12001138305,462.81681159943815
12001138306,551.0095147905678
12001138307,546.4721416837876
12001138308,464.06481107039417
12001138309,554.7983641291288
12001138310,517.9289084245528
12001138311,498.82704438851357
12001138312,728.4439620619916
12001138313,451.75813785061666
12001138314,649.526031163184
12001138315,525.2906598824156
12001138316,471.9134109082987
12001138317,477.763451593721
12001138318,402.0677907466107
12001138319,528.9967179678433
12001138321,453.8368319068129
12001138322,923.5526933905031
12001138323,554.0674408564528
12001138324,522.3342101582688
12001138325,610.9798351274968
12001138326,563.0542645720079
12001138327,475.72122541946067
12001138328,525.586764850214
12001138329,653.5335583383838
12001138330,598.9142729452778
12001138331,578.7033098290315
12001138332,462.81681159943815
12001138333,470.718590116928
12001138334,607.1882875893691
12001138335,752.3274036128034
12001138336,462.81681159943815
12001138337,577.5159763015145
12001138338,570.4869149085682
12001138339,481.45611552654555
12001138340,552.3957187984413
12001138341,512.6843569679776
12001138342,426.6315699601145
12001138343,401.05989752116113
12001138346,456.02719584852844
12001138347,587.1527194469217
12001138348,621.146995782039
12001138349,568.8839976094645
12001138351,564.9425702868316
12001138352,556.9065893884234
12001138353,584.2574068159556
12001138354,478.4615900781988
12001138355,539.960685365689
12001138356,520.6077520469863
12001138357,562.4946775530315
12001138358,546.9009578327268
12001138359,468.67156167588473
12001138360,602.5108567156113
12001138361,596.5573191005419
12001138501,482.1142703113673
12001138502,413.38720681459796
12001138503,549.2547430453508
12001138504,485.25100004348303
12001138505,537.2045208280387
12001138506,491.2847150690279
12001138507,779.0851090117238
12001138508,539.3657029034462
12001138509,503.3464491973509
12001138510,386.64731580748185
12001138511,462.80009037778433
12001138512,516.8560461079073
12001138513,456.72310610563017
12001138514,515.1415793706722
12001138515,436.99291686615186
12001138516,542.5445321526439
12001138517,427.87209947536223
12001138518,495.8496788667166
12001138519,607.601381113891
12001138520,545.1927432993017
12001138521,518.2418402046487
12001138522,443.7982668497175
12001138523,562.6247211948984
12001138524,573.6138191073958
12001138525,380.10818713194584
12001138526,473.99642122927764
12001138527,492.9264032488007
12001138528,583.46950920936
12001138529,550.9494967935055
12001138530,419.8551110654517
12001138531,539.8938205921677
12001138532,505.99655211901495
12001138533,992.4313468626755
12001138534,470.43948594923677
12001138535,492.24180106871506
12001138536,852.6591255917499
12001138537,588.6244361610782
12001138538,573.0632523994152
12001138539,436.10178467784084
12001138540,536.5381178734408
12001138541,434.0981378627085
12001138542,3581.1470526745984
12001138543,836.23651218846
12001138601,585.787513103418
12001138602,444.44299579941867
12001138603,629.7786461880573
12001138605,1050.3368780419628
12001138606,485.191360847059
12001138607,567.5934216232589
12001138608,463.2625438182531
12001138609,591.196897857416
12001138610,448.21156428743217
12001138611,532.7266319099061
12001138612,433.25516136633894
12001138613,583.3567208419454
12001138614,477.9897974171353
12001138615,553.1476446050061
12001138617,571.7452920803797
12001138618,521.3954979176455
12001138619,356.00179169194683
12001138620,498.7998222818694
12001138621,433.4272159639811
12001138622,483.8790981065237
12001138623,635.4024637196542
12001138624,608.0661412383196
12001138625,344.66818630108185
12001138626,492.7215177492984
12001138627,453.7056056394996
12001138628,566.418773322464
12001138629,599.0695639962678
12001138630,477.40667934202077
12001138631,442.7453182085618
12001138633,928.1948684644766
12001138634,660.4919290580144
12001138635,1216.0756399407164
12001138636,564.3369274604883
12001138637,1843.8946184847446
12001138638,680.6944046573562
12001138639,550.2344045983962
12001138640,820.2016483816298
12001138641,366.0151468713959
12001138642,465.42214567001406
12001138643,734.3926285040209
12001138644,527.4594768892802
12001138645,492.74771297760617
12001138646,886.2221849039543
12001138647,416.12263056769496
12001138648,493.634583266469
12001138649,612.7297552057817
12001138650,504.9739606663693
12001138651,444.93025221657484
12001138652,481.1442261307434
12001138653,580.1700113335495
12001138654,473.15212809675853
12001138655,522.1752540682492
12001138656,498.31198721065294
12001167201,488.753656224992
12001167202,547.4746448990046
12001167203,558.0798948752365
12001167204,441.4557730173074
12001167205,442.7453182085618
12001167206,466.3171184052619
12001167207,509.65095962207147
12001167208,539.445321520669
12001167209,874.5375088583957
12001167210,607.0644734873404
12001167211,417.68808486386314
12001167212,636.4194357081209
12001167213,698.6641134911281
12001167214,449.3959532510445
12001167215,476.796184079045
12001167216,442.7453182085618
12001167217,389.10794387464006
12001167218,759.7699375670444
12001167219,462.0344284389938
12001167220,519.2477436591805
12001167221,508.7935533469218
12001167222,449.59734945415005
12001167223,529.1576716626199
12001167224,2688.6289802178626
12001167225,464.8703124886655
12001167226,463.28291119905924
12001167227,478.01618541559765
12001167228,536.8813149073256
12001167229,511.37741168250375
12001167230,564.8619669466457
12001167231,495.5617043814716
12001167232,541.5753070104242
12001167233,1119.6295406423797
12001167234,569.2484527723354
12001167235,442.7453182085618
12001167236,436.9969517090713
12001167237,750.0758300113511
12001167301,593.628799578379
12001167302,538.6220329198553
12001167303,519.3963837802072
12001167304,425.9907253325273
12001167305,500.7956444707657
12001167306,1244.5243850387583
12001167307,463.719730998425
12001167308,529.0759719734347
12001167309,574.6041847243296
12001167310,1947.8294705250337
12001167311,555.3704872724883
12001167312,515.336724758193
12001167313,460.3023090197139
12001167314,1391.7163628544906
12001167315,459.94212672643795
12001167316,697.5520226248316
12001167317,607.4791062766203
12001167318,532.0775682721047
12001167319,8084.398837325211
12001167320,585.444982123052
12001167321,493.4114730170058
12001167322,1968.4078009939117
12001167323,584.1956770692705
12002138701,470.0684599526094
12002138702,391.93602772759147
12002138703,313.43828534839804
12002138704,877.3969027214844
12002138705,445.099280161213
12002138706,495.8823878884439
12002138707,581.8956172672425
12002138708,594.5836577920043
12002138709,511.3962518602885
12002138710,550.2275255230938
12002138711,392.39966711702675
12002138712,450.6669606873873
12002138713,494.39024289445626
12002138714,661.4029976534126
12002138715,447.55710265032957
12002138716,689.4580718298564
12002138717,523.5007472374878
12002138718,437.3630686403454
12002138719,398.54909008286705
12002138720,519.6656455248778
12002138721,440.63576570862693
12002138722,359.9606383530465
12002138723,1104.823607273334
12002138724,442.7453182085618
12002138725,415.45862318278
12002138726,468.81125703750183
12002138727,421.85513082194063
12002138728,449.371428709518
12002138729,405.42790516416244
12002138730,452.5733031756455
12002138731,546.1082878210034
12002138732,469.4181292593664
12002138733,450.9031677123162
12002138734,408.00844621656944
12002138735,405.3654436063618
12002138736,595.9849085228722
12002138737,484.0150654531423
12002138738,442.7453182085618
12002138739,894.9655705247867
12002138740,397.1226924764314
12002138741,807.1740556388361
12002138742,826.9614177677622
12002138901,462.81681159943815
12002138902,467.3976689872796
12002138903,532.9707522221628
12002138904,659.5826639495929
12002138905,253.4755168717462
12002138906,489.28460934730384
12002138907,623.0545437564748
12002138908,488.5097629435275
12002138909,377.74393134805854
12002138910,480.7091983151819
12002138911,1455.0631705847688
12002138912,671.377293161951
12002138913,612.5407476894336
12002138914,724.5958231416071
12002138915,561.6578181712841
12002138916,593.2379501736879
12002138917,567.7354081002667
12002138918,467.60165128440667
12002138919,574.9019614158715
12002138920,1565.6683800144588
12002138921,502.2304510610423
12002138922,702.4864058949045
12002138924,510.6067342568161
12002138925,394.16251578562907
12002138926,842.2249013903528
12002138927,825.6578047302005
12002138928,520.2592276464965
12002138929,1463.293663961756
12002138930,709.9240011436207
12002138931,752.9752498911536
12002138932,418.7852595267729
12002167401,766.6019328977453
12002167402,640.7468297064576
12002167403,489.4606064511296
12002167404,609.1420014109052
12002167405,430.27080437555196
12002167406,574.2896465608577
12002167407,727.0929089642563
12002167408,560.7842336297036
12002167409,409.221634323942
12002167410,535.8288670408858
12002167411,625.6738535402873
12002167412,429.0827732491148
12002167413,773.2229679775254
12002167414,513.1146440750965
12002167415,491.4303840629874
12002167416,693.325487767893
12002167417,627.9914764571546
12002167418,446.09446801358115
12002167419,440.2792764001958
12002167420,500.4179419729514
12002167421,482.0817175087084
12002167501,539.4984799221587
12002167502,426.84267038312385
12002167503,1147.7680029678381
12002167504,1014.7434937073712
12002167505,558.3058679835416
12002167506,506.44495491740247
12002167507,937.40434527183
12002167508,472.3895980884837
12002167509,609.2379637689983
12002167510,695.3278289490111
12002167511,508.76375079284486
12002167512,520.9795094182809
12002167513,436.8521702367464
12002167514,477.88732973767895
12002167515,457.66050193620777
12002167516,1237.6259912836085
12002167517,584.6858080546496
12002167518,1082.8781425064585
12002167519,549.0246121381466
12002167520,548.2545517042635
12002167521,528.9707738580054
12002167522,680.4225319312949
12002167523,628.4820669241155
12002167524,692.1391576391543
12002167525,2298.4813713126027
12002167526,583.8987611663181
12002167527,734.8087083639732
12002167528,674.3103109827084
12002167529,452.3100785244544
12002167530,541.6737669483302
12002167531,560.2672448985483
12002167532,528.8615036187352
12002167533,504.0531152171441
12002167534,804.2515338550504
12002167535,1544.8930739530508
12002167536,764.222660926234
12003139201,764.2296642539379
12003139202,559.6072964707913
12003139203,2373.263362152119
12003139204,470.3318826467284
12003139205,571.1306204937421
12003139206,487.91551242700393
12003139207,574.5650903712689
12003139208,467.048203493159
12003139209,202.9559853986575
12003139211,560.1415881238877
12003139212,794.2746532365835
12003139213,573.8506367608592
12003139216,687.7117754145239
12003139217,787.274047754096
12003139218,453.1817868919035
12003139219,553.1246207333288
12003139220,691.9907357951344
12003139221,566.9528573189781
12003139222,567.8493249479491
12003139223,411.8588976558138
12003139224,456.87813623866316
12003139225,506.77820888520836
12003139226,408.9395916261264
12003139227,464.90061526731836
12003139228,419.7455924069336
12003139229,1168.0610993017717
12003139230,464.5030234127418
12003139231,486.6258873538598
12003139232,821.4175148720707
12003139233,686.4488049980839
12003139234,662.5237157138649
12003139301,582.52154179858
12003139302,514.3977257136154
12003139303,564.8090562082957
12003139304,598.6467457955536
12003139305,497.56550297382097
12003139306,632.4979469267474
12003139307,490.9834880317172
12003139308,503.7956990099911
12003139309,553.375930217171
12003139310,502.0503803545121
12003139311,513.1744016609231
12003139312,586.9510871216185
12003139313,639.4057980019855
12003139314,602.5254523306097
12003139315,526.1191993461402
12003139316,631.5843289276713
12003139317,607.1100826090025
12003139318,494.4255077787811
12003139319,779.3261405414869
12003139320,760.9706059785974
12003139321,1346.6711443391869
12003139322,582.2326069617773
12003139323,497.92073198943035
12003139324,446.5607876068225
12003139325,527.8886680769909
12003139326,648.8526976662159
12003139327,656.663767568023
12003139328,513.3214563528435
12003139329,528.6410677121685
12003139330,684.20970050701
12003139331,568.0527416171383
12003139332,642.8751555967328
12003139333,518.2782555028792
12003139334,850.93381175403
12003139335,536.884720260452
12003139336,574.6265669798876
12003139337,562.3886335948956
12003139338,619.1038117616627
12003139339,455.6262912445029
12003139340,515.2484418707951
12003139401,716.4817644818834
12003139402,458.73596770800515
12003139403,508.2565342854679
12003139404,591.6319006259689
12003139405,499.6647439450786
12003139406,637.096816599004
12003139407,601.866568225954
12003139408,492.9028669443736
12003139409,539.8783580227005
12003139410,534.2688366497771
12003139412,460.877972682397
12003139413,412.1443908464243
12003139414,508.69059681197365
12003139415,470.15726849143715
12003139417,587.9975058138618
12003139418,560.6965897800653
12003139419,490.76455499470285
12003139420,535.7489394257425
12003139421,512.6109626105109
12003139422,491.8448187820682
12003139423,537.2800805962569
12003139424,674.5797646392074
12003139425,538.8049431975314
12003139426,690.2665021798026
12003139427,507.6523884328902
12003139428,597.5949674858925
12003139429,520.2157814044834
12003139430,727.1936195960656
12003139431,502.0733111281948
12003139433,529.410564233613
12003139434,631.7223098370619
12003139435,494.5737587533683
12003139436,548.4126967519595
12003139437,489.1081648568318
12003139438,452.6426027558089
12003139439,436.43107313644066
12003139440,541.8132094288374
12003139441,522.5870604727684
12003139442,519.7460649628446
12003139443,403.5344210333573
12003139444,372.4467880377682
12003139445,426.1128456951196
12003139446,583.4089467346893
12003139447,609.6223020284478
12003139448,543.4268382924039
12003139501,538.6545051257185
12003139502,502.6397303962613
12003139503,545.730135265984
12003139504,372.1337449631352
12003139505,385.6575749916905
12003139506,565.5208733415041
12003139507,506.8970458332732
12003139508,508.2928134725917
12003139509,617.213513128535
12003139510,469.0355350427911
12003139511,560.242260375149
12003139512,507.88019512001
12003139513,495.8331232888411
12003139514,1287.0514872986978
12003139515,519.679390633062
12003139516,755.0796300541283
12003139517,741.1249392369889
12003139518,427.9062138788697
12003139519,544.1703317296696
12003139520,510.9239033141767
12003139521,566.1554688535911
12003139522,522.0061797709067
12003139523,526.8209939650436
12003139524,786.2592061630701
12003139525,752.0257850712824
12003139526,511.3114121010195
12003139527,687.7767369358214
12003139528,447.1027783171345
12003139529,559.9286863022556
12003139530,528.3786216929819
12003139531,597.9331607219299
12003139532,566.4377702008788
12003139602,678.4072493962312
12003139605,362.6815826627743
12003139606,548.0180700758109
12003139607,578.4164414098129
12003139609,557.438008360541
12003139610,579.920688056694
12003139611,537.4073459987775
12003139613,466.5750995347886
12003139614,640.722085131981
12003139615,666.3949629607835
12003139616,627.9889805788966
12003139617,2727.5487157302287
12003139618,679.5884518800138
12003139619,489.56112526172177
12003139620,561.8241018343463
12003139621,383.6883763603273
12003139622,1134.2664701826654
12003139623,315.8883830735487
12003139624,712.5259291032335
12003139627,7147.83592446195
12003139628,457.55266216300754
12003139629,657.7865260485117
12003139630,487.4933004637441
12003139631,687.8218962629389
12003139632,1139.206653438577
12003139633,543.1141540405216
12003139634,670.2848130343655
12003139635,529.1889845091878
12003139636,523.360152504536
12003139637,442.7453182085618
12003139638,582.5176532124283
12003139639,627.0329536726429
12003139640,655.8819635722588
12003139641,2968.722514594147
12003139642,486.4537773501909
12003139643,571.5087729466683
12003139644,606.6147700804514
12003139645,468.0079020949345
12003139646,854.9823881239145
12003139647,553.3768759809602
12003139648,925.2382789534229
12003139649,566.6454321791595
12003157601,656.142495456909
12003157602,536.8998568457697
12003157603,890.8170322199543
12003157604,449.0856435182653
12003157605,477.1512960693751
12003157606,829.9998749605777
12003157607,492.4380993617427
12003157608,660.0230190867229
12003167601,505.3225563392956
12003167602,557.9874575992845
12003167603,589.3093983347052
12003167604,1051.4206338962035
12003167605,578.1175737976788
12003167606,498.94077770611807
12003167607,534.5743069138664
12003167608,499.2679254987446
12003167609,1267.183974853567
12003167610,1331.8970841648713
12003167611,598.6591398358787
12003167612,599.9433799536611
12003167613,528.569075145901
12003167614,656.3367295962346
12003167615,604.650609722841
12003167616,454.4837844635443
12003167617,487.8864794992821
12003167618,581.5593655049336
12003167619,491.5180304792883
12003167620,976.4767941215022
12003167621,501.2606186853746
12003167622,599.519745682509
12003167623,524.5359654707181
12003167624,508.6910869077457
12003167625,517.622233237724
12003167626,979.8491205670723
12003167627,600.1778642686586
12003167628,641.9582186391007
12003167701,484.6029090179017
12003167702,481.91516681702944
12003167703,454.87690119380295
12003167704,496.8748453106969
12003167705,472.33595490877195
12003167706,491.2907839488525
12003167707,691.0650935159898
12003167708,493.79123298176546
12003167709,436.8740973242341
12003167710,4680.909510081303
12003167711,2030.7689496538462
12003167712,752.0571366096882
12003167713,644.8995284193816
12003167714,1921.2113963350675
12003167715,664.3938854448907
12003167716,580.7646346474968
12003167717,546.7430040748815
12003167718,512.5002736570175
12003167719,741.3808774461476
12003167720,570.7337272461004
12003167721,513.9558575977472
12003167722,550.163819147879
12003167723,446.7621225516463
12003167724,560.9767932370216
12003167725,565.0547731447203
12003167726,575.2047744674958
12003167727,521.2862961982537
12003167728,968.2587412172386
12003167729,638.8064216425661
12003167801,10990.65881284309
12003167802,502.51514206821355
12003167803,627.824774435448
12003167804,730.3627179858045
12003167805,619.7068425976498
12003167806,3527.8841653142617
12003167807,587.8341685929379
12003167808,557.4714742957592
12003167809,502.13472592302276
12003167810,571.5004610541008
12003167811,643.4109606143656
12003167812,14407.726612813898
12003167813,541.4283927738044
12003167814,677.3975120497013
12003167815,468.2465973437847
12003167816,598.4619030539956
12003167817,687.8403967754941
12003167818,1069.137678715367
12003167819,636.3429461594891
12003167820,1631.4353278185638
12003167821,600.7099282531349
12003167822,4458.229786995083
12003167823,646.4098603851902
12003167824,4128.340217503298
12003167825,822.8194887960179
12003167826,758.8672871107241
12003167827,935.3722280170413
12003167828,574.988218159738
12003167829,596.8580108861773
12003167830,1085.119923306644
12003167831,474.2928730802809
12003167901,741.032931318383
12003167902,443.67576995978914
12003167903,921.6458295374835
12003167904,512.0479718603319
12003167905,586.300969369406
12003167906,560.3856923472562
12003167907,464.1289815297873
12003167908,479.53706471743317
12003167909,552.1075286904227
12003167910,557.8222454190319
12003167911,1042.301846577097
12003167912,606.5614130260373
12003167913,441.35430808851805
12003167914,512.321292349491
12003167915,622.0028011786528
12003167916,614.3766374812559
12003167917,529.3919651683148
12003167918,493.3954176208242
12003167919,458.46221734390906
12003167920,485.3031374204112
12003167921,602.8571769933588
12003167922,569.0684446112562
12003167923,711.3957312290028
12003167924,536.2203253697742
12003167925,578.1569961025156
12003167926,643.4368828582482
12003167927,684.1526656144581
12003168001,620.1300604548841
12003168002,575.9116197097431
12003168003,462.77043932665896
12003168004,677.0218825514308
12003168005,540.1430094379791
12003168006,370.9817841648629
12003168007,486.6958849516831
12003168008,578.3274813363049
12003168009,445.59489175103204
12003168010,478.4873454452079
12003168011,655.2594838912373
12003168012,626.8868825448842
12003168013,442.88548465621926
12003168014,447.7220598194889
12003168015,1324.8490606697812
12003168016,886.0986673537645
12003168017,520.1686158723726
12003168018,802.2710494352043
12003168019,452.6203203081274
12003168020,627.1660497437474
12003168021,667.9939915221241
12003168022,523.4174531558247
12003168023,471.3126324312568
12003168024,572.3488019610368
12003168025,454.9993175943152
12003168026,579.8440796840617
12003168027,503.8675884599584
12003168028,618.4255147204735
12003168029,402.9579745271547
12003168030,640.5774802331085
12003168031,482.54655685945824
12003168032,600.7834774132073
12003168033,646.9304909652419
12003168034,1239.6492385712068
12003168035,6344.669731015372
12003168036,760.6179108056399
12003168101,532.6337876453233
12003168102,497.18254377292294
12003168103,573.1407530053787
12003168104,503.7850263495801
12003168105,440.24188811079597
12003168106,605.8198265244038
12003168107,469.9422856807067
12003168108,484.5216362431506
12003168109,500.180568302363
12003168110,428.68416184585107
12003168111,646.7670366645323
12003168112,651.2445329085186
12003168113,505.47831292306074
12003168114,638.7283128139792
12003168115,412.38727292520815
12003168116,633.3250276605951
12003168117,537.9567654035848
12003168118,336.8185205677614
12003168119,732.5677096068205
12003168120,614.9610554379312
12003168121,481.8001474908033
12101139901,347.6292285442298
12101139902,624.2156941661426
12101139903,1203.7190313119536
12101139904,509.9050101463316
12101139905,580.3193638597977
12101139906,574.0751796790677
12101139907,708.0875933475891
12101139908,495.57918881029707
12101139909,506.7146278884692
12101139910,577.1695234727482
12101139911,569.1342551637372
12101139912,539.0066539906943
12101139913,446.4919890448256
12101139914,410.88782633560476
12101139915,538.650625135859
12101139916,470.65895556963727
12101139917,536.1698577342887
12101139919,546.9731322892684
12101139920,470.74122370002107
12101139921,477.3936800320138
12101139922,563.2732649642477
12101139923,589.8751540047675
12101139924,402.5948812854035
12101139925,590.9958493561102
12101139926,526.6786681434313
12101139927,593.5286020813693
12101139928,587.8147308816277
12101139929,640.8056194548099
12101139930,505.46265335967865
12101139931,588.8303983712285
12101139933,454.35222006003823
12101139934,651.1602726702231
12101139935,345.81146890100445
12101139936,542.9993759546207
12101139937,544.7602740550435
12101139939,410.5092253496167
12101139940,430.03855927364185
12101139941,471.3345593311902
12101139942,492.55379395689846
12101139943,545.4312025165398
12101139944,450.28264176976444
12101139945,516.216608416738
12101139946,657.0466150386821
12101139947,558.1017807184184
12101139948,475.1658901833097
12101139949,514.5333333909182
12101139950,423.94382852028764
12101139951,589.1206207062909
12101140102,585.0910816701955
12101140103,821.1011080391077
12101140104,403.17975192225555
12101140105,306.9337315536022
12101140106,453.30879039773623
12101140107,363.73363032702076
12101140108,446.415382177606
12101140109,4925.160980124461
12101140111,592.1696399269173
12101140112,403.7360238415538
12101140114,523.0991642155471
12101140115,494.1446856524445
12101140116,470.13368703186444
12101140118,498.7251608202253
12101140120,3990.7571193232516
12101140122,479.52028931315
12101140124,607.8792567368448
12101140125,427.82051341426313
12101140126,472.9604634580969
12101140127,3522.0713645311002
12101140128,2967.6739350352486
12101140129,466.88773029332816
12101140130,393.61258547784837
12101140131,20624.340902464282
12101140132,10398.721879462917
12101140133,483.23999499223066
12101140134,482.4840292359158
12101140135,1651.788222299067
12101140136,526.8536732347428
12101168201,582.9694986259316
12101168202,380.02400874683497
12101168203,550.6400250806997
12101168204,2269.5023255068068
12101168205,406.9599034343786
12101168206,3209.5207759468813
12101168207,629.851477639246
12101168208,647.6639129991812
12101168209,481.32861825418786
12101168210,464.091239357008
12101168211,456.4365679805396
12101168212,550.4114159460303
12101168213,591.6581764400387
12101168214,509.4407294740945
12101168215,597.9470488277057
12101168216,357.2392054068796
12101168217,500.12376926143924
12101168218,477.91092736017504
12101168219,341.309636281371
12101168220,523.5464070903299
12101168221,542.5450362401111
12101168222,503.0838889866474
12101168301,419.01423875804903
12101168302,368.31451848402224
12101168303,412.18527888693944
12101168304,391.8471670562108
12101168305,659.1291285043873
12101168306,525.2139186970705
12101168307,462.81681159943815
12101168308,462.3152698940965
12101168309,425.91631227737344
12101168310,395.5167652847401
12101168311,366.1194480819912
12101168312,331.64044530369733
12101168313,396.2677292441693
12101168314,721.6447193989941
12101168315,512.0186422973943
12101168316,515.4401412584253
12101168317,385.6905266788831
12101168318,385.2241967648849
12101168319,521.2104246604629
12101168320,408.90654846315874
12101168321,619.0746413282906
12101168322,466.8729717475916
12101168323,493.3214179397609
12101168324,469.7366896998161
12101168325,436.08109179048165
12101168326,520.6257054022642
12101168327,357.90419948957896
12101168328,361.414311478759
12101168329,523.7198067535704
12101168330,376.0531199139604
12101168331,488.65859415447215
12101168332,405.59650579611736
12101168333,426.10669739612274
12101168334,495.74371233347676
12101168401,624.7373375107014
12101168402,475.39033471640414
12101168403,4798.1946353999465
12101168404,11534.516225859512
12101168405,508.46291642801845
12101168406,699.8877546808561
12101168407,413.3202527014504
12101168408,479.13833139783424
12101168409,620.2139263375068
12101168410,10952.971515970821
12101168411,15433.001323700231
12101168412,601.6759763967315
12101168413,2174.2525824131594
12101168414,496.18836756413015
12101168415,425.9061364659548
12101168416,6461.7610011354955
12101168417,536.7606445987013
12101168418,535.2475838972138
12101168419,4184.589324878301
12101168420,443.09160678864913
12101168421,449.46863271094287
12101168422,596.3527444890142
12101168423,889.6606358844945
12101168424,589.1751534105474
12101168425,3987.055180126445
12101168426,527.0716755760329
12101168427,2848.6575884837657
12101168428,529.4897223642096
12101168429,994.3555499236104
12101168430,477.9333201442808
12101168431,406.3975907337847
12101168432,478.8175689830492
12101168433,8002.601940480715
12101168434,1876.6181452312203
12101168435,869.7209579225604
12101168436,553.4090888166479
12101168437,551.7728186255606
12101168438,487.05253225359064
12101168439,697.6253141890342
12101168440,617.9849099945726
12101168441,578.5373323087489
12101168442,488.1008311475761
12101168443,10190.970939577057
12101168444,580.8274674890549
12101168445,1380.5490447999694
12101168501,467.7679068120706
12101168502,601.0333390337581
12101168503,544.873092119245
12101168504,435.23580226814363
12101168505,647.1781288795297
12101168506,608.658665384048
12101168507,463.02815783647253
12101168508,526.5499194965103
12101168509,430.2030796260161
12101168510,419.6036291811443
12101168511,460.9885949032023
12101168512,504.6387849097002
12101168513,354.7392658649676
12101168514,460.38616230586814
12101168515,469.2289513962399
12101168516,410.08715638687676
12101168517,418.9164711423616
12101168518,332.4775699226349
12101168519,272.27990793848863
12101168520,1412.8026932189323
12101168521,363.62943754931086
12101168522,487.6393275213708
12101168523,386.24795987826474
12101168524,371.7562616632732
12101168525,369.45317965864035
12101168526,2638.312735213572
12101168527,697.0407160991829
12101168528,475.64055840737825
12101168529,355.6592247920549
12101168601,464.0523453379839
12101168602,319.66705382816804
12101168603,523.7596587534373
12101168604,596.2391686554926
12101168605,667.4554221122959
12101168606,532.367643538909
12101168607,476.0862941444123
12101168608,1097.4056144072706
12101168609,405.38692022238365
12101168610,627.3996902956735
12101168611,538.918494719287
12101168612,591.6439526314557
12101168613,604.8743693275487
12101168614,506.2782330604189
12101168615,518.2176539150805
12101168616,476.94443893836745
12101168617,334.33344330600426
12101168618,404.87559453819733
12101168619,819.2728050458048
12101168620,617.9615476473849
12101168621,721.6691348551141
12101168622,595.501938556683
12101168623,804.7273873503397
12101168624,434.14821017474725
12101168625,585.1473017585006
12101168626,500.1863569469533
12101168627,433.6720053652955
12101168628,390.2057201423545
12101168629,441.21447959451893
12101168630,3963.4175060575494
12101168631,411.31557396594405
12101168632,450.0559585775266
12101168633,619.7180164407795
12101168634,365.2702592295783
12101168635,443.6401184925385
12101168636,508.35208540068396
12101168701,442.98722037587066
12101168702,396.83693102509494
12101168703,560.8310035805816
12101168704,503.6646023446878
12101168705,588.4033269571269
12101168706,421.97200967801064
12101168707,426.9813969179347
12101168708,627.8076926272894
12101168709,502.7846428419235
12101168710,407.70073832590816
12101168711,393.3167856662516
12101168712,474.8891002907331
12101168713,397.14601451494855
12101168714,575.036047487072
12101168715,434.6654287139698
12101168716,624.6363415879821
12101168717,960.1526962338861
12101168718,421.274831618293
12101168719,574.4025134293931
12101168720,583.7971974512342
12101168721,467.6959965219734
12101168722,566.3804437231282
12101168723,418.3987770466137
12101168724,430.28944984182226
12101168725,899.1581696314702
12101168726,626.0079831425431
12101168727,368.34337733616417
12101168728,420.0029258604773
12101168729,371.044646116034
12101168730,521.6870077326191
12102140301,513.5926937856145
12102140302,572.3574412460299
12102140303,576.2994552516354
12102140304,630.2948822470134
12102140305,390.901147205944
12102140306,406.86161172050356
12102140307,442.7453182085618
12102140310,510.75049306378554
12102140311,873.505317608153
12102140315,468.2663137661377
12102140316,481.916150752408
12102140317,605.2141206081346
12102140319,612.1741891920321
12102140320,513.4380350721902
12102140321,547.3806932182675
12102140322,631.3769252687231
12102140323,523.8347274118902
12102140324,747.0943987428398
12102140325,527.8537511032207
12102140326,508.0500085776753
12102140327,472.83612700590146
12102140328,515.6773794339355
12102140330,505.41258775566337
12102140331,501.1699128062145
12102140333,497.96650853844886
12102140334,445.59057813619637
12102140335,442.7453182085618
12102140336,534.1109842133889
12102140337,486.01510292979106
12102140338,590.4118855974008
12102140339,482.04564486902063
12102140340,613.1697718602675
12102140341,516.6536526857437
12102140342,613.6598082830994
12102140343,439.7410532047896
12102140344,365.1979830011155
12102140345,442.7453182085618
12102140346,542.6521061212367
12102140347,442.6929545054557
12102140348,381.2327134376066
12102140349,260.81199346033816
12102140350,496.28445052305466
12102140351,500.1646655114116
12102140352,442.7453182085618
12102140353,443.8816336819748
12102140354,428.6645534219403
12102140355,583.7986036357554
12102140356,787.8264030374942
12102140357,517.3775235267154
12102140358,474.8617574924431
12102140359,442.7453182085618
12102140360,444.37732679072604
12102140361,491.3248321124726
12102140362,521.21430091189
12102140363,525.0547908653649
12102140364,5353.866776813659
12102140365,586.708493052206
12102140366,530.889081848547
12102140367,424.3359051802287
12102140368,442.7453182085618
12102140369,474.6738375390193
12102140370,474.6166088634047
12102140371,634.1755422793098
12102140372,449.3371851268433
12102140401,684.8010922414139
12102140402,456.02719584852844
12102140403,451.91728290412357
12102140404,571.2626213850474
12102140405,499.3524508108076
12102140406,388.30359749753063
12102140407,386.957321812903
12102140408,478.27490610972274
12102140409,669.5491943197675
12102140410,569.3239551025874
12102140411,423.04598451604016
12102140412,544.1212565044005
12102140413,559.0942720930228
12102140414,581.3844333061753
12102140415,489.3926979250021
12102140416,425.2764151764345
12102140417,714.4743973789689
12102140418,562.7651096496338
12102140419,559.8988168976589
12102140420,1297.3377791014261
12102140421,538.5714194965037
12102140422,492.9004698381205
12102140423,472.0613387030462
12102140424,470.47781450013036
12102140425,502.17213483542935
12102140426,470.9202299168515
12102140427,606.11583643147
12102140428,332.6617776884909
12102140429,506.49213675439916
12102140430,566.4016676137958
12102140431,609.1221801933245
12102140432,489.71620266889755
12102140601,619.9166081907873
12102140602,493.76397422077804
12102140603,582.8938245746623
12102140604,489.31327084491704
12102140605,480.7551075152215
12102140606,434.6206008222491
12102140607,387.69761479662577
12102140608,534.8692771037979
12102140609,466.6262526128558
12102140610,445.9137945799207
12102140611,725.2217147496589
12102140612,422.00959852590796
12102140613,554.2888902138393
12102140614,421.89671605095134
12102140615,480.5632513912205
12102140616,520.5521859844312
12102140617,442.7453182085618
12102140618,433.22332375733515
12102140619,573.2840416683291
12102140620,446.9816251748099
12102140621,498.4136206514504
12102140622,500.043306073816
12102140623,708.7938335584148
12102140624,613.7946687885698
12102140625,516.94487124931
12102140626,482.42170337626453
12102140627,487.73657439403314
12102140628,423.2502230520494
12102140629,508.89426600323407
12102140630,451.06785269894243
12102140631,520.5744510864206
12102140632,9723.252768958424
12102140633,529.5000165172403
12102140634,556.4763872555933
12102140635,537.2728828071604
12102140636,463.94567078335217
12102140637,406.885748400294
12102140638,523.0973402691407
12102140639,1561.944749566332
12102140640,595.4233184999053
12102140641,609.160055552851
12102140642,573.4206245991031
12102140643,482.63229783274386
12102140644,534.7978839706956
12102140645,512.2812471556238
12102140646,456.1880856532159
12102140647,520.1578468213852
12102140648,726.9080522353511
12102157701,418.43643147499984
12102157703,575.593718456634
12102157704,505.67827729757033
12102157705,486.874854422158
12102157706,597.8842498505803
12102157707,2332.103508500789
12102157708,573.6335901886908
12102157709,595.8134208979867
12102157710,596.1650474544908
12102157711,568.5154915621788
12102157712,619.8687406014732
12102157713,661.3068417322169
12102157715,4578.085375529567
12102157716,469.1950243724725
12102157717,520.2901869970573
12102157718,578.1757234558241
12102157719,610.4479590662695
12102157720,533.2978552704866
12102157721,411.97314394308506
12102157722,464.9943995701788
12102157723,612.6301079544014
12102157724,751.246205213579
12102157725,1709.6823782903482
12102157726,4299.062736204
12102157727,758.0397948564399
12102157729,488.9744852092969
12102157730,395.41798096301994
12102157731,3193.1838476236917
12102157732,563.1978737769958
12102157733,485.8148955643415
12102157734,454.14237536404937
12102157735,540.6566523175733
12102157736,523.9205933991352
12102157801,585.4259319962431
12102157803,487.75427504215185
12102157804,541.5173849909686
12102157806,3199.2347080699337
12102157807,482.1948185540182
12102157808,751.4652025583935
12102157809,431.16846269969915
12102157810,449.3371851268433
12102157811,498.1525422289867
12102157812,635.0890187482606
12102157813,513.9857933256012
12102157814,469.79503805166337
12102157815,547.9358780631685
12102157816,613.2086303443826
12102157817,447.68862497852876
12102157818,395.15682816546433
12102157819,364.53720662644685
12102157820,436.9454182632671
12102157821,487.44626151467565
12102157822,534.76717155383
12102157823,668.8650793504885
12102157824,480.9163148377773
12102157825,451.4696554068303
12102157826,531.3929800583528
12102157827,487.0962257422537
12102157828,422.6309049274572
12102157829,421.6907219365801
12102157830,463.4483009282621
12102157831,572.0180524223786
12102157832,1876.02611201624
12102157901,645.6473396254569
12102157902,976.3425846891436
12102157903,3200.389774380292
12102157904,765.4433560381548
12102157905,491.0532394751576
12102157906,382.1078141279587
12102157907,1413.8025965727468
12102157909,491.3339277703109
12102157910,773.702303944367
12102157911,618.0791904280212
12102157912,467.88471204999183
12102157913,504.1853018948057
12102157914,722.8472171608167
12102157916,605.8839523827725
12102157917,509.31290734150883
12102157918,600.1884863419149
12102157919,598.5032893645318
12102157920,468.70343476934903
12102157921,497.26937388417167
12102157922,766.6158491275031
12102157923,604.1410332945529
12102157924,540.7299687113272
12102157925,538.24407595186
12102157926,510.9239033141767
12102157927,518.8710801048398
12103140701,551.0706580074752
12103140702,498.8223985775259
12103140703,412.99591443239296
12103140704,502.2420413821391
12103140705,607.9079115361658
12103140706,519.3453431959787
12103140707,366.83518685116746
12103140708,483.69638650709294
12103140709,515.4974778238279
12103140710,590.8942528505723
12103140711,477.910094167601
12103140712,623.1113385311182
12103140713,495.39850840951306
12103140714,500.0861803152768
12103140716,442.7453182085618
12103140718,324.06403683758765
12103140719,549.4377790807985
12103140720,442.7453182085618
12103140721,367.9003423154839
12103140722,408.8383505289281
12103140723,368.2162859895485
12103140724,433.1866787502701
12103140725,392.7731350246413
12103140726,371.92715527752284
12103140727,510.2585433208253
12103140728,415.9223276140912
12103140729,409.6714465686839
12103140730,400.43439326276695
12103140731,394.3565098921032
12103140732,521.0368004542548
12103140733,476.2191322136899
12103140734,400.4900773328015
12103140735,439.1189800554584
12103140736,495.6361879653182
12103140737,360.3774538305158
12103140738,546.4986181978865
12103140739,437.2664864761462
12103140742,548.9442651046141
12103140743,585.815202526865
12103140744,2013.2584914677025
12103140745,496.09495492154946
12103140746,494.2876251716854
12103140747,1137.1623546238854
12103140748,576.2147333375196
12103140750,407.9932183458207
12103140751,707.5411335833738
12103140752,799.7080903532503
12103140754,649.0479326917497
12103140755,651.763600197784
12103140756,560.2400369979487
12103140757,492.09707686065747
12103140758,523.2512903309673
12103140759,1618.9552811239678
12103140760,1968.538077740414
12103140801,444.72421335944745
12103140802,433.3367416563315
12103140803,657.3658161652297
12103140804,438.82312143946166
12103140805,491.2242611069215
12103140806,439.7315760810298
12103140807,419.3591424298208
12103140808,538.8071617967006
12103140809,365.81567141973653
12103140810,497.454445340752
12103140811,396.6935154160848
12103140812,466.88272328417594
12103140813,393.77789408939634
12103140814,373.22780004001504
12103140815,464.2296546557274
12103140816,348.80644090894737
12103140817,437.4661148108061
12103140818,373.49143273982787
12103140819,404.04382590292414
12103140820,415.76544317462947
12103140821,462.6952481339219
12103140822,533.4127975181633
12103140823,440.34064774033135
12103140824,465.94023148607334
12103140825,720.487347699074
12103140826,773.3548556268289
12103140827,355.3854860145388
12103140829,364.94419770331785
12103140830,338.14988238323474
12103140832,556.9312590950534
12103140833,414.45283259030913
12103140834,573.3405543107491
12103140835,458.1121080026766
12103140836,390.70788044747843
12103140838,2953.54858302251
12103140839,365.4123858828321
12103140840,505.64843103212917
12103140841,420.06558549402365
12103140842,499.6983004969326
12103140843,909.3949960852146
12103140844,462.7967780776657
12103140845,515.2201523025884
12103140846,411.78085554378515
12103140847,438.7013788790835
12103140848,416.1686389457616
12103140850,412.5131584288559
12103140851,463.68539405000746
12103140852,386.5592373893656
12103140854,338.38182110766354
12103140856,1003.3755684719814
12103140857,498.7912176956103
12103140858,485.5210764862675
12103140859,918.1090928692599
12103140860,635.8780886895921
12103140861,539.5231396306311
12103140862,1532.267514071052
12103140863,546.7504479001783
12103140864,510.47056878827317
12103140865,496.51706508078564
12103140866,672.6548778795991
12103140867,545.6338356261326
12103140901,442.7453182085618
12103140902,425.272961769173
12103140903,553.5690064873197
12103140904,519.2352963622063
12103140905,427.34963176115576
12103140906,534.7599092343321
12103140907,524.2359187658582
12103140908,438.8079313385146
12103140909,433.11876825548785
12103140910,365.0740622795277
12103140911,427.9322174734276
12103140912,395.0220211822867
12103140913,415.2712714507918
12103140914,509.7501406217429
12103140915,451.2578450783464
12103140916,391.7168902503568
12103140917,495.1180138996429
12103140918,424.5184163866005
12103140919,485.6018319015376
12103140921,443.78423817302604
12103140922,435.349247657847
12103140923,393.9774739982259
12103140926,403.5374157110122
12103140927,693.7275961103793
12103140928,1114.4220734457358
12103140929,491.56305495000316
12103140930,400.41438233042055
12103140931,625.6147012344155
12103140932,514.3968466408859
12103140933,529.4054393096653
12103140934,374.1957059910151
12103140935,493.2116922812643
12103140936,546.26634014952
12103140937,589.7829785769612
12103140938,517.80994401709
12103140939,486.0427479056647
12103140940,11116.046149679314
12103140941,402.06881911566796
12103140942,413.4059172298482
12103140945,517.633680053726
12103140946,328.3092055652503
12103140947,834.9600511093198
12103140948,480.6274926298348
12103141002,693.5386117726384
12103141003,924.398464996355
12103141004,476.71262815622026
12103141005,368.48459494425526
12103141006,468.8704638983352
12103141007,616.8305672636626
12103141008,557.9665298471215
12103141009,512.5409062250471
12103141010,526.1458244175705
12103141012,612.7066135207664
12103141013,549.2574331502105
12103141014,382.6862202073124
12103141015,388.3487349949055
12103141016,549.5978729748152
12103141018,511.86007200503616
12103141019,462.81681159943815
12103141020,526.4040338265584
12103141021,461.8368158935514
12103141022,537.7843762497047
12103141023,416.68764084260147
12103141024,432.29317341323775
12103141025,488.3424758551903
12103141026,442.7453182085618
12103141027,608.0459505957641
12103141028,454.65996707001227
12103141029,453.49843154042514
12103141030,521.8946234110709
12103141031,443.311756874553
12103141032,388.43033329854245
12103141033,403.22682672256883
12103141035,534.8400083179282
12103141037,426.87494499696413
12103141038,446.16125048029863
12103141039,435.52235858148083
12103141040,524.3583261940269
12103141041,504.6498114598813
12103141042,573.0767534017693
12103141044,372.8597059779594
12103141045,754.6020915883814
12103141046,387.5484161627363
12103141047,383.3660562267305
12103141048,585.2852341773208
12103141049,479.3553328550527
12103141050,357.19467661138975
12103141051,462.3319577277778
12103141053,445.8664361074492
12103141054,493.0097248052189
12103141055,444.53814453885013
12103141056,689.546734287884
12103141057,786.2127501609582
12103141058,539.6070714575022
12103141101,458.95416770959633
12103141102,538.8573586640873
12103141103,504.3430681449468
12103141104,540.4790460795681
12103141105,534.7010909825758
12103141106,540.4805258904815
12103141107,418.65562565591273
12103141108,499.10104748384384
12103141109,410.79320343699794
12103141110,395.2129660190207
12103141111,600.7852577447263
12103141112,430.10632227602736
12103141113,476.681396893896
12103141116,393.20406432344515
12103141118,518.8051905080674
12103141119,602.1083719142213
12103141120,509.1018131385705
12103141121,1051.7857044248071
12103141122,2189.246546098297
12103141123,616.629690156133
12103141124,471.3411873235931
12103141125,456.6261610624812
12103141126,518.8190497425604
12103141127,468.2834260164858
12103141128,432.16428033600306
12103141129,470.9997831651989
12103141130,464.078895357297
12103141131,652.5951466650665
12103141132,539.1887734409545
12103141133,498.52023231186297
12103141135,416.27029153097556
12103141136,468.44976812443036
12103141137,548.7323399935678
12103141138,355.06992199391266
12103141139,466.07522095290284
12103141140,470.85674618957773
12103141141,483.9717205373788
12103141142,430.8446966402991
12103141143,414.1016572250933
12103141144,810.9597933179901
12103141145,625.1396186589693
12103141146,657.8148345071907
12103141147,539.3079296812491
12103141148,693.2817520488472
12103141149,455.06599773468486
12103141150,263.6119195171616
12103141151,403.3604965019664
12103141152,417.1029638670259
12103141153,384.451112254451
12103141201,438.95338119311987
12103141202,602.7120410197402
12103141203,546.0116521535392
12103141204,614.8298383153106
12103141205,596.6238930050885
12103141206,378.3048274341421
12103141207,564.2027411864103
12103141208,476.6430057434427
12103141209,403.6212471159466
12103141210,358.10519341185426
12103141211,372.9878609630319
12103141212,394.99993843473385
12103141214,376.5381856498078
12103141215,381.1981926219597
12103141217,437.8883712771349
12103141218,549.2901181128544
12103141219,462.7225590565841
12103141220,378.28489842119075
12103141221,507.9302605167721
12103141222,887.0594004876554
12103141223,919.4563396350827
12103141224,438.4104529577439
12103141225,429.4029054139195
12103141226,516.0199046957014
12103141227,551.7338854205719
12103141228,421.8496051304895
12103141229,518.5828330339563
12103141230,546.3653270354071
12103141231,510.4709083925432
12103141232,453.51508732809225
12103141233,412.58540023472295
12103141234,525.1085368825183
12103141235,396.96755374906274
12103141236,528.9963661135341
12103141237,540.0340684794812
12103141238,521.0786716143543
12103141239,449.3371851268433
12103141240,602.7711434837904
12103141241,494.16721555997776
12103141242,419.80402455124033
12103141243,561.7291051029069
12104141301,450.7516850252139
12104141302,456.96537014227454
12104141303,542.7581325870653
12104141304,485.3740805373191
12104141305,516.9270362053869
12104141306,697.8550737198611
12104141307,489.61937535101947
12104141308,380.246775496944
12104141309,480.3207016023536
12104141310,1057.3867001564847
12104141311,648.7464331700986
12104141312,380.8374824148925
12104141313,559.2444276198123
12104141314,386.5016334227669
12104141315,503.8516436666685
12104141316,479.03668338845875
12104141317,372.5846856608136
12104141318,464.3010479194498
12104141319,501.5218189441443
12104141320,492.4556938703689
12104141321,501.19311952118846
12104141322,422.87888524850456
12104141323,366.7131038076442
12104141324,436.80946657825206
12104141325,587.4892753360974
12104141326,558.5698527082104
12104141327,545.464329229563
12104141328,497.7531224236153
12104141330,477.37108253763216
12104141331,462.13560665386433
12104141332,570.2266050233738
12104141333,510.59106805870204
12104141334,499.9048773992967
12104141335,1039.8559582945666
12104141336,584.1123067349839
12104141337,678.4286170478964
12104141338,633.362599068061
12104141339,491.06746693068345
12104141340,484.46314801540103
12104141341,577.2850354200883
12104141342,426.9442368646954
12104141343,669.9856023495911
12104141401,4578.19048967364
12104141402,420.0442514334587
12104141403,462.1013180800396
12104141404,1232.4649547370097
12104141405,493.4806354479134
12104141406,454.9634659336662
12104141407,532.7864797001937
12104141408,521.986930797322
12104141409,691.2695863154485
12104141410,527.7576458662037
12104141411,563.657548167216
12104141412,482.1350904629581
12104141413,415.3019612799791
12104141414,497.3587463364474
12104141415,559.9485894665214
12104141416,609.9408495460896
12104141417,557.5095527432342
12104141418,528.7422764723246
12104141419,372.0529755467715
12104141420,536.371437149034
12104141421,416.30763514395215
12104141422,478.46242423225596
12104141423,552.8124420170827
12104141424,606.9489480405539
12104141425,630.4955231602971
12104141426,485.58030504995725
12104141427,492.0378482952838
12104141428,471.4065910075268
12104141429,659.1804026585244
12104141430,793.4253460668593
12104141431,555.3960572138382
12104141432,577.3663187753797
12104141433,458.1829860975683
12104141434,519.3162686508481
12104141435,3146.3880040024383
12104141436,479.4048462404752
12104141437,401.5801394101079
12104141438,505.2773959875629
12104141439,650.9886694793769
12104141440,474.85064107704954
12104141441,381.9962941940263
12104141442,466.05699736161023
12104141443,466.7982382092196
12104141444,1446.073070973043
12104141601,569.2702281443698
12104141602,517.5173358744972
12104141603,432.64046708243814
12104141604,511.42051866925397
12104141605,550.0003746599396
12104141606,589.7790941727942
12104141607,557.6454986948326
12104141608,556.5888659999604
12104141609,536.4483134100184
12104141610,562.6841716202982
12104141611,401.1385257611092
12104141612,643.0220636426579
12104141613,573.6187140916767
12104141614,655.6304086420738
12104141615,598.9409615222404
12104141616,347.14894717819976
12104141617,568.593388020804
12104141618,506.97650692762215
12104141619,525.980381254268
12104141620,548.4057586543632
12104141622,885.8159058141099
12104141623,551.4554966557271
12104141624,909.397569906301
12104141625,617.8739538864822
12104141626,459.83030530089013
12104141627,508.565716181759
12104141628,508.15949161426613
12104141631,572.9687605872393
12104141632,457.2251314188428
12104141633,617.0750632578445
12104141634,397.5882034859427
12104141635,557.0197199411703
12104141636,458.2475678994934
12104141637,642.2841077974789
12104141638,2192.1332816351037
12104141639,1041.4642729925379
12104141640,3302.543620454078
12104141641,646.1757236444411
12104141642,381.37789718319755
12104141643,2552.8273444740353
12104141701,634.6219472933622
12104141702,2027.8498863151956
12104141704,10445.879997399572
12104141705,442.7453182085618
12104141706,7219.569257860737
12104141707,444.4093929229048
12104141708,581.8955852167164
12104141709,483.4134962950892
12104141710,460.7383846885627
12104141711,444.5645978506653
12104141712,688.9011224925598
12104141713,4851.907497553923
12104141714,533.2808200790824
12104141716,663.8270093611641
12104141717,578.283661213915
12104141718,516.5943727784603
12104141719,425.09591370397425
12104141721,493.1446547478362
12104141722,462.81681159943815
12104141723,507.54154775587944
12104141726,3358.9551919249807
12104141727,476.7008121943074
12104141728,422.20747702523727
12104141729,597.6654960883591
12104141730,442.42377430973653
12104141731,449.7532313855262
12104141732,459.8158911616177
12104141733,426.3528243993097
12104141734,447.460127182452
12104141735,653.1248566979474
12104141736,921.0340011548999
12104141737,727.0603621171616
12104141738,445.7501324286949
12104141739,1777.4654872888827
12104168801,494.9819763143638
12104168802,812.0968592593508
12104168803,820.0939337233389
12104168804,354.4665116187155
12104168805,491.1649243838916
12104168806,509.46594367368294
12104168807,405.4708800719559
12104168808,538.4595777447707
12104168809,487.2334603124779
12104168810,562.7060702450044
12104168811,243.93048474655416
12104168812,670.6194593271595
12104168813,450.2769968422209
12104168814,552.864008411916
12104168815,382.0310582841198
12104168816,535.9271366619014
12104168817,527.0084802028646
12104168818,541.6993275659195
12104168819,454.3336628143178
12104168820,607.8170300584994
12104168821,340.0112802581591
12104168822,396.0856061634853
12104168823,875.0235634237467
12104168824,498.21100311420923
12104168825,456.20649897443394
12104168826,472.3982727469968
12104168827,479.265017654598
12104168828,382.48606029678245
12104168829,422.44171430593894
12104168830,342.96036917357594
12104168831,1554.1478765550341
12104168832,579.5685581392759
12104168833,354.8775838820938
12104168834,520.3117665248326
12104168901,455.05058467852945
12104168902,889.8985737835616
12104168903,381.9015395001933
12104168904,370.35696568785346
12104168905,374.0461387858308
12104168906,442.4908955063726
12104168907,683.8767399585561
12104168908,353.77983986937267
12104168909,1046.1231102892211
12104168910,532.3838984885808
12104168911,536.278550303341
12104168912,482.519022204527
12104168913,389.7574404933508
12104168914,911.8436401943035
12104168915,362.37026748905384
12104168916,315.54407296089965
12104168917,378.38341693381983
12104168918,569.6202237536847
12104168919,347.30923809773793
12104168920,690.3922191016318
12104168921,595.2433557753044
12104168922,442.4235764657359
12104168923,373.32671864183817
12104168924,574.0413087103937
12104168925,358.8771938004925
12104168926,342.0396422321035
12104168927,2111.3403224191984
12104168928,630.0613720804819
12104168929,407.55932402074575
12104168930,733.5411055027766
12104168931,509.1188517447709
12104168932,452.63544857407
12104168933,652.5353501403945
12104168934,466.9083427257146
12104168935,1229.8845276396344
12104168936,583.8990873558901
12104168937,1033.9369449599021
12201141801,579.8224584745308
12201141802,469.7075153610299
12201141803,465.1986457343945
12201141804,451.4621366445521
12201141805,503.2740742290481
12201141806,558.5826792305917
12201141808,546.7398811570603
12201141809,445.6856097015638
12201141810,359.6400630814129
12201141811,405.3684518722563
12201141812,503.80900713576204
12201141813,451.0298690688596
12201141814,404.27272507446224
12201141815,527.9791955714302
12201141816,425.23979866454454
12201141817,508.41513715073734
12201141818,414.48580107791537
12201141819,471.9285886962489
12201141820,437.84888087702257
12201141821,476.6518296711152
12201141822,692.5056141149785
12201141823,624.9515561307654
12201141827,625.8715733833304
12201141828,544.4593246891501
12201141829,482.79243463276555
12201141830,547.8015451607745
12201141831,495.77792120508036
12201141832,565.2161306607414
12201141833,436.80914087864795
12201141834,722.69743128843
12201141835,490.8459460573247
12201141836,407.99520258314624
12201141837,334.07003339014176
12201141838,513.3884161754513
12201141839,486.85590703050804
12201141840,427.1801662236109
12201141841,505.64882549021604
12201141842,442.7453182085618
12201141843,506.3266362542391
12201141844,685.7832193875965
12201141845,436.0023104474902
12201141846,383.3079608703523
12201141847,432.1719933303254
12201141848,488.8371808161219
12201141849,584.6420578776184
12201141850,417.7351335617673
12201141901,541.2029066629242
12201141902,527.0242390688701
12201141903,517.5795475314474
12201141904,338.02520637624934
12201141905,720.1650416575233
12201141906,494.7468520550017
12201141907,422.9326211139576
12201141908,495.09105098268736
12201141909,491.78566660518777
12201141910,538.5126390084008
12201141911,412.29166157668527
12201141912,528.5236619849907
12201141913,919.8931399878451
12201141914,423.1279039703132
12201141915,433.245679971005
12201141916,451.8464205091568
12201141917,649.1226277483142
12201141918,672.9332563691929
12201141919,389.8994039193211
12201141920,483.3348068236573
12201141921,610.0193072437189
12201141922,1167.6516489309722
12201141923,1579.6557270981575
12201141924,637.311749801409
12201141925,980.2086009136771
12201141926,485.9258795270971
12201141927,387.8749023191527
12201141928,487.9545596760646
12201141929,476.82974186812834
12201141930,404.88570434699943
12201141931,447.0068652797199
12201141932,604.2727692481184
12201141933,626.1380308820686
12201141934,534.0464915565462
12201141935,461.4409709520245
12201141936,569.8716091374322
12201141937,405.0157478465165
12201141938,522.33114875171
12201141939,324.6096574797538
12201141940,533.8000148340097
12201141941,486.5514575732951
12201141942,263.9879574191495
12201141943,593.6733311841807
12201141944,499.1165099605178
12201141945,540.6404858970433
12201141946,484.2470668400856
12201141947,571.2858498500483
12201141948,583.1011190315974
12202142001,587.0765697924409
12202142002,657.2062005743671
12202142003,466.35285916768936
12202142004,540.5142774472416
12202142005,542.95731268788
12202142006,465.95151879122847
12202142007,625.8152233031033
12202142008,502.59275756945823
12202142009,465.71890251435815
12202142010,498.83015116099887
12202142011,592.0079007725749
12202142012,484.63250253753426
12202142013,548.5077190076988
12202142014,480.2094666924447
12202142015,470.7769741223095
12202142016,660.1464658601116
12202142017,666.9283940234213
12202142018,449.3371851268433
12202142019,527.4996375380348
12202142020,645.8224591531906
12202142021,495.32861703599906
12202142022,422.12432686022214
12202142023,600.2917428597261
12202142024,716.1641611556132
12202142025,580.1467011495267
12202142026,592.5531655938377
12202142027,451.7383445142664
12202142028,897.0746327814844
12202142029,965.5446167547404
12202142030,674.7262874271021
12202142101,732.8716480182028
12202142102,632.8058163193467
12202142103,440.20773952164586
12202142104,589.0113948148622
12202142105,590.9367628028449
12202142106,789.8391449063832
12202142107,397.42633693297944
12202142108,410.8206079206662
12202142109,688.9059503961412
12202142110,442.56337695017544
12202142111,660.8618893086469
12202142112,439.7278387199158
12202142113,411.4540300274805
12202142114,533.7941150991812
12202142115,453.0277408009163
12202142116,540.6505937120099
12202142117,534.4486625967683
12202142118,558.795005095156
12202142119,522.0349378029623
12202142120,989.9980826157795
12202142121,725.6038910547898
12202142122,578.8415689712732
12202142123,623.2738971483288
12202142201,570.355603525444
12202142202,516.6193839832544
12202142203,460.05385396401266
12202142204,530.13218755848
12202142205,535.0165548462129
12202142206,484.52555421168114
12202142207,462.2900402512656
12202142208,428.63999997247925
12202142209,425.88153582877396
12202142210,413.9353086138692
12202142211,533.2900013342303
12202142212,600.3389364087035
12202142213,486.26345077070664
12202142214,504.2961616495802
12202142215,567.930015812978
12202142216,518.9658171228176
12202142217,591.4055170642272
12202142218,426.51588572047916
12202142219,493.36395353880494
12202142220,548.4253717569167
12202142221,518.5806441579703
12202142222,484.23977420345534
12202142223,594.9092222420211
12202142224,435.41445644085275
12202142225,475.01570372975044
12202142226,543.5073877223969
12202142227,549.781660270995
12202142228,456.4317934770109
12202142229,342.4873396412344
12202142230,418.72596072214895
12202142231,487.4874406509433
12202142232,360.81085432116515
12202142233,776.3102601239904
12202142234,398.5924742252805
12202169001,750.9511024685329
12202169002,652.1299803566529
12202169003,800.6233698586065
12202169004,450.8435510380883
12202169005,452.3362887771672
12202169006,7570.409573377014
12202169007,686.2553399781037
12202169008,562.9548626759051
12202169009,568.9809613180644
12202169010,506.0632355001214
12202169011,626.4455707325686
12202169012,703.0244245197191
12202169013,501.31471773202696
12202169014,490.54644537727046
12202169015,425.01683064485
12202169016,627.6828716345706
12202169017,504.2848247201605
12202169018,575.1435988036048
12202169019,414.85190512536025
12202169020,609.758604173855
12202169021,457.1711233705454
12202169022,463.30446446642657
12202169023,634.8949992820122
12202169024,394.10085412992544
12202169025,854.1638446266738
12202169026,684.600138447296
12202169027,495.5768355237594
12202169028,528.8582385668406
12202169029,505.15095452860277
12202169030,564.878857726174
12202169031,1004.5371998897094
12202169032,579.3523989905627
12202169101,778.4541492282536
12202169102,498.86761144709965
12202169103,495.7469136121299
12202169104,548.0523282706716
12202169105,1010.9295205947686
12202169106,596.1139155520307
12202169107,501.14896047062354
12202169108,502.6605029513726
12202169109,796.8412958225567
12202169110,580.7045261609788
12202169111,448.8190946503513
12202169112,977.194592442995
12202169113,436.8454409325259
12202169114,421.78085950632834
12202169115,508.6295294473775
12202169116,420.55526013796793
12202169117,477.4546991142261
12202169118,669.9393192453189
12202169119,479.5600507908808
12202169120,590.5739540626585
12202169121,442.8812430054437
12202169122,1062.7030771472503
12202169123,612.871983045356
12203142401,611.1090949970752
12203142402,460.8108320396886
12203142403,539.9071408444497
12203142404,381.28377691615344
12203142405,540.06039409867
12203142406,556.4189967626176
12203142407,525.0210729943461
12203142408,555.6126142424671
12203142409,583.3728465114259
12203142410,563.4389218661582
12203142411,527.0109041388147
12203142412,633.8659014970573
12203142413,469.1906384318408
12203142414,492.66936883507464
12203142415,465.75332064505767
12203142416,474.9202141251784
12203142417,477.7547496062959
12203142418,547.518031545264
12203142419,601.277063145124
12203142420,495.6836306342819
12203142421,442.8757568593883
12203142422,525.5530912058216
12203142423,545.2027549449475
12203142424,475.019316036782
12203142425,578.048151927823
12203142426,583.292055526404
12203142427,628.7951419349413
12203142428,623.272231524248
12203142429,558.4282305797109
12203142430,434.55191723364874
12203142431,623.1595398287136
12203142432,587.7139642240818
12203142433,667.6703657541714
12203142501,438.99619369166476
12203142502,439.4509701020146
12203142503,534.2767846916767
12203142504,418.88831035383936
12203142505,460.6162205837332
12203142506,491.1786479896959
12203142507,511.4032144447709
12203142508,455.9358477654015
12203142509,489.78989753435974
12203142510,472.08016527828664
12203142511,438.39147063837646
12203142512,458.8687173605022
12203142513,504.6713616636807
12203142514,529.6049858062654
12203142515,508.3257018583756
12203142516,530.2945876482208
12203142517,412.4472352235168
12203142518,587.2928894956771
12203142519,512.196948002289
12203142520,285.9488658986686
12203142521,536.5231883726277
12203142522,389.89365726616666
12203142523,756.0613524559658
12203142701,517.4068336743409
12203142702,478.3517623679283
12203142703,340.4360642189239
12203142704,379.76707699805746
12203142705,520.1086402854039
12203142706,419.93123960392893
12203142707,439.2097800055405
12203142708,414.0134219179387
12203142709,551.1199745225147
12203142710,387.61653055742556
12203142711,467.51311628328995
12203142712,616.570086100998
12203142713,437.4738721953225
12203142714,456.7932768142149
12203142715,574.8156422299778
12203142716,485.02767457612754
12203142717,485.0070188095575
12203142718,497.33647589780907
12203142719,446.7172256301311
12203142720,458.157030872225
12203142721,505.0333147470212
12203142722,456.02719584852844
12203142723,453.0380085343802
12203142724,456.02719584852844
12203142725,442.7453182085618
12203142726,454.86551183400036
12203142727,408.06215524952256
12203142728,452.9915404918647
12203142729,478.21617921369744
12203142730,442.7453182085618
12203142731,442.7453182085618
12203142732,376.2598090377898
12203142733,448.16440894574566
12203142734,440.2045383697867
12203142735,655.3112393543481
12203142736,1212.159979736078
12203142737,456.88137481018435
12203142738,555.575264418523
12203142739,474.9884244888491
12203142740,408.7253063874684
12203142741,515.526722890321
12203142901,394.5204204592293
12203142902,536.7625161865948
12203142903,412.1199422793888
12203142904,424.8978949735257
12203142905,487.44347729136445
12203142906,496.1672536724594
12203142907,450.38515707504735
12203142908,636.352128139844
12203142909,663.376479346427
12203142910,441.1330202413119
12203142911,421.0587527287226
12203142912,575.0689208747945
12203142913,523.2344072069282
12203142914,595.1862748798317
12203142915,370.8986909361466
12203142916,465.4023408820813
12203142917,592.7872704230842
12203142918,418.43643147499984
12203142919,1372.0332670259925
12203142920,523.0509212665299
12203142921,483.5562379615409
12203142922,446.447831019961
12203142923,537.7032996271636
12203142924,395.4032230550242
12203142925,493.6699364267849
12203142926,437.52162395800576
12203142927,538.8340086918549
12203142928,466.7154493606332
12203142929,749.4746741315194
12203142930,1071.7788541898042
12203142931,571.3124277279876
12203142932,573.955859772563
12203142933,871.6739117087862
12203142934,350.27955833675804
12203142935,483.798229568558
12203142936,455.78526206360067
12203142937,527.1508951504952
12203142938,501.81253165568313
12203142939,432.34071173571635
12203142940,543.6854216771018
12203142941,580.6056910270042
12203142942,381.58798132184677
12203142943,528.9369015622472
12203142944,551.7235070437742
12203142945,422.25317014588035
12203142946,710.4042002554254
12203142947,588.5121768334504
12203142948,775.6215516155452
12203142949,342.28876313700437
12203142950,470.92157487037474
12203142951,2134.706744420981
12203143001,510.298260582373
12203143002,581.3899148223596
12203143003,509.4752583105613
12203143004,619.2011819525787
12203143005,489.8709471880877
12203143006,516.7117363931865
12203143007,348.2741127826628
12203143008,723.2348246418138
12203143009,574.2491245637998
12203143010,502.46887250240536
12203143011,507.72241732655476
12203143012,476.7008121943074
12203143013,428.4516625382117
12203143014,429.92793271906976
12203143015,720.0107904709803
12203143016,717.4071951655809
12203143017,569.1875710823299
12203143018,496.6354667192286
12203143019,526.2591466119984
12203143020,745.9965329801419
12203143021,432.6770162616099
12203143022,593.977331546597
12203143023,402.61368509906214
12203143024,736.5978969813568
12203143025,760.6352592197799
12203143026,436.0216894018673
12203143027,429.16756487321777
12203143028,561.2861001196677
12203143029,711.1227542416483
12203143030,586.7483243258853
12203143031,364.6270717490686
12203143032,432.49545715104273
12203143033,529.1439672034917
12203143034,525.1677817857362
12203143035,494.65732480801717
12203143036,595.9615371008526
12203143037,436.7815458635877
12203143038,496.86771011403374
12203143201,458.4233533446311
12203143202,894.424927180859
12203143203,368.4949160990935
12203143204,499.145655809951
12203143205,403.9965351486112
12203143206,352.6754835926626
12203143207,372.92208191482325
12203143208,444.9773122646733
12203143209,365.2829414179253
12203143210,587.3138460742256
12203143211,584.7998660940541
12203143212,544.2661359015942
12203143213,421.6846518597422
12203143214,451.10338189496645
12203169201,837.3620784405045
12203169202,431.5280135698808
12203169203,574.6063596765721
12203169204,438.2481925060731
12203169205,446.194489382682
12203169206,499.4914311792753
12203169207,505.08062575466374
12203169208,536.0094762379517
12203169209,486.3155743097622
12203169210,419.7793237399034
12203169211,570.6129224179316
12203169212,438.114257534149
12203169213,498.523096988343
12203169214,457.1317605791556
12203169215,571.7090216776984
12203169216,463.55219738557076
12203169217,666.704237278103
12203169218,381.4464408734087
12203169219,629.012173220903
12203169220,933.5740925030908
12203169221,495.6659037821474
12203169301,561.5845176571378
12203169302,533.938186139211
12203169303,458.2842565934145
12203169304,426.31492685708724
12203169305,382.3895656145613
12203169306,271.5558942450485
12203169307,548.750989163383
12203169308,540.0349294306445
12203169309,496.6901547751083
12203169310,452.53799569892334
12203169311,608.4640522323382
12203169312,373.8289041099486
12203169313,656.8405233686291
12203169314,530.6057581921746
12203169315,445.1247100421787
12203169316,477.98676562280525
12203169317,410.01042339106755
12203169318,409.4576748469178
12203169319,423.96207333965765
12203169320,505.7117274583892
12203169321,549.3923246768345
12203169322,525.4350453439762
12203169323,481.6937357559996
12203169324,536.1074223223488
12203169325,549.2158236797701
12203169326,449.8317112053198
12203169327,484.5151451755321
12203169328,503.4401821718853
12203169329,439.67891821765255
12203169330,498.1845917556587
12203169331,438.3517891162001
12203169332,444.4816636381841
12203169333,555.64961606961
12203169334,474.73690491257213
12203169335,671.1930551271023
12203169336,529.0351268592455
12203169401,332.96077607851095
12203169402,704.168153235807
12203169403,371.2397681040724
12203169404,496.1556384297073
12203169405,354.8042061024763
12203169406,745.0418092982002
12203169407,445.2123244862312
12203169408,507.27521656381776
12203169409,533.2675837677542
12203169410,483.32587583874647
12203169411,417.334958026942
12203169412,599.1204822139725
12203169413,528.5763503756045
12203169414,536.8736852133065
12203169415,569.371483027376
12203169416,602.9519712796147
12203169417,523.3640544636391
12203169418,707.2783726424246
12203169419,334.75473533762147
12203169420,404.6907035769671
12203169421,515.5350425940311
12203169501,612.4725522281327
12203169502,579.0338868221713
12203169503,560.7060950241306
12203169504,476.39808503126596
12203169505,574.2102452911437
12203169506,433.2310059063978
12203169507,512.3660949916687
12203169508,501.9026457722489
12203169509,2472.0173708080456
12203169510,506.07027637060673
12203169511,460.57883276025217
12203169512,546.0827383026319
12203169513,630.7193916442594
12203169514,476.1324662450241
12203169515,464.53132019415875
12203169516,598.9575591078471
12203169517,2184.922085062371
12203169518,575.8249866290503
12203169519,1210.4372967063184
12203169520,490.27008134846363
12203169521,496.0357125431057
12203169522,438.42585551838596
12203169523,453.9018943503411
12203169524,490.9721406717679
12203169525,810.0345406572297
12203169526,595.6472842470986
12203169527,570.7410329524728
12203169528,411.0696171301366
12203169529,593.5067360932185
12203169530,676.2553160832933
12203169531,573.0201616218042
12203169532,478.6970570434412
12203169533,1576.8228885938825
12203169534,691.041354246442
12203169535,1813.1729610898667
12203169536,523.7800424342624
12203169537,580.4984965303439
12203169538,521.7727551446569
12203169539,632.6157304415555
12203169540,592.3578318243177
12203169541,466.358587977645
12203169542,482.6890258990648
12203169601,459.4923637060732
12203169602,424.4785104600789
12203169603,478.63406749416293
12203169604,11968.569762369223
12203169605,547.5552227755136
12203169606,450.39162482939156
12203169607,477.6608735481524
12203169608,466.31474902306724
12203169609,565.5284041219843
12203169610,739.8479721177006
12203169611,546.0193302688201
12203169612,479.82833020983946
12203169613,699.1431222979968
12203169614,400.43039743175035
12203169615,600.8536449066471
12203169616,519.9004054888712
12203169617,396.8935715498973
12203169618,484.7775113281915
12203169619,390.5038876622288
12203169620,366.58572977710423
12203169621,10888.36518756491
12203169622,500.15848701316446
12203169623,412.66791155152123
12203169624,589.0861535267834
12203169625,514.9592303829997
12203169626,410.25153025763024
12203169627,678.0296990052603
12203169628,379.65336619167107
12203169629,594.1552553869587
12203169630,464.56630601950195
12203169631,443.4744270922393
12203169632,451.24512296120406
12203169633,374.31157314973535
12203169634,519.8272123565365
12203169635,488.7045729584119
12203169636,375.20428827288197
12203169637,510.6261316926834
12203169638,501.49523207131807
12203169639,361.2593570633757
12203169640,462.0421922559944
12203169641,621.5944678737251
12203169642,570.9546995639264
12203169643,395.6596510753294
12203169701,637.1789793635899
12203169702,740.0911506783556
12203169703,410.82769493670105
12203169704,565.8134170085287
12203169705,586.9758691419447
12203169706,528.6398126066327
12203169707,622.6183321825483
12203169708,537.0837593619864
12203169709,530.0859712602593
12203169710,726.3185095143714
12203169711,695.7683344454168
12203169712,465.2117452125225
12203169713,441.3820958636089
12203169714,691.6732396434865
12203169715,608.1731039059765
12203169716,457.2228239292726
12203169717,639.9373095478614
12203169718,463.3421426548184
12203169719,560.0543980772421
12203169720,1570.1016749483251
12203169721,507.3035587242964
12203169722,881.4902061411652
12301143301,480.5872843058711
12301143302,882.7003417894492
12301143303,713.6024347281814
12301143304,1878.4363621314674
12301143305,537.2585737870106
12301143306,922.0354253031438
12301143307,610.1025054999741
12301143308,673.1524657116927
12301143309,749.126214304341
12301143310,631.7134265678229
12301143311,500.69597749639377
12301143312,503.95640688051606
12301143313,502.2207619007479
12301143314,672.8962317999944
12301143315,529.160099367306
12301143316,554.9630308686235
12301143317,580.3514210069321
12301143318,543.4894403771735
12301143319,566.2213841626609
12301143320,637.6313526973671
12301143321,594.3488435295784
12301143322,633.5365737768881
12301143323,615.8417621144565
12301143324,617.2127556318866
12301143325,521.0534624080738
12301143326,579.6031531901659
12301143327,576.2966988768522
12301169801,466.66302331492534
12301169802,447.8638839402973
12301169803,592.3443181706778
12301169804,1563.5315091627679
12301169805,620.8501893027476
12301169806,485.9943326233662
12301169807,415.9792062995609
12301169808,434.9167089364224
12301169809,434.6560110680197
12301169810,510.60343694893464
12301169811,682.9246605747859
12301169812,589.1864524956974
12301169813,449.4337838519969
12301169814,625.7884785088063
12301169815,640.3795511554598
12301169816,461.90916031454094
12301169901,457.3360465276389
12301169902,712.3388245383703
12301169903,428.7137432627934
12301169904,507.09804260362046
12301169905,452.38745810398086
12301169906,462.7056500142559
12301169907,3937.024260067785
12301169908,584.0138026175738
12301169909,695.2793803673189
12301169910,697.1279946991265
12301169911,517.935306442253
12301169912,465.8200059765475
12301169913,505.671073675292
12301169914,575.8162091997139
12301169915,494.14946923369484
12301169916,476.1392490701051
12301169917,2124.131962205555
12301169918,582.968221415832
12301169919,547.187766990033
12301169920,609.4026226422643
12301169921,502.3756545897811
12301169922,486.88748099247937
12301169923,412.4263163954628
12301169924,526.9887323575107
12301169925,523.8815463686212
12301169926,581.6437524852734
12301169927,537.0085659517881
12301169928,569.3644691676774
12301169929,517.1469753980945
12301169930,701.3548796010132
12301169931,655.9741180050105
12301169932,646.4262164609514
12301169933,920.5447798235526
12301169934,505.54764753105127
12301169935,543.4306279624352
12301170001,456.02719584852844
12301170002,424.4998018993223
12301170003,412.43836048360566
12301170004,514.1253201675643
12301170005,451.0562896021954
12301170006,363.9021925935244
12301170007,416.90365699916975
12301170008,402.68807762090023
12301170009,526.2101838191553
12301170010,682.4205615417397
12301170011,566.6136057458441
12301170012,582.2209003643535
12301170013,522.884202365031
12301170014,464.83361371096936
12301170015,570.0972367735228
12301170016,440.4461282241011
12301170017,528.1402515270863
12301170018,434.53768245451926
12301170019,529.4703553064531
12301170020,469.8522619907671
12301170021,2500.2043419362526
12301170022,437.6820390229621
12301170023,462.01337937902264
12301170024,552.3516795911681
12301170025,411.9809549486254
12301170026,395.61833317062286
12301170027,383.9594861565494
12301170028,341.7830306792011
12301170029,472.90959778415146
12301170030,451.17039669565617
12301170101,562.8205660461385
12301170102,433.16500128498825
12301170103,426.35505432475617
12301170104,602.7437934267788
12301170105,503.1950837634851
12301170106,454.0731170776182
12301170107,469.52210916367113
12301170108,506.3343196589429
12301170109,586.316651796909
12301170110,581.1896348856548
12301170111,577.4405863573819
12301170112,444.56570445414224
12301170113,326.0455104326074
12301170114,382.1411287403946
12301170115,631.771786010026
12301170116,564.5776858756201
12301170117,563.1720480592229
12301170118,567.5186304790055
12301170119,454.0678776878839
12301170120,512.3805227252749
12301170121,518.0206272998872
12301170122,558.8680247886426
12301170123,475.7423696895577
12301170124,452.74464796585573
12301170125,11968.569762369223
12301170126,511.6941497970395
12301170127,568.9852686614248
12301170128,527.4509647490686
12301170129,464.6689873313547
12301170130,499.98238789256646
12301170131,570.6338794278123
12301170132,483.69012286114696
12301170133,514.7080280657839
12301170134,1041.171515941133
12301170135,504.9913079826955
12301170136,482.37794782901534
12301170137,600.5996213528279
12301170138,512.5372378532039
12301170139,760.5641280055497
12301170140,494.1114678734769
12301170141,466.86964625845576
12301170142,500.2495664135616
12301170143,592.483879139489
12301170144,618.7802729681641
12301170145,597.8889062271081
12301170146,513.5569316597655
12301170147,473.8920483166063
12301170148,572.4678075084929
12301170201,515.9144325255605
12301170202,552.5405641578976
12301170203,651.6758568504964
12301170204,623.815560269163
12301170205,535.8460819462794
12301170206,485.7835360033775
12301170207,610.4119290593613
12301170208,519.1749699095841
12301170209,529.0394836843361
12301170210,475.28565486721607
12301170211,612.3482295341084
12301170212,492.52870501145935
12301170213,466.3160272778517
12301170214,458.0443352605066
12301170215,508.80480492348556
12301170216,604.3760144173049
12301170217,515.7764316407163
12301170218,552.2002649357828
12301170219,621.2843568641167
12301170220,351.3076022182751
12301170221,512.3028940815991
12301170222,482.61061482262954
12302143601,713.3675081090358
12302143602,449.3371851268433
12302143603,646.4355660355849
12302143604,662.9191925696853
12302143606,591.0032584149152
12302143608,613.1894293584056
12302143609,654.6052936736711
12302143610,506.51979605878677
12302143611,697.6675003244765
12302143612,583.7278300784333
12302143613,628.1139139759877
12302143614,520.3497775921674
12302143615,811.2144464301828
12302143616,697.5695926486502
12302143617,720.5609716205516
12302143618,513.7104417973118
12302143619,652.9702326386765
12302143620,687.8163816237137
12302143621,532.4855855480992
12302143623,438.23003154526936
12302143624,553.2586154064662
12302143625,547.7199949382775
12302143626,529.8700221924018
12302143627,600.6289683940046
12302143629,483.798229568558
12302143630,612.1343781618901
12302143631,569.2615048062553
12302143632,522.646932078229
12302143633,553.6365996905402
12302143634,594.2734169494281
12302143635,640.5789791128514
12302143636,521.6310751593901
12302143637,532.6888837014393
12302143639,610.1077328077427
12302143640,712.7961662714914
12302143641,731.5608114829389
12302143642,669.7915773625411
12302143643,632.3327939161979
12302143644,526.1128148269896
12302143645,498.79208729251496
12302143646,664.8809468312114
12302143647,619.0806130453387
12302143648,585.8830572765723
12302143649,531.4608402245404
12302143650,442.7453182085618
12302143651,689.3401893285491
12302143652,1411.205465699949
12302143653,805.7361661542586
12302143701,555.150808966986
12302143702,460.24566746453684
12302143703,610.1446057178013
12302143705,478.6596179621659
12302143706,577.5476665655881
12302143707,544.4128271892052
12302143708,540.6028775144463
12302143709,9876.084845525456
12302143710,675.8319241672068
12302143711,547.3327283034934
12302143712,517.8036424831782
12302143713,748.9578996742575
12302143714,697.0637819398139
12302143715,654.9857646543886
12302143716,669.3022083436
12302143717,721.709505047515
12302143718,639.481092338611
12302143719,499.1203970544439
12302143720,663.171155675203
12302143721,601.5340708492432
12302143722,494.8905843311124
12302143723,461.294381673548
12302143724,789.2587251735212
12302143725,588.4325774066632
12302143727,544.1360727895564
12302143729,624.4795412847368
12302143730,666.057475331981
12302143731,573.0564494038543
12302143732,549.0058529358548
12302143733,531.1438680230158
12302143737,524.8495962947279
12302143738,501.4077387833619
12302143739,619.3665354434332
12302143741,452.1095775708965
12302143744,772.0447756658181
12302143745,658.4689091020892
12302143746,628.192216251612
12302143747,635.9203410616459
12302143748,599.2465457218208
12302143749,476.5108418984133
12302143750,605.7564715976833
12302143751,579.4733126450086
12302143752,12886.47602104741
12302143753,534.5915796018987
12302143754,482.32537225328707
12302143755,556.2955685384502
12302143756,604.4178303783536
12302143757,11281.548739684431
12302143758,584.0873642043413
12302143759,639.1057207162045
12302143760,3896.7898261128094
12302143761,560.5714604034682
12302143762,677.2340034246067
12302143763,501.6399641281519
12302143764,632.9900420157153
12302143765,533.2978735777782
12302143766,605.5284338886814
12302143801,441.3740716781846
12302143802,511.2082685402722
12302143803,508.0721934805575
12302143804,557.2579126933382
12302143805,575.6124882381578
12302143806,591.6519195287264
12302143807,539.7231754004024
12302143808,469.77088202412455
12302143809,654.7823095999796
12302143810,538.3242152253852
12302143811,566.3119701360052
12302143812,570.6347695738194
12302143813,623.2407844297367
12302143814,608.297053388695
12302143815,506.8791621014301
12302143816,657.7866241606278
12302143817,643.7341464561454
12302143818,506.550635045705
12302143819,531.9310584718055
12302143820,573.9155521527572
12302143821,531.1169717982749
12302143822,480.30134803207955
12302143823,418.4581686524728
12302143824,552.2852060422413
12302143825,610.2166363856983
12302143826,1110.9841647811074
12302143827,693.8999258647906
12302143828,568.2441276004695
12302143830,540.5998702248984
12302143831,483.84036037580387
12302143833,540.9339636490295
12302143834,697.4621228792513
12302143835,456.02719584852844
12302143836,602.1825675061516
12302143837,537.4074261557433
12302143838,449.3371851268433
12302143841,559.4172600987953
12302143842,667.2216827333536
12302143843,464.8450980363617
12302143844,480.7599048936984
12302143845,558.3201162983057
12302143846,482.41687278634083
12302143847,547.2309048205634
12302143848,601.0558613823229
12302143849,901.0316026406086
12302143850,471.1434904071771
12302143851,643.6861698979101
12302143853,470.41575000492867
12302143855,560.2110634116331
12302143856,594.9008566378436
12302143857,480.72234317349734
12302143859,453.49444189033346
12302143860,441.81439051096174
12302143861,673.2303362873829
12302143862,729.1507554206203
12302143901,321.2623571899747
12302144101,750.166779451971
12302144102,538.4442365636583
12302144103,532.4765587058778
12302144104,628.2873549782934
12302144105,514.133098251065
12302144106,642.2886752403876
12302144107,761.5765016674655
12302144108,783.2311632490721
12302144109,535.6772506905002
12302144110,572.9111345351447
12302144111,832.3387073028945
12302144112,603.3130491063819
12302144113,536.9644169423561
12302144114,812.045301889671
12302144115,565.0698872771853
12302144116,466.75937958199063
12302144117,591.2346011949822
12302144118,571.9139062826732
12302144119,560.2291452198663
12302144120,636.145683318424
12302144122,644.8722046862334
12302144123,628.1519687237746
12302144124,519.5725924034123
12302144125,680.5037177974784
12302144126,562.848357591183
12302144127,600.2964868311376
12302144128,658.0100014581078
12302144129,677.4918346866484
12302144130,499.25433085815973
12302144131,535.3195711907723
12302144132,553.5467460030453
12302144133,722.7210228476816
12302144134,508.63717193226995
12302144135,699.9913348702078
12302144136,641.3205666561829
12302144137,568.6358523419145
12302144138,771.0362641431714
12302144301,487.6246567871521
12302144302,464.5930559344498
12302144303,528.4756037084388
12302144304,474.92516572333346
12302144305,503.6532044907931
12302144306,632.0265176471769
12302144307,514.0135023211802
12302144308,569.3462253360851
12302144309,667.9085983473748
12302144310,597.5485653494948
12302144311,565.0836407843433
12302144312,456.02719584852844
12302144313,603.6288606752295
12302144314,540.6186832256723
12302144315,529.9044465866411
12302144316,498.2002257652749
12302144317,548.2778004169253
12302144318,677.6916813734244
12302144319,404.8776377871469
12302144320,495.0539310562612
12302144321,729.3239042092686
12302144322,539.5097669021744
12302144323,543.9827735584705
12302144324,569.4278843278139
12302144325,462.35550847952925
12302144326,591.8543113358432
12302144327,562.9387397172893
12302144328,416.0623486139752
12302144329,758.989756488904
12302144330,2556.895691760983
12302144331,662.817236027859
12302144332,504.35154282587723
12302144333,552.0744100947616
12302144334,577.0880758612406
12302144335,593.1184092878369
12302144336,715.2772433639435
12302144337,778.6313789443335
12302144338,687.0583656263277
12302144339,635.417528169464
12302144340,2093.311371998589
12302144341,3087.1243176385337
12302144342,443.97078057007036
12302144343,835.5409759035028
12302144344,610.9229198293172
12302144345,518.0846286454387
12302144346,574.7363027969355
12302144347,676.3023302402908
12302144348,599.7210455612376
12302144349,599.3295395294148
12302144350,635.470617393319
12302144401,564.9316906612776
12302144402,499.5780513288148
12302144403,448.5329725893085
12302144404,674.8015613849722
12302144405,545.3655618222755
12302144406,663.4917406009369
12302144407,726.1628569420507
12302144408,554.0355391887463
12302144410,579.1916228950245
12302144411,570.2319354367105
12302144412,543.0451671832067
12302144413,515.2772118176106
12302144414,452.3552522018171
12302144415,568.528102957005
12302144416,576.2609527936306
12302144417,601.9592182734995
12302144418,476.346975329444
12302144419,623.8502061815852
12302144420,621.907273010042
12302144421,492.6497380735043
12302144422,445.2990317135647
12302144423,608.4854084395553
12302144424,569.1395100940381
12302144425,655.5648599654642
12302144426,598.8847211463062
12302144427,500.7471897708909
12302144428,478.6579874989528
12302144429,435.46220816274285
12302144430,506.32421455149586
12302144431,488.38831282413685
12302144432,670.0433934469755
12302144433,589.7990706294868
12302144434,578.9784864430063
12302144435,421.6377532277801
12302144436,501.4435866138238
12302144437,544.0148638610972
12302144438,536.717291579696
12302144439,542.813005791557
12302144440,497.12071968579323
12302144441,574.2602229731058
12302144442,551.0102288675553
12302144443,481.82964165179743
12302144444,516.0856299402451
12302144445,486.032991955404
12302144446,505.01735032965354
12302144447,634.3964097603259
12302144448,489.1270541283163
12302144449,530.2466055343957
12302144450,490.5240073132952
12302144451,458.8104313708899
12302144452,591.1230103070634
12302144453,512.8548825442076
12302144454,855.5999847340601
12302144455,442.118650347022
12302144456,504.7060013787351
12302144457,412.7577868792871
12302144458,974.017559536374
12302170301,360.3808763504789
12302170302,522.1701213009851
12302170303,665.81269393991
12302170304,630.8474225082972
12302170305,646.7110899945419
12302170306,664.2349708568782
12302170307,544.312982914547
12302170308,545.4085811796001
12302170309,653.3950102709686
12302170310,574.4695601989688
12302170311,494.6480938476714
12302170312,577.9856861155432
12302170313,554.7053188715761
12302170314,514.6488356109264
12302170315,417.92517877325076
12302170316,541.9443644700053
12302170317,674.9593500269365
12302170318,1538.3430576149476
12302170319,402.4698713454905
12302170320,637.3099515148797
12302170321,679.4439516188314
12302170322,511.7666908302557
12302170323,600.9804728299174
12302170324,612.6082901853695
12302170325,465.73481585126825
12302170326,578.8988685405953
12302170327,778.2877613221036
12302170328,463.0908463930126
12302170329,595.9953674926631
12302170401,296.13954318698933
12302170402,462.73435214059697
12302170403,473.2934031758609
12302170404,563.1945922016542
12302170405,679.0307053557069
12302170406,512.2442837645583
12302170407,467.3665600790249
12302170408,524.5230244464888
12302170409,603.465763744436
12302170410,689.9869802797397
12302170411,549.0190516749411
12302170412,572.5720741697236
12302170413,194.1541665850973
12302170414,474.64004498081016
12302170415,532.3752274716607
12302170416,516.625345141112
12302170417,582.4911352531317
12302170418,810.4565038679042
12302170419,538.3318037946917
12302170420,755.9438307494751
12302170421,816.0265024215753
12302170422,673.2974273366151
12302170423,553.6071040245783
12302170424,712.0537342619273
12302170425,542.6974260743851
12302170426,443.05332415005205
12302170501,2341.709177101998
12302170502,553.0035407129811
12302170503,581.7540943350159
12302170504,827.1015828591277
12302170505,482.3914426145788
12302170506,482.497399618798
12302170507,701.7593188694352
12302170508,516.8406861187768
12302170509,475.9589631448899
12302170510,464.97871959355706
12302170511,736.2772747215901
12302170512,559.9775687010967
12302170513,622.7755834097064
12302170514,666.8964729695407
12302170515,658.577576800178
12302170516,476.7008121943074
12302170517,470.65553291271715
12302170518,586.9042930214727
12302170519,757.0890248570994
12302170520,545.9504001365351
12302170521,685.5228145395126
12302170522,475.62356460446904
12302170523,635.520387131841
12302170524,515.063437905182
12302170525,557.3492382122907
12302170526,549.028440845109
12302170527,531.1441238495696
12302170528,575.3661926830447
12302170529,539.2102399947624
12302170530,726.2212373177841
12302170531,479.956035663315
12302170532,675.0774755800134
12302170533,500.80268089101116
12302170534,579.8828880500658
12302170535,651.2439577101868
12302170536,538.9674407590206
12302170537,561.4074287634437
12302170538,628.2421869813951
12302170539,572.4294099314025
12302170540,605.6544077662155
12302170601,608.4166944973804
12302170602,561.455983069802
12302170603,605.397500512137
12302170604,1859.5265416027794
12302170605,565.4256081312025
12302170606,541.4516936513339
12302170607,594.4650594664275
12302170608,699.529340293315
12302170609,576.4696901862443
12302170610,979.1868443368851
12302170611,670.7198510040283
12302170612,694.5908841270854
12302170613,533.1956338296087
12302170614,598.4694949761537
12302170615,694.7915510574268
12302170616,673.3494104827365
12302170617,579.634785155821
12302170618,790.5277031377454
12302170619,519.3139932183612
12302170620,574.5052148820678
12302170621,665.1690398075456
12302170622,468.1049333602666
12302170623,442.7453182085618
12302170624,579.5091516640318
12302170625,663.5269157519667
12302170626,542.9103020678818
12302170627,570.4336866103472
12302170628,748.4212652373881
12302170629,624.2082122498753
12302170630,523.8588453339897
12302170631,651.7522820592029
12302170632,728.931754017864
12302170633,723.6288484744131
12303144501,540.0520998247457
12303144502,549.1175799555086
12303144503,778.487766846298
12303144504,556.38881673202
12303144505,524.9534510333419
12303144506,748.888440435961
12303144507,446.03110271924356
12303144508,414.5977134996155
12303144509,426.3060226389645
12303144510,545.9356158008936
12303144511,525.1768232881584
12303144512,861.680952051706
12303144513,492.2519356382727
12303144514,735.4309553008084
12303144515,460.52432819549813
12303144601,598.5873611964722
12303144602,659.7287251398853
12303144603,554.6583980821948
12303144604,583.4730159784981
12303144605,602.8748443223263
12303144606,674.4900018293611
12303144607,445.34454722895043
12303144608,456.35512481196963
12303144610,538.1889793386816
12303144611,401.27815864950685
12303144613,458.0310802913867
12303144614,779.9073152330735
12303144615,536.4627423905604
12303144616,455.9815038663212
12303144618,569.9849543117559
12303144619,576.4092329096463
12303144620,505.9208888240241
12303144621,529.6224928340982
12303144622,465.86112147992117
12303144623,590.0427261578666
12303144624,516.5972465284246
12303144625,592.7930972508459
12303144626,497.72413212426255
12303144627,519.7671807648342
12303144628,348.19522703665587
12303144629,494.3159220935517
12303144630,453.9167635350946
12303144701,427.4706804616474
12303144702,456.1363503048065
12303144703,1493.1206812920857
12303144704,487.43933434898213
12303144705,630.2077159719489
12303144706,522.6807493013233
12303144707,644.5997636481111
12303144708,504.5888182308404
12303144709,538.5728958201572
12303144710,513.9693573777189
12303144712,644.9869067317846
12303144713,705.8330769050366
12303144714,607.7923162368402
12303144715,530.948114244097
12303144716,353.4134222762767
12303144717,479.94214667729466
12303144718,502.57668587063546
12303144719,546.1405785804936
12303144720,580.040429690171
12303144721,602.2081389335236
12303144722,629.9041018187962
12303144723,765.9951740623967
12303144724,438.2477702781403
12303144725,518.0837254138095
12303144726,615.1331504874184
12303144727,568.5005590882168
12303144728,617.5865458175776
12303144730,759.7978157000946
12303144731,608.3877136087696
12303144732,407.54893693522394
12303144733,639.8648310185479
12303144734,547.2554723421777
12303144735,581.6520383891179
12303144736,493.61074588914096
12303144738,861.7333287192872
12303144739,567.0354629709705
12303144740,745.7250220723071
12303144741,620.9428187011862
12303144742,464.07099080731626
12303144743,450.4759305227352
12303144744,500.70842253174874
12303144745,561.411324551485
12303144746,630.6997364276635
12303144747,559.1116381273893
12303144748,547.9767996946714
12303144749,614.7329299372559
12303144750,432.91063656965105
12303144751,423.3641426193227
12303144801,473.1022076827479
12303144802,486.1536722744301
12303144803,438.2020853885698
12303144804,437.7720045743822
12303144805,712.6920318809782
12303144806,479.7885629588166
12303144807,546.4074698876867
12303144809,584.8349546290079
12303144810,623.6138978788753
12303144811,791.448639149349
12303144812,417.0235262315606
12303144813,629.4051290515354
12303144814,683.6735756641468
12303144815,463.13745801010293
12303144816,512.4050242755181
12303144817,450.1614634084942
12303144818,633.0871708092377
12303144819,662.2020053377553
12303144820,563.1493368261766
12303144821,516.5392172712066
12303144822,533.3568373744753
12303144823,596.1425989046038
12303144824,514.9511679989323
12303144825,522.7198448198393
12303144826,447.3240233997947
12401144901,556.6528463767213
12401144902,612.915455391233
12401144903,600.9768608380737
12401144904,753.7014537060295
12401144905,603.1616253043312
12401144906,575.3667865200374
12401144907,681.7101432109336
12401144908,421.7986338196375
12401144909,798.7521347730727
12401144910,706.2156274166409
12401144911,498.6725594151
12401144912,711.1812141624138
12401144913,658.9426781532133
12401144914,492.0216296325579
12401144915,918.0108345559942
12401145001,445.2679074844867
12401145002,493.43374877005795
12401145003,512.8753360324348
12401145004,503.91792872330575
12401145005,561.6925746272188
12401145006,344.93712386399
12401145007,666.6767475165983
12401145008,482.2377001299706
12401145009,568.1245665691048
12401145010,674.2479910418745
12401145011,548.4307626049955
12401145012,628.4168527204569
12401145013,459.6846232341823
12401145014,451.1110292533095
12401145015,531.5731001069565
12401145016,913.3395622825506
12401145017,539.937547721898
12401145018,483.87419743019484
12401145019,570.4264503381867
12401145020,546.034542757456
12401145021,451.64632711886816
12401145022,486.50234436883466
12401145023,631.4675342011725
12401145024,572.3817777653564
12401145025,579.2903502694045
12401145026,462.953577758647
12401145027,750.0197630994746
12401145028,506.3746318111199
12401145029,559.8837960872861
12401145030,557.3410492013247
12401145031,498.490585473234
12401145032,500.8371872786208
12401145033,669.7954032327028
12401145034,527.4866174223666
12401145035,397.95893187178507
12401145036,516.5316278729898
12401145037,696.269299830706
12401145038,606.4429227463525
12401145039,442.7453182085618
12401145040,489.27255474938625
12401145041,745.0233149353228
12401145042,492.01230115514244
12401145043,410.133362931812
12401145044,556.2040648130667
12401145045,507.95556885108005
12401145046,532.9792922419922
12401145047,504.1178772091594
12401145048,578.9848019211522
12401145049,530.087327061502
12401145050,427.2559566678863
12401145051,464.2551604542963
12401145101,391.13893636758326
12401145201,600.9680514462553
12401145202,643.0260245807474
12401145203,590.7038697843035
12401145204,542.8240819522075
12401145205,680.8891824930921
12401145206,570.6016783495157
12401145207,654.19346804929
12401145208,623.8423351219141
12401145209,525.1387125436601
12401145210,546.4004155985889
12401145211,667.8992291550616
12401145212,764.264231987192
12401145213,864.8285630659055
12401145214,546.0801013158456
12401145215,408.7088985148785
12401145216,656.379264742469
12401145217,674.0430216303884
12401145218,526.3717929221248
12401145219,616.8127384843119
12401145220,555.6493674360123
12401145221,532.5648857961575
12401145222,394.9885213592094
12401145223,930.8373914409881
12401145224,761.2421567077854
12401145225,831.3740186260619
12401145226,579.0642788618578
12401145227,597.2430454630313
12401145228,757.2666365303681
12401145229,494.39252628882696
12401145230,671.6727355663361
12401145231,749.9039383293044
12401145232,741.7986813649231
12401145233,605.5661065763716
12401145234,512.7218460213305
12401145235,488.76411697425027
12401145236,2093.884463937831
12401145237,921.9276931180972
12401145301,402.4720501475425
12401145302,558.1372901796431
12401145303,566.0665440338287
12401145304,524.5808795770171
12401145305,686.529741364729
12401145306,741.5036960289328
12401145307,861.5299254832961
12401145308,501.09285040044387
12401145309,646.2921179494698
12401145310,685.2338127620003
12401145311,627.100835420336
12401145312,593.3402967036627
12401145313,551.2786552078302
12401145314,532.9885048992131
12401145315,494.0559813990998
12401145316,921.4273403327056
12401145317,421.14570705445504
12401145318,659.8891880964981
12401145319,579.6651489562217
12401145320,570.8279159306445
12401145321,764.6932039327909
12401145322,481.03752890558326
12401145323,551.3013809284311
12401145324,658.05601895072
12401145325,461.802273968338
12401145326,642.1308129146109
12401145327,703.3562075127776
12401145328,524.3978357727882
12401145401,564.7705440482099
12401145402,662.1505865851774
12401145403,467.06282831475
12401145404,671.126692307376
12401145405,829.9765839600352
12401145406,605.5723300720656
12401145407,611.0004386288409
12401145408,520.8420832816523
12401145409,646.3094792386871
12401145410,491.4863027785071
12401145411,667.8272988059321
12401145412,580.9876580330779
12401145413,532.4629270558091
12401145414,910.8519936187015
12401145415,1030.8591397196292
12401145416,562.0337597585391
12401145417,522.0820809742788
12401145418,636.5000499677725
12401145419,569.0962901003987
12401145420,559.3288740319089
12401145421,585.2665584387142
12401145422,619.0806130453387
12401145423,648.1717476103601
12401145424,694.7848968246193
12401145425,505.2686970044934
12401145426,542.3427042101182
12401145427,607.5458397314773
12401145428,511.9102830195114
12401145429,522.536167715453
12401145430,591.6657703018683
12401145431,507.1908743549818
12401145432,638.4553624252874
12401145433,721.0481452355486
12401145434,644.5764227675613
12401145435,615.768516554578
12401145436,533.6451556056791
12401145437,636.5120230616604
12401145438,504.2353037535765
12401145439,485.53944852263453
12401145440,595.1779940693773
12401145441,527.4810391389674
12401145442,521.3922864763963
12401145443,493.97759356502917
12401145444,593.348946603165
12401145445,559.114645807328
12401145446,640.5558059042303
12401145447,687.9519705907616
12401145448,502.76763081755416
12401145449,484.51451720381726
12401145450,499.49473116102615
12401145451,529.272644234262
12401145501,745.9954591867739
12401145502,555.4310632195013
12401145503,617.2833338353935
12401145504,510.55884699175584
12401145505,570.1895415103553
12401145506,764.9010685196868
12401145507,710.1206437501002
12401145508,657.1722111037795
12401145509,520.8919028414572
12401145510,530.3045628543392
12401145511,606.3754966127367
12401145512,561.2317540277691
12401145513,757.057614520313
12401145514,567.554485210742
12401145515,664.3294036440419
12402145601,407.2100007438218
12403145701,491.9741537383156
12403145702,555.5146918147235
12403145703,544.4792212479434
12403145704,652.672263594421
12403145705,588.8973594917841
12403145706,468.53352554290717
12403145707,493.2843401837764
12403145708,535.5614212310634
12403145709,584.670276442588
12403145710,539.0442068416963
12403145711,612.3597693335855
12403145712,765.969484537521
12403145713,633.7427606097144
12403145714,495.7583883453656
12403145715,702.7733522911898
12403145716,550.6410039739161
12403145717,811.8307060759576
12403145718,761.0961648806522
12403145719,526.2312664188892
12403145720,550.461570012149
12403145721,651.2419782632625
12403145722,887.6019047912132
12403145723,597.3501871253858
12403145724,499.72838611008666
12403145725,501.05890693907844
12403145726,452.6232067449681
12403145727,513.9448340275412
12403145728,458.7578041036513
12403145729,499.24682935435425
12403145730,508.90038313546256
12403145731,472.5332036375424
12403145732,545.6913467136528
12403145733,532.0719414384223
12403145734,585.9677019293949
12403145735,428.0293103774589
12403145736,451.4881475150418
12403145737,580.9417058233992
12403145738,585.7110635677411
12403145739,553.5047291122498
12403145740,610.3331478482029
12403145741,499.0247095480247
12403145901,527.490786031151
12403145902,686.8526448950647
12403145903,498.78801388102823
12403145904,607.1596576533966
12403145905,654.8102709543598
12403145906,652.1503259078905
12403145907,513.9716270359351
12403145908,471.0073301975103
12403145909,926.1748573671523
12403145910,689.1529614699795
12403145911,468.31572384405393
12403145912,598.1463318319941
12403145913,729.2147038282098
12403145914,455.2777731376932
12403145915,622.5775420811088
12403145916,421.8231728227637
12403145917,498.8584506611265
12403145918,538.6861389793214
12403145919,427.76212340986524
12403145920,493.58364426269645
12403145921,430.1210187523279
12403145922,593.7466316947219
12403145923,505.043394090974
12403145924,523.6193070889308
12403145925,495.34379786994987
12403145926,507.9186146145153
12403145927,605.9577735943042
12403145928,779.2793737394305
12403145929,603.4932087977564
12403145930,524.4458720544955
12403145931,607.4238895760434
12403145932,536.6249889602478
12403145933,623.579079070156
12403145934,548.5085934680086
12403146001,452.34164306052156
12403146002,506.2731229075939
12403146003,463.3757154463755
12403146004,449.0713098825276
12403146005,540.2166775268089
12403146006,372.95948093807726
12403146007,444.7313751041484
12403146008,513.3764390396689
12403146009,495.21499140443944
12403146010,573.5380438813941
12403146011,495.69683237252246
12403146012,679.524638825036
12403146013,533.9503489190557
12403146014,622.4608422199894
12403146015,651.8981759074206
12403146016,604.5854494285561
12403146017,442.7453182085618
12403146018,544.0272562582645
12403146019,735.9460933816727
12403146020,517.6416300191755
12403146021,593.6796298526826
12403146022,608.6716505735969
12403146023,496.99442111690746
12403146024,575.3931517881767
12403146025,412.7431345551868
12403146026,1413.304541352807
12403146027,580.3230248119936
12403146028,575.4647959262794
12403146029,515.5912380962646
12403146030,412.3843497470013
12403146031,567.0939290062427
12403146032,443.1024066189223
12403146033,488.8256643281956
12403146034,505.0940430172264
12403146035,991.9818967733294
12403146036,537.4479806770103
12403146037,477.0756067411543
12403146038,491.7803925154722
12403146039,459.02723469432703
12403146040,450.78469713357305
12403146041,503.1695451116859
12403146042,525.738956343744
12403146043,645.1941412989455
12403146044,589.3938823266377
12403146045,613.3269370904366
12403146046,474.69944352111895
12403146047,621.6468870396143
12403146048,566.7351824736054
12403146049,467.6361388060751
12403146101,494.4230125491354
12403146102,475.9469039456945
12403146103,670.9698766901901
12403146104,545.7893592034504
12403146105,509.3055759767875
12403146106,654.5145477797956
12403146107,479.24643775654414
12403146108,475.19039443670766
12403146109,558.0768095216787
12403146110,601.6305753866652
12403146111,506.09398857677763
12403146112,627.6623103040928
12403146113,536.5059516383086
12403146114,489.5790886602601
12403146115,597.0336065266893
12403146116,577.4932032682875
12403146117,752.0592327530795
12403146118,580.836841033086
12403146119,629.6345034350869
12403146120,765.2533989142622
12403146121,647.9866634925493
12403146122,433.8942982526341
12403146123,494.0785639955746
12403146124,476.00895565773305
12403146125,503.28044127678766
12403146126,592.3119042711484
12403146127,669.5955733317146
12403146128,517.9511207248108
12403146129,679.2091611931819
12403146130,552.6126207603576
12403146131,582.0491605926954
12403146132,541.5342174001169
12403146133,324.5298596696809
12403146134,653.0215676487296
12403146135,516.9151247411785
12403146136,639.715723592029
12403146137,760.4914465263254
12403146138,668.2307529696715
12403146139,628.189211679653
12403146140,598.1866738859101
12403146141,643.0307006432931
12403146203,618.2119021945225
12403146204,664.5116405915522
12403146205,646.2669442520107
12403146206,840.1175910571824
12403146207,812.8343631887286
12403146208,555.276046701761
12403146209,589.1913046920621
12403146210,474.8147391782565
12403146212,525.9824444580074
12403146213,548.4394308906082
12403146214,950.540255889708
12403146215,442.7453182085618
12403146217,814.0217276456143
12403146218,595.2861786095468
12403146220,488.7436272342534
12403146221,476.49231412620685
12403146223,811.159346849347
12403146226,501.10694341735433
12403146227,590.2813975254445
12403146228,699.4854048595553
12403146229,615.5633835398585
12403146230,494.26675643309153
12403146231,617.3292716839352
12403146232,706.1211942993993
12403146233,614.4744976019451
12403146234,536.3630395278755
12403146235,560.35978987081
12403146236,661.6426745914715
12403146237,665.8292888372143
12403146238,559.9482746915096
12403146239,797.3670712046057
12403146240,542.6560521915151
12403146241,554.48193517186
12403146242,437.5262006517579
12403146243,536.87342655124
12403146244,1133.378149819178
12403146245,548.1167456575433
12403146247,525.4745215972499
12403146248,665.689493148718
12403146249,574.2432229781814
12403146250,823.1889341540427
12403146251,590.0063438760855
12403146252,615.6650411963085
12403146253,449.3371851268433
12403146254,664.2913058606867
12403146255,590.7391364250851
12403146256,837.2036923486625
12403146257,536.2828539197054
12403146258,629.8572931837938
12403146259,645.9978877894085
12403146260,750.018515779873
12403146261,570.9323292954767
12403146262,816.5151487585459
12403146263,710.4642180421131
12403146301,429.66059543683855
12403146302,468.71233747064866
12403146303,564.8538359744335
12403146305,522.8501380953948
12403146306,511.68963060490466
12403146307,595.7914024071417
12403146310,490.93316170221954
12403146311,441.86614350436406
12403146312,596.9292466738002
12403146313,495.7699942182505
12403146314,475.18491138214927
12403146315,489.94915538962306
12403146316,475.28619998625675
12403146317,433.16681469910793
12403146318,576.2411968058802
12403146319,468.62922530114804
12403146320,429.5112636888868
12403146321,373.9347928242131
12403146322,510.5539982387822
12403146323,497.09781569488075
12403146324,387.50174949240335
12403146325,540.2172600274923
12403146326,538.673330773118
12403146327,606.9103539488881
12403146328,715.4838374493559
12403146329,563.5106609937541
12403146330,492.4086109328221
12403146331,564.5279227675203
12403146332,375.9336176937819
12403146333,649.819940335704
12403146334,498.7556338728973
12403146401,585.46252858204
12403146402,542.521202869724
12403146403,634.148556554742
12403146404,655.2415664942238
12403146405,724.7057532499039
12403146406,571.8386310447843
12403146407,640.2870170894379
12403146408,680.9701507684088
12403146409,714.2124978898278
12403146410,584.5613526081938
12403146411,595.1951495911665
12403146412,577.2455003728413
12403146413,741.7265000280448
12403146414,729.5065909750926
12403146416,3459.0218734841205
12403146417,588.022723130249
12403146418,702.8734301524379
12403146419,717.3763468306832
12403146420,696.0314655090516
12403146421,664.6751575076815
12403146422,472.33169665621614
12403146423,2297.5237968009224
12403146424,1431.295765779342
12403146425,3090.5977948744735
12403146426,4639.288711867967
12403146427,407.6490264863093
12403146429,677.9809237917879
12403146430,702.0092960661477
12403146431,692.449880739188
12403146432,681.114194423092
12403146433,575.1017763181903
12403146434,490.5363458513351
12403146435,584.5626131589138
12403146436,586.3886337417721
12403146437,660.274714422401
12403146438,649.7882866255773
12403146439,605.6223213655225
12403146440,689.7504454730591
12403146441,496.3892231371497
12403146442,564.0065835482632
12403146501,689.0241932803192
12403146502,442.7453182085618
12403146504,660.7801591190906
12403146505,464.0079832989387
12403146507,583.1091648581007
12403146508,530.6711744157792
12403146509,416.02703596261733
12403146510,570.330378414663
12403146511,636.5984110463257
12403146512,560.477112547873
12403146514,582.286261669101
12403146515,467.50728744506773
12403146516,475.6104392464359
12403146517,380.1177046460118
12403146518,506.5333619528549
12403146519,483.798229568558
12403146520,511.7052366202159
12403170701,502.52755743629757
12403170702,640.0555753563153
12403170703,479.90993867102185
12403170704,446.909645121455
12403170705,582.1940954310421
12403170706,683.2402965233149
12403170707,570.3332371511943
12403170708,545.2920234863822
12403170709,528.5948419434683
12403170710,534.835106798982
12403170711,553.7530102230129
12403170712,476.6224938484157
12403170713,496.9713176280221
12403170714,438.7841153786237
12403170715,614.5989558742446
12403170716,504.3703092435661
12403170717,568.4629753724632
12403170718,515.3846935628553
12403170719,507.8574709920629
12403170720,408.9476171209859
12403170721,449.6641560222046
12403170722,551.9090053303411
12403170723,458.8096314782266
12403170724,620.8557153038837
12403170725,513.3430530439023
12403170726,589.2679246617029
12403170727,473.5960044662127
12403170728,440.15587276903585
12403170729,490.9369682115385
12403170730,679.6666616628316
12403170731,437.5943956915578
12403170732,677.7315038037303
12403170733,518.7836555820213
12403170734,466.63018109369847
12403170735,624.670729018502
12403170736,456.4403269261951
12403170737,456.45331594428757
12403170738,522.1736249636822
12403170739,504.83560883422564
12403170740,377.1269204269243
12403170741,490.77558797219683
12403170742,414.41185746177894
12403170743,512.4408589807155
12403170744,540.8426418487227
12403170745,502.69030548204637
12403170746,745.1441643272758
12403170747,530.5807575386121
12403170801,503.7894756578479
12403170802,583.0381672232262
12403170803,479.0887575657831
12403170804,572.0490145385083
12403170805,535.4342552130145
12403170806,535.1510654657535
12403170807,667.2302235387531
12403170808,551.729588500714
12403170809,478.04257480329346
12403170810,535.1886505522781
12403170811,492.0067538096339
12403170812,649.4968055988761
12403170813,616.8923560747488
12403170814,593.8991523233929
12403170815,619.7714503200099
12403170816,492.5246488653941
12403170817,517.3257793506303
12403170818,473.15295299425395
12403170819,446.5904603583742
12403170820,418.222417772047
12403170821,615.8023765759383
12403170822,552.5999948573585
12403170823,622.5708439594939
12403170824,563.3240482038188
12403170825,951.6794848034841
12403170826,777.8385835392585
12403170827,582.1021774584046
12403170828,462.81681159943815
12404146601,659.8452220948241
12404146602,448.3141222570158
12404146603,522.9207699245915
12404146604,602.6223163713148
12404146605,594.927959973737
12404146606,598.9628589554071
12404146607,676.992083393023
12404146608,604.2194687829145
12404146609,639.4682126383489
12404146610,657.5663696803222
12404146611,552.4601524449587
12404146612,566.6251870117899
12404146613,590.2762520439946
12404146614,625.4814261821615
12404146615,610.1648661340615
12404146616,624.2165962191563
12404146617,712.31947837212
12404146618,635.5463231269135
12404146619,1989.307030955939
12404146620,699.434388316
12404146621,1566.4299456622603
12404146622,530.839864792331
12404146623,647.3076742353177
12404146624,2124.479022654711
12404146626,487.94514592997353
12404146627,713.7111962190785
12404146628,926.9242899308869
12404146629,662.3319067386734
12404146630,777.0982602199305
12404146631,547.2988604072237
12404146632,502.10795677474385
12404146633,631.1696837711868
12404146634,490.9584622182532
12404146635,647.2008438947817
12404146636,584.9756984617659
12404146637,485.4898249707637
12404146638,511.5189409212525
12404146701,441.8046557824759
12404146702,569.7401296458451
12404146703,2863.7308380600875
12404146704,540.4403269473192
12404146705,442.7453182085618
12404146706,442.7453182085618
12404146707,571.9032336122708
12404146708,337.1924260447118
12404146709,519.2588570705691
12404146710,738.0862170742396
12404146711,525.2505527348161
12404146712,489.6027919050003
12404146713,534.2614830697171
12404146714,550.6946908117397
12404146715,606.6471316812522
12404146716,521.1061233673539
12404146717,515.9097991101355
12404146718,579.6902483338619
12404146719,448.0357529929835
12404146720,474.2874874057747
12404146721,632.1979426973826
12404146722,547.085744531338
12404146723,459.38182658539915
12404146724,547.8263392574873
12404146725,665.9086113005675
12404146726,608.8230121043232
12404146727,561.7631571622254
12404146728,597.4078378231404
12404146729,423.932299443681
12404146730,608.4010978586878
12404146731,467.667056393461
12404146732,413.9062863437811
12404146733,514.71178867365
12404146734,2601.029914460946
12404146735,521.6160400011194
12404146736,544.580451497093
12404146737,508.44456350120765
12404146738,627.4409229967127
12404146739,616.3559975876267
12404146740,545.3587248963186
12404146741,626.9043235773556
12404146742,600.5644618798749
12404146743,475.7623853363899
12404146744,659.0061684409658
12404146745,510.52734826579814
12404146801,592.2254193535884
12404146802,608.8912271926067
12404146803,675.9802463268155
12404146804,425.91523747455346
12404146805,564.7217031010218
12404146806,414.9930795788331
12404146807,568.6016575526107
12404146808,970.7808379433411
12404146809,522.5783152568052
12404146810,459.1709019131603
12404146811,550.8516822538805
12404146812,451.61130947954825
12404146813,460.1432985887972
12404146814,455.5425421144183
12404146815,555.7765727099787
12404146816,519.3211232335385
12404146817,516.734068305378
12404146818,464.1830182863831
12404146819,595.0602259541917
12405146901,569.9318448789385
12405146902,543.6606527381766
12405146903,485.74835638116764
12405146904,449.4613791868524
12405146905,482.78082795206774
12405146906,538.9439068193885
12405146907,10402.8181465859
12405146908,442.7453182085618
12405146909,549.8385679443912
12405146910,422.03751401964405
12405146911,552.1879524060221
12405146912,442.91302337916574
12405146913,494.2521245083747
12405146914,413.1608571529228
12405146915,537.7787692016774
12405146916,516.9985164051235
12405146917,406.8801480981223
12405146918,516.8207265930218
12405146919,543.975024270826
12405146920,575.2900539301297
12405147001,909.7706313903172
12405147002,537.3919547179238
12405147003,682.3282605025014
12405147004,506.38710769498994
12405147005,648.8709487295494
12405147006,708.6427819646525
12405147007,720.3177231387356
12405147008,646.3730719136623
12405147009,568.17831572458
12405147010,661.6437067043652
12405147011,542.8232165544352
12405147012,566.5066813247626
12405147013,730.4243476514025
12405147014,465.9405949018199
12405147015,556.8923323180917
12405147016,587.2258278083756
12405147017,665.1151478124063
12405147018,512.781616742608
12405147019,608.4303515500096
12405147020,622.0498536792854
12405147021,579.8147173631897
12405147022,515.8946980863598
12405147023,585.2064404466663
12405147024,656.1436168569902
12405147026,623.149897847983
12405147027,479.6010972415107
12405147028,528.547347111928
12405147029,524.2253601286296
12405147030,592.9082609632865
12405147031,504.5615826513442
12405147032,665.7863856253838
12405147033,508.3071089853096
12405147034,552.8897102724064
12405147035,522.9977159091411
12405147036,616.3014160967515
12405147037,553.9360648712056
12405147038,495.25723012084205
12405147039,554.9031804976291
12405147040,526.4744814692658
12405147042,491.36859891040297
12405147043,503.86233510637453
12405147044,490.9739258345584
12405147045,489.2030394489467
12405147046,509.29382264935646
12405147047,400.8806435572562
12405158001,730.7922713654887
12405158002,959.4296618124312
12405158003,595.196651490017
12405158004,1335.3322272829728
12405158005,717.4186658620687
12405158006,1200.3552569323786
12405158007,732.9109636844433
12405158008,807.0689692304733
12405158009,599.09745501942
12405158010,679.3989553943392
12405158011,625.5713971402498
12405158012,627.354662345588
12405158013,620.8695375666517
12405158014,703.4183939171918
12405158015,652.8631940440873
12405158016,740.0811524628436
12405158017,747.2578891147375
12405158018,508.16079133413723
12405158019,667.1477209547223
12405158020,547.3822376756106
12405158021,692.3168516764442
12405158022,659.322441022847
12405158101,1429.3510339670486
12405158102,762.5436300211129
12405158103,3035.002321874606
12405158105,3129.309603302983
12405158109,1270.6998150515492
12405158110,684.6729329535299
12405158111,798.129730866462
12405158112,679.9648502690508
12405158113,616.8973232503697
12405158114,526.0720234792976
12405158115,472.94301751154836
12405158116,431.0460602161925
12405158117,738.9692285230884
12405158118,712.26863686706
12405158119,661.023924291236
12405158120,646.1140920600869
12405158121,611.1266796828443
12405158122,737.9349444592726
12405158123,552.1412255206309
12405158124,703.8409681290482
12405158125,655.2394997503558
12405158126,1422.6953751862434
12405158127,652.0816173615299
12405158128,801.288376224878
12405158129,522.0908358084586
12405158130,606.5599032720005
12405158131,553.0470165728339
12405158132,581.4085067757561
12405158133,676.9029352800197
12405158134,716.6420902470663
12405158135,449.3371851268433
12405158136,554.3085482857787
12405158137,646.2745940834031
12405158138,585.0579975865371
12405158139,2841.382113872835
12405158140,475.1763435472364
12405158141,641.330872331092
12405158142,570.2132560560806
12405158143,1694.3068928693024
12405158144,512.4810518645386
12501147501,507.0972049600127
12501158201,560.7729774529298
12501158202,7479.504240469169
12501158203,483.798229568558
12501158204,1059.309801723159
12501158205,686.393795062593
12501158206,753.7933197735474
12501158207,592.2542688692885
12501158209,600.1253624476903
12501158210,611.1877028816853
12501158211,632.2341346934543
12501158212,733.2747824168638
12501158213,605.0187213351962
12501158214,559.3711469688782
12501158215,745.6525000258491
12501158216,550.1799232810371
12501158217,691.8370761161848
12501158218,551.5998297195284
12501158219,857.0078656493322
12501158221,553.6198800003949
12501158222,701.1430847586325
12501158223,619.672241935144
12501158224,722.5831148133315
12501158225,615.4447583218255
12501158226,625.144580457833
12501158227,483.77683828987085
12501158228,709.2511352040168
12501158229,617.1194071130985
12501158230,646.7505088019582
12501158231,583.9275312648095
12501158232,577.0267197080507
12501158233,704.1297493776201
12501158234,3017.843484543911
12501158235,658.754639288724
12501158236,442.7453182085618
12501158237,613.9558673139057
12501158238,828.0991100377954
12501158239,676.241943876763
12501158240,911.8043076420422
12501158301,621.5944464475175
12501158302,513.0762669534561
12501158303,412.0451068608328
12501158304,515.9985977738287
12501158305,530.085144292335
12501158306,751.3299791182026
12501158307,896.8378178735062
12501158308,672.2767889386712
12501158309,602.3523729506713
12501158310,630.1822600037987
12501158311,611.5124691421388
12501158312,655.4711090297459
12501158313,848.5397838399496
12501158314,449.3371851268433
12501158315,659.6658084155631
12501158316,640.0021250608645
12501158317,597.5611353409914
12501158318,481.92751536101565
12501158319,6386.41660728474
12501158320,705.8629592664794
12501158321,558.8353083091395
12501158322,503.9226797842673
12501158323,485.08054464609074
12501158324,418.9654120494331
12501158325,556.1581144245623
12501158326,538.9450071152805
12501158401,774.9206181024703
12501158402,887.9091010278769
12501158403,722.2938404327382
12501158404,811.1737307633101
12501158405,695.7054837042643
12501158406,534.5853927864997
12501158407,522.7521137487286
12501158408,735.2674874772066
12501158409,661.0459954933042
12501158410,522.9122530350743
12501158411,755.7633825909054
12501158412,549.8344055457574
12501158413,603.0643633217238
12501158414,614.1323019135145
12501158415,449.3371851268433
12501158416,667.8821842898327
12501158417,711.0871927498988
12501158418,548.5220256191473
12501158419,442.7453182085618
12501158501,489.7184550818169
12501158502,544.0326038742579
12501158503,482.89824705746946
12501158504,767.725105098282
12501158505,576.8304900633577
12501158506,638.5748485477353
12501158507,674.0217530580413
12501158508,544.7863239742604
12501158509,4751.286606203921
12501158510,483.798229568558
12501158511,449.14300439658007
12501158512,576.7295558400498
12501158513,549.029498763807
12501158514,528.7462972740351
12501158515,493.8267005406056
12501158516,593.7807994812562
12501158517,547.3287293592139
12501158518,519.2612275372734
12501158519,508.4810077228329
12501158520,516.7265530435569
12501158521,484.85289320208176
12501158522,566.4334821426407
12501158523,644.6227207790978
12501158524,536.4820267245739
12501158601,2407.5364985386
12501158602,485.7222993002907
12501158604,637.8357702259965
12501158605,715.8418461036804
12501158606,1814.3220810546422
12501158607,336.1709757549275
12501158608,553.48676278386
12501158609,517.8436976892337
12501158612,521.2938956721118
12501158613,482.034199937233
12501158614,767.453778316029
12501158615,632.5372032542624
12501158616,578.3238329729415
12501158617,486.7122805648041
12501158618,571.5674837835506
12501158619,515.71066877995
12501158620,644.9718817817317
12501158621,537.2916416473894
12501158622,659.5900439065313
12501158623,716.4198858210858
12501158624,525.477776221281
12501158625,479.8104934118796
12501158627,611.5509701166311
12501158628,442.7453182085618
12501158629,566.475681296421
12501158630,440.33486473713793
12501158632,475.1516819647143
12501158633,725.5309270783182
12501158634,489.9552976005935
12501158635,557.9681425600489
12501158636,449.3371851268433
12501158637,548.4643168369525
12501158638,557.6402219051034
12501158639,712.1587718472734
12501158640,467.2671146663382
12501158642,535.0092690378085
12501158643,422.1937385166703
12501158644,540.6653961347978
12501158645,2030.3660221299513
12501158646,457.7126463258159
12501158647,458.24503447053996
12501158648,509.5055233179581
12501158649,486.7516278777404
12501158650,562.2006770722091
12501158651,490.2105337584584
12501158652,2514.800063830411
12501158653,471.95940563184536
12501158654,541.5090869296783
12501158655,669.6038219135297
12501158656,601.2055497626975
12501158657,552.2835273790625
12501158658,524.9511509010172
12501158659,2184.898866010917
12501158660,3384.264634140608
12501158701,561.8614528079265
12501158702,667.6647677641394
12501158703,643.8027876760401
12501158704,665.065600590291
12501158705,602.2766214405615
12501158706,561.1584254978902
12501158707,516.637054294585
12501158708,665.257859745963
12501158709,546.0375614576286
12501158710,939.8614647210329
12501158711,874.0784593670589
12501158712,583.492821853542
12501158713,628.0068729515026
12501170901,560.375485477661
12501170902,566.1376373344848
12501170903,503.1057820654978
12501170904,499.2097128198335
12501170905,398.6764763907759
12501170906,399.28642025559884
12501170907,489.4992495385861
12501170908,597.008427349687
12501170909,526.1580750978522
12501170910,576.7499040364125
12501170911,577.9039310977395
12501170912,472.02906404406673
12501170913,537.7612146553221
12501170914,7748.029111749164
12501170915,540.315751860858
12501170916,541.9832098858974
12501170917,439.037142163336
12501170918,516.655839326871
12501170919,1746.021512851968
12501170920,297.6200163223528
12501170921,501.7071149366047
12501170922,449.31968307628534
12501171001,523.8405194431166
12501171002,1434.8342172362122
12501171003,9583.333636822637
12501171004,512.4976695433282
12501171005,623.3508096266722
12501171006,1017.5214763969702
12501171007,479.90910199335997
12501171008,434.99790846963344
12501171009,1211.8915242434289
12501171010,744.6677600527003
12501171011,516.7477951369297
12501171012,605.0876137106522
12501171013,650.1635193127731
12501171014,520.388137638348
12501171015,1897.2937153877554
12501171016,454.9641912607301
12501171017,635.1564103221239
12501171018,37265.61990234276
12501171019,547.8719091743569
12501171020,852.5429152854248
12501171021,569.8305099046881
12501171022,6957.52140831578
12501171023,701.3569631137606
12501171024,747.6264201103654
12501171025,11418.7229340617
12501171026,1474.72528693994
12501171027,599.5530216549648
12501171028,14999.583528371226
12501171029,559.2356718910152
12501171030,11418.544767666504
12501171031,501.52967099941094
12501171032,472.19764653758523
12501171033,442.7453182085618
12501171034,10795.029103726863
12501171035,509.23701096945223
12501171036,7468.351245360602
12501171037,570.515974971335
12502147701,528.7805880192379
12502147702,449.3371851268433
12502147703,440.6433012759088
12502147704,508.42784981213595
12502147705,11116.046149679314
12502147706,1026.0934613341929
12502147707,490.36905656931657
12502147708,482.72484211003746
12502147709,555.3397653837666
12502147710,548.7796532825264
12502147711,642.7839345497594
12502147712,452.5836645465907
12502147713,579.7238399530306
12502147714,545.3777848521228
12502147715,689.7407462130847
12502147716,519.7311794254892
12502147717,1258.6405955569273
12502147719,578.4438884652723
12502147720,1037.8585215409362
12502147721,407.2100007438218
12502147723,420.1516856702588
12502147724,604.1790909021777
12502147725,550.2099495453907
12502147726,545.9481521242776
12502147727,646.8971527573916
12502147728,533.5817840586272
12502147729,670.8520697388619
12502147730,5230.07482121333
12502147731,483.23321626762976
12502147732,522.448359365871
12502147733,522.3087664704854
12502147734,688.0840109691183
12502147735,517.034595234874
12502147736,533.5105077580035
12502147737,623.7961416118047
12502147738,518.1865088013609
12502147739,7397.561524941792
12502147740,786.643620174221
12502147742,629.3571520665395
12502147744,709.6339836312799
12502147745,714.8614384950951
12502147746,546.4519277809018
12502147747,598.1882520213385
12502147748,746.6640544009872
12502147749,604.4170678369454
12502147750,912.1712478933338
12502147751,469.900809986038
12502147752,575.1165853522508
12502147753,491.82830667732827
12502147754,436.1921708940341
12502147755,414.2660721634174
12502147756,494.60614531028887
12502147757,567.5561060726006
12502147758,497.66210931766403
12502147759,504.42661851683954
12502147760,1370.878329953715
12502147761,464.12045865484777
12502147762,709.5337130331095
12502147763,522.8863554084869
12502147764,1835.6097188611993
12502147765,489.4561040075464
12502147801,645.3770879564491
12502147802,548.768638141705
12502147803,587.4511571582714
12502147804,499.4262266955267
12502147805,773.1485429663782
12502147806,1068.179906616396
12502147807,559.4526672415664
12502147808,582.912143756591
12502147809,611.8338639941827
12502147810,523.7395881911585
12502147811,514.7552711835338
12502147812,496.4045275585403
12502147813,561.3055300157837
12502147814,485.71161386815174
12502147815,504.42031213420637
12502147816,644.5426589004619
12502147817,578.2060108242032
12502147818,529.4094651543738
12502147819,745.908402123572
12502147820,533.7840741025728
12502147821,538.0015328070389
12502147822,513.9185434881201
12502147823,622.2270013569843
12502147824,763.4675965542997
12502147825,856.8369919868734
12502147826,586.5296439405946
12502147827,599.2143314327818
12502147828,989.1645555294449
12502147829,754.0167117470479
12502147830,648.2845381871525
12502147831,575.6785009488544
12502147832,530.8342145271827
12502147833,487.8659537835705
12502147834,566.7824292826435
12502147835,467.367149781547
12502147836,608.8358193503518
12502147837,683.786355867053
12502147838,727.8174391828559
12502171101,543.9188232676679
12502171102,456.59460124857395
12502171103,628.4703374019025
12502171104,509.0982269225013
12502171105,629.3364421110755
12502171106,564.7876393522337
12502171107,580.433222610393
12502171108,620.6952895260424
12502171109,1328.0146811832294
12502171110,607.1998903525957
12502171111,635.4333218624714
12502171112,635.7614405973374
12502171113,830.05819655994
12502171114,516.5405206918698
12502171115,513.8107369107581
12502171116,473.32644835226716
12502171117,494.6911466585886
12502171118,917.4010471786322
12502171119,450.15962520764816
12502171120,450.03535707456814
12502171121,548.4196349373319
12502171122,633.3944624088583
12502171123,620.3435530453935
12502171124,701.9145308379257
12502171125,514.8347594761229
12502171201,649.9545917430825
12502171202,609.1709064576806
12502171203,577.6617965370017
12502171204,728.7308808618508
12502171205,629.6057250525505
12502171206,673.620883176174
12502171207,606.3806503555793
12502171208,726.6510675402745
12502171209,528.3988518168752
12502171210,564.4934505270534
12502171211,556.6697215848991
12502171212,479.1171954999492
12502171213,528.5788785082939
12502171214,632.2885317341332
12502171215,2016.2818791709442
12502171216,491.5227887025814
12502171217,509.4944841547047
12502171218,577.611436663585
12502171219,528.0324170983519
12502171220,671.6813825851516
12502171221,555.6517191978106
12502171222,564.3496144334085
12502171223,523.8594281797605
12502171224,732.885080842601
12502171225,505.87008153176487
12502171226,540.6258018345552
12502171227,467.861711393853
12502171228,581.5136482463406
12502171229,720.0886883339348
12502171230,573.6002001252475
12502171231,535.8447298106248
12502171232,593.3887269727154
12502171233,434.8060194293718
12502171234,518.5302783793084
12502171235,709.6195037652108
12502171236,549.2191623626591
12502171237,912.6254126919847
12502171238,580.3650072315517
12502171239,618.0909092015669
12503147901,741.4060739524832
12503147902,767.0306830619719
12503147903,696.3003027019222
12503147904,673.1182008167748
12503147905,2370.4318546796217
12503147906,682.9910960504816
12503147907,823.8964446453894
12503147908,700.7786743110178
12503147909,369.38333802944476
12503147910,509.7859591617063
12503147911,824.4991498156127
12503147912,756.3676293641208
12503147913,837.979743053003
12503147914,589.7731411985052
12503147915,673.3671200762278
12503147916,649.6677603503488
12503147917,456.02719584852844
12503147918,825.2937041721285
12503147919,703.5982474794156
12503147920,837.8139604164525
12503147921,650.4571572548216
12503147922,556.7431021044141
12503147923,1887.0201030026049
12503147924,904.100761711721
12503147925,1006.4950411265124
12503147926,802.5473950798691
12503147927,692.0371776709363
12503147928,449.3371851268433
12503147929,444.4096732595102
12503147930,806.5006050118205
12503147931,696.4804771264072
12503147932,510.2826038487042
12503147933,487.046191639193
12503147934,670.7686500425536
12503147935,1283.2455867114886
12503147936,444.5645978506653
12503147937,412.77535142445294
12503147938,462.81681159943815
12503147939,610.0414595952656
12503147940,790.5817549196711
12503147941,666.7632290141788
12503147942,776.7747894357212
12503147943,731.0749958388925
12503148001,739.9865440083026
12503148002,544.4104855408609
12503148003,667.331396860384
12503148004,764.9466736341932
12503148005,3133.4191984279887
12503148006,699.8212327859694
12503148007,599.3534005334009
12503148008,795.2240610788799
12503148009,576.064811717666
12503148010,637.7088518836669
12503148011,479.8870074044047
12503148012,586.8181197591124
12503148013,768.8971863957775
12503148014,559.896363648967
12503148015,822.7809851142872
12503148016,996.4553988325821
12503148017,696.8271708196495
12503148018,460.1285631419113
12503148019,597.0856186711463
12503148020,893.9834885769811
12503148021,485.9361347941421
12503148022,683.4408747148818
12503148023,616.9383355806485
12503148024,720.8749850416164
12503148025,759.4064390674104
12503148026,791.9582690022894
12503148027,751.4025347494985
12503148028,2673.4391622578382
12503148029,592.8365326093586
12503148030,634.6133506974495
12503148031,665.6368415945124
12503148032,743.4508575382029
12503148104,680.5336362066945
12503148105,586.8657551490103
12503148106,700.5403603030661
12503148107,552.0462070395575
12503148108,664.6201240070159
12503148109,655.9419688416029
12503148110,666.3477136938138
12503148111,623.4358261167733
12503148112,725.8402129194949
12503148113,686.495740457732
12503148114,568.6736366499819
12503148115,608.2788643358099
12503148116,502.1792137104711
12503148117,536.5517922426202
12503148118,540.0386954466816
12503148119,647.8819057391437
12503148120,562.3659346497207
12503148121,485.6155782741082
12503148122,710.9839441075126
12503148123,683.9743537400956
12503148124,810.2672022011541
12503148126,733.111576444536
12503148127,601.8720149467117
12503148128,1005.2827838623812
12503148130,1414.4183528478347
12503148131,769.9475603051583
12503148132,522.1723672140685
12503148133,5265.987105912162
12503148134,4465.265933524842
12503148136,627.985112594375
12503148137,646.7116610979292
12503148138,2301.4963058592352
12503148139,640.3783611817811
12503148140,663.0821732036734
12503148141,575.4987631533035
12503148142,555.6199111321977
12503148143,469.7075153610299
12503148144,442.7453182085618
12503148145,599.0484489089166
12503148146,499.16841373044946
12503148147,652.1645531616283
12503148148,529.8806398013797
12503148149,606.8316001166758
12503148150,537.1723947629957
12503148151,685.3068328692063
12503148152,676.0271716441721
12503148153,1007.2007164126953
12503148154,899.1200903407273
12503148155,670.4578835295597
12503148156,595.3830056381951
12503148157,4897.4370671656525
12503148158,484.90522142877836
12503148159,551.5131721900508
12503148301,619.7941203391815
12503148302,751.8965028816958
12503148303,568.2174186987335
12503148304,803.9432768217589
12503148305,707.3403541217101
12503148306,3891.5016458904583
12503148307,654.8657090479037
12503148308,624.3407361769532
12503148309,566.6484998384873
12503148310,690.9264818447654
12503148311,892.4245667371385
12503148312,643.4376466927163
12503148313,678.6095065625789
12503148314,1027.1677592032534
12503148316,553.1602449643691
12503148317,702.747203768909
12503148318,881.8068841156146
12503148319,1437.6097409490008
12503148320,659.2923057089168
12503148321,676.9459802763067
12503148322,2967.5815562252847
12503148323,638.6980052737404
12503148324,715.0586197694538
12503148325,732.9060711831033
12503148326,1330.8015426658235
12503148327,850.8354087413961
12503148328,4159.842135900458
12503148329,884.0882622721169
12503148330,743.1979211368199
12503148331,718.8779714945142
12503148332,820.7806094966377
12503148333,824.2834090807037
12503148334,442.2703900388451
12503148335,701.9667426918176
12503148336,628.8116797178207
12503148337,693.4652324807918
12503148338,616.4797621707897
12503148339,687.1886817684176
12503148340,844.981802252106
12503148341,626.2485171390705
12503148342,942.7632091564234
12503148343,590.8826362473543
12503148344,741.0638731593335
12503148401,1004.143878155089
12503148402,696.8859583935022
12503148403,753.8264862446264
12503148404,708.4642391899248
12503148405,716.9882029409677
12503148406,954.271449156874
12503148407,651.3951021450428
12503148408,686.7214787577159
12503148409,755.3917676849164
12503148410,689.0816585686446
12503148411,523.4284817726727
12503148412,631.2247131964398
12503148413,991.9009688034611
12503148414,635.0132508842489
12503148415,1170.662305150536
12503148416,675.67187793318
12503148417,498.44975175912606
12503148418,396.73406274171583
12503148419,629.9605165617943
12503148420,814.6228990051096
12503148421,711.3932751496313
12503148422,535.2616613092974
12503148423,670.7251285280717
12503148424,647.3213132690933
12503148425,662.7207529039594
12503148426,615.4024264333085
12503148427,743.8040142645415
12503148428,632.390390945948
12503148429,600.7471909324538
12503148430,776.7500659158437
12503148431,711.4623984814923
12503148432,708.0692547484456
12503148433,620.2617185607812
12503148434,713.5683860558917
12503148435,693.7504250245476
12503148436,648.3732899348747
12503148437,839.5024097481461
12503148438,601.798960684231
12503148439,815.4700278365564
12503148440,806.8978661057102
12503148441,893.8484398640624
12503148442,781.0567840977947
12503148601,666.3707573739166
12503148701,441.51868065456114
12503171301,632.9137477991343
12503171302,521.8894154861583
12503171303,629.4165066450648
12503171304,569.5346414931021
12503171305,520.8005417051774
12503171306,519.5735161403152
12503171307,574.3403755463323
12503171308,536.992884221311
12503171309,724.6135092791834
12503171310,771.3184405786228
12503171311,615.1345404000692
12503171312,575.9231995291185
12503171313,617.9606970607887
12503171314,519.9021585896003
12503171315,507.6046094641709
12503171316,751.4474730354935
12503171317,453.7898914609377
12503171318,631.8202296947295
12503171319,518.7025759189737
12503171320,535.573541179425
12503171321,515.9334575675645
12503171322,611.0351647580476
12503171323,637.2161873545576
12503171324,579.3142904771795
12503171325,550.7581744010563
12503171326,456.3923058546953
12503171327,543.513777518765
12503171328,623.984758254931
12503171329,1531.6409054082053
12503171330,449.3371851268433
12503171331,632.3291603255113
12503171332,590.6697300376735
12503171333,516.2680699202841
12503171334,605.566196899554
12503171335,650.544833545165
12503171336,499.34874508348724
12503171337,525.8558399649514
12503171338,546.0833458747234
12503171339,673.7285276592562
12503171340,570.2328249557146
12503171401,665.9114297298229
12503171402,907.22945270056
12503171403,783.0780531670487
12503171404,559.760491679053
12503171405,884.4931899506006
12503171406,666.6710194638769
12503171407,574.03322423429
12503171408,485.67618878632345
12503171409,654.8832029696856
12503171410,550.9889497710175
12503171411,8585.60177323725
12503171412,521.095334907149
12503171413,515.815371523565
12503171414,497.247991422046
12503171415,688.9785152031467
12503171416,741.7197876755453
12503171417,608.0671804720595
12503171418,2726.113030462186
12503171419,1843.0188627606176
12503171420,656.8006325508877
12503171421,708.5360767541537
12503171422,667.4512114877149
12503171423,640.6308830265442
12503171424,2898.3797846728253
12503171425,723.7095533686485
12503171426,728.8682901985387
12503171427,589.1629557171951
12503171428,731.5796493815863
12503171429,664.3229497481448
12503171430,592.6122166423269
12503171431,595.8385086822749
12503171432,551.8159508885817
12503171433,703.3530531577405
12503171434,635.9151258653148
12503171435,570.8119275607392
12503171436,622.8405824951411
12503171437,661.6543313134052
12503171438,585.0975911828277
12503171439,745.8796219893611
12503171440,521.5891237266289
12503171441,535.9019651366239
12503171442,548.3635030553507
12503171443,546.4400881211443
12503171444,682.1911978298573
12503171445,1001.8052869872051
12503171446,454.5282160104954
12503171447,599.8238020205173
12503171448,792.6724950232638
12503171449,574.9223505384299
12503171501,512.0524942173008
12503171502,669.8541768545836
12503171503,617.1133410839896
12503171504,624.1308719410474
12503171505,565.0863047310072
12503171506,479.9576927075401
12503171507,615.5459162853107
12503171508,589.1769239801158
12503171509,546.074777454579
12503171510,479.01054128604403
12503171511,616.8519411038415
12503171512,687.3549249734875
12503171513,744.5606005816009
12503171514,501.4233647256918
12503171515,5287.969908839234
12503171516,497.69881399057346
12503171517,459.06446498288744
12503171518,493.62330925329445
12503171519,427.2926537778993
12503171520,545.6144412744659
12503171521,660.0160392026289
12503171522,1744.3980083899883
12503171523,719.449179432418
12503171601,590.6474003155672
12503171602,567.8862753313108
12503171603,582.2772788286048
12503171604,729.4423408580498
12503171605,623.6963820118057
12503171606,715.024928214937
12503171607,684.2157433793135
12503171608,695.7402998399758
12503171609,522.2992890675831
12503171610,813.3665985003206
12503171611,946.160990436207
12503171612,674.3420530495794
12503171613,736.8557153953412
12503171614,709.9476323431594
12504148901,599.0748754846338
12504148902,591.8942087048381
12504148903,544.2918999553561
12504148904,658.680739767733
12504148905,522.7731958033523
12504148906,491.388725271486
12504148907,651.3909928365583
12504148908,1896.0319437447545
12504148909,484.60183068053215
12504148910,594.5200868854976
12504148911,580.5438742890698
12504148912,508.2897410282577
12504148913,1160.3397418653026
12504148914,462.81681159943815
12504148915,3026.658577564428
12504148916,691.0282999011226
12504148917,533.8782272297661
12504148918,468.4464314039328
12504148919,590.5481666482336
12504148920,677.9976276524078
12504148921,524.5308275049671
12504148923,701.6885064607175
12504148924,543.2175479483267
12504148925,538.2548181088889
12504148926,678.2425634820555
12504148927,550.6271093673397
12504148928,5252.696879091822
12504148929,554.4981847379177
12504148930,493.8741342855124
12504148931,518.8715800089548
12504148932,1183.5123090258708
12504148933,501.8812310254658
12504148934,559.8476360490484
12504148935,489.5066775910865
12504148938,498.6381679297982
12504148939,481.1647008007795
12504148940,510.5162869632515
12504148941,723.8069955218425
12504148942,1012.6801742285032
12504148943,473.8159630024334
12504148944,604.3076536529331
12504148945,540.1947929061091
12504148947,492.4892013651429
12504148948,660.6758791809061
12504148949,458.19619284963153
12504148950,658.892419406782
12504148951,493.46011205823805
12504148952,688.7444195379741
12504148953,597.3225555492007
12504148954,753.2318205138711
12504148955,577.4807771891632
12504148956,503.55384678240455
12504148957,460.88445363237435
12504148958,442.7453182085618
12504148959,501.71377871565585
12504148960,598.7516738353575
12504148961,2211.579434950815
12504149001,597.7217726784053
12504149002,599.293966408372
12504149003,447.9209950532233
12504149004,516.4205720654365
12504149005,476.3069667342209
12504149006,555.4963289028325
12504149007,584.590827971975
12504149008,527.1326656312852
12504149009,587.9889743807778
12504149010,599.8731605747976
12504149011,529.8488120007274
12504149012,501.84231843634495
12504149013,1463.4761810773489
12504149014,484.3745650216113
12504149015,593.5694701644713
12504149016,583.1557433518017
12504149017,947.1753298361399
12504149018,669.4904244747635
12504149101,459.78032440595285
12504149102,512.665204737827
12504149103,657.4023093553243
12504149104,569.4104983369382
12504149105,545.4453476050527
12504149110,547.7863209754739
12504149111,1928.0474110093796
12504149112,507.2450316561396
12504149113,492.3901822634314
12504149114,731.2902459590854
12504149115,631.6980296805874
12504149117,563.7179223541445
12504149118,529.8534733090344
12504149119,534.9724513463223
12504149120,750.8601698784663
12504149121,556.9438817695853
12504149122,495.7928940294366
12504149123,740.9371417407185
12504149124,490.837315408711
12504149125,594.1619339698459
12504149126,564.2421141710478
12504149127,6277.755808980701
12504149130,544.8928487092084
12504149133,697.9218476250701
12504149134,464.4826716718265
12504149136,560.9113018838375
12504149137,518.8114862739427
12504149138,823.0966718836042
12504149139,336.5159846780449
12504149140,465.96448447175237
12504149143,506.80274483495015
12504149144,449.3371851268433
12504149145,378.5769486269171
12504149146,10792.28921995158
12504149149,481.4854450632246
12504149151,453.9138844312362
12504149152,547.4890250974923
12504149153,633.92194399853
12504149154,622.7664116370954
12504149155,586.5429173182421
12504149156,960.8103281954355
12504149157,536.5888786967058
12504149158,486.79699173996585
12504149159,655.8512982155812
12504149160,710.7125517055981
12504149161,664.99254910622
12504149162,494.2031692967782
12504149163,603.8195100970281
12504149164,618.62102204063
12504149301,1415.7074485668848
12504149302,580.2323272836418
12504149303,653.641823872884
12504149304,639.4770362370783
12504149305,595.7232405376911
12504149306,747.5401978778916
12504149307,646.2819549994833
12504149308,779.9604349582705
12504149309,629.4223904477946
12504149310,511.93577209003195
12504149311,587.6353895085168
12504149312,698.6813269370556
12504149313,624.5191380312953
12504149314,509.6866777458653
12504149315,669.9419548840377
12504149316,512.6136260890529
12504149317,577.5991140202364
12504149318,487.43739989744364
12504149319,9752.184511071137
12504149320,639.3563620068563
12504149321,534.8806267196986
12504149322,533.6986116890388
12504149323,585.6481592108317
12504149324,727.6561489154006
12504149325,586.0834957953255
12504149326,411.62979661078265
12504149327,440.02553374613717
12504149328,491.3668123125964
12504149329,538.5500400624547
12504149330,519.2421750560865
12504149331,836.6579990079986
12504149332,601.369822399171
12504149333,536.1164923129616
12504149334,590.958839031099
12504149335,718.9987445754005
12504149336,628.6386780522481
12504149337,577.3266060208076
12504149338,589.8663382018159
12504149339,607.5815682269042
12504149340,734.3092643792608
12504149341,604.6940192235032
12504149342,637.4016751398973
12504149343,1250.9422192085487
12504149344,752.7675826341333
12504149345,804.2436840057429
12504149346,577.6914142437151
12504149347,576.8001887958835
12504149401,529.855989360949
12504149402,459.16834761700005
12504149403,1294.2538823403577
12504149404,602.0872395238976
12504149405,581.8172478158507
12504149406,479.1116671354172
12504149407,522.5583079762719
12504149408,740.1125102726095
12504149409,519.1224088548163
12504149410,512.9277411417062
12504149411,544.1211753460337
12504149412,463.6482038037897
12504149413,495.1686045128263
12504149414,450.6891469713942
12504149415,531.1351989696085
12504149416,618.3290891361509
12504149417,617.4615037451712
12504149418,579.1814189631909
12504149419,455.200201947708
12504149420,536.3022117793497
12504149421,572.2357216901961
12504149422,501.5100036195346
12504149423,532.611715354996
12504149424,542.0718705003814
12504149425,655.8453657177577
12504149426,418.88831035383936
12504158801,640.2565915404625
12504158802,598.4007384969673
12504158803,636.849822201905
12504158804,637.4596826525086
12504158805,630.6596537430564
12504158806,524.7218982456855
12504158807,677.8996890226531
12504158808,424.5133426362118
12504158809,671.8177052400337
12504158810,542.6287348807774
12504158811,674.7241822919952
12504158812,617.8230433420479
12504158813,796.7857769421529
12504158814,774.2476075219005
12504158815,754.9251682915615
12504158816,628.1638784770686
12504158817,805.2002886575435
12504158818,1070.1262606300447
12504158819,571.202369409232
12504158820,497.97698372848475
12504158821,467.5616477857258
12504158822,3239.6356847108655
12504158823,867.3989844455517
12504158824,598.7089793749855
12504158825,519.8128253060706
12504158826,521.6855956048342
12504158827,580.8927190428258
12504158901,594.0293158167545
12504158902,2710.0198885798177
12504158903,764.8087611153858
12504158904,812.3759441608053
12504158905,462.6653118819719
12504158907,1021.8031583142202
12504158908,2173.5246972887744
12504158910,640.9273244127281
12504158911,462.2012598304275
12504158912,658.0470371473976
12504158913,484.15026017441517
12504158914,551.3638277318197
12504158915,548.2781651734731
12504158917,592.183258167583
12504158918,671.253162827979
12504158919,562.7603718250315
12504158920,648.3532556283989
12504158922,738.5485540607245
12504158923,731.8016706231582
12504158924,683.1882864546108
12504158925,569.2553998372574
12504158926,606.3466129530954
12504158927,498.77252726640506
12504158929,528.7549880514708
12504158931,621.0375234262042
12504158932,544.4947156073126
12504158933,479.6521819841569
12504158934,787.4007555587655
12504158935,483.7357396040167
12504158936,667.1693538453272
12504158937,636.5663646763655
12504158938,640.0222391323873
12504158939,659.7505412633993
12504158940,504.74489283357235
12504158941,660.7797649780786
12504158942,513.1799228069666
12504158943,481.2651940576637
12504158944,528.5491719172522
12504158945,1130.9820517385192
12504158946,503.5666805758475
12504158947,564.4045990142929
12504171701,622.5326203173616
12504171702,462.81681159943815
12504171703,860.6444176197708
12504171704,8533.565253248991
12504171705,716.7957020487632
12504171706,555.5943118121176
12504171707,547.7308257140965
12504171708,8285.008971217578
12504171709,8184.868125685058
12504171710,655.4028550743682
12504171711,442.7453182085618
12504171712,658.2219563346762
12504171713,4685.679119022617
12504171714,396.0637864136013
12504171715,684.7021472308955
12504171716,18540.22275607216
12504171717,625.9420073851411
12504171718,441.8094446397496
12504171719,821.8457896908584
12504171720,12983.77148502267
12504171721,526.3963597822229
12504171722,3546.236743746207
12504171723,461.28748760130776
12504171724,587.1445302513413
12504171725,9676.840830400975
12504171801,1776.1745756028906
12504171802,1945.618604808882
12504171803,2873.7713043623644
12504171804,561.953094470171
12504171805,625.3883837961743
12504171806,688.6776297706538
12504171807,1141.7646783111377
12504171808,1485.8369634797148
12504171809,508.087706609567
12504171810,747.9163778530748
12504171811,495.9505711606259
12504171812,593.7543885512732
12504171813,734.4538836057322
12504171814,616.2244456858425
12504171815,602.570291906627
12504171816,515.6754275347715
12504171817,1298.3731970864537
12504171818,4319.384544855975
12504171819,764.3403073986552
12504171820,557.0216812905109
12504171821,549.2933186707645
12504171901,1597.8717989929246
12504171902,432.6471116367894
12504171903,454.2719407231554
12504171904,554.6838333844246
12504171905,436.69954250401923
12504171906,636.2126907969349
12504171907,572.3373990248058
12504171908,626.9339779727197
12504171909,589.680378362443
12504171910,676.578277708706
12504171911,522.7856259470163
12504171912,561.4494016103549
12504171913,541.9107677696118
12504171914,510.652880446409
12504171915,474.98904004682794
12504171916,5974.7251469307885
12504171917,450.4541369985033
12504171918,540.0672266157671
12504171919,462.0003698955143
12504171920,521.4201614391023
12504171921,568.842610773461
12504171922,857.9853841992694
12504171923,986.7285884094962
12504171924,547.2348654786522
12504171925,924.7622187712602
12504171926,508.4514858988888
12504171927,2918.6986014128343
12601149601,720.6302512086719
12601149602,564.3651522894397
12601149603,451.6226537122369
12601149604,447.2621610396013
12601149605,1488.2365573420618
12601149606,454.836958648211
12601149607,470.15139054700677
12601149608,596.480216553977
12601149609,474.1086966467362
12601149610,522.3650593197217
12601149611,442.7453182085618
12601149612,442.7453182085618
12601149613,421.7211510102812
12601149614,481.7458501994507
12601149615,487.4170217438374
12601149616,501.5445931777102
12601149617,603.8744614239746
12601149618,818.2192840363333
12601149619,506.28681577388346
12601149620,502.87079017668987
12601149621,531.4372013152584
12601149622,570.4450320355595
12601149623,536.1274503106794
12601149624,499.3854481670985
12601149625,4036.057597729535
12601149626,7603.485897246653
12601149629,481.7627918575998
12601149630,500.7079574568618
12601149631,529.5678111019388
12601149632,878.7689893119912
12601149633,570.0895796914306
12601149634,497.2147133542782
12601149635,528.9746205147947
12601149636,419.0615136665267
12601149637,516.3044058130188
12601149638,516.214790747626
12601149639,432.7064563169116
12601149640,442.68533823380307
12601149641,536.789938425317
12601149642,506.1670710612363
12601149643,505.6802667809121
12601149644,467.2356876329036
12601149645,438.8841739461881
12601149646,421.2388397659837
12601149647,568.6239561010158
12601149648,460.8251082604612
12601149649,457.7884718835743
12601149650,382.98111500819215
12601149651,3223.699731033575
12601149652,1419.7040368842995
12601149653,410.6523178898095
12601149654,550.4536275097037
12601149655,463.23117890641316
12601149656,419.4669098946919
12601172001,489.3287387617259
12601172002,505.13313240025275
12601172003,427.3591116094357
12601172004,703.1109458388738
12601172005,2160.705409967218
12601172006,631.5964196459137
12601172007,443.62081311295117
12601172008,410.012948791654
12601172009,594.231416743826
12601172010,451.96788652067664
12601172011,481.3034937238964
12601172012,597.8928562898258
12601172013,472.0354202436788
12601172014,461.795028040945
12601172015,550.5178346229233
12601172016,505.79766275703486
12601172017,594.7444428910078
12601172018,644.8154604215931
12601172019,380.7268834201111
12601172020,490.03457604844203
12601172021,565.4170086318153
12601172022,503.2027369216828
12601172023,421.5042340810134
12601172024,470.59311581028317
12601172025,544.1490733678258
12601172026,563.1136763944387
12601172027,470.21849524270175
12601172028,473.72579498369527
12601172029,407.1737908439605
12601172030,615.0995812966312
12601172031,496.7712579090503
12601172032,1006.940001191303
12601172033,423.95523144038236
12601172034,458.75570990446414
12601172101,452.942604199158
12601172102,506.512655997541
12601172103,555.261213668475
12601172104,419.6732810065893
12601172105,414.56786024873963
12601172106,1754.552577885436
12601172107,492.0537023514544
12601172108,520.5537323871816
12601172109,524.7658772883659
12601172110,481.044740289448
12601172111,630.4272955896325
12601172112,786.3267160188053
12601172113,663.7160733755765
12601172114,395.45002032338914
12601172115,597.0429129671172
12601172116,448.64985311952773
12601172117,475.64583388472533
12601172118,496.0265298450219
12601172119,466.10337294394054
12601172120,7498.888983414579
12601172121,460.196512371757
12601172122,403.28086379111966
12601172123,537.2428477944553
12601172124,676.6645603429923
12601172125,585.9955947119009
12601172126,442.2601604149689
12601172127,532.5119403270855
12601172128,424.0647783311015
12601172129,546.9054617903928
12601172130,758.094972987912
12601172131,548.0856141775216
12601172132,546.2847613010306
12601172133,606.4425401980865
12601172134,546.0706436258241
12601172135,474.3970350200518
12601172136,860.8926465181709
12601172137,787.6677418955095
12601172138,714.2521392012321
12601172139,585.058064766694
12601172140,615.3419513404477
12601172141,498.61132791168274
12601172142,508.03410035230536
12602149801,415.6437473239329
12602149803,469.5129649397046
12602149804,618.6698623884377
12602149805,488.600279069347
12602149806,510.625639732603
12602149807,434.2699941888782
12602149808,333.2996193336987
12602149809,460.2732615113742
12602149810,747.2683715386804
12602149811,355.91365639584603
12602149812,678.4626696740562
12602149813,562.906140100128
12602149814,474.27223388684814
12602149815,446.5858041795502
12602149816,611.996864040595
12602149818,1301.009614580915
12602149819,1443.7491732786798
12602149820,538.6303855697807
12602149821,428.94452506367963
12602149822,492.37375916426873
12602149823,540.1365352259286
12602149825,454.2592170441198
12602149826,1382.603846737833
12602149827,531.9180275244478
12602149828,476.76940415442937
12602149829,500.9832005606938
12602149830,518.5975547757918
12602149831,555.2513485131062
12602149832,370.0269533343997
12602149833,682.4851709717906
12602149834,540.1166177719527
12602149835,1321.426182403844
12602149836,564.2657690558794
12602149837,376.9283410275461
12602149838,506.6112261937459
12602149839,816.1516706328155
12602149840,474.66903009259624
12602149841,1435.8991557055917
12602149901,433.8053386044621
12602149902,442.5969722759539
12602149903,408.1711395598079
12602149904,668.8229471331933
12602149905,815.152230812289
12602149906,406.56691178170973
12602149907,497.3414387391147
12602149908,465.47379154944457
12602149909,451.7279196751779
12602149910,753.3947782341621
12602149911,619.964965390678
12602149912,502.006462583446
12602149913,573.986011698903
12602149914,552.1789777929365
12602149915,568.6965054512847
12602149916,438.2740604854703
12602149917,310.798036963247
12602149918,410.61561821439506
12602149919,438.5572348759657
12602149920,436.24877942008766
12602149921,386.59226611717384
12602149922,444.3025862508348
12602149923,328.73741913363943
12602149924,537.9808547952026
12602150001,1100.8785382731196
12602150002,17393.72490968994
12602150003,645.0043291648008
12602150004,502.7511613998307
12602150005,492.3668918793544
12602150006,703.1722702578406
12602150007,697.7636130199155
12602150008,447.6662526075805
12602150009,613.6783412191795
12602150010,638.8716429315823
12602150011,798.15789051308
12602150012,578.9498319680682
12602150013,749.2619951585802
12602150014,516.906593078118
12602150015,610.280415720208
12602150016,499.58166709289674
12602150017,615.167998625635
12602150018,687.9697091663077
12602150019,664.1274872381498
12602150021,649.0519749716011
12602150022,660.0804352943585
12602150023,613.2650973190124
12602150024,659.9600893235486
12602150025,557.3644147708204
12602150026,392.0263924159669
12602150028,600.1363828483569
12602150029,485.276653343595
12602150030,495.2873095223489
12602150031,586.6493774928284
12602150032,504.68476805430834
12602150033,674.9683149784853
12602150034,492.04645575285514
12602150035,460.5759959082508
12602150036,640.5315682967664
12602150037,526.9359484205604
12602150038,582.9860213689554
12602150039,593.0926196762028
12602150040,582.8025982374677
12602150041,621.7340243861877
12602150042,514.599022874142
12602150043,561.4501292961739
12602150044,545.1320271207074
12602150045,468.85569638198615
12602150046,499.55914809416487
12602150047,478.09053232977
12602150048,453.728295406279
12602150049,488.58945744883283
12602150050,608.3964712435389
12602150051,523.4537278095917
12602150052,521.1183226393572
12602150053,496.9480328496789
12602150101,557.5645103832687
12602150102,570.951097711558
12602150103,479.2147546533276
12602150104,651.50393263188
12602150105,608.1596340476223
12602150106,781.4154537759445
12602150107,593.8370645804439
12602150108,466.89292478401995
12602150109,580.1714753183849
12602150110,682.5653659958497
12602150111,566.2994274208254
12602150112,413.65990009738647
12602150113,965.3144594641158
12602150114,476.7008121943074
12602150115,605.7563605370328
12602150116,1102.6584711854248
12602150117,539.3867240427311
12602150118,487.25829631884443
12602150119,547.8663540530802
12602150120,418.6209907206115
12602150121,491.6732710192206
12602150122,491.27204780923904
12602150123,559.9372666246722
12602150124,494.17746354995387
12602150125,345.25619597363135
12602150126,398.22620731470545
12602150128,515.7280419041855
12602150129,424.82477391187456
12602150131,570.5018144638155
12602150132,631.0679488047043
12602150133,449.51129015393457
12602150134,503.19373896440425
12602150135,466.9714334077495
12602150136,1156.4126020524502
12602150137,1882.5705538594982
12602150138,468.49229785442435
12602150301,373.0765014926171
12602150302,527.3174079645659
12602150303,581.1107459787164
12602150304,569.6768391099271
12602150305,498.8025055209877
12602150306,726.6753372037197
12602150308,572.260177759925
12602150309,624.2860993153782
12602150310,563.8753602600353
12602150311,603.236325754592
12602150312,881.5526711168717
12602150313,1638.432524876243
12602150314,1727.9431192690347
12602150315,1665.8949307023884
12602150316,471.4620861221424
12602150317,496.3724844322654
12602150318,759.7163647303163
12602150320,548.9575630876459
12602150321,377.43388638675543
12602150322,515.3749812396176
12602150323,577.7852733596297
12602150324,2586.1100100649137
12602150325,406.1072792787748
12602150326,569.7941910772928
12602150327,535.9905653963579
12602150328,620.8585281691923
12602150329,449.3371851268433
12602150330,554.4512433241122
12602150333,604.5000636755757
12602150334,562.8764862521449
12602150335,719.9490859924333
12602150336,720.6295145208177
12602150337,806.8797599739397
12602150338,540.2754829233207
12602150340,510.1635407981193
12602150341,447.67410872565586
12602150342,568.0644175270538
12602150343,812.8426863478769
12602150344,527.286441729353
12602150346,476.77702726884314
12602150347,705.4799201003683
12602150348,774.1755169433294
12602150349,407.88653654883086
12602150350,529.9087133414847
12602150351,574.0392092824959
12602150352,489.88070703877173
12602159001,493.5174335858418
12602159002,767.8983041305913
12602159003,529.6395266000128
12602159004,704.1542825827253
12602159005,542.5464239845742
12602159006,591.5087145404547
12602159007,576.5111823642435
12602159008,468.8020728269088
12602172201,558.503854433456
12602172202,458.079053158108
12602172203,603.5135183139554
12602172204,504.50634622938964
12602172205,575.8104830456994
12602172206,596.7472614363404
12602172207,526.3475773752036
12602172208,511.56285783673167
12602172209,592.7217364584881
12602172210,481.8098902730717
12602172211,533.7655602299222
12602172212,612.1366951708399
12602172213,518.5804121847041
12602172214,592.7600877850991
12602172215,478.02760618034694
12602172301,565.4122873007813
12602172302,561.1233480541923
12602172303,1579.5078032391368
12602172304,527.9988228759081
12602172305,922.3912449016632
12602172306,551.6757564405814
12602172307,546.7151549230387
12602172308,448.8440214845584
12602172309,647.9539917703878
12602172310,485.8556470813847
12602172311,544.3386680720243
12602172312,640.4957829209533
12602172313,614.9180514653407
12602172314,534.7717350368063
12602172315,772.505876591951
12602172316,529.3412354386224
12602172317,539.2184409882543
12602172318,487.1254854125984
12602172319,658.5340380700002
12602172320,600.5759380683921
12602172321,686.7451720584703
12602172322,564.6623742089693
12602172323,646.2474790784074
12602172324,557.133780811902
12602172325,511.38784639630876
12602172326,612.7048846619316
12602172327,720.0955765880301
12602172328,1151.5370006255118
12602172329,630.6082832714625
12602172330,493.0797074868554
12602172331,474.4791619077306
12602172332,1499.2680217479158
12602172333,536.4679172168101
12602172334,508.82043378164354
12602172335,606.4212556900702
12602172336,598.469941215162
12602172337,562.8318826445063
12602172338,479.53687848910624
12602172339,606.1185755100588
12602172340,744.8694800112861
12602172341,633.4415556580985
12602172401,495.40744086731274
12602172402,516.3115121587451
12602172403,608.2924092584334
12602172404,1274.0596913911172
12602172405,511.5650581267689
12602172406,643.2074269645769
12602172407,517.1551848035524
12602172408,589.8632259280217
12602172409,462.64761429514004
12602172410,597.4037754180249
12602172411,657.5105069115484
12602172412,604.0216924944857
12602172413,533.7904721724308
12602172414,708.1971958208984
12602172415,473.7924262384221
12602172416,576.3622545464775
12602172417,500.5877867006739
12602172418,580.4032912756393
12602172419,474.49409019030077
12602172420,629.683021585827
12602172421,645.3788571453418
12602172422,555.712555326139
12602172423,699.2673490921158
12602172424,712.9500085581967
12602172425,625.6566016903864
12602172426,703.8538689487776
12602172427,583.0809346693163
12602172428,541.8115003808329
12602172429,519.3242444579719
12602172430,672.6696758825293
12602172431,570.3580567703583
12602172432,696.2739587785866
12602172433,659.4142468386775
12602172434,606.8295050428518
12602172435,2281.2492767899516
12602172436,763.1366754030574
12602172437,628.7197500186567
12602172438,610.3075826992471
12602172439,486.83873029722787
12602172440,546.1373400712756
12602172441,573.4622786654102
12602172442,502.51696920107617
12602172501,422.3249088231635
12602172502,546.8596900127275
12602172503,431.38083329191244
12602172504,655.7441811927034
12602172505,529.5225671779851
12602172506,468.87683133842233
12602172507,500.58366418525407
12602172508,496.6881095272779
12602172509,522.3456412915682
12602172510,540.199421250383
12602172511,809.706262998899
12602172512,827.5313785407014
12602172513,1918.088594698732
12602172514,503.849493777943
12602172515,491.51319905988044
12602172516,1071.2125221764038
12602172517,490.1428865837609
12602172518,573.8438903105085
12602172519,557.0266008508266
12602172520,437.83918330902117
12602172521,736.4814614468507
12602172522,589.5793595839571
12602172523,546.5506662096853
12602172524,504.2940851533408
12602172525,623.4822719310262
12602172526,490.9230711364421
12701150401,827.6362873240438
12701150402,550.5000661766073
12701150403,613.0625491852732
12701150404,537.5974034680539
12701150405,531.8182106162379
12701150406,837.7352611796947
12701150407,564.8816436655227
12701150408,603.3070495124439
12701150409,649.0036020834361
12701150410,561.8919296096764
12701150411,723.0244169849531
12701150412,607.1613011471582
12701150413,746.3960958087952
12701150414,612.7907475560138
12701150415,678.3920449044296
12701150416,2059.6791218837875
12701150417,637.8998534504773
12701150418,669.7864839005647
12701150419,622.4264804216906
12701150420,625.7610386352403
12701150421,725.6048886815295
12701150422,812.4128343593898
12701150423,636.7071793277997
12701150424,933.0502343701124
12701150425,672.0137353538264
12701150426,582.6389668426058
12701150427,610.176476744949
12701150428,731.6708750756709
12701150429,770.3272194417399
12701150430,616.3547391644112
12701150431,476.7008121943074
12701150432,525.8805395454877
12701150433,602.7452451625447
12701150434,667.6249394560328
12701150435,497.1491958626965
12701150436,526.7537624080502
12701150437,556.2765799965217
12701150438,916.9522394178563
12701150439,747.3333002559696
12701150440,584.1675885128961
12701150441,704.7076915699568
12701150502,562.7003905340728
12701150503,777.857685152423
12701150505,874.7028382176788
12701150506,821.0487715587225
12701150507,508.0799965979732
12701150508,538.5245847730287
12701150509,705.339565949459
12701150510,663.4202849225005
12701150511,715.9601381533251
12701150512,527.4064279110739
12701150513,613.3674869701401
12701150514,484.9962934910202
12701150516,621.233763839429
12701150517,503.7090003541426
12701150518,598.0866195112093
12701150519,764.704465927742
12701150521,491.59836239596524
12701150522,1301.2169807718064
12701150523,482.47421742091586
12701150524,462.81681159943815
12701150525,767.0428328935928
12701150526,703.1902722591801
12701150527,687.8480259244287
12701150528,568.5848250698691
12701150529,604.1895135217401
12701159201,354.8864574152206
12701159202,469.7075153610299
12701159301,593.3406506184723
12701159302,596.1920306204228
12701159303,621.8995906340944
12701159304,508.5164163808979
12701159305,611.3261711723113
12701159306,557.2818756784446
12701159307,529.7420080232225
12701159308,421.28250480176496
12701159309,499.6426854277895
12701159310,517.829460621979
12701159311,525.3961385016138
12701159312,575.8621390112204
12701159313,469.7640336578438
12701159314,452.88814618042755
12701159315,388.4288630443236
12701159316,546.1240289484044
12701159317,442.7453182085618
12701159318,424.7350575978681
12701159401,537.281534936066
12701159402,463.41905489120717
12701159403,516.239321649615
12701159404,653.5124650615053
12701159405,496.96635848005997
12701159406,756.2659165527397
12701159407,437.936168221925
12701159408,686.3000907759938
12701159409,600.4368538895479
12701159410,533.5915457763073
12701159411,802.05695755389
12701159412,650.8578888988127
12701159413,732.3558887070437
12701159414,575.8186858507236
12701159415,546.5402850506316
12701159416,544.4888762464391
12701159417,503.18642063002795
12701159418,508.2096602734542
12701159419,543.9734706764182
12701159420,482.9316970107338
12701159421,438.0976950303939
12701159422,528.7316634483216
12701159423,566.9865757490247
12701159424,1281.9439239401966
12701159425,531.9413390826396
12701159426,675.7627513743499
12701159427,504.14819404761164
12701159428,606.3623378079816
12701159429,591.985323545119
12701159430,472.2035500647944
12701159431,462.876843596117
12701159432,481.44034422108297
12701159501,38314.895663405405
12701159502,487.4155737110456
12701159503,665.7558327120902
12701159504,671.8785982680357
12701159505,504.2581838967739
12701159506,661.4888109842069
12701159507,453.0325472683983
12701159508,640.9652292127627
12701159509,660.4520135047735
12701159510,621.7235986558095
12701159511,572.9800051767517
12701159512,684.6784458937811
12701159513,560.9191251915883
12701159514,602.6130612683321
12701159515,653.9458385555037
12701159516,472.5110638670642
12701159517,577.6789838996311
12701159518,556.5812333055181
12701159519,632.5315515668035
12701159520,592.8110204323655
12701159521,524.1436043426556
12701159522,574.6424710492153
12701159601,781.5788886985279
12701159602,5116.499352452334
12701159603,788.4220016137582
12701159604,518.5784492972217
12701159605,546.7906538696861
12701159606,524.3406623448578
12701159607,592.2754501634853
12701159608,694.3335776624064
12701159609,585.0079927448546
12701159610,662.2112946102493
12701159611,479.7111403107162
12701159612,537.8847627736952
12701159613,643.9636241194088
12701159614,540.0260347144098
12701159615,951.7537032713377
12701159616,959.3907663982231
12701159617,642.2138163731155
12701159618,641.3501673984214
12701159619,521.8018115604777
12701159620,513.6750898255723
12701159621,786.8883091447703
12701159701,707.5522355605252
12701159703,455.6448177487125
12701159704,502.89847675031854
12701159706,511.52328845359074
12701159707,540.3807041549541
12701159708,657.1664825352774
12701159710,683.5637177655734
12701159711,682.6420235956298
12701159712,455.5993781890197
12701159714,452.37535792996476
12701159715,409.89634055368316
12701159716,480.2186760550983
12701159717,484.53137842130855
12701159718,522.8774133053025
12701159719,579.1001192381133
12701159720,631.5689351869598
12701159721,543.8252197872085
12701159722,640.133846493227
12701159723,655.1084647150149
12701159724,495.3914512273247
12701159725,556.9886193464794
12701159726,549.1128752018438
12701159727,458.9844428319277
12701159728,525.8014144769289
12701159729,504.98977306866016
12701159730,404.83484652192715
12701159731,442.7453182085618
12701159732,582.2920121609226
12701159733,495.3354176696367
12701159734,513.1652253965588
12701159735,533.1313312183574
12701159736,468.09038334013997
12701159737,440.41003408655456
12701159738,486.32542509610147
12701159739,442.7453182085618
12701159740,561.803384575212
12701159741,501.9047872829987
12701159742,537.5449133740254
12701159743,499.2961925726902
12701159744,531.0973868643082
12701159745,573.133311421205
12701159746,486.4249932051341
12701172601,495.2554123827653
12701172602,508.7021086638757
12701172603,394.21934427607874
12701172604,516.6444734590486
12701172605,554.5551927253906
12701172606,462.2731629487005
12701172607,313.05967303939343
12701172608,581.318913193475
12701172609,527.0334092346872
12701172610,511.11600875887024
12701172611,393.909439045462
12701172612,485.34706918409495
12701172613,451.0260356177054
12701172614,647.6078068996336
12701172615,462.2195552849801
12701172701,455.96923955097014
12701172702,565.6077401880322
12701172703,573.7696377993457
12701172704,468.7934641392442
12701172705,558.3428826125979
12701172706,445.5002117087622
12701172707,434.26601433963134
12701172708,440.3902479776128
12701172709,465.7757848898161
12701172710,449.8447288291982
12701172711,501.9020873555846
12701172712,425.4871623162582
12701172713,584.5638066715399
12701172714,428.53531195138015
12701172715,565.3819373855541
12701172716,451.4369970138279
12701172717,499.6803900982608
12701172718,498.1050117758068
12701172719,530.7494800424404
12701172720,448.1542670528467
12701172721,522.7893137559091
12701172722,590.7970377058643
12701172723,11792.988435723757
12701172724,430.8138167641097
12701172725,485.7869961465633
12701172726,505.3090402907045
12701172727,437.18051592873684
12701172728,463.6457096723774
12701172729,450.3740299290389
12701172730,494.593704403942
12701172731,488.88435399000105
12701172732,462.99847621389256
12701172733,2126.9846730021573
12701172734,480.53458427837404
12701172735,508.8221145866262
12701172736,475.67710647235623
12701172737,548.0274233145352
12701172738,523.9212544590434
12701172801,521.1988712510575
12701172802,490.97873509853844
12701172803,465.632780187769
12701172804,590.0352613890085
12701172805,775.3337120801034
12701172806,666.4549145449638
12701172807,470.91336479526376
12701172808,489.6029547656834
12701172809,624.144924579691
12701172810,585.5142916394694
12701172811,576.4439435551257
12701172812,539.9243071755171
12701172813,543.0026581305582
12701172814,532.8654885481874
12701172815,444.0492751592181
12701172816,490.1255377418699
12701172817,600.389632032681
12701172818,544.9742404847641
12701172819,418.1814728559682
12701172820,470.31349261950544
12701172821,537.1951119289048
12701172822,475.47991968420547
12701172823,609.4323298446653
12701172824,678.3109474457533
12701172825,494.00361756413866
12701172826,602.2890422337783
12701172827,482.52999712328307
12701172828,425.60174744568576
12701172829,484.17332294252736
12701172830,439.9135591070808
12701172831,669.8757667560419
12701172832,559.7977505231117
12701172901,526.6376758963418
12701172902,448.6051317870404
12701172903,627.883566867964
12701172904,606.2321697916348
12701172905,546.0406616962995
12701172906,533.8383951739528
12701172907,540.9411298776332
12701172908,574.2772894135383
12701172909,686.2462971925751
12701172910,719.0377202221646
12701172911,512.5074040861762
12701172912,475.5476976656124
12701172913,548.6964722860401
12701172914,507.41640200587955
12701172915,502.3374872738293
12701172916,381.26895172433296
12701172917,447.47825489358524
12701172918,572.2727474945679
12701172919,4521.917843965779
12701172920,593.8974561455153
12701172921,595.0336489374633
12701172922,653.2155822610223
12701172923,725.2454803711544
12701172924,488.2769681741875
12701172925,537.9268094028142
12701172926,488.0651982316236
12701172927,640.0955430444484
12701172928,641.5769628722792
12701172929,612.8809879722263
12701172930,506.6507351982021
12701172931,540.127880524351
12701172932,579.569568564092
12701172933,511.4286958238562
12701172934,539.9980074424295
12701172935,495.03528983783474
12701172936,474.0171191219924
12701172937,723.6645308951533
12702150901,424.3227593837967
12702150902,773.5361508397891
12702150903,618.390503278338
12702150904,573.5606411752326
12702150905,648.5788897312403
12702150906,591.7008703133454
12702150907,674.0789954991752
12702150908,644.7010475808196
12702150909,800.7888158775784
12702150910,642.1559949260094
12702150911,671.2780933056891
12702150912,621.3936873622027
12702150913,644.8606734839523
12702150914,680.8243727635609
12702150915,693.2043834012694
12702150916,512.1145599103356
12702150917,571.8302291443252
12702150918,537.049804870806
12702150919,615.8345431378931
12702150920,682.0327825771004
12702150921,563.5020711948209
12702150922,522.6762889969632
12702150923,565.8161232427257
12702150924,472.7792771568871
12702150925,619.1426059925597
12702150926,455.3642783252734
12702150927,703.5441651291869
12702150928,1537.0240437771386
12702150929,660.4485818758108
12702150930,593.3020166988375
12702150935,727.242156477878
12702150936,798.0134593190263
12702150937,790.8914566822474
12702150938,782.9284311462229
12702150939,642.194495322842
12702150940,741.270373513467
12702151001,663.5660353511
12702151002,517.3202313593858
12702151003,554.0613145321028
12702151004,684.359303939987
12702151005,689.4741332058941
12702151006,718.1488417576049
12702151007,646.6420644444822
12702151008,615.0907482882675
12702151009,558.12387223277
12702151010,490.17181762319365
12702151011,507.94047336738515
12702151012,482.80977302710596
12702151013,508.8061821848249
12702151014,562.497703431661
12702151015,495.29835329777353
12702151016,581.4763046287459
12702151017,618.5442107086242
12702151018,645.7007577634171
12702151019,718.6448362279575
12702151020,482.28126590624447
12702151021,563.5116046545036
12702151022,526.6126084892046
12702151023,456.02719584852844
12702151024,545.5971566034182
12702151025,244.7862348225215
12702151026,537.6543881959174
12702151027,617.0179693830364
12702151028,421.1452385474323
12702151029,512.5447862291473
12702151030,604.4263090629263
12702151031,657.0346701412324
12702151032,571.7725930606132
12702151033,718.1758846163596
12702151034,724.4333939267083
12702151035,537.3330440748595
12702151036,748.6963141822534
12702151037,665.0463319726542
12702151038,461.09086090893027
12702151039,459.6825775229056
12702151040,547.1877857741438
12702151041,490.7520812363754
12702151042,478.67517748164585
12702151043,393.96670108918823
12702151044,551.4657054833361
12702151045,541.4465329234476
12702151046,611.1929395736959
12702151047,517.4448046454786
12702151048,500.29722688381804
12702151049,452.8053366044979
12702151101,711.3464568614085
12702151102,386.5634095223778
12702151103,589.3829712828432
12702151104,553.4318578895308
12702151105,458.07709857682573
12702151106,650.1615654688677
12702151107,625.234969159011
12702151108,645.124537745458
12702151109,422.5668593693296
12702151110,657.5104088406162
12702151111,727.9401982925912
12702151112,752.8508636712851
12702151113,649.2838547451528
12702151114,620.1691964086942
12702151115,616.9845733251171
12702151116,611.5619266789116
12702151117,669.2274479241415
12702151118,702.944147702197
12702151119,587.4218004257812
12702151120,532.721334256431
12702151121,555.5620737153769
12702151122,747.9472868324422
12702151123,557.5913388451053
12702151124,525.2196295346891
12702151125,569.4975184628909
12702151126,580.1900283079634
12702151127,643.328828057511
12702151128,801.1097658939896
12702151129,560.4105160911206
12702151130,705.3390967036617
12702151131,10500.062993113643
12702151132,4020.1050509563493
12702151133,491.85089458089925
12702151134,685.7176841658091
12702151135,642.9148199720503
12702151136,890.154081859489
12702151137,717.5202894286381
12702151138,602.5219622895917
12702151139,823.1020732240034
12702151140,501.69203826317244
12702151141,736.9416145976644
12702151142,495.5161659091004
12702151143,728.5786305980109
12702151144,628.6698134023566
12702151145,1452.5643008917375
12702151146,1299.5760807071877
12702151147,1135.8291172938843
12702151148,785.3228852997019
12702151149,609.4836324679113
12702151150,703.4073568028358
12702151151,503.639750382145
12702151152,618.8867066868812
12702151153,530.6932453674791
12702151154,619.496489493674
12702151155,735.596043236367
12702151156,494.09396153045543
12702151201,519.679295207103
12702151202,629.5163868771373
12702151203,537.7738407505797
12702151204,864.7285912298911
12702151205,587.2123436472009
12702151206,652.2002424600374
12702151207,547.8922132206186
12702151208,542.3140714468102
12702151209,675.759240192641
12702151210,648.2298951058164
12702151211,705.2378879809551
12702151212,613.9350021720569
12702151213,675.9203383002123
12702151214,553.6993300155951
12702151215,648.6723542373941
12702151216,705.6334619787324
12702151217,624.987168301498
12702151218,758.1014944144644
12702151219,565.6077596044722
12702151220,905.8968846396793
12702151221,695.8290198825057
12702151222,667.5502898277788
12702151223,685.1525183021857
12702151224,581.4305071764547
12702151225,584.0154035071853
12702151226,591.8193108111685
12702151227,641.8551496111969
12702151228,671.9823494787436
12702151229,776.9089517269153
12702151230,679.767280415287
12702151231,655.9056385245741
12702151232,698.9794235916762
12702151233,644.0580708388187
12702151234,692.910108599095
12702151235,702.2585326608985
12702151236,568.8946334651491
12702151237,638.2299559227474
12702151301,621.7969748494111
12702151302,493.2706878194972
12702151303,454.1936813184941
12702151304,584.4068127578632
12702151305,461.61066944578346
12702151306,648.6472068434296
12702151307,1327.6815161574436
12702151308,737.5160345714164
12702151309,1073.1979349199146
12702151310,603.9524089541495
12702151311,716.3100952002526
12702151312,633.3158167265914
12702151313,646.5961257200146
12702151314,657.2577695205313
12702151315,644.7585509457516
12702151316,639.2718800590617
12702151317,512.2965655682985
12702151318,639.6698734201374
12702151319,566.3947552951495
12702151320,712.0062109702683
12702151321,510.0210996042214
12702151322,1125.6666723887006
12702151323,1551.844401495764
12702151324,1020.800338194154
12702151325,559.9986554082192
12702151326,750.6372138157669
12702151327,476.9340177479298
12702151328,520.2993175962898
12702151329,460.975904997381
12702151330,499.04727882032006
12702151331,664.9465880052384
12702151332,660.6726207006882
12702151333,1073.744382418654
12702151334,688.6181689936463
12702151335,784.8335835424693
12702151336,661.3710983591485
12702151337,753.5833308234443
12702151338,759.5995973542441
12702151339,651.6106063514784
12702151340,595.2589701683439
12702151341,560.7286240883001
12702151342,1175.1502820517333
12702151343,612.6648142918192
12702151344,682.7803357819779
12702151345,552.7377170136415
12702151346,461.72753127921936
12702151347,541.0228931715212
12702151348,493.1342075851222
12702151401,476.7838192761261
12702151402,541.5635730096053
12702151403,597.1215059418076
12702151404,480.14741810349153
12702151405,738.9624309029791
12702151406,620.3470039390882
12702151407,780.3638814256378
12702151408,587.7306013437145
12702151409,503.27909624958664
12702151410,647.3436026471743
12702151411,532.2615527599812
12702151412,687.4325777149649
12702151413,650.3539545214622
12702151414,690.5942569522953
12702151415,571.7993641566338
12702151416,637.754824883258
12702151417,677.3977373781173
12702151418,620.3015743523158
12702151419,515.5201239485118
12702151420,534.5814869773121
12702151421,494.9936377719769
12702151422,587.928772229444
12702151501,468.4442069588683
12702151502,581.607307774966
12702151503,479.195643550387
12702151504,701.573167859329
12702151505,543.8951728454673
12702151506,499.0615718828792
12702151507,556.8554137727336
12702151508,3368.3370465537746
12702151509,636.3346839663502
12702151510,1548.4869927171717
12702151511,555.9683630017021
12702151512,1125.4813101786242
12702151513,457.6599401918484
12702151514,577.1678948880262
12702151515,714.6138272068727
12702151516,4390.451729925372
12702151517,16811.031316019464
12702151518,643.4207463337145
12702151519,688.0552679636536
12702151520,694.8223526092396
12702151521,539.3366016467256
12702151522,569.8923689164104
12702151523,688.4027184470833
12702151524,536.3386841758025
12702151525,517.5423916919361
12702151526,573.047733766823
12702151527,606.6015364293556
12702151528,628.8117518332091
12702151529,578.2877886432381
12702151530,521.0110912341377
12702151531,601.2786906305894
12702151532,615.2599792282886
12702151533,620.407074285864
12702151534,852.4466408575255
12702151535,590.8233847644248
12702151536,630.4465662679378
12702151537,539.8820238874687
12702151538,579.636054980879
12702151539,534.022161743009
12702151540,539.22722338725
12702151541,663.6106451027974
12702151542,595.4278463752129
12702151543,682.9848133612575
12702151544,659.1259549250294
12702151601,630.8854764148036
12702151602,621.805048284395
12702151603,848.4996764698247
12702151604,647.2093658352545
12702151605,781.5828599628005
12702151606,604.3101419679996
12702151607,724.4357869737977
12702151608,688.3037109598291
12702151609,679.1322114676678
12702151610,653.962872837708
12702151611,668.0779856243095
12702151612,694.7235055518825
12702151613,808.1268655820738
12702151614,1132.4290125669702
12702151615,1227.5526952748664
12702151616,1455.55830401879
12702151617,597.5222061028421
12702151618,571.4038281833518
12702151619,725.4309396958366
12702151620,625.8273686105424
12702151621,700.5371382350777
12702151622,722.5747771813257
12702151623,762.5594434664109
12702151624,1317.656562381116
12702151625,749.2403128805902
12702151626,735.4383772099719
12702151627,772.1833752399727
12702151628,670.3749588345294
12702151629,520.3805692325799
12702151630,654.1144757123213
12702151631,697.3214283335448
12702151632,555.7464084463898
12702151633,640.3173779599881
12702151634,741.9615660798424
12702151635,763.2687622529413
12702151636,517.7534293942326
12702151637,617.1607315516867
12702151638,640.9648027936945
12702151701,608.1045368082383
12702151702,611.9359725890379
12702151703,519.3287714455591
12702151704,639.4179430779682
12702151705,597.2340305494339
12702151706,569.7887993290544
12702151707,608.4255641853017
12702151708,689.1975759187831
12702151709,678.6183954810541
12702151710,590.5185467983439
12702151711,969.2016477320881
12702151712,1220.883339453076
12702151713,526.1801395307473
12702151714,531.9310584718055
12702151715,566.4156418672842
12702151716,421.46611000402345
12702151717,646.9752290034509
12702151718,532.5065471024737
12702151719,537.461517981061
12702151720,443.16787194710156
12702151721,487.8147159976625
12702151801,650.3490983595142
12702151802,864.0782224038248
12702151803,556.3533164294747
12702151804,464.8025209148205
12702151805,534.1101142958363
12702151806,457.33915198086277
12702151807,510.703957183001
12702151808,584.5286472193978
12702151809,508.44140842621545
12702151810,484.8032119076165
12702151811,653.0880455549504
12702151812,575.4127201521429
12702151901,616.6208933978514
12702151902,583.7149216736605
12702151903,561.8952229631615
12702151904,676.7703546610528
12702151905,1166.286325384973
12702151906,656.3948039880934
12702151907,528.6254363414608
12702151908,490.08870018641596
12702151909,622.4394809913576
12702151910,534.8377262046946
12702151911,522.7132497124741
12702151912,916.1000999331349
12702151913,580.3316579782949
12702151914,697.9360887991447
12702151915,863.27228880325
12702151916,551.5928513007663
12702151917,682.6854569823416
12702151918,721.1030954622925
12702151919,1091.3087361137136
12702151920,868.1531256526121
12702151921,577.3896231855657
12702151922,494.9011822187298
12702151923,744.0225939321452
12702151924,553.7898246173899
12702151925,848.638069876912
12702151926,584.686652983093
12702151927,558.6049562599875
12702151928,654.0530096547599
12702151929,648.527256791398
12702151930,701.9698425353441
12702151931,527.2216362170157
12702151932,557.8433341696444
12702151933,772.1705152117898
12702151934,657.7808147056259
12702151935,526.9628867272993
12702151936,554.3452979000567
12702151937,801.4250442352064
12702151938,759.7365356796244
12702151939,1127.8993899036925
12702151940,664.9762911889852
12702152001,577.5476665655881
12702152002,598.8564621794625
12702152003,589.5995253987928
12702152004,663.3220173427735
12702152005,562.6235724756298
12702152006,508.8517512959338
12702152007,525.5905265468934
12702152008,572.5169111568575
12702152009,679.6825494626021
12702152010,603.5964108017529
12702152011,659.1846693041822
12702152012,513.0675867561633
12702152013,489.8331286658814
12702152014,511.01646831430355
12702152015,481.8001308832714
12702152016,554.2104234264219
12702152017,690.6760940654863
12702152018,563.0146385701174
12702152019,590.9401381683731
12702152020,689.721553755571
12702152021,731.65480422696
12702152022,606.2538509037523
12702152023,553.6238233288805
12702152024,753.2004079388429
12702152025,568.3264586090415
12702152026,636.1660044383066
12702152101,1059.6675138899232
12703152201,625.7666586309319
12703152202,661.8766686617687
12703152203,457.9010518996995
12703152204,886.6272737989274
12703152205,284.99540367114344
12703152206,737.9267597798324
12703152207,682.8150925251899
12703152208,674.3510871401363
12703152209,598.6235377684759
12703152210,734.1280693669688
12703152211,663.9072037421923
12703152212,521.6866786489527
12703152213,457.93457195721766
12703152214,644.2871614546996
12703152215,636.8327150198086
12703152216,519.4752779220157
12703152217,1203.0808220884996
12703152218,597.5282578058404
12703152219,1406.6160124840458
12703152220,2003.560601540448
12703152221,456.0613738327653
12703152222,599.6871619108605
12703152223,686.5769894803104
12703152224,681.181563229575
12703152225,696.0156107062655
12703152226,765.1799007656573
12703152227,528.5948419434683
12703152228,533.0030609480327
12703152229,583.8323060758718
12703152230,615.9258463419723
12703152231,447.054893548435
12703152232,501.238489715586
12703152233,698.872153481338
12703152234,758.0392296368648
12703152235,503.8252856916889
12703152236,623.6884914826577
12703152301,462.81681159943815
12703152302,595.2079364109171
12703152304,676.5585031475655
12703152305,627.3259881665839
12703152306,569.0046256785702
12703152307,476.7008121943074
12703152308,28343.49679860268
12703152309,483.44132585097464
12703152310,610.5053482881021
12703152311,739.5766488710711
12703152312,643.8953719249129
12703152313,547.9791566052128
12703152314,633.5421908576801
12703152315,505.0746471384772
12703152316,733.0491864846656
12703152317,498.572297097176
12703152318,569.8592816192912
12703152319,631.2105228246589
12703152320,575.388327402408
12703152321,756.6491308323966
12703152322,1342.025585587997
12703152323,514.434997884724
12703152324,526.0732544290634
12703152325,345.94669069105026
12703152326,575.3861297382086
12703152327,611.9333616008645
12703152328,582.4026707194378
12703152329,634.0901667154848
12703152330,436.1095829172146
12703152331,551.2741595339751
12703152332,506.69996448969215
12703152333,424.7225277807623
12703152334,542.6405915258745
12703152335,586.1682568361123
12703152336,573.6650871871394
12703152337,538.1876459868427
12703152338,525.2481368954325
12703152339,501.8076162718566
12703152340,474.4691810058989
12703152341,462.15245766225496
12703152342,463.47950510245636
12703152343,572.5744975561416
12703152344,515.0730498499763
12703152345,517.7677772202089
12703152346,429.9468493000115
12703152347,568.2514014385938
12703152401,426.76077575057695
12703152402,419.0550776993215
12703152403,381.992977446524
12703152404,498.8477165874704
12703152405,596.0165252456477
12703152406,521.9046142135334
12703152407,518.5733518850642
12703152408,798.0163131098741
12703152409,500.74256631471945
12703152410,454.41332745711696
12703152411,446.74939397381183
12703152412,639.3960733455685
12703152413,564.883762425085
12703152414,459.792691228979
12703152415,496.70517220064835
12703152416,471.24792278185186
12703152417,526.4463363041534
12703152418,708.1174330443238
12703152419,679.0871113829248
12703152420,438.34921986959836
12703152421,562.37864188831
12703152422,600.6436080098699
12703152423,585.5597592643604
12703152424,492.70523050802416
12703152425,538.7768000821764
12703152426,531.467643216307
12703152427,670.2810812287906
12703152428,561.460793657527
12703152429,545.7465978688172
12703152430,640.247492766205
12703152431,442.7453182085618
12703152432,438.4173319627521
12703152433,643.3116197910024
12703152434,348.5120643601634
12703152435,645.1115147791238
12703152436,610.7747772234146
12703152437,515.898100403387
12703152438,1267.4025960882
12703152439,473.8964075884482
12703152440,688.833369390582
12703152441,545.7877816912444
12703152442,492.52450201004143
12703152443,492.84018446118296
12703152444,475.34296421555854
12703152445,528.973540499438
12703152446,434.837524553802
12703152447,537.8178157319167
12703152448,533.5331313254502
12703152449,1039.9620413404032
12703152450,485.4571889955821
12703159901,803.570902781485
12703159902,718.993969626162
12703159903,665.3346721523449
12703159904,700.5275443630932
12703159905,716.0752136569397
12703159906,607.4408825040371
12703159907,850.4764243405787
12703159908,664.5217472338343
12703159909,855.1947066656343
12703159910,557.6943224648487
12703159911,667.0639968147577
12703159912,805.5916480573005
12703159913,648.7939682707863
12703159914,704.2789261856213
12703159915,528.4660750141987
12703159916,660.0563674337014
12703159917,609.262102157919
12703159918,866.9144258479408
12703159919,569.4039084825803
12703159920,665.4196369959101
12703159921,607.7971403483416
12703159922,714.7464513399419
12703159923,637.064883899568
12703159924,571.2260408779222
12703159925,746.5530369629704
12703160101,688.3055740988581
12703160102,941.4864076463415
12703160103,679.3842352477672
12703160104,377.63675169518996
12703160106,489.84639370515146
12703160107,736.1067894632444
12703160108,739.8231340017824
12703160109,662.3668000722491
12703160110,665.5960731297752
12703160111,448.5777021272426
12703160112,564.1370607931253
12703160113,563.6986611073678
12703160114,540.0449268348424
12703160115,509.7793401678453
12703160116,585.6940066908081
12703173001,499.8715705667659
12703173002,480.0905097179078
12703173003,518.7003627359757
12703173004,733.7463555628441
12703173005,646.3373457094708
12703173006,1362.61901447977
12703173007,712.6138307873505
12703173008,530.2399581458651
12703173009,504.7741068981292
12703173010,1457.0544511949493
12703173011,388.3859213608076
12703173012,542.4784363017143
12703173013,538.0519137733514
12703173014,611.1010483100372
12703173015,565.7214832567851
12703173016,499.194379163253
12703173017,474.6464908410806
12703173018,510.370357904463
12703173019,540.9178509717474
12703173020,531.3549729273491
12703173021,472.5470896652324
12703173022,546.9295065398635
12703173023,546.9726868172448
12703173024,452.5195124881796
12703173025,485.1490624370519
12703173101,631.0781548065662
12703173102,442.7453182085618
12703173103,868.5555964421454
12703173104,10023.189784670032
12703173105,767.5811450542877
12703173106,568.9125322908986
12703173107,601.6745478058825
12703173108,714.4871936749847
12703173109,626.7498182257922
12703173110,1975.1679795103305
12703173111,3169.7166827470264
12703173112,1033.45905841789
12703173113,643.2584002171359
12703173114,478.11625130991905
12703173115,796.5332721539239
12703173116,789.5394091538942
12703173117,551.8333946076273
12703173118,646.3516092103469
12703173119,518.5246223299092
12703173120,523.4483482506863
12703173121,619.7545033067939
12703173122,507.1748243252835
12703173123,2466.218434555291
12703173124,1440.0624078953088
12703173125,675.1888610261153
12703173126,1010.5602831548113
12703173127,641.5173886054242
12703173128,633.3177925783772
12703173129,584.2666614206929
12703173130,686.64344953433
12703173131,708.3455281749833
12703173132,588.8990413893288
12703173133,555.8885874041949
12703173134,616.6445940444795
12703173135,889.8521488581655
12703173136,677.0216805891457
12703173137,723.8910247993576
12703173201,816.1347360698777
12703173202,506.071965463563
12703173203,662.1083380756812
12703173204,723.474876034758
12703173205,1130.4154944775498
12703173206,3675.7023293694197
12703173207,870.438444821253
12703173208,567.6811928085041
12703173209,534.1996252728518
12703173210,1318.0431574535664
12703173211,778.5990858105823
12703173212,700.6240510664816
12703173213,513.7177599457596
12703173214,590.3690883507048
12703173215,469.7075153610299
12703173216,1033.5261656376565
12703173217,1315.536932753247
12703173218,599.9174724593435
12703173219,653.0628767690088
12703173220,546.9128262527717
12703173221,653.6813278406022
12703173222,527.8775636054193
12703173223,702.831520921638
12703173224,681.9170299559596
12703173225,791.7543304336172
12703173226,673.4486313150819
12703173227,766.357958608928
12703173228,704.2122777613026
12703173229,995.4360100884243
12703173230,506.6178795456665
12703173301,675.1979761875851
12703173302,529.0225056122338
12703173303,497.1776737410288
12703173304,524.2810236316
12703173305,603.1463225124522
12703173306,470.1726000507096
12703173307,453.4853757610608
12703173308,576.9342478040701
12703173309,492.047477264709
12703173310,557.5230582173654
12703173311,548.2420630135315
12703173312,700.9640919518183
12703173313,619.8752248243283
12703173314,509.7521635519396
12703173315,571.7412852473105
12703173316,513.2469935050557
12703173317,447.0080752629354
12703173318,817.6751042910134
12703173319,559.9394694993183
12703173320,436.74776081435596
12703173321,568.9331528223853
12703173322,439.5820363737199
12703173323,515.8484213181339
12703173324,440.8539572266175
12703173325,593.9867401144004
12703173326,449.8015392941971
12703173327,736.9240080061082
12703173328,552.3739743279575
12703173329,558.9557162157773
12703173330,543.6997600460304
12703173331,596.0617692335237
12703173332,526.2761144954984
12703173333,571.9548802170597
12703173334,593.9256581956655
12703173335,627.9228392416835
12703173336,735.8416406296337
12801152901,521.7756577013159
12801152902,480.9774642577744
12801152903,593.1417304653623
12801152904,541.6041803025159
12801152905,499.49017077970075
12801152906,499.3842796636719
12801152907,464.27777612554854
12801152908,710.9105130140858
12801152909,503.2666796615785
12801152910,458.81123132977666
12801152911,475.2448196671683
12801152912,583.9321459960237
12801152913,475.36671974562483
12801152914,526.678335910992
12801152915,498.2122773888247
12801152916,454.5622294545303
12801152917,580.175414780189
12801152918,1435.9836113991535
12801152919,623.6448772921896
12801152920,540.549411929637
12801152921,2137.8926651835973
12801152922,562.9610873373142
12801152923,516.0025217396015
12801152924,528.5808610286605
12801152925,1494.0386566352026
12801152926,595.7897691532478
12801152927,591.3675382945995
12801152928,544.1699884633714
12801152929,634.2947658026045
12801152930,537.8464084764262
12801152931,569.8012298715366
12801152932,522.5098453029319
12801152933,406.27949434104687
12801152934,579.3986972853841
12801152935,533.442740764635
12801152936,481.9888874332051
12801152937,482.6466411827318
12801152938,535.961634882788
12801152939,413.3501251697815
12801152940,538.4752219906558
12801153001,651.6714542628459
12801153002,588.6313563803233
12801153003,508.5929812624205
12801153004,522.7874308600456
12801153005,521.9131924633958
12801153006,673.1947471451036
12801153007,496.4404960507171
12801153008,603.4006826480074
12801153009,427.4280702650838
12801153010,512.9545164172921
12801153011,511.21151112556566
12801153012,886.1710197713563
12801153014,1013.8945706240169
12801153015,476.53058927787004
12801153016,565.0560953097655
12801153017,547.8901205763217
12801153018,550.8532554925387
12801153019,555.9805940500137
12801153020,2585.4693255675484
12801153021,547.531822494961
12801153022,637.8341388371924
12801153023,612.6021981557176
12801153024,615.8528662668873
12801153025,594.1226537741089
12801153026,647.0380930830282
12801153027,651.8218754734474
12801153028,583.0447677787953
12801153029,557.8053610262141
12801153030,5899.802348588824
12801153031,661.0114674253244
12801153032,1989.1707025192256
12801153033,486.00246561563125
12801153034,664.2102790572742
12801153035,538.4923612795168
12801153036,688.616083093979
12801153037,664.4491975295693
12801153040,554.8576049073189
12801153041,5793.32885689705
12801153042,510.35363944029984
12801153043,4544.886368578715
12801153044,527.3363273441215
12801153045,595.2884522811831
12801153046,504.5706050679877
12801153047,525.1353033665981
12801153048,1285.35263154496
12801153101,354.50292575249887
12801153102,444.0148107395037
12801153103,509.70838458438743
12801153104,410.6516019562704
12801153105,787.4244723126391
12801153106,584.5064893770328
12801153107,532.5048674858298
12801153108,513.9576496694467
12801153109,642.8835027115974
12801153110,511.7261197117989
12801153111,597.6087105783151
12801153112,672.4604268580129
12801153113,629.0221872848086
12801153114,553.9961794140277
12801153115,723.6484449749678
12801153116,635.5540575582277
12801153117,585.9040980193945
12801153118,508.3602717951835
12801153119,448.8629054519937
12801153120,605.2730519268989
12801153121,590.2399434835058
12801153122,667.1183681314988
12801153123,978.6011037718822
12801153124,535.7937013249891
12801153125,501.4126502502463
12801153126,513.4956806075631
12801153127,525.1793171326236
12801153128,1961.5874225497614
12801153129,785.873363797534
12801153130,546.0988858830038
12801153131,608.6309853353231
12801153132,482.4333566829285
12801153133,514.339542362718
12801153134,686.0167414185531
12801153135,528.312821472199
12801153136,658.2159240870141
12801153137,749.8964285559023
12801160201,540.6487085671363
12801160202,2346.970538336326
12801160203,813.5323686355365
12801160204,585.240808180879
12801160205,413.19873219088885
12801160206,1049.7298836491202
12801160207,603.6067126177553
12801160208,1090.7355739710422
12801160209,655.7478515264805
12801160211,531.7381128420948
12801160212,633.2037785437773
12801160214,558.3655024570811
12801160215,584.0129116495727
12801160216,1357.9313618482593
12801160217,447.0967526174122
12801160218,673.0301301148249
12801160219,493.58838852451527
12801160220,710.1477019619773
12801160222,490.2323052025382
12801160223,644.38339996501
12801160224,1217.634624553383
12801160225,482.47266242153347
12801160226,577.6920569836452
12801160227,547.6132441450741
12801160228,453.88242879700726
12801160229,2609.2502402136174
12801160230,1497.2340060516772
12801160231,530.2542383415768
12801160232,554.0773675424032
12801160233,503.5630186833567
12801160301,481.4924477789967
12801160302,633.964888061028
12801160303,475.85332854548693
12801160304,523.8211427537431
12801160305,548.0394984791743
12801160306,445.54383145273823
12801160307,449.90102437471825
12801160308,536.3641346305136
12801160309,609.1216631949666
12801160310,548.7560370529684
12801160311,498.2271751766518
12801160312,460.2821413289478
12801160313,554.1843932466413
12801160314,415.9454274042451
12801160315,641.2140330123555
12801160316,520.8441144703864
12801160317,606.00193028856
12801160318,459.9817842664811
12801160319,491.25947101400794
12801160320,526.4607317573028
12801160321,444.8545104113332
12801160322,492.03922622144887
12801160323,616.3024694052367
12801160324,550.6269705320703
12801160325,499.8112466254587
12801160326,557.9722000846799
12801160327,515.8397711617233
12801160328,604.3665521777986
12801160329,501.79728496826334
12801160402,522.5123264092061
12801160403,686.9612849412297
12801160404,521.4811375356406
12801160405,572.2007787819603
12801160406,497.49167098789417
12801160407,605.7964306869707
12801160408,498.9389635761537
12801160409,3111.03872504836
12801160410,543.884580161592
12801160411,523.7559100864305
12801160412,528.2527490980989
12801160413,394.5678146816178
12801160414,715.2190291405108
12801160415,591.8659265568458
12801160416,462.80009037778433
12801160417,432.22917073350226
12801160418,415.66171120855626
12801160419,503.5177729888384
12801160420,629.9519615734074
12801160421,481.2823341013348
12801160422,409.79203298227185
12801160423,606.3601330972509
12801160424,663.1726085998508
12801160425,443.2809037187049
12801160426,511.7445910903841
12801160427,632.6635857759694
12801160428,545.9904658363613
12801160429,548.231750319574
12801160430,524.5168939258007
12801160431,590.4105718141201
12801160432,512.3730707804226
12801160433,534.415414099104
12801160434,491.18245640242276
12801160435,671.9452770991132
12801160436,1126.9428466704032
12801160437,1208.346380260553
12801160438,478.8732444492116
12801160440,478.10944032152196
12801160441,451.63322635252734
12801160442,585.7719321997522
12801160443,469.85255837691443
12801160444,455.57245634988936
12801160445,471.03029096290624
12801160446,590.4282942739333
12801160447,481.5605470403741
12801160448,439.041100252632
12801160449,589.2473105978595
12801160451,532.5266787803758
12801160452,438.97797153286865
12801160453,653.0324209063886
12801160454,561.0847332721496
12801160455,510.93393026496307
12801160456,419.0476613062458
12801160457,443.1062539639976
12801160458,449.3371851268433
12801160459,564.2161757821498
12801160460,469.7075153610299
12801160461,454.8148706913072
12801160462,515.125620442254
12801160463,423.83740953187066
12801160464,456.02719584852844
12801160465,641.1248126993142
12801160466,476.7008121943074
12801160467,532.6175067067453
12801160468,1115.5377630133487
12801160469,416.96789156756915
12801160470,417.6355423574266
12801160501,512.5545981169877
12801160502,474.0433747830764
12801160503,521.9993243262827
12801160504,501.60799157742355
12801160505,418.77168046224557
12801160506,342.0396422321035
12801160507,367.23196372086335
12801160508,579.007421297978
12801160601,603.2862349841267
12801160602,442.8866174872988
12801160603,602.204999058379
12801160604,518.6449050921958
12801160605,663.5908249590391
12801160606,532.345582277567
12801160607,450.8983166465701
12801160608,403.58294451773327
12801160609,569.868118679038
12801160610,443.25322523692535
12801160611,597.2687964553277
12801160612,476.7850934939716
12801160613,512.6492284641079
12801160614,531.1118485878101
12801160615,462.81681159943815
12801160616,721.6116749080509
12801160617,1023.5517751723266
12801160618,445.0369801439284
12801160619,383.32257952840655
12801160620,569.3425857258749
12802153301,411.58239696959
12802153302,512.0978019623354
12802153303,550.3894845670437
12802153304,364.67525835060667
12802153305,639.6164773816282
12802153306,831.9058328290773
12802153307,433.0973822568626
12802153308,649.9492168280539
12802153309,647.3387022054959
12802153310,411.7041267467552
12802153311,439.86546557701143
12802153312,519.8285419189447
12802153313,1043.8389360346653
12802153314,518.2200374182853
12802153315,590.1560828487652
12802153316,505.4080313071834
12802153317,432.72897942777246
12802153318,508.6729123392955
12802153401,471.95275274465723
12802153402,442.7453182085618
12802153403,500.28941129812176
12802153404,475.6871291808451
12802153405,508.29272020930983
12802153406,626.112521816724
12802153407,450.708408413465
12802153408,557.9250477930576
12802153409,565.4531522077365
12802153410,776.7662356307765
12802153411,387.94972190770306
12802153412,474.7967021965517
12802153413,457.71157533186204
12802153414,598.0382723482992
12802153415,473.1715951339052
12802153416,531.269247334778
12802153417,233.35167907287178
12802153418,455.48121492851135
12802153419,525.4225099844907
12802153420,483.8799250946607
12802153421,321.5918737237132
12802153422,358.85840755023423
12802153423,487.5538377852553
12802153424,544.2203415725795
12802153425,459.9901625310739
12802153426,427.7765974913723
12802153427,397.1598352882975
12802153428,423.0645982952319
12802153429,433.3228547852839
12802153430,397.2952533705073
12802153431,412.4995839969229
12802153432,470.1647158227808
12802153501,434.6690083652064
12802153502,539.034129059178
12802153503,547.4720640551093
12802153504,463.4736629129604
12802153505,439.20474227305533
12802153506,690.399054753367
12802153507,512.4632356902626
12802153508,2112.713211466207
12802153509,487.3595926352253
12802153510,475.0874152196852
12802153511,429.68119073745504
12802153512,518.8187997790935
12802153513,623.5847008762438
12802153514,558.8167330984371
12802153515,515.9968755492116
12802153516,442.7453182085618
12802153517,287.6325262435122
12802153518,420.08964778201454
12802153519,895.29319243137
12802153520,497.72857923325444
12802153521,479.6111146293846
12802153522,601.6748170341338
12802153523,433.84836063067587
12802153524,412.4878930500516
12802153525,543.4607097600604
12802153526,480.7952581671177
12802153527,416.9076929054212
12802153528,1110.7498924591193
12802153529,574.4138520332536
12802153530,467.3914609959365
12802153531,390.0851924517883
12802153532,565.0947955151566
12802153533,368.9162356454079
12802153534,584.9385687506032
12802153535,539.8291682983831
12802153536,519.2302698658993
12802153537,442.7453182085618
12802153538,535.9216289131793
12802153539,1168.9378395694137
12802153540,416.1420995967247
12802153541,503.0715695199416
12802153542,464.53661109696634
12802153543,478.0122487852046
12802153544,369.2768618450969
12802153545,468.8688989048565
12802153546,438.66384780967235
12802153547,3034.948391779681
12802153548,439.7312986332668
12802153549,462.43860598721045
12802153550,490.2686980349848
12802153551,454.0462489411647
12802153552,488.8097245230131
12802153553,523.5888282568285
12802153554,565.3242574253815
12802153555,459.748683738931
12802153556,554.6603320763378
12802153557,452.49167750068915
12802153601,406.37201946055933
12802153602,479.9814806990371
12802153603,500.4156403487719
12802153604,526.8950328254134
12802153605,494.0782523275003
12802153606,536.3922317253446
12802153607,497.33697212731107
12802153608,447.0075779219459
12802153609,515.1579583542593
12802153610,640.0399972061134
12802153611,514.8981192065835
12802153612,377.25806964375454
12802153613,456.4728237339962
12802153614,491.65949969880995
12802153615,408.09367443577884
12802153616,516.1743227534523
12802153617,650.0559491794273
12802153618,787.2019633953541
12802153619,711.4294624936854
12802153620,613.9127506709309
12802153621,524.8679214510539
12802153622,620.3983502189518
12802153623,545.3678700583126
12802153624,582.6076254259065
12802153625,529.6995197299569
12802153626,469.4181292593664
12802153627,476.10430917019323
12802153628,482.3451614582232
12802153629,449.7370955379867
12802153630,471.13730293615976
12802153631,593.8235171805816
12802153632,508.44697789118845
12802153633,520.0296321747735
12802153634,514.6239375456722
12802153635,561.5078712097898
12802153636,459.49447710671325
12802153637,484.4615310451934
12802153638,534.7728268904473
12802153639,556.7699741660122
12802153640,494.4199502673584
12802153641,483.4448470754437
12802153642,533.5939816731156
12802153643,988.8784860963486
12802153644,1537.736637824984
12802153645,557.519624254945
12802153646,497.745255253629
12802153647,580.1894694088895
12802153648,472.5522441932287
12802153649,832.4154719380224
12802153701,482.9400390028539
12802153801,521.7760646665823
12802153802,447.51633985552246
12802153803,569.3520482338305
12802153804,453.1394879908692
12802153805,405.0286670218822
12802153806,510.7208218717061
12802153808,516.8626028007377
12802153809,569.6633136012242
12802153810,527.7506179802108
12802153811,449.3371851268433
12802153812,505.22007617845094
12802153813,627.0363482530635
12802153814,500.2409539908744
12802153815,546.176749174933
12802153816,544.5090362258817
12802153817,612.4971612586992
12802153818,384.9231464106514
12802153819,326.01317854024654
12802153820,511.94864921511356
12802153821,507.5726351417454
12802153822,525.92738453643
12802153823,555.5465320773565
12802153824,462.81681159943815
12802153825,548.3480621043568
12802153826,592.7010898922225
12802153827,554.0024256864484
12802153828,542.9143310707759
12802153829,537.5217990734975
12802153830,444.52660102697075
12802153831,590.962302751166
12802153832,595.9024187850796
12802153833,616.3298832146737
12802153834,470.036564075617
12802153835,655.4300385278882
12802153836,657.5559540306846
12802153837,849.0485650227865
12802153838,609.6410276780405
12802153839,510.28794173059066
12802153840,452.1156500842207
12802153841,623.2400696174441
12802153842,660.4284168060374
12802153845,662.7510449273357
12802153846,598.3432655782377
12802153847,740.7944067113964
12802153848,623.9259158954741
12802153849,501.9518052133676
12802153850,546.3670315373103
12802153851,1452.7170358419435
12802153852,644.8269908153881
12802153853,769.2576925968807
12802153854,2299.9060794515126
12802153855,554.5021152871986
12802153856,592.7974964399851
12802153857,779.817508015011
12802153858,955.4451098285365
12802153859,537.3711213848704
12802160701,1282.9866868551785
12802160702,658.8912706900655
12802160703,853.1375227014455
12802160704,453.8921953194547
12802160705,482.470011694382
12802160706,548.627021771262
12802160707,585.6608483877309
12802160708,1562.0292611092193
12802160709,325.3776929111804
12802160710,1682.4730322746107
12802160711,511.9751443626733
12802160712,630.2936893759788
12802160713,683.4279719449197
12802160714,1443.0703815912805
12802160715,442.7453182085618
12802160716,679.0564777377439
12802160717,720.3562579936277
12802160718,1616.6573039017971
12802160719,499.11235945453745
12802160720,601.6339015292408
12802160721,550.3744158388575
12802160722,549.7309754713098
12802160723,499.28120555937494
12802160724,608.5711058723441
12802160725,472.6124330463838
12802160726,569.7269515593011
12802160727,656.9855064220845
12802160728,441.2201273207695
12802160729,551.2214973470213
12802160730,1089.76957220579
12802160731,644.701069803506
12802160732,524.6092740202416
12802160733,482.53479564842587
12802160734,456.61980803512216
12802160735,429.0664881748681
12802160736,541.565200498436
12802160737,450.2173957421172
12802160738,491.1797240309742
12802160739,523.2783756271867
12802160740,598.7070016444445
12802160801,542.1340925958243
12802160802,766.1997190406206
12802160803,706.0100901141379
12802160804,444.50874075037854
12802160805,564.9742186699597
12802160806,514.7784928607424
12802160807,515.1664611556981
12802160808,574.7362171533941
12802160809,639.7781171612322
12802160810,588.8422176504424
12802160811,538.9591818485173
12802160812,400.9410758019564
12802160813,585.658826405499
12802160814,507.9703034614818
12802160815,480.20392572458013
12802160816,567.4146071596439
12802160817,503.97226258978367
12802160818,442.7453182085618
12802160901,302.7811858051046
12802160902,510.6948075622196
12802160903,575.3949865159483
12802160904,420.8070952368837
12802160905,508.1233326900016
12802160906,470.5374423153645
12802160907,456.6756471729836
12802160908,475.2722717269477
12802160909,380.94161180475527
12802160910,479.5004895606869
